Datetime,CHWC_VLV,CHWC_VLV_DM,MA_TEMP,OA_CFM,OA_DMPR,OA_DMPR_DM,OA_TEMP,RA_CFM,RA_DMPR,RA_DMPR_DM,RA_TEMP,RF_CS,RF_SPD,RF_SPD_DM,RF_WAT,SA_CFM,SA_SP,SA_SPSPT,SA_TEMP,SA_TEMPSPT,SF_CS,SF_SPD,SF_SPD_DM,SF_WAT,SYS_CTL,ZONE_TEMP_1,ZONE_TEMP_2,ZONE_TEMP_3,ZONE_TEMP_4,ZONE_TEMP_5
2018-01-01 01:00:00,2.8064728e-22,0.0,65.71962,357730.44,0.75,0.0,10.040033,1.1619784e-06,0.25,1.0,68.281525,0.0,0.0,0.0,-1.17800165e-23,-2.2703914e-06,0.005004883,-400.25253,65.71962,55.184006,0.0,0.9,0.0,-5.440315e-26,0.0,73.89966,66.709274,66.97185,66.6879,67.13895
2018-01-01 01:01:00,-2.8256682e-21,0.0,65.71962,357730.44,0.75,0.0,10.055031,1.1619784e-06,0.25,1.0,68.2879,0.0,0.0,0.0,-2.5800002e-24,-3.925434e-07,0.005004883,-400.25253,65.71962,55.184006,0.0,0.9,0.0,-4.160737e-24,0.0,73.931244,66.708885,66.970856,66.688065,67.14043
2018-01-01 01:02:00,3.2706366000000003e-21,0.0,65.71962,357730.44,0.75,0.0,10.070026,1.1619784e-06,0.25,1.0,68.29405,0.0,0.0,0.0,-6.787075e-24,1.9100228e-06,0.005004883,-400.25253,65.71962,55.184006,0.0,0.9,0.0,-6.912789599999999e-25,0.0,73.96206,66.70845,66.96981,66.68817,67.14175
2018-01-01 01:03:00,-1.2798856e-21,0.0,65.71962,357730.44,0.75,0.0,10.085022,1.1619784e-06,0.25,1.0,68.29997,0.0,0.0,0.0,-4.129164e-23,1.5934071e-06,0.005004883,-400.25253,65.71962,55.184006,0.0,0.9,0.0,-7.196897999999999e-26,0.0,73.99222,66.7079,66.96866,66.68817,67.14296
2018-01-01 01:04:00,1.7134121e-21,0.0,65.71962,357730.44,0.75,0.0,10.100019,1.1619784e-06,0.25,1.0,68.30574,0.0,0.0,0.0,-3.7260113e-24,1.0538623e-06,0.005004883,-400.25253,65.71962,55.184006,0.0,0.9,0.0,-7.065366000000001e-27,0.0,74.02171,66.70729,66.96739,66.68817,67.144104
2018-01-01 01:05:00,-5.3773224e-24,0.0,65.71962,357730.44,0.75,0.0,10.115015,-1.1619784e-06,0.25,1.0,68.31128,0.0,0.0,0.0,-1.03653635e-22,1.1568942e-06,0.005004883,-400.25253,65.71962,55.184006,0.0,0.9,0.0,-3.7013663999999997e-25,0.0,74.05055,66.706635,66.96608,66.688065,67.145096
2018-01-01 01:06:00,-1.3648484000000002e-22,0.0,65.71962,357730.44,0.75,0.0,10.1300125,0.0,0.25,1.0,68.31666,0.0,0.0,0.0,-4.3960006e-23,1.8287151e-06,0.005004883,-400.25253,65.71962,55.184006,0.0,0.9,0.0,-7.92568e-25,0.0,74.07879,66.70592,66.964645,66.6879,67.14603
2018-01-01 01:07:00,7.346668e-23,0.0,65.71962,357730.44,0.75,0.0,10.145008,0.0,0.25,1.0,68.32184,0.0,0.0,0.0,-2.7429755e-24,-1.6928742e-06,0.005004883,-400.25253,65.71962,55.184006,0.0,0.9,0.0,-1.0983402e-24,0.0,74.10637,66.705154,66.963165,66.68768,67.146805
2018-01-01 01:08:00,1.253766e-22,0.0,65.71962,357730.44,0.75,0.0,10.160004,1.1619784e-06,0.25,1.0,68.326805,0.0,0.0,0.0,-1.2651791400000001e-23,1.6101027e-06,0.005004883,-400.25253,65.71962,55.184006,0.0,0.9,0.0,-1.4756301e-24,0.0,74.13333,66.70427,66.96157,66.68735,67.147514
2018-01-01 01:09:00,6.531838000000001e-23,0.0,65.71962,357730.44,0.75,0.0,10.175001,0.0,0.25,1.0,68.33165,0.0,0.0,0.0,-5.778355000000001e-23,-8.2162705e-07,0.005004883,-400.25253,65.71962,55.184006,0.0,0.9,0.0,-1.9024277999999998e-25,0.0,74.15976,66.70339,66.95992,66.68703,67.14812
2018-01-01 01:10:00,4.2417870000000006e-23,0.0,65.71962,357730.44,0.75,0.0,10.189997,-1.1619784e-06,0.25,1.0,68.33628,0.0,0.0,0.0,-1.22654444e-23,1.2554194e-06,0.005004883,-400.25253,65.71962,55.184006,0.0,0.9,0.0,-1.5567946999999998e-25,0.0,74.18563,66.70241,66.95816,66.686584,67.14861
2018-01-01 01:11:00,2.5443795e-23,0.0,65.71962,357730.44,0.75,0.0,10.204994,-1.1619784e-06,0.25,1.0,68.340775,0.0,0.0,0.0,-5.7654692e-24,-5.298793e-07,0.005004883,-400.25253,65.71962,55.184006,0.0,0.9,0.0,-1.6037278e-27,0.0,74.21095,66.701416,66.95635,66.68609,67.14905
2018-01-01 01:12:00,-2.5311345e-23,0.0,65.71962,357730.44,0.75,0.0,10.21999,-2.3239568e-06,0.25,1.0,68.3451,0.0,0.0,0.0,-1.399686e-23,-4.463903e-06,0.005004883,-400.25253,65.71962,55.184006,0.0,0.9,0.0,-3.5804828e-26,0.0,74.23573,66.70032,66.95448,66.68559,67.14938
2018-01-01 01:13:00,-1.2446088000000001e-22,0.0,65.71962,357730.44,0.75,0.0,10.234985,-1.1619784e-06,0.25,1.0,68.34926,0.0,0.0,0.0,-7.842474e-26,-1.9009121e-06,0.005004883,-400.25253,65.71962,55.184006,0.0,0.9,0.0,-3.6340753999999996e-25,0.0,74.26001,66.69916,66.95251,66.68499,67.1496
2018-01-01 01:14:00,9.8986626e-23,0.0,65.71962,357730.44,0.75,0.0,10.250038,1.1619784e-06,0.25,1.0,68.35329,0.0,0.0,0.0,-1.2416994e-24,1.210853e-06,0.005004883,-400.25253,65.71962,55.184006,0.0,0.9,0.0,-1.8722573e-25,0.0,74.283844,66.69801,66.95047,66.684326,67.149765
2018-01-01 01:15:00,-2.3472578000000003e-22,0.0,65.71962,357730.44,0.75,0.0,10.265034,-1.1619784e-06,0.25,1.0,68.357155,0.0,0.0,0.0,-4.917482e-27,2.2108457e-06,0.005004883,-400.25253,65.71962,55.184006,0.0,0.9,0.0,-5.4298470000000005e-28,0.0,74.307144,66.69675,66.94839,66.68367,67.149826
2018-01-01 01:16:00,2.2177434e-23,0.0,65.71962,357730.44,0.75,0.0,10.280029,-1.1619784e-06,0.25,1.0,68.360886,0.0,0.0,0.0,-3.9737294e-24,-6.9284476e-07,0.005004883,-400.25253,65.71962,55.184006,0.0,0.9,0.0,-1.4906692e-25,0.0,74.32999,66.69548,66.94624,66.68291,67.149826
2018-01-01 01:17:00,1.6212385e-22,0.0,65.71962,357730.44,0.75,0.0,10.295027,-1.1619784e-06,0.25,1.0,68.36449,0.0,0.0,0.0,-1.716255e-24,4.600196e-06,0.005004883,-400.25253,65.71962,55.184006,0.0,0.9,0.0,-3.658614e-25,0.0,74.3524,66.69417,66.944046,66.68208,67.14971
2018-01-01 01:18:00,2.7569097e-24,0.0,65.71962,357730.44,0.75,0.0,10.310022,1.1619784e-06,0.25,1.0,68.36794,0.0,0.0,0.0,-8.1363556e-24,-9.877112e-07,0.005004883,-400.25253,65.71962,55.184006,0.0,0.9,0.0,-4.871852e-25,0.0,74.374374,66.692795,66.94174,66.68126,67.14955
2018-01-01 01:19:00,1.9277855e-24,0.0,65.71962,357730.44,0.75,0.0,10.32502,1.1619784e-06,0.25,1.0,68.371284,0.0,0.0,0.0,-6.588024e-24,3.555326e-06,0.005004883,-400.25253,65.71962,55.184006,0.0,0.9,0.0,-4.346447e-25,0.0,74.395905,66.69136,66.93944,66.680374,67.14932
2018-01-01 01:20:00,-2.7031422999999997e-23,0.0,65.71962,357730.44,0.75,0.0,10.340015,-2.3239568e-06,0.25,1.0,68.37445,0.0,0.0,0.0,-3.587677e-24,5.520143e-06,0.005004883,-400.25253,65.71962,55.184006,0.0,0.9,0.0,-6.2639066e-25,0.0,74.41701,66.68988,66.93701,66.67938,67.149
2018-01-01 01:21:00,-6.432257000000001e-23,0.0,65.71962,357730.44,0.75,0.0,10.355011,0.0,0.25,1.0,68.37752,0.0,0.0,0.0,-1.3939156e-23,-1.8073254e-06,0.005004883,-400.25253,65.71962,55.184006,0.0,0.9,0.0,-4.5295575e-25,0.0,74.43771,66.68834,66.93454,66.6784,67.14861
2018-01-01 01:22:00,1.9055345e-23,0.0,65.71962,357730.44,0.75,0.0,10.370008,1.1619784e-06,0.25,1.0,68.38051,0.0,0.0,0.0,-4.5438723e-23,-2.0958214e-06,0.005004883,-400.25253,65.71962,55.184006,0.0,0.9,0.0,-5.3270842e-24,0.0,74.45809,66.6868,66.93207,66.67735,67.14818
2018-01-01 01:23:00,2.0707602e-23,0.0,65.71962,357730.44,0.75,0.0,10.385004,1.1619784e-06,0.25,1.0,68.38334,0.0,0.0,0.0,-7.9248675e-24,-2.546037e-06,0.005004883,-400.25253,65.71962,55.184006,0.0,0.9,0.0,-1.0384989400000001e-26,0.0,74.47803,66.68521,66.92949,66.676315,67.14763
2018-01-01 01:24:00,1.4924116e-23,0.0,65.71962,357730.44,0.75,0.0,10.400002,-1.1619784e-06,0.25,1.0,68.38605,0.0,0.0,0.0,-1.0953931999999999e-23,7.3429595e-07,0.005004883,-400.25253,65.71962,55.184006,0.0,0.9,0.0,-1.5202417000000002e-26,0.0,74.49764,66.68356,66.92685,66.675156,67.14702
2018-01-01 01:25:00,3.2029178e-25,0.0,65.71962,357730.44,0.75,0.0,10.414997,1.1619784e-06,0.25,1.0,68.388664,0.0,0.0,0.0,-1.3015351999999999e-23,1.1673782e-06,0.005004883,-400.25253,65.71962,55.184006,0.0,0.9,0.0,-3.9092023999999996e-25,0.0,74.51687,66.681854,66.92422,66.674,67.14636
2018-01-01 01:26:00,1.5677213e-23,0.0,65.71962,357730.44,0.75,0.0,10.429993,3.4859352e-06,0.25,1.0,68.39116,0.0,0.0,0.0,-4.748411e-23,-2.3215475e-06,0.005004883,-400.25253,65.71962,55.184006,0.0,0.9,0.0,-7.072856999999999e-26,0.0,74.53577,66.68016,66.92147,66.67279,67.145645
2018-01-01 01:27:00,3.6235133e-23,0.0,65.71962,357730.44,0.75,0.0,10.44499,-1.1619784e-06,0.25,1.0,68.39357,0.0,0.0,0.0,-8.314544e-25,5.6607064e-07,0.005004883,-400.25253,65.71962,55.184006,0.0,0.9,0.0,-2.3598673e-25,0.0,74.554276,66.6784,66.918724,66.67153,67.14488
2018-01-01 01:28:00,6.580937000000001e-23,0.0,65.71962,357730.44,0.75,0.0,10.459986,-2.3239568e-06,0.25,1.0,68.39585,0.0,0.0,0.0,-1.8484468e-25,6.7107734e-08,0.005004883,-400.25253,65.71962,55.184006,0.0,0.9,0.0,-1.0322988e-26,0.0,74.57251,66.67659,66.915924,66.67021,67.144
2018-01-01 01:29:00,7.204581500000001e-24,0.0,65.71962,357730.44,0.75,0.0,10.475037,-2.3239568e-06,0.25,1.0,68.39805,0.0,0.0,0.0,-1.863378e-23,1.1926674e-06,0.005004883,-400.25253,65.71962,55.184006,0.0,0.9,0.0,-8.688690999999999e-26,0.0,74.59042,66.67471,66.91307,66.6689,67.14312
2018-01-01 01:30:00,3.6816016000000004e-24,0.0,65.71962,357730.44,0.75,0.0,10.490034,0.0,0.25,1.0,68.40015,0.0,0.0,0.0,-1.1471638e-23,-4.9349353e-08,0.005004883,-400.25253,65.71962,55.184006,0.0,0.9,0.0,-3.4022757e-26,0.0,74.608055,66.67285,66.91016,66.66753,67.142136
2018-01-01 01:31:00,-1.6769484e-23,0.0,65.71962,357730.44,0.75,0.0,10.50503,-1.1619784e-06,0.25,1.0,68.402145,0.0,0.0,0.0,-1.17900185e-23,-1.20329505e-05,0.005004883,-400.25253,65.71962,55.184006,0.0,0.9,0.0,-3.0242362999999998e-25,0.0,74.62536,66.67098,66.90719,66.66609,67.14108
2018-01-01 01:32:00,-3.4762692e-23,0.0,65.71962,357730.44,0.75,0.0,10.520025,3.4859352e-06,0.25,1.0,68.40407,0.0,0.0,0.0,-1.7183969e-23,6.4699384e-06,0.005004883,-400.25253,65.71962,55.184006,0.0,0.9,0.0,-4.769696e-25,0.0,74.64239,66.66901,66.90428,66.664665,67.139984
2018-01-01 01:33:00,6.4556566000000005e-24,0.0,65.71962,357730.44,0.75,0.0,10.535023,-1.1619784e-06,0.25,1.0,68.4059,0.0,0.0,0.0,-1.2309622999999999e-23,4.2171428e-06,0.005004883,-400.25253,65.71962,55.184006,0.0,0.9,0.0,-1.5904538e-25,0.0,74.65909,66.66702,66.901306,66.66318,67.138885
2018-01-01 01:34:00,-1.9041714e-24,0.0,65.71962,357730.44,0.75,0.0,10.550018,-2.3239568e-06,0.25,1.0,68.40763,0.0,0.0,0.0,-3.1600114e-23,6.2162744e-06,0.005004883,-400.25253,65.71962,55.184006,0.0,0.9,0.0,-3.8973744e-24,0.0,74.67557,66.66499,66.898285,66.661644,67.13768
2018-01-01 01:35:00,-7.09331e-24,0.0,65.71962,357730.44,0.75,0.0,10.565016,0.0,0.25,1.0,68.40932,0.0,0.0,0.0,-1.0235025e-23,1.5788064e-06,0.005004883,-400.25253,65.71962,55.184006,0.0,0.9,0.0,-2.2314877999999997e-25,0.0,74.69177,66.662964,66.89526,66.66011,67.136475
2018-01-01 01:36:00,-2.0778993e-24,0.0,65.71962,357730.44,0.75,0.0,10.580011,1.1619784e-06,0.25,1.0,68.41089,0.0,0.0,0.0,-1.13851624e-23,3.1795305e-06,0.005004883,-400.25253,65.71962,55.184006,0.0,0.9,0.0,-1.8431700000000002e-26,0.0,74.7077,66.66087,66.8922,66.65851,67.135155
2018-01-01 01:37:00,-3.6427202000000005e-24,0.0,65.71962,357730.44,0.75,0.0,10.595007,1.1619784e-06,0.25,1.0,68.412384,0.0,0.0,0.0,-7.775683e-24,-1.5263987e-06,0.005004883,-400.25253,65.71962,55.184006,0.0,0.9,0.0,-2.1078331e-26,0.0,74.72341,66.65878,66.88906,66.65686,67.13378
2018-01-01 01:38:00,2.4696567e-23,0.0,65.71962,357730.44,0.75,0.0,10.610004,3.4859352e-06,0.25,1.0,68.4138,0.0,0.0,0.0,-9.072416999999999e-24,-4.952125e-06,0.005004883,-400.25253,65.71962,55.184006,0.0,0.9,0.0,-3.2079240000000003e-25,0.0,74.738846,66.65665,66.88588,66.65521,67.13241
2018-01-01 01:39:00,-2.129093e-24,0.0,65.71962,357730.44,0.75,0.0,10.625,0.0,0.25,1.0,68.41514,0.0,0.0,0.0,-1.4611964999999998e-23,-5.143439e-07,0.005004883,-400.25253,65.71962,55.184006,0.0,0.9,0.0,-1.3625101e-24,0.0,74.75406,66.65445,66.88269,66.65352,67.13098
2018-01-01 01:40:00,-1.7793611e-23,0.0,65.71962,357730.44,0.75,0.0,10.6399975,-2.3239568e-06,0.25,1.0,68.41643,0.0,0.0,0.0,-1.0180039e-23,-2.5103768e-07,0.005004883,-400.25253,65.71962,55.184006,0.0,0.9,0.0,-3.8929278000000004e-26,0.0,74.76912,66.65225,66.87945,66.65181,67.1295
2018-01-01 01:41:00,8.271991e-24,0.0,65.71962,357730.44,0.75,0.0,10.654993,-1.1619784e-06,0.25,1.0,68.41762,0.0,0.0,0.0,-1.7948871999999998e-23,-7.4140785e-06,0.005004883,-400.25253,65.71962,55.184006,0.0,0.9,0.0,-1.2659006000000001e-24,0.0,74.78384,66.650055,66.87615,66.650055,67.12796
2018-01-01 01:42:00,5.0650743e-24,0.0,65.71962,357730.44,0.75,0.0,10.669989,-1.1619784e-06,0.25,1.0,68.41873,0.0,0.0,0.0,-1.5337761e-23,-1.2561758e-06,0.005004883,-400.25253,65.71962,55.184006,0.0,0.9,0.0,-1.9254742e-26,0.0,74.79839,66.64775,66.872856,66.6483,67.126366
2018-01-01 01:43:00,2.9887169e-24,0.0,65.71962,357730.44,0.75,0.0,10.684986,-1.1619784e-06,0.25,1.0,68.419785,0.0,0.0,0.0,-2.24503e-24,-6.3728935e-06,0.005004883,-400.25253,65.71962,55.184006,0.0,0.9,0.0,-6.325354e-25,0.0,74.812675,66.64549,66.86956,66.646484,67.12472
2018-01-01 01:44:00,-1.0898966e-23,0.0,65.71962,357730.44,0.75,0.0,10.700037,-1.1619784e-06,0.25,1.0,68.42076,0.0,0.0,0.0,-6.2748122000000004e-24,-1.0514648e-06,0.005004883,-400.25253,65.71962,55.184006,0.0,0.9,0.0,-5.194916e-26,0.0,74.8268,66.64319,66.86615,66.644615,67.12307
2018-01-01 01:45:00,8.055061e-27,0.0,65.71962,357730.44,0.75,0.0,10.715033,-1.1619784e-06,0.25,1.0,68.421646,0.0,0.0,0.0,-3.2080725e-24,7.1288214e-06,0.005004883,-400.25253,65.71962,55.184006,0.0,0.9,0.0,-3.976051e-24,0.0,74.84064,66.64082,66.86275,66.642746,67.12131
2018-01-01 01:46:00,-4.5308163e-24,0.0,65.71962,357730.44,0.75,0.0,10.73003,-2.3239568e-06,0.25,1.0,68.4225,0.0,0.0,0.0,-1.7182913e-28,1.4773503e-06,0.005004883,-400.25253,65.71962,55.184006,0.0,0.9,0.0,-5.21121e-26,0.0,74.85426,66.63846,66.859344,66.640884,67.11955
2018-01-01 01:47:00,-7.915931000000001e-25,0.0,65.71962,357730.44,0.75,0.0,10.745026,1.1619784e-06,0.25,1.0,68.42326,0.0,0.0,0.0,-2.823633e-24,-4.7297632e-07,0.005004883,-400.25253,65.71962,55.184006,0.0,0.9,0.0,-1.9233575000000002e-26,0.0,74.86772,66.63605,66.85588,66.6389,67.1178
2018-01-01 01:48:00,-9.132008e-25,0.0,65.71962,357730.44,0.75,0.0,10.760023,1.1619784e-06,0.25,1.0,68.42397,0.0,0.0,0.0,-6.085349e-24,5.516661e-06,0.005004883,-400.25253,65.71962,55.184006,0.0,0.9,0.0,-5.988803e-24,0.0,74.88095,66.63363,66.85237,66.63698,67.11593
2018-01-01 01:49:00,-7.033826e-25,0.0,65.71962,357730.44,0.75,0.0,10.775019,-2.3239568e-06,0.25,1.0,68.42461,0.0,0.0,0.0,-4.4421897e-24,-1.1768541e-06,0.005004883,-400.25253,65.71962,55.184006,0.0,0.9,0.0,-1.2507735e-24,0.0,74.89392,66.63121,66.84885,66.635,67.11406
2018-01-01 01:50:00,3.0043478e-24,0.0,65.71962,357730.44,0.75,0.0,10.790014,-1.1619784e-06,0.25,1.0,68.42518,0.0,0.0,0.0,-1.837667e-24,-3.7984132e-06,0.005004883,-400.25253,65.71962,55.184006,0.0,0.9,0.0,-3.2759666e-24,0.0,74.90677,66.62874,66.84534,66.632965,67.11208
2018-01-01 01:51:00,1.1132953e-24,0.0,65.71962,357730.44,0.75,0.0,10.805012,1.1619784e-06,0.25,1.0,68.4257,0.0,0.0,0.0,-2.0440942e-23,3.2089863e-06,0.005004883,-400.25253,65.71962,55.184006,0.0,0.9,0.0,-4.47018e-25,0.0,74.9194,66.62621,66.84177,66.630936,67.11016
2018-01-01 01:52:00,7.761177e-24,0.0,65.71962,357730.44,0.75,0.0,10.820007,0.0,0.25,1.0,68.42613,0.0,0.0,0.0,-4.3248794e-23,3.737114e-06,0.005004883,-400.25253,65.71962,55.184006,0.0,0.9,0.0,-4.6422004e-25,0.0,74.93182,66.62374,66.838135,66.628845,67.10812
2018-01-01 01:53:00,3.0550378e-24,0.0,65.71962,357730.44,0.75,0.0,10.835005,-2.3239568e-06,0.25,1.0,68.42651,0.0,0.0,0.0,-9.239032000000001e-23,-2.49057e-06,0.005004883,-400.25253,65.71962,55.184006,0.0,0.9,0.0,-1.5806608e-26,0.0,74.944016,66.621155,66.83452,66.62676,67.106094
2018-01-01 01:54:00,-8.371595999999999e-24,0.0,65.71962,357730.44,0.75,0.0,10.85,-1.1619784e-06,0.25,1.0,68.426865,0.0,0.0,0.0,-3.516569e-24,5.2901823e-06,0.005004883,-400.25253,65.71962,55.184006,0.0,0.9,0.0,-9.402548e-25,0.0,74.9561,66.61864,66.83089,66.62468,67.104004
2018-01-01 01:55:00,6.3924405000000005e-24,0.0,65.71962,357730.44,0.75,0.0,10.864996,1.1619784e-06,0.25,1.0,68.42711,0.0,0.0,0.0,-6.3503756e-24,-1.0679152e-06,0.005004883,-400.25253,65.71962,55.184006,0.0,0.9,0.0,-8.0965096e-26,0.0,74.96797,66.616,66.82721,66.62253,67.10187
2018-01-01 01:56:00,-7.44096e-24,0.0,65.71962,357730.44,0.75,0.0,10.879993,1.1619784e-06,0.25,1.0,68.42733,0.0,0.0,0.0,-3.6996056e-23,-5.810507e-07,0.005004883,-400.25253,65.71962,55.184006,0.0,0.9,0.0,-1.2995645999999999e-25,0.0,74.97967,66.61342,66.82347,66.62039,67.099724
2018-01-01 01:57:00,7.858182e-24,0.0,65.71962,357730.44,0.75,0.0,10.894989,-1.1619784e-06,0.25,1.0,68.427505,0.0,0.0,0.0,-1.23451005e-23,7.0554233e-06,0.005004883,-400.25253,65.71962,55.184006,0.0,0.9,0.0,-4.500327e-25,0.0,74.9912,66.61078,66.81979,66.618195,67.09753
2018-01-01 01:58:00,-5.866335e-24,0.0,65.71962,357730.44,0.75,0.0,10.9099865,-3.4859352e-06,0.25,1.0,68.4276,0.0,0.0,0.0,-1.2817314e-22,3.897605e-06,0.005004883,-400.25253,65.71962,55.184006,0.0,0.9,0.0,-2.8391338e-25,0.0,75.00258,66.60814,66.816,66.616,67.095276
2018-01-01 01:59:00,6.5893914e-24,0.0,65.71962,357730.44,0.75,0.0,10.925037,1.1619784e-06,0.25,1.0,68.42766,0.0,0.0,0.0,-6.3389415e-24,4.801543e-06,0.005004883,-400.25253,65.71962,55.184006,0.0,0.9,0.0,-8.781396e-27,0.0,75.01384,66.60545,66.81227,66.61374,67.09302
2018-01-01 02:00:00,-3.2268379000000003e-24,0.0,65.71962,357730.44,0.75,0.0,10.940033,1.1619784e-06,0.25,1.0,68.42765,0.0,0.0,0.0,-3.0841822999999997e-23,-1.5234807e-06,0.005004883,-400.25253,65.71962,55.184006,0.0,0.9,0.0,-1.6058425e-25,0.0,75.02487,66.60275,66.808426,66.611496,67.09071
2018-01-01 02:01:00,-2.0958983e-24,0.0,65.71962,357730.44,0.75,0.0,10.957996,-1.1619784e-06,0.25,1.0,68.427605,0.0,0.0,0.0,-1.9062327e-23,6.101447e-06,0.005004883,-400.25253,65.71962,55.184006,0.0,0.9,0.0,-1.7957308e-24,0.0,75.03575,66.60007,66.80463,66.609184,67.08841
2018-01-01 02:02:00,-1.6488990000000003e-23,0.0,65.71962,357730.44,0.75,0.0,10.976013,-1.1619784e-06,0.25,1.0,68.42753,0.0,0.0,0.0,-1.3151080999999999e-23,7.2829323e-07,0.005004883,-400.25253,65.71962,55.184006,0.0,0.9,0.0,-1.2912489000000001e-27,0.0,75.046524,66.59732,66.80078,66.60693,67.086044
2018-01-01 02:03:00,-5.1373947000000005e-24,0.0,65.71962,357730.44,0.75,0.0,10.994032,0.0,0.25,1.0,68.42738,0.0,0.0,0.0,-8.474198e-24,-4.376462e-06,0.005004883,-400.25253,65.71962,55.184006,0.0,0.9,0.0,-2.2568236e-25,0.0,75.057175,66.594574,66.796936,66.60457,67.08363
2018-01-01 02:04:00,-4.2944953e-24,0.0,65.71962,357730.44,0.75,0.0,11.011993,1.1619784e-06,0.25,1.0,68.4272,0.0,0.0,0.0,-2.1058964e-23,5.647521e-07,0.005004883,-400.25253,65.71962,55.184006,0.0,0.9,0.0,-7.7604635e-26,0.0,75.06767,66.59183,66.793045,66.602264,67.08121
2018-01-01 02:05:00,2.3695838999999998e-23,0.0,65.71962,357730.44,0.75,0.0,11.030012,3.4859352e-06,0.25,1.0,68.42699,0.0,0.0,0.0,-5.4477687e-23,-5.01433e-06,0.005004883,-400.25253,65.71962,55.184006,0.0,0.9,0.0,-9.646714000000001e-25,0.0,75.07805,66.58902,66.7892,66.5999,67.0788
2018-01-01 02:06:00,1.2149826e-23,0.0,65.71962,357730.44,0.75,0.0,11.048029,0.0,0.25,1.0,68.42674,0.0,0.0,0.0,-4.1395815000000005e-24,1.745873e-07,0.005004883,-400.25253,65.71962,55.184006,0.0,0.9,0.0,-4.5803048e-27,0.0,75.08832,66.58623,66.78529,66.597534,67.076324
2018-01-01 02:07:00,6.5938686000000005e-24,0.0,65.71962,357730.44,0.75,0.0,11.065992,-1.1619784e-06,0.25,1.0,68.42644,0.0,0.0,0.0,-1.4896002e-23,-6.0548487e-06,0.005004883,-400.25253,65.71962,55.184006,0.0,0.9,0.0,-3.124312e-25,0.0,75.098434,66.58342,66.78134,66.59512,67.07385
2018-01-01 02:08:00,-7.098102e-24,0.0,65.71962,357730.44,0.75,0.0,11.084009,2.3239568e-06,0.25,1.0,68.4261,0.0,0.0,0.0,-2.9891618e-23,1.223974e-06,0.005004883,-400.25253,65.71962,55.184006,0.0,0.9,0.0,-1.4056186000000001e-24,0.0,75.10843,66.58062,66.777435,66.592705,67.07132
2018-01-01 02:09:00,-1.5476389e-23,0.0,65.71962,357730.44,0.75,0.0,11.102026,3.4859352e-06,0.25,1.0,68.425735,0.0,0.0,0.0,-1.4813087999999999e-23,1.1261908e-06,0.005004883,-400.25253,65.71962,55.184006,0.0,0.9,0.0,-2.1436474e-25,0.0,75.11832,66.57776,66.77348,66.59029,67.0688
2018-01-01 02:10:00,8.844445e-24,0.0,65.71962,357730.44,0.75,0.0,11.119989,-2.3239568e-06,0.25,1.0,68.42531,0.0,0.0,0.0,-1.1636247e-23,1.1070679e-06,0.005004883,-400.25253,65.71962,55.184006,0.0,0.9,0.0,-1.4679847000000001e-24,0.0,75.12804,66.574905,66.76947,66.587875,67.066216
2018-01-01 02:11:00,-1.2765550000000001e-23,0.0,65.71962,357730.44,0.75,0.0,11.138006,1.1619784e-06,0.25,1.0,68.42485,0.0,0.0,0.0,-1.0043696e-23,-5.7859907e-06,0.005004883,-400.25253,65.71962,55.184006,0.0,0.9,0.0,-1.8381124000000002e-24,0.0,75.13765,66.57205,66.76552,66.5854,67.06363
2018-01-01 02:12:00,4.1537925e-24,0.0,65.71962,357730.44,0.75,0.0,11.156025,1.1619784e-06,0.25,1.0,68.424355,0.0,0.0,0.0,-1.2252947e-23,3.8670055e-06,0.005004883,-400.25253,65.71962,55.184006,0.0,0.9,0.0,-3.8921097999999997e-25,0.0,75.147095,66.5692,66.761505,66.58293,67.06105
2018-01-01 02:13:00,-1.4068720000000002e-23,0.0,65.71962,357730.44,0.75,0.0,11.173986,-1.1619784e-06,0.25,1.0,68.42381,0.0,0.0,0.0,-6.4020600000000006e-24,-9.3260775e-07,0.005004883,-400.25253,65.71962,55.184006,0.0,0.9,0.0,-7.3741908e-28,0.0,75.15643,66.566284,66.7575,66.58046,67.05841
2018-01-01 02:14:00,2.1231203e-24,0.0,65.71962,357730.44,0.75,0.0,11.192005,0.0,0.25,1.0,68.42325,0.0,0.0,0.0,-7.743345e-24,1.3666097e-06,0.005004883,-400.25253,65.71962,55.184006,0.0,0.9,0.0,-3.002548e-26,0.0,75.165665,66.56337,66.753494,66.57793,67.05578
2018-01-01 02:15:00,-1.2840587e-24,0.0,65.71962,357730.44,0.75,0.0,11.210022,-1.1619784e-06,0.25,1.0,68.42263,0.0,0.0,0.0,-2.5187846e-25,-3.3481874e-06,0.005004883,-400.25253,65.71962,55.184006,0.0,0.9,0.0,-1.9428396e-24,0.0,75.17473,66.560455,66.74948,66.5754,67.053085
2018-01-01 02:16:00,-7.354273999999999e-24,0.0,65.71962,357730.44,0.75,0.0,11.227985,-1.1619784e-06,0.25,1.0,68.42198,0.0,0.0,0.0,-1.9724944e-25,-1.6491855e-06,0.005004883,-400.25253,65.71962,55.184006,0.0,0.9,0.0,-8.8042085e-27,0.0,75.183685,66.55755,66.745415,66.572876,67.0504
2018-01-01 02:17:00,-7.616552e-24,0.0,65.71962,357730.44,0.75,0.0,11.246002,-1.1619784e-06,0.25,1.0,68.4213,0.0,0.0,0.0,-1.1721308e-24,3.123615e-06,0.005004883,-400.25253,65.71962,55.184006,0.0,0.9,0.0,-1.8209871e-26,0.0,75.192474,66.55464,66.74135,66.57034,67.0477
2018-01-01 02:18:00,1.0155286e-24,0.0,65.71962,357730.44,0.75,0.0,11.264021,-2.3239568e-06,0.25,1.0,68.42058,0.0,0.0,0.0,-7.241087600000001e-24,8.0346655e-07,0.005004883,-400.25253,65.71962,55.184006,0.0,0.9,0.0,-1.7799394000000002e-24,0.0,75.2012,66.55167,66.73729,66.567764,67.04495
2018-01-01 02:19:00,9.707697e-24,0.0,65.71962,357730.44,0.75,0.0,11.282038,-2.3239568e-06,0.25,1.0,68.41981,0.0,0.0,0.0,-2.2234242e-24,-4.8550387e-06,0.005004883,-400.25253,65.71962,55.184006,0.0,0.9,0.0,-2.7004795e-24,0.0,75.20972,66.548706,66.733215,66.565186,67.042206
2018-01-01 02:20:00,-5.724898e-24,0.0,65.71962,357730.44,0.75,0.0,11.300001,-1.1619784e-06,0.25,1.0,68.41902,0.0,0.0,0.0,-4.9096387000000005e-24,8.862583e-07,0.005004883,-400.25253,65.71962,55.184006,0.0,0.9,0.0,-1.0471044000000001e-26,0.0,75.218185,66.54574,66.72916,66.56261,67.03941
2018-01-01 02:21:00,3.1263822e-25,0.0,65.71962,357730.44,0.75,0.0,11.318018,1.1619784e-06,0.25,1.0,68.41819,0.0,0.0,0.0,-3.6086618000000005e-26,6.3086713e-06,0.005004883,-400.25253,65.71962,55.184006,0.0,0.9,0.0,-3.2920489e-24,0.0,75.22647,66.54277,66.72504,66.55997,67.03667
2018-01-01 02:22:00,-3.679118e-24,0.0,65.71962,357730.44,0.75,0.0,11.336035,-1.1619784e-06,0.25,1.0,68.41731,0.0,0.0,0.0,-1.3260876e-23,7.785606e-07,0.005004883,-400.25253,65.71962,55.184006,0.0,0.9,0.0,-4.2921463e-26,0.0,75.234665,66.53981,66.72092,66.55733,67.033806
2018-01-01 02:23:00,-3.14657e-24,0.0,65.71962,357730.44,0.75,0.0,11.353998,-1.1619784e-06,0.25,1.0,68.416405,0.0,0.0,0.0,-1.5592613e-24,-2.2772763e-06,0.005004883,-400.25253,65.71962,55.184006,0.0,0.9,0.0,-3.0652005000000003e-27,0.0,75.24274,66.53679,66.7168,66.55469,67.031006
2018-01-01 02:24:00,1.0521537e-23,0.0,65.71962,357730.44,0.75,0.0,11.372015,-1.1619784e-06,0.25,1.0,68.41547,0.0,0.0,0.0,-7.394721e-24,7.5692915e-06,0.005004883,-400.25253,65.71962,55.184006,0.0,0.9,0.0,-1.7307251e-24,0.0,75.2507,66.53377,66.71268,66.552055,67.02815
2018-01-01 02:25:00,8.832391000000001e-25,0.0,65.71962,357730.44,0.75,0.0,11.390034,-1.1619784e-06,0.25,1.0,68.414505,0.0,0.0,0.0,-2.1282601e-23,-1.5106009e-08,0.005004883,-400.25253,65.71962,55.184006,0.0,0.9,0.0,-8.841523999999999e-26,0.0,75.25856,66.53075,66.708496,66.54942,67.02529
2018-01-01 02:26:00,-1.2881206e-23,0.0,65.71962,357730.44,0.75,0.0,11.407995,-1.1619784e-06,0.25,1.0,68.4135,0.0,0.0,0.0,-1.4053877e-23,-3.7574143e-06,0.005004883,-400.25253,65.71962,55.184006,0.0,0.9,0.0,-2.3536609999999998e-24,0.0,75.26625,66.527725,66.70438,66.54672,67.02243
2018-01-01 02:27:00,-4.054601e-24,0.0,65.71962,357730.44,0.75,0.0,11.426014,-1.1619784e-06,0.25,1.0,68.412476,0.0,0.0,0.0,-7.548173e-24,-1.6065547e-06,0.005004883,-400.25253,65.71962,55.184006,0.0,0.9,0.0,-3.8587573e-24,0.0,75.27388,66.524704,66.70021,66.54404,67.01952
2018-01-01 02:28:00,7.395477e-24,0.0,65.71962,357730.44,0.75,0.0,11.444031,-1.1619784e-06,0.25,1.0,68.41139,0.0,0.0,0.0,-7.8824806e-25,6.935928e-06,0.005004883,-400.25253,65.71962,55.184006,0.0,0.9,0.0,-8.527086e-24,0.0,75.28136,66.52162,66.69603,66.54134,67.01662
2018-01-01 02:29:00,9.927647e-24,0.0,65.71962,357730.44,0.75,0.0,11.461994,0.0,0.25,1.0,68.41031,0.0,0.0,0.0,-2.0350598e-23,5.472197e-06,0.005004883,-400.25253,65.71962,55.184006,0.0,0.9,0.0,-6.096797e-25,0.0,75.28871,66.5186,66.69186,66.53865,67.0137
2018-01-01 02:30:00,-5.7202247e-25,0.0,65.71962,357730.44,0.75,0.0,11.480011,-2.3239568e-06,0.25,1.0,68.40918,0.0,0.0,0.0,-1.6340606999999999e-23,7.629754e-06,0.005004883,-400.25253,65.71962,55.184006,0.0,0.9,0.0,-4.152555e-24,0.0,75.29602,66.515526,66.68768,66.535904,67.010735
2018-01-01 02:31:00,-6.293854699999999e-25,0.0,65.71962,357730.44,0.75,0.0,11.49803,1.1619784e-06,0.25,1.0,68.40802,0.0,0.0,0.0,-1.9695785e-23,-7.8355315e-06,0.005004883,-400.25253,65.71962,55.184006,0.0,0.9,0.0,-2.4074340000000004e-28,0.0,75.30316,66.51245,66.6835,66.53316,67.00783
2018-01-01 02:32:00,6.900342999999999e-24,0.0,65.71962,357730.44,0.75,0.0,11.515991,-2.3239568e-06,0.25,1.0,68.406845,0.0,0.0,0.0,-8.053622e-23,7.76768e-06,0.005004883,-400.25253,65.71962,55.184006,0.0,0.9,0.0,-9.317202999999999e-26,0.0,75.31024,66.50937,66.67934,66.53041,67.00485
2018-01-01 02:33:00,1.0531675000000001e-24,0.0,65.71962,357730.44,0.75,0.0,11.53401,-1.1619784e-06,0.25,1.0,68.40562,0.0,0.0,0.0,-7.3032825e-23,2.3589573e-06,0.005004883,-400.25253,65.71962,55.184006,0.0,0.9,0.0,-2.3158291e-25,0.0,75.31717,66.5063,66.6751,66.527664,67.00183
2018-01-01 02:34:00,-1.0545751e-23,0.0,65.71962,357730.44,0.75,0.0,11.552027,2.3239568e-06,0.25,1.0,68.40437,0.0,0.0,0.0,-4.0899680000000005e-23,1.367063e-07,0.005004883,-400.25253,65.71962,55.184006,0.0,0.9,0.0,-1.2256246e-25,0.0,75.324036,66.50317,66.67087,66.52492,66.99887
2018-01-01 02:35:00,-7.629967600000001e-24,0.0,65.71962,357730.44,0.75,0.0,11.56999,3.4859352e-06,0.25,1.0,68.403114,0.0,0.0,0.0,-1.3008687e-23,1.6577707e-06,0.005004883,-400.25253,65.71962,55.184006,0.0,0.9,0.0,-1.4035664e-24,0.0,75.330795,66.50009,66.6667,66.52212,66.99585
2018-01-01 02:36:00,-4.2002666e-24,0.0,65.71962,357730.44,0.75,0.0,11.588007,-1.1619784e-06,0.25,1.0,68.40181,0.0,0.0,0.0,-4.9004927e-24,2.391607e-06,0.005004883,-400.25253,65.71962,55.184006,0.0,0.9,0.0,-1.4169772e-25,0.0,75.33743,66.49696,66.66247,66.51937,66.99283
2018-01-01 02:37:00,-1.7166402e-24,0.0,65.71962,357730.44,0.75,0.0,11.606024,1.1619784e-06,0.25,1.0,68.40048,0.0,0.0,0.0,-7.628704e-24,-9.822229e-07,0.005004883,-400.25253,65.71962,55.184006,0.0,0.9,0.0,-1.5570658000000001e-24,0.0,75.344025,66.49383,66.65823,66.51657,66.989746
2018-01-01 02:38:00,3.4873987e-24,0.0,65.71962,357730.44,0.75,0.0,11.623987,-1.1619784e-06,0.25,1.0,68.39913,0.0,0.0,0.0,-2.0138402e-24,-4.4180388e-06,0.005004883,-400.25253,65.71962,55.184006,0.0,0.9,0.0,-1.9879384e-24,0.0,75.35046,66.49075,66.65395,66.51376,66.986725
2018-01-01 02:39:00,3.238589e-24,0.0,65.71962,357730.44,0.75,0.0,11.642004,-1.1619784e-06,0.25,1.0,68.39774,0.0,0.0,0.0,-4.5506936000000004e-24,5.3156446e-06,0.005004883,-400.25253,65.71962,55.184006,0.0,0.9,0.0,-3.9211740000000003e-25,0.0,75.35689,66.487564,66.64972,66.51091,66.98366
2018-01-01 02:40:00,2.3900752e-24,0.0,65.71962,357730.44,0.75,0.0,11.660023,1.1619784e-06,0.25,1.0,68.39635,0.0,0.0,0.0,-7.257877e-24,4.404917e-06,0.005004883,-400.25253,65.71962,55.184006,0.0,0.9,0.0,-4.358296e-25,0.0,75.363144,66.484436,66.64549,66.50811,66.980576
2018-01-01 02:41:00,1.2506219000000001e-24,0.0,65.71962,357730.44,0.75,0.0,11.677984,-3.4859352e-06,0.25,1.0,68.39493,0.0,0.0,0.0,-9.861981e-24,-7.934546e-06,0.005004883,-400.25253,65.71962,55.184006,0.0,0.9,0.0,-2.2353492e-24,0.0,75.369354,66.48131,66.641205,66.50525,66.9775
2018-01-01 02:42:00,3.7541137e-24,0.0,65.71962,357730.44,0.75,0.0,11.696003,-2.3239568e-06,0.25,1.0,68.39347,0.0,0.0,0.0,-1.7257822e-23,-4.422422e-06,0.005004883,-400.25253,65.71962,55.184006,0.0,0.9,0.0,-1.4869076e-24,0.0,75.37545,66.47817,66.63698,66.502396,66.974365
2018-01-01 02:43:00,-4.038688e-24,0.0,65.71962,357730.44,0.75,0.0,11.71402,-1.1619784e-06,0.25,1.0,68.392006,0.0,0.0,0.0,-1.0434183e-23,-1.9559325e-06,0.005004883,-400.25253,65.71962,55.184006,0.0,0.9,0.0,-1.2344687999999998e-25,0.0,75.38149,66.47499,66.63269,66.49954,66.9713
2018-01-01 02:44:00,-4.246876e-25,0.0,65.71962,357730.44,0.75,0.0,11.7320385,1.1619784e-06,0.25,1.0,68.39052,0.0,0.0,0.0,-3.5629786e-23,1.6729425e-07,0.005004883,-400.25253,65.71962,55.184006,0.0,0.9,0.0,-1.905484e-25,0.0,75.38742,66.471855,66.62846,66.49669,66.96816
2018-01-01 02:45:00,1.9327165e-24,0.0,65.71962,357730.44,0.75,0.0,11.75,-1.1619784e-06,0.25,1.0,68.389,0.0,0.0,0.0,-2.5332738e-24,-1.0828429e-06,0.005004883,-400.25253,65.71962,55.184006,0.0,0.9,0.0,-1.348791e-24,0.0,75.3933,66.46867,66.624176,66.49383,66.96503
2018-01-01 02:46:00,2.4390893e-24,0.0,65.71962,357730.44,0.75,0.0,11.768019,2.3239568e-06,0.25,1.0,68.38745,0.0,0.0,0.0,-4.7965340000000004e-23,7.1075224e-06,0.005004883,-400.25253,65.71962,55.184006,0.0,0.9,0.0,-1.2588864e-24,0.0,75.39907,66.465485,66.619896,66.49092,66.961845
2018-01-01 02:47:00,2.064218e-24,0.0,65.71962,357730.44,0.75,0.0,11.786036,-1.1619784e-06,0.25,1.0,68.385895,0.0,0.0,0.0,-6.4314059999999995e-24,-5.137381e-06,0.005004883,-400.25253,65.71962,55.184006,0.0,0.9,0.0,-2.66898e-24,0.0,75.404785,66.462296,66.615616,66.48806,66.95871
2018-01-01 02:48:00,-9.5302865e-26,0.0,65.71962,357730.44,0.75,0.0,11.803999,-1.1619784e-06,0.25,1.0,68.3843,0.0,0.0,0.0,-2.5986333000000003e-24,3.407833e-06,0.005004883,-400.25253,65.71962,55.184006,0.0,0.9,0.0,-7.369223e-26,0.0,75.410385,66.45911,66.61133,66.48515,66.95553
2018-01-01 02:49:00,1.5298008e-24,0.0,65.71962,357730.44,0.75,0.0,11.822016,1.1619784e-06,0.25,1.0,68.38269,0.0,0.0,0.0,-1.8556359999999998e-24,1.4870128e-06,0.005004883,-400.25253,65.71962,55.184006,0.0,0.9,0.0,-1.3989133e-24,0.0,75.41594,66.455925,66.60704,66.48224,66.95235
2018-01-01 02:50:00,-1.1250855e-25,0.0,65.71962,357730.44,0.75,0.0,11.840033,1.1619784e-06,0.25,1.0,68.381065,0.0,0.0,0.0,-1.7535952e-23,2.7054887e-06,0.005004883,-400.25253,65.71962,55.184006,0.0,0.9,0.0,-1.5755475e-24,0.0,75.42137,66.45274,66.60275,66.479324,66.94916
2018-01-01 02:51:00,-1.8756367000000002e-24,0.0,65.71962,357730.44,0.75,0.0,11.857996,-1.1619784e-06,0.25,1.0,68.37941,0.0,0.0,0.0,-1.3507185e-24,-3.3057545e-06,0.005004883,-400.25253,65.71962,55.184006,0.0,0.9,0.0,-5.457625e-25,0.0,75.4267,66.44949,66.59847,66.47641,66.94597
2018-01-01 02:52:00,-9.892415e-25,0.0,65.71962,357730.44,0.75,0.0,11.876013,1.1619784e-06,0.25,1.0,68.37774,0.0,0.0,0.0,-4.25751e-24,-1.9096476e-06,0.005004883,-400.25253,65.71962,55.184006,0.0,0.9,0.0,-1.0104881000000001e-24,0.0,75.43203,66.44631,66.59413,66.47345,66.94278
2018-01-01 02:53:00,1.6246451999999999e-25,0.0,65.71962,357730.44,0.75,0.0,11.894032,-2.3239568e-06,0.25,1.0,68.37605,0.0,0.0,0.0,-6.4002076e-24,6.4320648e-06,0.005004883,-400.25253,65.71962,55.184006,0.0,0.9,0.0,-1.4993636000000001e-24,0.0,75.437195,66.44313,66.58984,66.470535,66.939545
2018-01-01 02:54:00,-3.4861902e-26,0.0,65.71962,357730.44,0.75,0.0,11.911993,-1.1619784e-06,0.25,1.0,68.37434,0.0,0.0,0.0,-7.4138166e-24,-2.0780358e-06,0.005004883,-400.25253,65.71962,55.184006,0.0,0.9,0.0,-1.6307444000000001e-24,0.0,75.44235,66.43988,66.58556,66.467575,66.9363
2018-01-01 02:55:00,-5.878422399999999e-25,0.0,65.71962,357730.44,0.75,0.0,11.930012,1.1619784e-06,0.25,1.0,68.37258,0.0,0.0,0.0,-1.6043634999999998e-23,-2.4873665e-07,0.005004883,-400.25253,65.71962,55.184006,0.0,0.9,0.0,-1.0602464000000001e-24,0.0,75.44741,66.436646,66.58122,66.4646,66.93306
2018-01-01 02:56:00,-1.8005425e-24,0.0,65.71962,357730.44,0.75,0.0,11.948029,-2.3239568e-06,0.25,1.0,68.370834,0.0,0.0,0.0,-1.1345264e-23,1.5324731e-06,0.005004883,-400.25253,65.71962,55.184006,0.0,0.9,0.0,-4.1849277000000004e-26,0.0,75.452354,66.43346,66.576935,66.46164,66.929825
2018-01-01 02:57:00,-2.6681536e-24,0.0,65.71962,357730.44,0.75,0.0,11.965992,-1.1619784e-06,0.25,1.0,68.36907,0.0,0.0,0.0,-7.709361e-23,2.2650493e-06,0.005004883,-400.25253,65.71962,55.184006,0.0,0.9,0.0,-2.7452483e-26,0.0,75.4573,66.43022,66.5726,66.45867,66.926575
2018-01-01 02:58:00,1.5105899e-24,0.0,65.71962,357730.44,0.75,0.0,11.984009,-1.1619784e-06,0.25,1.0,68.36729,0.0,0.0,0.0,-1.7984082e-23,5.591832e-06,0.005004883,-400.25253,65.71962,55.184006,0.0,0.9,0.0,-2.4836723e-27,0.0,75.46208,66.42697,66.56831,66.4557,66.92334
2018-01-01 02:59:00,4.1202581999999996e-25,0.0,65.71962,357730.44,0.75,0.0,12.0020275,0.0,0.25,1.0,68.36547,0.0,0.0,0.0,-2.7330492e-24,-1.8410434e-06,0.005004883,-400.25253,65.71962,55.184006,0.0,0.9,0.0,-4.3580116000000004e-27,0.0,75.46686,66.42374,66.56398,66.45274,66.920044
2018-01-01 03:00:00,-7.989113000000001e-25,0.0,65.71962,357730.44,0.75,0.0,12.019989,0.0,0.25,1.0,68.36365,0.0,0.0,0.0,-1.5361892e-23,4.3346286e-06,0.005004883,-400.25253,65.71962,55.184006,0.0,0.9,0.0,-4.553742e-25,0.0,75.47153,66.420494,66.55963,66.44977,66.9168
2018-01-01 03:01:00,-7.169601299999999e-25,0.0,65.71962,357730.44,0.75,0.0,12.019989,-1.1619784e-06,0.25,1.0,68.3618,0.0,0.0,0.0,-2.9433000000000002e-24,3.7324207e-06,0.005004883,-400.25253,65.71962,55.184006,0.0,0.9,0.0,-2.7267167e-25,0.0,75.476135,66.41725,66.55535,66.44675,66.913506
2018-01-01 03:02:00,-1.3765106e-24,0.0,65.71962,357730.44,0.75,0.0,12.019989,1.1619784e-06,0.25,1.0,68.35994,0.0,0.0,0.0,-5.5955312000000004e-24,-1.08678634e-07,0.005004883,-400.25253,65.71962,55.184006,0.0,0.9,0.0,-8.560058999999999e-26,0.0,75.4807,66.41402,66.55101,66.443726,66.91021
2018-01-01 03:03:00,-1.6804562e-24,0.0,65.71962,357730.44,0.75,0.0,12.019989,1.1619784e-06,0.25,1.0,68.35801,0.0,0.0,0.0,-1.4534417999999998e-23,-7.8539515e-06,0.005004883,-400.25253,65.71962,55.184006,0.0,0.9,0.0,-3.965348e-27,0.0,75.48515,66.41072,66.546616,66.440704,66.90686
2018-01-01 03:04:00,2.1578296e-24,0.0,65.71962,357730.44,0.75,0.0,12.019989,1.1619784e-06,0.25,1.0,68.356094,0.0,0.0,0.0,-7.767865e-24,1.5260389e-06,0.005004883,-400.25253,65.71962,55.184006,0.0,0.9,0.0,-2.0623542e-24,0.0,75.48955,66.407425,66.54228,66.43768,66.9035
2018-01-01 03:05:00,-2.0167744e-24,0.0,65.71962,357730.44,0.75,0.0,12.019989,0.0,0.25,1.0,68.354126,0.0,0.0,0.0,-5.7082058000000005e-24,9.925689e-07,0.005004883,-400.25253,65.71962,55.184006,0.0,0.9,0.0,-2.4721828e-25,0.0,75.49388,66.40413,66.53789,66.434616,66.9001
2018-01-01 03:06:00,1.0200590999999999e-25,0.0,65.71962,357730.44,0.75,0.0,12.019989,-1.1619784e-06,0.25,1.0,68.35213,0.0,0.0,0.0,-3.656133e-24,4.373754e-06,0.005004883,-400.25253,65.71962,55.184006,0.0,0.9,0.0,-1.6126653999999999e-25,0.0,75.49817,66.40077,66.53349,66.43153,66.8967
2018-01-01 03:07:00,1.4161712e-24,0.0,65.71962,357730.44,0.75,0.0,12.019989,1.1619784e-06,0.25,1.0,68.35011,0.0,0.0,0.0,-3.3179073e-23,4.283107e-06,0.005004883,-400.25253,65.71962,55.184006,0.0,0.9,0.0,-1.2592588e-24,0.0,75.502396,66.39742,66.52904,66.42846,66.893234
2018-01-01 03:08:00,-1.4893073e-24,0.0,65.71962,357730.44,0.75,0.0,12.019989,-1.1619784e-06,0.25,1.0,68.34805,0.0,0.0,0.0,-1.3792815e-23,1.0901254e-06,0.005004883,-400.25253,65.71962,55.184006,0.0,0.9,0.0,-1.0128633e-24,0.0,75.506516,66.39407,66.52459,66.42532,66.88977
2018-01-01 03:09:00,-6.918847600000001e-26,0.0,65.71962,357730.44,0.75,0.0,12.019989,0.0,0.25,1.0,68.34596,0.0,0.0,0.0,-2.8342055e-24,-2.4055464e-06,0.005004883,-400.25253,65.71962,55.184006,0.0,0.9,0.0,-4.439031e-25,0.0,75.51058,66.39067,66.52014,66.422195,66.88626
2018-01-01 03:10:00,-7.417733e-25,0.0,65.71962,357730.44,0.75,0.0,12.019989,-2.3239568e-06,0.25,1.0,68.34386,0.0,0.0,0.0,-3.1549403e-23,4.4770145e-06,0.005004883,-400.25253,65.71962,55.184006,0.0,0.9,0.0,-7.190814199999999e-25,0.0,75.51459,66.38726,66.51564,66.41907,66.882744
2018-01-01 03:11:00,-9.173379999999999e-25,0.0,65.71962,357730.44,0.75,0.0,12.019989,-1.1619784e-06,0.25,1.0,68.34173,0.0,0.0,0.0,-8.0836136e-23,3.4100897e-06,0.005004883,-400.25253,65.71962,55.184006,0.0,0.9,0.0,-4.244507e-25,0.0,75.51855,66.38385,66.511185,66.41588,66.87917
2018-01-01 03:12:00,9.967795e-25,0.0,65.71962,357730.44,0.75,0.0,12.019989,1.1619784e-06,0.25,1.0,68.33956,0.0,0.0,0.0,-7.461373e-24,-8.848139e-06,0.005004883,-400.25253,65.71962,55.184006,0.0,0.9,0.0,-8.859891e-26,0.0,75.522446,66.38045,66.50662,66.41269,66.8756
2018-01-01 03:13:00,-8.112824e-25,0.0,65.71962,357730.44,0.75,0.0,12.019989,-2.3239568e-06,0.25,1.0,68.337364,0.0,0.0,0.0,-1.9098029e-23,-7.413988e-07,0.005004883,-400.25253,65.71962,55.184006,0.0,0.9,0.0,-3.4047790999999996e-25,0.0,75.52624,66.37698,66.50212,66.40951,66.87198
2018-01-01 03:14:00,-6.2288413e-25,0.0,65.71962,357730.44,0.75,0.0,12.019989,1.1619784e-06,0.25,1.0,68.335144,0.0,0.0,0.0,-6.9179725e-24,1.6028669e-07,0.005004883,-400.25253,65.71962,55.184006,0.0,0.9,0.0,-3.7327790000000005e-27,0.0,75.53003,66.37353,66.49756,66.406265,66.86835
2018-01-01 03:15:00,-2.9544783e-25,0.0,65.71962,357730.44,0.75,0.0,12.019989,-2.3239568e-06,0.25,1.0,68.33291,0.0,0.0,0.0,-3.0180757e-24,1.2260068e-06,0.005004883,-400.25253,65.71962,55.184006,0.0,0.9,0.0,-8.719781000000001e-25,0.0,75.53371,66.37007,66.493004,66.403076,66.86467
2018-01-01 03:16:00,4.29762e-25,0.0,65.71962,357730.44,0.75,0.0,12.019989,0.0,0.25,1.0,68.33064,0.0,0.0,0.0,-4.9097776e-24,-4.83759e-07,0.005004883,-400.25253,65.71962,55.184006,0.0,0.9,0.0,-1.6244106999999998e-25,0.0,75.537384,66.36655,66.48845,66.39984,66.86099
2018-01-01 03:17:00,-1.4812634000000001e-24,0.0,65.71962,357730.44,0.75,0.0,12.019989,-1.1619784e-06,0.25,1.0,68.32833,0.0,0.0,0.0,-7.670422e-23,-1.2381403e-07,0.005004883,-400.25253,65.71962,55.184006,0.0,0.9,0.0,-1.8559654e-25,0.0,75.540955,66.36304,66.483826,66.396545,66.857315
2018-01-01 03:18:00,-1.6106384e-24,0.0,65.71962,357730.44,0.75,0.0,12.019989,1.1619784e-06,0.25,1.0,68.326035,0.0,0.0,0.0,-3.405758e-24,-3.6129137e-07,0.005004883,-400.25253,65.71962,55.184006,0.0,0.9,0.0,-1.6105436e-25,0.0,75.544525,66.35952,66.47922,66.3933,66.85358
2018-01-01 03:19:00,3.0162167999999997e-25,0.0,65.71962,357730.44,0.75,0.0,12.019989,-2.3239568e-06,0.25,1.0,68.32367,0.0,0.0,0.0,-1.9192038000000001e-22,2.9325313e-06,0.005004883,-400.25253,65.71962,55.184006,0.0,0.9,0.0,-1.4139287000000001e-24,0.0,75.54799,66.35595,66.4746,66.39001,66.849785
2018-01-01 03:20:00,-7.7504124999999995e-25,0.0,65.71962,357730.44,0.75,0.0,12.019989,3.4859352e-06,0.25,1.0,68.32129,0.0,0.0,0.0,-3.638043e-23,2.6109885e-06,0.005004883,-400.25253,65.71962,55.184006,0.0,0.9,0.0,-1.7534495e-24,0.0,75.55139,66.35238,66.469986,66.38666,66.84599
2018-01-01 03:21:00,-2.1214785e-25,0.0,65.71962,357730.44,0.75,0.0,12.019989,1.1619784e-06,0.25,1.0,68.31889,0.0,0.0,0.0,-1.5911653e-23,5.4291413e-06,0.005004883,-400.25253,65.71962,55.184006,0.0,0.9,0.0,-6.837013e-25,0.0,75.5548,66.34881,66.46532,66.38336,66.84221
2018-01-01 03:22:00,-8.888122e-25,0.0,65.71962,357730.44,0.75,0.0,12.019989,-1.1619784e-06,0.25,1.0,68.31647,0.0,0.0,0.0,-9.46635e-24,2.1874503e-06,0.005004883,-400.25253,65.71962,55.184006,0.0,0.9,0.0,-3.528501e-25,0.0,75.5581,66.34524,66.46065,66.380005,66.83836
2018-01-01 03:23:00,8.802077999999999e-26,0.0,65.71962,357730.44,0.75,0.0,12.019989,3.4859352e-06,0.25,1.0,68.31401,0.0,0.0,0.0,-1.4250938e-23,-7.4029026e-06,0.005004883,-400.25253,65.71962,55.184006,0.0,0.9,0.0,-1.6262599e-24,0.0,75.56134,66.34161,66.455925,66.37666,66.83452
2018-01-01 03:24:00,-6.524826e-25,0.0,65.71962,357730.44,0.75,0.0,12.019989,1.1619784e-06,0.25,1.0,68.31155,0.0,0.0,0.0,-3.1261891e-24,-6.8501713e-06,0.005004883,-400.25253,65.71962,55.184006,0.0,0.9,0.0,-2.609967e-24,0.0,75.564575,66.33798,66.451256,66.37331,66.83061
2018-01-01 03:25:00,1.3040282e-25,0.0,65.71962,357730.44,0.75,0.0,12.019989,2.3239568e-06,0.25,1.0,68.309044,0.0,0.0,0.0,-3.5833215e-23,-7.023915e-06,0.005004883,-400.25253,65.71962,55.184006,0.0,0.9,0.0,-1.3754222e-24,0.0,75.56771,66.334366,66.44653,66.3699,66.82671
2018-01-01 03:26:00,7.425166000000001e-25,0.0,65.71962,357730.44,0.75,0.0,12.019989,1.1619784e-06,0.25,1.0,68.30654,0.0,0.0,0.0,-4.168073e-24,-1.0658088e-06,0.005004883,-400.25253,65.71962,55.184006,0.0,0.9,0.0,-1.8091275000000002e-26,0.0,75.57085,66.330734,66.4418,66.3665,66.822815
2018-01-01 03:27:00,1.3809018e-25,0.0,65.71962,357730.44,0.75,0.0,12.019989,0.0,0.25,1.0,68.30399,0.0,0.0,0.0,-1.8782696e-23,-6.991716e-06,0.005004883,-400.25253,65.71962,55.184006,0.0,0.9,0.0,-5.0846745e-25,0.0,75.57391,66.32706,66.43703,66.36309,66.81886
2018-01-01 03:28:00,-6.763267399999999e-25,0.0,65.71962,357730.44,0.75,0.0,12.019989,1.1619784e-06,0.25,1.0,68.30142,0.0,0.0,0.0,-1.3922052e-23,8.5853706e-08,0.005004883,-400.25253,65.71962,55.184006,0.0,0.9,0.0,-3.713898e-26,0.0,75.576935,66.32338,66.432304,66.359634,66.81485
2018-01-01 03:29:00,-1.1199392e-24,0.0,65.71962,357730.44,0.75,0.0,12.019989,-1.1619784e-06,0.25,1.0,68.29881,0.0,0.0,0.0,-9.230593299999999e-23,2.610472e-06,0.005004883,-400.25253,65.71962,55.184006,0.0,0.9,0.0,-1.848668e-24,0.0,75.57985,66.31964,66.42752,66.356224,66.81084
2018-01-01 03:30:00,-5.786568000000001e-25,0.0,65.71962,357730.44,0.75,0.0,12.019989,1.1619784e-06,0.25,1.0,68.29622,0.0,0.0,0.0,-3.573751e-23,1.7754602e-06,0.005004883,-400.25253,65.71962,55.184006,0.0,0.9,0.0,-2.9357784e-24,0.0,75.58282,66.31596,66.42269,66.35277,66.80682
2018-01-01 03:31:00,-7.511082399999999e-25,0.0,65.71962,357730.44,0.75,0.0,12.019989,-1.1619784e-06,0.25,1.0,68.293564,0.0,0.0,0.0,-7.4445176e-23,5.3502736e-06,0.005004883,-400.25253,65.71962,55.184006,0.0,0.9,0.0,-2.659273e-26,0.0,75.58568,66.312225,66.41791,66.34924,66.802765
2018-01-01 03:32:00,-2.6983886999999998e-25,0.0,65.71962,357730.44,0.75,0.0,12.019989,-1.1619784e-06,0.25,1.0,68.29091,0.0,0.0,0.0,-6.343585499999999e-25,-8.361733e-06,0.005004883,-400.25253,65.71962,55.184006,0.0,0.9,0.0,-3.5669383e-24,0.0,75.58847,66.30849,66.41308,66.34579,66.7987
2018-01-01 03:33:00,-5.9532966e-26,0.0,65.71962,357730.44,0.75,0.0,12.019989,-1.1619784e-06,0.25,1.0,68.28822,0.0,0.0,0.0,-1.2350684999999999e-25,-2.6999217e-06,0.005004883,-400.25253,65.71962,55.184006,0.0,0.9,0.0,-2.2192221e-24,0.0,75.59128,66.3047,66.40825,66.34227,66.79463
2018-01-01 03:34:00,1.264322e-25,0.0,65.71962,357730.44,0.75,0.0,12.019989,-2.3239568e-06,0.25,1.0,68.28551,0.0,0.0,0.0,-2.2479814000000002e-24,4.5813417e-06,0.005004883,-400.25253,65.71962,55.184006,0.0,0.9,0.0,-1.9377143000000002e-24,0.0,75.59396,66.3009,66.40341,66.33876,66.79051
2018-01-01 03:35:00,4.914752e-25,0.0,65.71962,357730.44,0.75,0.0,12.019989,1.1619784e-06,0.25,1.0,68.282776,0.0,0.0,0.0,-9.185336e-24,-5.742765e-06,0.005004883,-400.25253,65.71962,55.184006,0.0,0.9,0.0,-1.991983e-24,0.0,75.596664,66.29712,66.39852,66.335236,66.78634
2018-01-01 03:36:00,6.054776e-25,0.0,65.71962,357730.44,0.75,0.0,12.019989,0.0,0.25,1.0,68.28003,0.0,0.0,0.0,-1.7899257e-23,-4.9950577e-06,0.005004883,-400.25253,65.71962,55.184006,0.0,0.9,0.0,-1.7428888e-24,0.0,75.5993,66.29333,66.39363,66.331665,66.78222
2018-01-01 03:37:00,4.413613e-25,0.0,65.71962,357730.44,0.75,0.0,12.019989,-1.1619784e-06,0.25,1.0,68.27726,0.0,0.0,0.0,-5.0623666e-24,-2.5282998e-07,0.005004883,-400.25253,65.71962,55.184006,0.0,0.9,0.0,-6.680110999999999e-26,0.0,75.60193,66.289536,66.38875,66.328094,66.777985
2018-01-01 03:38:00,-6.1810343e-25,0.0,65.71962,357730.44,0.75,0.0,12.019989,1.1619784e-06,0.25,1.0,68.27446,0.0,0.0,0.0,-1.5064834e-23,-2.456179e-06,0.005004883,-400.25253,65.71962,55.184006,0.0,0.9,0.0,-2.8663348e-24,0.0,75.60446,66.28569,66.38385,66.324524,66.77382
2018-01-01 03:39:00,2.4637118e-26,0.0,65.71962,357730.44,0.75,0.0,12.019989,-1.1619784e-06,0.25,1.0,68.27165,0.0,0.0,0.0,-1.2458250000000001e-23,-1.3513541e-06,0.005004883,-400.25253,65.71962,55.184006,0.0,0.9,0.0,-1.7810943e-29,0.0,75.60699,66.281845,66.37891,66.32095,66.769585
2018-01-01 03:40:00,4.7197414999999995e-25,0.0,65.71962,357730.44,0.75,0.0,12.019989,1.1619784e-06,0.25,1.0,68.26883,0.0,0.0,0.0,-1.4021311999999998e-23,2.124337e-07,0.005004883,-400.25253,65.71962,55.184006,0.0,0.9,0.0,-1.7506267e-26,0.0,75.60946,66.278,66.37402,66.31734,66.76535
2018-01-01 03:41:00,1.2558812e-25,0.0,65.71962,357730.44,0.75,0.0,12.019989,1.1619784e-06,0.25,1.0,68.265976,0.0,0.0,0.0,-4.6669974e-24,-8.4487795e-07,0.005004883,-400.25253,65.71962,55.184006,0.0,0.9,0.0,-2.350205e-25,0.0,75.61193,66.2741,66.36908,66.313705,66.76107
2018-01-01 03:42:00,2.0709267999999997e-25,0.0,65.71962,357730.44,0.75,0.0,12.019989,0.0,0.25,1.0,68.263084,0.0,0.0,0.0,-7.5862055e-24,-1.0524202e-06,0.005004883,-400.25253,65.71962,55.184006,0.0,0.9,0.0,-1.8525826000000002e-24,0.0,75.61429,66.2702,66.364075,66.31008,66.75679
2018-01-01 03:43:00,-1.6292236e-25,0.0,65.71962,357730.44,0.75,0.0,12.019989,-2.3239568e-06,0.25,1.0,68.26019,0.0,0.0,0.0,-1.1744781000000002e-22,-4.168373e-06,0.005004883,-400.25253,65.71962,55.184006,0.0,0.9,0.0,-1.8860789999999998e-24,0.0,75.61665,66.2663,66.35913,66.30646,66.75244
2018-01-01 03:44:00,1.5542559e-25,0.0,65.71962,357730.44,0.75,0.0,12.019989,-1.1619784e-06,0.25,1.0,68.25728,0.0,0.0,0.0,-7.383197e-25,3.1564002e-06,0.005004883,-400.25253,65.71962,55.184006,0.0,0.9,0.0,-6.446404e-26,0.0,75.61896,66.262405,66.35414,66.30278,66.74811
2018-01-01 03:45:00,-2.2583848e-25,0.0,65.71962,357730.44,0.75,0.0,12.019989,1.1619784e-06,0.25,1.0,68.25436,0.0,0.0,0.0,-1.9090084999999998e-23,-2.2082572e-06,0.005004883,-400.25253,65.71962,55.184006,0.0,0.9,0.0,-3.8283057e-24,0.0,75.62127,66.258446,66.34914,66.29915,66.74377
2018-01-01 03:46:00,-2.247055e-25,0.0,65.71962,357730.44,0.75,0.0,12.019989,1.1619784e-06,0.25,1.0,68.2514,0.0,0.0,0.0,-1.0133229e-23,1.7382947e-06,0.005004883,-400.25253,65.71962,55.184006,0.0,0.9,0.0,-1.8323866e-24,0.0,75.62347,66.25455,66.34414,66.29547,66.73937
2018-01-01 03:47:00,-9.572465e-26,0.0,65.71962,357730.44,0.75,0.0,12.019989,-1.1619784e-06,0.25,1.0,68.24843,0.0,0.0,0.0,-1.6539791e-23,1.5395274e-06,0.005004883,-400.25253,65.71962,55.184006,0.0,0.9,0.0,-6.828462e-26,0.0,75.62566,66.250595,66.33914,66.29173,66.73498
2018-01-01 03:48:00,1.3736039e-25,0.0,65.71962,357730.44,0.75,0.0,12.019989,3.4859352e-06,0.25,1.0,68.24544,0.0,0.0,0.0,-1.2115697999999999e-23,-2.9104779e-06,0.005004883,-400.25253,65.71962,55.184006,0.0,0.9,0.0,-3.6602038e-24,0.0,75.62786,66.24658,66.33409,66.288055,66.73058
2018-01-01 03:49:00,-1.7404134e-25,0.0,65.71962,357730.44,0.75,0.0,12.019989,1.1619784e-06,0.25,1.0,68.24242,0.0,0.0,0.0,-9.520048999999999e-24,-6.540946e-07,0.005004883,-400.25253,65.71962,55.184006,0.0,0.9,0.0,-3.0792309999999996e-26,0.0,75.630005,66.24263,66.32903,66.28432,66.726135
2018-01-01 03:50:00,-2.7791256999999997e-25,0.0,65.71962,357730.44,0.75,0.0,12.019989,1.1619784e-06,0.25,1.0,68.239395,0.0,0.0,0.0,-1.2612124e-23,4.842171e-06,0.005004883,-400.25253,65.71962,55.184006,0.0,0.9,0.0,-3.2156952e-24,0.0,75.632095,66.23862,66.323975,66.28058,66.72168
2018-01-01 03:51:00,4.602493e-26,0.0,65.71962,357730.44,0.75,0.0,12.019989,-1.1619784e-06,0.25,1.0,68.23634,0.0,0.0,0.0,-1.0213159000000001e-22,4.071844e-06,0.005004883,-400.25253,65.71962,55.184006,0.0,0.9,0.0,-4.906893000000001e-25,0.0,75.634125,66.234604,66.318924,66.27685,66.71718
2018-01-01 03:52:00,7.384167600000001e-26,0.0,65.71962,357730.44,0.75,0.0,12.019989,0.0,0.25,1.0,68.23327,0.0,0.0,0.0,-5.72804e-23,-2.0736516e-06,0.005004883,-400.25253,65.71962,55.184006,0.0,0.9,0.0,-7.3862e-26,0.0,75.636154,66.23059,66.31381,66.273056,66.71273
2018-01-01 03:53:00,1.4118249e-25,0.0,65.71962,357730.44,0.75,0.0,12.019989,-2.3239568e-06,0.25,1.0,68.23018,0.0,0.0,0.0,-2.3043055999999998e-23,-7.3963406e-07,0.005004883,-400.25253,65.71962,55.184006,0.0,0.9,0.0,-4.7448504e-25,0.0,75.63814,66.22653,66.30876,66.26927,66.708176
2018-01-01 03:54:00,-7.756433e-25,0.0,65.71962,357730.44,0.75,0.0,12.019989,0.0,0.25,1.0,68.22709,0.0,0.0,0.0,-9.275635e-24,-5.0411395e-06,0.005004883,-400.25253,65.71962,55.184006,0.0,0.9,0.0,-3.0849968e-26,0.0,75.64011,66.222466,66.30365,66.26553,66.70367
2018-01-01 03:55:00,2.5307155999999996e-25,0.0,65.71962,357730.44,0.75,0.0,12.019989,1.1619784e-06,0.25,1.0,68.22394,0.0,0.0,0.0,-1.6644844e-23,1.3575135e-06,0.005004883,-400.25253,65.71962,55.184006,0.0,0.9,0.0,-1.0779799999999999e-25,0.0,75.64203,66.2184,66.29849,66.26169,66.69911
2018-01-01 03:56:00,-2.3731608e-26,0.0,65.71962,357730.44,0.75,0.0,12.019989,-1.1619784e-06,0.25,1.0,68.22081,0.0,0.0,0.0,-5.450343e-24,-7.889166e-09,0.005004883,-400.25253,65.71962,55.184006,0.0,0.9,0.0,-1.4113967e-25,0.0,75.643906,66.21434,66.29338,66.2579,66.69455
2018-01-01 03:57:00,3.3070568000000005e-26,0.0,65.71962,357730.44,0.75,0.0,12.019989,2.3239568e-06,0.25,1.0,68.21765,0.0,0.0,0.0,-2.7310582e-23,7.7628647e-07,0.005004883,-400.25253,65.71962,55.184006,0.0,0.9,0.0,-8.021285e-25,0.0,75.64577,66.210266,66.28822,66.25405,66.68993
2018-01-01 03:58:00,1.8001137e-25,0.0,65.71962,357730.44,0.75,0.0,12.019989,1.1619784e-06,0.25,1.0,68.21448,0.0,0.0,0.0,-8.232347e-24,2.4277556e-06,0.005004883,-400.25253,65.71962,55.184006,0.0,0.9,0.0,-2.6229405999999998e-25,0.0,75.64758,66.20615,66.28311,66.25026,66.68532
2018-01-01 03:59:00,-6.800561e-26,0.0,65.71962,357730.44,0.75,0.0,12.019989,-1.1619784e-06,0.25,1.0,68.21129,0.0,0.0,0.0,-5.0292959999999996e-24,-7.391846e-06,0.005004883,-400.25253,65.71962,55.184006,0.0,0.9,0.0,-2.0467444000000002e-24,0.0,75.6494,66.20203,66.27795,66.24636,66.68071
2018-01-01 04:00:00,-2.9601315e-25,0.0,65.71962,357730.44,0.75,0.0,12.019989,-2.3239568e-06,0.25,1.0,68.20807,0.0,0.0,0.0,-3.6980452999999998e-25,-6.2539843e-06,0.005004883,-400.25253,65.71962,55.184006,0.0,0.9,0.0,-7.943114400000001e-26,0.0,75.65115,66.19791,66.27273,66.242516,66.67604
2018-01-01 04:01:00,-8.607181e-24,0.0,65.71962,357730.44,0.75,0.0,12.0349865,1.1619784e-06,0.25,1.0,68.20486,0.0,0.0,0.0,-6.703441e-24,-8.740724e-06,0.005004883,-400.25253,65.71962,55.184006,0.0,0.9,0.0,-1.0807063e-28,0.0,75.65291,66.19379,66.26756,66.23867,66.67137
2018-01-01 04:02:00,-5.7235916e-25,0.0,65.71962,357730.44,0.75,0.0,12.050037,-1.1619784e-06,0.25,1.0,68.20162,0.0,0.0,0.0,-2.07009e-23,-6.196845e-06,0.005004883,-400.25253,65.71962,55.184006,0.0,0.9,0.0,-2.437172e-24,0.0,75.65462,66.18962,66.262405,66.23477,66.6667
2018-01-01 04:03:00,8.515044e-25,0.0,65.71962,357730.44,0.75,0.0,12.065033,1.1619784e-06,0.25,1.0,68.19838,0.0,0.0,0.0,-2.5230168e-24,3.1153404e-06,0.005004883,-400.25253,65.71962,55.184006,0.0,0.9,0.0,-5.406964000000001e-25,0.0,75.656265,66.1855,66.25719,66.230865,66.66203
2018-01-01 04:04:00,-1.0040474e-25,0.0,65.71962,357730.44,0.75,0.0,12.08003,1.1619784e-06,0.25,1.0,68.195114,0.0,0.0,0.0,-3.4906550000000004e-23,1.2910878e-06,0.005004883,-400.25253,65.71962,55.184006,0.0,0.9,0.0,-2.5969067e-26,0.0,75.65791,66.18132,66.252014,66.22702,66.6573
2018-01-01 04:05:00,5.294773e-25,0.0,65.71962,357730.44,0.75,0.0,12.095026,0.0,0.25,1.0,68.19186,0.0,0.0,0.0,-3.1934740000000005e-23,-3.138564e-07,0.005004883,-400.25253,65.71962,55.184006,0.0,0.9,0.0,-6.54767e-26,0.0,75.65956,66.17715,66.246796,66.22313,66.65263
2018-01-01 04:06:00,3.3282505e-25,0.0,65.71962,357730.44,0.75,0.0,12.110022,-1.1619784e-06,0.25,1.0,68.18859,0.0,0.0,0.0,-4.5092978000000005e-24,2.6966102e-06,0.005004883,-400.25253,65.71962,55.184006,0.0,0.9,0.0,-2.6897092e-24,0.0,75.66115,66.17303,66.24164,66.21922,66.64791
2018-01-01 04:07:00,6.7778944e-25,0.0,65.71962,357730.44,0.75,0.0,12.125019,-1.1619784e-06,0.25,1.0,68.18531,0.0,0.0,0.0,-2.5153715e-24,2.4655894e-06,0.005004883,-400.25253,65.71962,55.184006,0.0,0.9,0.0,-2.1456905e-27,0.0,75.66269,66.16885,66.23642,66.215324,66.64324
2018-01-01 04:08:00,2.9779923e-25,0.0,65.71962,357730.44,0.75,0.0,12.140015,-2.3239568e-06,0.25,1.0,68.18201,0.0,0.0,0.0,-8.32467e-23,3.8063467e-06,0.005004883,-400.25253,65.71962,55.184006,0.0,0.9,0.0,-6.368654499999999e-25,0.0,75.66423,66.16467,66.231255,66.211365,66.63852
2018-01-01 04:09:00,-6.480639e-25,0.0,65.71962,357730.44,0.75,0.0,12.155012,-1.1619784e-06,0.25,1.0,68.17871,0.0,0.0,0.0,-2.21858e-26,-1.5679586e-06,0.005004883,-400.25253,65.71962,55.184006,0.0,0.9,0.0,-3.621035e-26,0.0,75.665764,66.16051,66.226036,66.20747,66.63379
2018-01-01 04:10:00,-1.985644e-25,0.0,65.71962,357730.44,0.75,0.0,12.170008,1.1619784e-06,0.25,1.0,68.175415,0.0,0.0,0.0,-1.5061253e-23,-4.5525962e-06,0.005004883,-400.25253,65.71962,55.184006,0.0,0.9,0.0,-1.8076399e-24,0.0,75.66725,66.15633,66.22087,66.20357,66.629074
2018-01-01 04:11:00,8.325162e-25,0.0,65.71962,357730.44,0.75,0.0,12.185003,3.4859352e-06,0.25,1.0,68.17208,0.0,0.0,0.0,-5.405179000000001e-23,-4.952534e-06,0.005004883,-400.25253,65.71962,55.184006,0.0,0.9,0.0,-2.5376844e-25,0.0,75.66867,66.15215,66.21565,66.199615,66.624344
2018-01-01 04:12:00,-4.2680195e-25,0.0,65.71962,357730.44,0.75,0.0,12.200001,-3.4859352e-06,0.25,1.0,68.16878,0.0,0.0,0.0,-7.826248000000001e-23,-7.92912e-06,0.005004883,-400.25253,65.71962,55.184006,0.0,0.9,0.0,-1.4795589e-25,0.0,75.670105,66.14792,66.210495,66.19571,66.61962
2018-01-01 04:13:00,-2.0405727999999998e-25,0.0,65.71962,357730.44,0.75,0.0,12.214996,-1.1619784e-06,0.25,1.0,68.16544,0.0,0.0,0.0,-4.9346882000000004e-24,-3.90972e-06,0.005004883,-400.25253,65.71962,55.184006,0.0,0.9,0.0,-1.7703898e-24,0.0,75.67153,66.14375,66.20528,66.19176,66.6149
2018-01-01 04:14:00,-1.8232639e-25,0.0,65.71962,357730.44,0.75,0.0,12.229994,-2.3239568e-06,0.25,1.0,68.162094,0.0,0.0,0.0,-3.6248477e-25,3.34553e-06,0.005004883,-400.25253,65.71962,55.184006,0.0,0.9,0.0,-1.5774962e-24,0.0,75.672905,66.13957,66.20006,66.18786,66.61012
2018-01-01 04:15:00,8.427376400000001e-26,0.0,65.71962,357730.44,0.75,0.0,12.244989,0.0,0.25,1.0,68.158775,0.0,0.0,0.0,-5.7621753e-24,-4.6666787e-06,0.005004883,-400.25253,65.71962,55.184006,0.0,0.9,0.0,-1.6954694e-24,0.0,75.67428,66.1354,66.194885,66.1839,66.60539
2018-01-01 04:16:00,2.7578384999999998e-25,0.0,65.71962,357730.44,0.75,0.0,12.259985,1.1619784e-06,0.25,1.0,68.1554,0.0,0.0,0.0,-1.2369729500000001e-23,3.1209393e-06,0.005004883,-400.25253,65.71962,55.184006,0.0,0.9,0.0,-1.8726002e-26,0.0,75.6756,66.131165,66.18967,66.17995,66.60062
2018-01-01 04:17:00,-5.0018885e-27,0.0,65.71962,357730.44,0.75,0.0,12.275038,-1.1619784e-06,0.25,1.0,68.15206,0.0,0.0,0.0,-1.0012146999999999e-23,4.717323e-06,0.005004883,-400.25253,65.71962,55.184006,0.0,0.9,0.0,-9.181224e-25,0.0,75.67691,66.127,66.18451,66.175995,66.59589
2018-01-01 04:18:00,5.5232303e-25,0.0,65.71962,357730.44,0.75,0.0,12.290033,1.1619784e-06,0.25,1.0,68.14868,0.0,0.0,0.0,-1.8114624e-23,-4.761242e-06,0.005004883,-400.25253,65.71962,55.184006,0.0,0.9,0.0,-1.9133898000000002e-24,0.0,75.67818,66.122765,66.17929,66.17204,66.59111
2018-01-01 04:19:00,-3.067773e-25,0.0,65.71962,357730.44,0.75,0.0,12.305029,0.0,0.25,1.0,68.14531,0.0,0.0,0.0,-5.1580443e-24,2.3303517e-06,0.005004883,-400.25253,65.71962,55.184006,0.0,0.9,0.0,-4.2185319999999996e-24,0.0,75.67944,66.11853,66.174126,66.16808,66.586334
2018-01-01 04:20:00,1.5352224e-26,0.0,65.71962,357730.44,0.75,0.0,12.320026,-2.3239568e-06,0.25,1.0,68.14193,0.0,0.0,0.0,-9.416584000000001e-23,-7.031084e-06,0.005004883,-400.25253,65.71962,55.184006,0.0,0.9,0.0,-2.5585274e-27,0.0,75.68065,66.114365,66.16891,66.16412,66.581604
2018-01-01 04:21:00,5.9538587e-25,0.0,65.71962,357730.44,0.75,0.0,12.335022,1.1619784e-06,0.25,1.0,68.138565,0.0,0.0,0.0,-1.3676458e-24,-1.0886016e-06,0.005004883,-400.25253,65.71962,55.184006,0.0,0.9,0.0,-2.5874322000000003e-24,0.0,75.681915,66.11013,66.16374,66.16017,66.57683
2018-01-01 04:22:00,1.8015698e-25,0.0,65.71962,357730.44,0.75,0.0,12.350019,1.1619784e-06,0.25,1.0,68.13514,0.0,0.0,0.0,-3.6736045e-24,-2.5514262e-07,0.005004883,-400.25253,65.71962,55.184006,0.0,0.9,0.0,-1.1066157999999999e-25,0.0,75.68307,66.105896,66.15852,66.15616,66.57205
2018-01-01 04:23:00,-2.815482e-25,0.0,65.71962,357730.44,0.75,0.0,12.365015,-2.3239568e-06,0.25,1.0,68.13176,0.0,0.0,0.0,-2.6749208e-24,1.9074879e-08,0.005004883,-400.25253,65.71962,55.184006,0.0,0.9,0.0,-1.3662215e-25,0.0,75.68428,66.10167,66.153366,66.15221,66.567276
2018-01-01 04:24:00,-5.9230490000000005e-25,0.0,65.71962,357730.44,0.75,0.0,12.380011,-2.3239568e-06,0.25,1.0,68.12837,0.0,0.0,0.0,-1.3578230000000002e-23,-3.29983e-07,0.005004883,-400.25253,65.71962,55.184006,0.0,0.9,0.0,-1.7791420000000003e-27,0.0,75.685425,66.097496,66.14815,66.148254,66.56249
2018-01-01 04:25:00,2.0919852e-25,0.0,65.71962,357730.44,0.75,0.0,12.395008,-1.1619784e-06,0.25,1.0,68.12494,0.0,0.0,0.0,-1.5567367e-23,1.6143013e-06,0.005004883,-400.25253,65.71962,55.184006,0.0,0.9,0.0,-4.0261887999999997e-25,0.0,75.68652,66.09326,66.142975,66.14424,66.55766
2018-01-01 04:26:00,1.9023656999999998e-25,0.0,65.71962,357730.44,0.75,0.0,12.410004,-1.1619784e-06,0.25,1.0,68.12151,0.0,0.0,0.0,-6.5235000000000005e-24,-8.468421e-06,0.005004883,-400.25253,65.71962,55.184006,0.0,0.9,0.0,-2.270593e-24,0.0,75.68762,66.089035,66.13776,66.14029,66.55288
2018-01-01 04:27:00,-2.4213388e-25,0.0,65.71962,357730.44,0.75,0.0,12.425001,0.0,0.25,1.0,68.1181,0.0,0.0,0.0,-2.917578e-24,4.676455e-06,0.005004883,-400.25253,65.71962,55.184006,0.0,0.9,0.0,-7.44865e-24,0.0,75.68872,66.08481,66.1326,66.13628,66.548096
2018-01-01 04:28:00,1.4495272e-25,0.0,65.71962,357730.44,0.75,0.0,12.439997,-1.1619784e-06,0.25,1.0,68.114685,0.0,0.0,0.0,-1.460201e-23,-5.9251024e-06,0.005004883,-400.25253,65.71962,55.184006,0.0,0.9,0.0,-1.3581495e-24,0.0,75.68982,66.08058,66.12743,66.13226,66.54332
2018-01-01 04:29:00,-6.3884595e-27,0.0,65.71962,357730.44,0.75,0.0,12.454992,1.1619784e-06,0.25,1.0,68.11125,0.0,0.0,0.0,-1.0306839e-23,7.393735e-09,0.005004883,-400.25253,65.71962,55.184006,0.0,0.9,0.0,-4.6256719999999996e-26,0.0,75.69087,66.07635,66.122215,66.12831,66.53848
2018-01-01 04:30:00,-2.2387913999999997e-25,0.0,65.71962,357730.44,0.75,0.0,12.46999,1.1619784e-06,0.25,1.0,68.10779,0.0,0.0,0.0,-8.261690600000001e-24,5.220695e-06,0.005004883,-400.25253,65.71962,55.184006,0.0,0.9,0.0,-3.2438014999999997e-25,0.0,75.69186,66.07207,66.11705,66.1243,66.53371
2018-01-01 04:31:00,3.8582826999999998e-25,0.0,65.71962,357730.44,0.75,0.0,12.484985,1.1619784e-06,0.25,1.0,68.104355,0.0,0.0,0.0,-3.7705052e-23,-8.555008e-08,0.005004883,-400.25253,65.71962,55.184006,0.0,0.9,0.0,-2.6497443e-28,0.0,75.6929,66.06783,66.11189,66.12029,66.52887
2018-01-01 04:32:00,-1.6679999e-25,0.0,65.71962,357730.44,0.75,0.0,12.500036,-2.3239568e-06,0.25,1.0,68.100914,0.0,0.0,0.0,-1.0667180999999999e-23,-1.7909954e-06,0.005004883,-400.25253,65.71962,55.184006,0.0,0.9,0.0,-1.4025766e-25,0.0,75.69389,66.0636,66.106674,66.11629,66.52409
2018-01-01 04:33:00,-1.6237723e-25,0.0,65.71962,357730.44,0.75,0.0,12.515034,0.0,0.25,1.0,68.09746,0.0,0.0,0.0,-1.6000287e-23,-4.026154e-06,0.005004883,-400.25253,65.71962,55.184006,0.0,0.9,0.0,-9.152249000000001e-25,0.0,75.69488,66.05937,66.1015,66.112274,66.51926
2018-01-01 04:34:00,2.5074453999999997e-25,0.0,65.71962,357730.44,0.75,0.0,12.530029,1.1619784e-06,0.25,1.0,68.09399,0.0,0.0,0.0,-5.1231416e-24,-1.8144029e-06,0.005004883,-400.25253,65.71962,55.184006,0.0,0.9,0.0,-1.1162174e-24,0.0,75.695816,66.055084,66.096344,66.10826,66.51443
2018-01-01 04:35:00,-1.5966669e-24,0.0,65.71962,357730.44,0.75,0.0,12.545027,0.0,0.25,1.0,68.09053,0.0,0.0,0.0,-7.977189e-24,-1.5479095e-06,0.005004883,-400.25253,65.71962,55.184006,0.0,0.9,0.0,-3.25967e-27,0.0,75.69675,66.05086,66.091125,66.10425,66.50964
2018-01-01 04:36:00,-2.2607128000000002e-24,0.0,65.71962,357730.44,0.75,0.0,12.560022,1.1619784e-06,0.25,1.0,68.08707,0.0,0.0,0.0,-2.0094030000000003e-23,-3.1721202e-06,0.005004883,-400.25253,65.71962,55.184006,0.0,0.9,0.0,-9.033791e-25,0.0,75.69768,66.04663,66.08596,66.10024,66.504814
2018-01-01 04:37:00,-3.4199725999999996e-25,0.0,65.71962,357730.44,0.75,0.0,12.575018,1.1619784e-06,0.25,1.0,68.08358,0.0,0.0,0.0,-1.0584738e-23,-6.1298306e-06,0.005004883,-400.25253,65.71962,55.184006,0.0,0.9,0.0,-2.4407195e-24,0.0,75.69856,66.04234,66.080795,66.09624,66.499985
2018-01-01 04:38:00,1.7747956e-24,0.0,65.71962,357730.44,0.75,0.0,12.590015,-1.1619784e-06,0.25,1.0,68.08011,0.0,0.0,0.0,-4.9307763000000004e-24,7.192556e-08,0.005004883,-400.25253,65.71962,55.184006,0.0,0.9,0.0,-5.761244999999999e-26,0.0,75.69943,66.03812,66.07564,66.092224,66.49515
2018-01-01 04:39:00,4.9737116e-26,0.0,65.71962,357730.44,0.75,0.0,12.605011,1.1619784e-06,0.25,1.0,68.07662,0.0,0.0,0.0,-5.3256276e-24,1.3924754e-06,0.005004883,-400.25253,65.71962,55.184006,0.0,0.9,0.0,-3.291937e-25,0.0,75.70032,66.03383,66.070465,66.08821,66.49031
2018-01-01 04:40:00,1.3004003e-25,0.0,65.71962,357730.44,0.75,0.0,12.620008,1.1619784e-06,0.25,1.0,68.073135,0.0,0.0,0.0,-1.1021501e-23,-2.5870702e-06,0.005004883,-400.25253,65.71962,55.184006,0.0,0.9,0.0,-9.1140305e-26,0.0,75.70114,66.0296,66.06531,66.08415,66.48547
2018-01-01 04:41:00,-3.9160141999999996e-25,0.0,65.71962,357730.44,0.75,0.0,12.635004,1.1619784e-06,0.25,1.0,68.06966,0.0,0.0,0.0,-1.1662348e-23,2.78601e-06,0.005004883,-400.25253,65.71962,55.184006,0.0,0.9,0.0,-1.2120952e-24,0.0,75.70202,66.025314,66.06014,66.08014,66.480644
2018-01-01 04:42:00,-2.227755e-25,0.0,65.71962,357730.44,0.75,0.0,12.65,0.0,0.25,1.0,68.06616,0.0,0.0,0.0,-1.30654e-23,2.1089322e-06,0.005004883,-400.25253,65.71962,55.184006,0.0,0.9,0.0,-4.580908e-25,0.0,75.70279,66.02109,66.05498,66.076126,66.475815
2018-01-01 04:43:00,-3.5451298e-25,0.0,65.71962,357730.44,0.75,0.0,12.664997,-1.1619784e-06,0.25,1.0,68.06265,0.0,0.0,0.0,-3.5225183e-24,8.178893e-06,0.005004883,-400.25253,65.71962,55.184006,0.0,0.9,0.0,-1.0315365e-24,0.0,75.70361,66.0168,66.04982,66.07207,66.47098
2018-01-01 04:44:00,-3.2421799e-25,0.0,65.71962,357730.44,0.75,0.0,12.679993,-1.1619784e-06,0.25,1.0,68.05916,0.0,0.0,0.0,-1.4253831e-23,-7.2471435e-06,0.005004883,-400.25253,65.71962,55.184006,0.0,0.9,0.0,-1.80536e-24,0.0,75.70438,66.01257,66.04465,66.068054,66.46614
2018-01-01 04:45:00,-2.7650506999999997e-25,0.0,65.71962,357730.44,0.75,0.0,12.69499,1.1619784e-06,0.25,1.0,68.05565,0.0,0.0,0.0,-9.910254e-24,5.462782e-06,0.005004883,-400.25253,65.71962,55.184006,0.0,0.9,0.0,-1.8107574e-24,0.0,75.705154,66.008286,66.03949,66.06399,66.4613
2018-01-01 04:46:00,-3.2567404999999996e-25,0.0,65.71962,357730.44,0.75,0.0,12.709986,0.0,0.25,1.0,68.05214,0.0,0.0,0.0,-3.692169e-24,4.7616777e-06,0.005004883,-400.25253,65.71962,55.184006,0.0,0.9,0.0,-1.1895243e-24,0.0,75.70592,66.004,66.034325,66.05998,66.456474
2018-01-01 04:47:00,-7.241237e-25,0.0,65.71962,357730.44,0.75,0.0,12.725037,3.4859352e-06,0.25,1.0,68.04862,0.0,0.0,0.0,-1.7216135e-23,-1.1536837e-06,0.005004883,-400.25253,65.71962,55.184006,0.0,0.9,0.0,-4.8302313e-25,0.0,75.70669,65.99977,66.02916,66.05591,66.451584
2018-01-01 04:48:00,1.5159237e-25,0.0,65.71962,357730.44,0.75,0.0,12.740034,-1.1619784e-06,0.25,1.0,68.0451,0.0,0.0,0.0,-1.4325912e-24,-1.6692026e-06,0.005004883,-400.25253,65.71962,55.184006,0.0,0.9,0.0,-7.817297499999999e-25,0.0,75.7074,65.99548,66.024,66.05185,66.44675
2018-01-01 04:49:00,-7.666195599999999e-25,0.0,65.71962,357730.44,0.75,0.0,12.75503,1.1619784e-06,0.25,1.0,68.04158,0.0,0.0,0.0,-1.0472970999999999e-23,3.3422084e-06,0.005004883,-400.25253,65.71962,55.184006,0.0,0.9,0.0,-1.5149821e-24,0.0,75.708115,65.9912,66.01883,66.04784,66.44192
2018-01-01 04:50:00,-9.994608e-25,0.0,65.71962,357730.44,0.75,0.0,12.770025,-1.1619784e-06,0.25,1.0,68.03804,0.0,0.0,0.0,-1.4182666999999998e-23,1.3872683e-06,0.005004883,-400.25253,65.71962,55.184006,0.0,0.9,0.0,-2.515898e-24,0.0,75.70877,65.98692,66.013725,66.04378,66.43703
2018-01-01 04:51:00,-5.996232e-25,0.0,65.71962,357730.44,0.75,0.0,12.785023,1.1619784e-06,0.25,1.0,68.034515,0.0,0.0,0.0,-1.4840966e-23,-8.5168385e-06,0.005004883,-400.25253,65.71962,55.184006,0.0,0.9,0.0,-2.1046239e-24,0.0,75.70949,65.982635,66.00856,66.0397,66.43219
2018-01-01 04:52:00,-4.3405346e-25,0.0,65.71962,357730.44,0.75,0.0,12.800018,1.1619784e-06,0.25,1.0,68.03099,0.0,0.0,0.0,-4.1780125e-23,1.7282857e-06,0.005004883,-400.25253,65.71962,55.184006,0.0,0.9,0.0,-2.9154142e-26,0.0,75.710144,65.97841,66.0034,66.035645,66.42736
2018-01-01 04:53:00,8.245099600000001e-26,0.0,65.71962,357730.44,0.75,0.0,12.815016,-1.1619784e-06,0.25,1.0,68.027466,0.0,0.0,0.0,-8.299732e-24,-2.7970084e-06,0.005004883,-400.25253,65.71962,55.184006,0.0,0.9,0.0,-4.8330793e-28,0.0,75.71081,65.97412,65.99829,66.03163,66.42247
2018-01-01 04:54:00,-7.5827923e-25,0.0,65.71962,357730.44,0.75,0.0,12.830011,-1.1619784e-06,0.25,1.0,68.02392,0.0,0.0,0.0,-1.5277687999999998e-23,5.0053086e-07,0.005004883,-400.25253,65.71962,55.184006,0.0,0.9,0.0,-4.2818536e-28,0.0,75.71141,65.96983,65.993126,66.02757,66.41763
2018-01-01 04:55:00,1.6429845e-25,0.0,65.71962,357730.44,0.75,0.0,12.845007,-3.4859352e-06,0.25,1.0,68.02038,0.0,0.0,0.0,-7.7158144e-23,1.014009e-06,0.005004883,-400.25253,65.71962,55.184006,0.0,0.9,0.0,-2.1014259e-25,0.0,75.71207,65.965546,65.98796,66.0235,66.4128
2018-01-01 04:56:00,-5.139488e-25,0.0,65.71962,357730.44,0.75,0.0,12.860004,3.4859352e-06,0.25,1.0,68.01683,0.0,0.0,0.0,-1.8867281e-23,6.89291e-06,0.005004883,-400.25253,65.71962,55.184006,0.0,0.9,0.0,-1.8319102999999999e-25,0.0,75.71268,65.961266,65.98285,66.01944,66.40791
2018-01-01 04:57:00,9.676481e-25,0.0,65.71962,357730.44,0.75,0.0,12.875,-1.1619784e-06,0.25,1.0,68.01328,0.0,0.0,0.0,-7.0473425e-24,-9.063625e-07,0.005004883,-400.25253,65.71962,55.184006,0.0,0.9,0.0,-2.8956620000000002e-25,0.0,75.71328,65.956985,65.97769,66.01537,66.403076
2018-01-01 04:58:00,-2.7471255e-26,0.0,65.71962,357730.44,0.75,0.0,12.8899975,1.1619784e-06,0.25,1.0,68.00973,0.0,0.0,0.0,-1.4232285e-23,-2.890837e-07,0.005004883,-400.25253,65.71962,55.184006,0.0,0.9,0.0,-3.4973245e-24,0.0,75.71388,65.9527,65.97258,66.01131,66.39819
2018-01-01 04:59:00,7.263370999999999e-26,0.0,65.71962,357730.44,0.75,0.0,12.904993,-1.1619784e-06,0.25,1.0,68.00619,0.0,0.0,0.0,-1.4482771e-24,-9.480619e-07,0.005004883,-400.25253,65.71962,55.184006,0.0,0.9,0.0,-5.183896e-26,0.0,75.71443,65.94841,65.96747,66.00725,66.39336
2018-01-01 05:00:00,-7.858426500000001e-26,0.0,65.71962,357730.44,0.75,0.0,12.919989,-1.1619784e-06,0.25,1.0,68.00261,0.0,0.0,0.0,-5.1089508000000004e-24,5.4852638e-08,0.005004883,-400.25253,65.71962,55.184006,0.0,0.9,0.0,-5.755063e-27,0.0,75.71498,65.94412,65.96231,66.003174,66.38847
2018-01-01 05:01:00,-3.8214970999999998e-25,0.0,65.71962,357730.44,0.75,0.0,12.919989,3.4859352e-06,0.25,1.0,67.999054,0.0,0.0,0.0,-1.2046774e-23,-4.343845e-06,0.005004883,-400.25253,65.71962,55.184006,0.0,0.9,0.0,-2.7443163e-24,0.0,75.71553,65.93984,65.9572,65.999115,66.383575
2018-01-01 05:02:00,1.9516993e-25,0.0,65.71962,357730.44,0.75,0.0,12.919989,-1.1619784e-06,0.25,1.0,67.9955,0.0,0.0,0.0,-1.4428437999999998e-23,-8.6585186e-07,0.005004883,-400.25253,65.71962,55.184006,0.0,0.9,0.0,-3.2046261000000003e-24,0.0,75.71608,65.93556,65.95209,65.994995,66.378746
2018-01-01 05:03:00,-1.1016736e-25,0.0,65.71962,357730.44,0.75,0.0,12.919989,-1.1619784e-06,0.25,1.0,67.99193,0.0,0.0,0.0,-6.770727e-24,1.1304626e-05,0.005004883,-400.25253,65.71962,55.184006,0.0,0.9,0.0,-2.2386797e-26,0.0,75.71663,65.931274,65.94698,65.99093,66.373856
2018-01-01 05:04:00,-6.4629145e-25,0.0,65.71962,357730.44,0.75,0.0,12.919989,1.1619784e-06,0.25,1.0,67.98836,0.0,0.0,0.0,-3.5395025e-24,1.4889296e-06,0.005004883,-400.25253,65.71962,55.184006,0.0,0.9,0.0,-1.00031963e-25,0.0,75.717125,65.92699,65.94182,65.98686,66.36897
2018-01-01 05:05:00,3.807307e-25,0.0,65.71962,357730.44,0.75,0.0,12.919989,-2.3239568e-06,0.25,1.0,67.984764,0.0,0.0,0.0,-2.3957348e-23,-4.6869695e-06,0.005004883,-400.25253,65.71962,55.184006,0.0,0.9,0.0,-2.0011944000000002e-24,0.0,75.71762,65.9227,65.93671,65.98274,66.364075
2018-01-01 05:06:00,-2.3513318e-25,0.0,65.71962,357730.44,0.75,0.0,12.919989,1.1619784e-06,0.25,1.0,67.98118,0.0,0.0,0.0,-8.134412e-24,7.581813e-07,0.005004883,-400.25253,65.71962,55.184006,0.0,0.9,0.0,-2.259902e-24,0.0,75.71811,65.918365,65.93155,65.97868,66.35919
2018-01-01 05:07:00,-1.4713295e-25,0.0,65.71962,357730.44,0.75,0.0,12.919989,3.4859352e-06,0.25,1.0,67.9776,0.0,0.0,0.0,-5.706684e-23,9.171144e-07,0.005004883,-400.25253,65.71962,55.184006,0.0,0.9,0.0,-2.0219377000000002e-27,0.0,75.71861,65.91408,65.92644,65.97456,66.3543
2018-01-01 05:08:00,6.662416499999999e-25,0.0,65.71962,357730.44,0.75,0.0,12.919989,-1.1619784e-06,0.25,1.0,67.97398,0.0,0.0,0.0,-7.769645e-24,-3.7479586e-07,0.005004883,-400.25253,65.71962,55.184006,0.0,0.9,0.0,-1.7583185e-24,0.0,75.71905,65.909744,65.92128,65.97044,66.34941
2018-01-01 05:09:00,-4.7996459999999995e-26,0.0,65.71962,357730.44,0.75,0.0,12.919989,-1.1619784e-06,0.25,1.0,67.97038,0.0,0.0,0.0,-2.27504e-25,-3.5115295e-06,0.005004883,-400.25253,65.71962,55.184006,0.0,0.9,0.0,-2.6312483e-24,0.0,75.71954,65.90546,65.91611,65.96637,66.34447
2018-01-01 05:10:00,-5.064594e-25,0.0,65.71962,357730.44,0.75,0.0,12.919989,-1.1619784e-06,0.25,1.0,67.96678,0.0,0.0,0.0,-7.543547e-24,-6.37358e-06,0.005004883,-400.25253,65.71962,55.184006,0.0,0.9,0.0,-4.2141064000000005e-24,0.0,75.719986,65.901115,65.911,65.96225,66.339584
2018-01-01 05:11:00,-2.5306456e-25,0.0,65.71962,357730.44,0.75,0.0,12.919989,1.1619784e-06,0.25,1.0,67.96316,0.0,0.0,0.0,-6.4678583e-24,-7.155183e-06,0.005004883,-400.25253,65.71962,55.184006,0.0,0.9,0.0,-6.731583999999999e-26,0.0,75.72042,65.896774,65.90584,65.95813,66.33464
2018-01-01 05:12:00,-9.416241e-25,0.0,65.71962,357730.44,0.75,0.0,12.919989,-1.1619784e-06,0.25,1.0,67.95953,0.0,0.0,0.0,-5.939276e-25,-5.3925423e-06,0.005004883,-400.25253,65.71962,55.184006,0.0,0.9,0.0,-1.6237033e-24,0.0,75.72081,65.89244,65.90068,65.95401,66.3297
2018-01-01 05:13:00,-8.579570500000001e-26,0.0,65.71962,357730.44,0.75,0.0,12.919989,-1.1619784e-06,0.25,1.0,67.95592,0.0,0.0,0.0,-1.7581992999999998e-23,-7.275382e-07,0.005004883,-400.25253,65.71962,55.184006,0.0,0.9,0.0,-4.7429932000000004e-26,0.0,75.721245,65.88809,65.89557,65.949844,66.3248
2018-01-01 05:14:00,9.575614999999999e-26,0.0,65.71962,357730.44,0.75,0.0,12.919989,1.1619784e-06,0.25,1.0,67.95228,0.0,0.0,0.0,-9.353338e-24,-5.98782e-06,0.005004883,-400.25253,65.71962,55.184006,0.0,0.9,0.0,-2.5005723e-24,0.0,75.721634,65.88376,65.8904,65.945724,66.319855
2018-01-01 05:15:00,2.0485458999999999e-25,0.0,65.71962,357730.44,0.75,0.0,12.919989,-3.4859352e-06,0.25,1.0,67.94864,0.0,0.0,0.0,-7.206309499999999e-25,6.6255493e-06,0.005004883,-400.25253,65.71962,55.184006,0.0,0.9,0.0,-2.604816e-24,0.0,75.722015,65.87942,65.88524,65.941605,66.31491
2018-01-01 05:16:00,-7.0805147e-25,0.0,65.71962,357730.44,0.75,0.0,12.919989,2.3239568e-06,0.25,1.0,67.94499,0.0,0.0,0.0,-5.786351e-23,4.820741e-08,0.005004883,-400.25253,65.71962,55.184006,0.0,0.9,0.0,-3.758379e-26,0.0,75.7224,65.87508,65.88008,65.93742,66.30997
2018-01-01 05:17:00,-1.6288142e-25,0.0,65.71962,357730.44,0.75,0.0,12.919989,-3.4859352e-06,0.25,1.0,67.941345,0.0,0.0,0.0,-9.360668e-24,3.038903e-06,0.005004883,-400.25253,65.71962,55.184006,0.0,0.9,0.0,-1.5240500000000001e-24,0.0,75.72278,65.87074,65.87491,65.933304,66.30498
2018-01-01 05:18:00,5.938544000000001e-25,0.0,65.71962,357730.44,0.75,0.0,12.919989,-2.3239568e-06,0.25,1.0,67.9377,0.0,0.0,0.0,-1.1227649e-22,3.8523826e-08,0.005004883,-400.25253,65.71962,55.184006,0.0,0.9,0.0,-1.6785459e-29,0.0,75.72317,65.866394,65.86975,65.92913,66.30003
2018-01-01 05:19:00,1.1583663e-25,0.0,65.71962,357730.44,0.75,0.0,12.919989,-1.1619784e-06,0.25,1.0,67.934044,0.0,0.0,0.0,-9.615470000000001e-24,-7.638489e-06,0.005004883,-400.25253,65.71962,55.184006,0.0,0.9,0.0,-4.57412e-28,0.0,75.723495,65.86206,65.864586,65.92501,66.29509
2018-01-01 05:20:00,3.4291138e-25,0.0,65.71962,357730.44,0.75,0.0,12.919989,-3.4859352e-06,0.25,1.0,67.930374,0.0,0.0,0.0,-1.9238208e-23,-4.3539153e-06,0.005004883,-400.25253,65.71962,55.184006,0.0,0.9,0.0,-3.1576247999999997e-25,0.0,75.72383,65.857666,65.85942,65.92084,66.290085
2018-01-01 05:21:00,1.9462180999999998e-25,0.0,65.71962,357730.44,0.75,0.0,12.919989,-1.1619784e-06,0.25,1.0,67.92672,0.0,0.0,0.0,-1.4070013e-25,5.0260546e-06,0.005004883,-400.25253,65.71962,55.184006,0.0,0.9,0.0,-6.097046e-26,0.0,75.72421,65.853325,65.85426,65.91666,66.28514
2018-01-01 05:22:00,2.3698454e-25,0.0,65.71962,357730.44,0.75,0.0,12.919989,-1.1619784e-06,0.25,1.0,67.923035,0.0,0.0,0.0,-1.6508251999999998e-25,2.1652659e-06,0.005004883,-400.25253,65.71962,55.184006,0.0,0.9,0.0,-2.6094496e-26,0.0,75.72449,65.84893,65.84909,65.91249,66.28014
2018-01-01 05:23:00,-5.486637e-25,0.0,65.71962,357730.44,0.75,0.0,12.919989,1.1619784e-06,0.25,1.0,67.91936,0.0,0.0,0.0,-4.6777022000000005e-24,-7.3831206e-06,0.005004883,-400.25253,65.71962,55.184006,0.0,0.9,0.0,-1.8040410000000001e-25,0.0,75.724815,65.84459,65.84393,65.90831,66.27515
2018-01-01 05:24:00,3.2801333999999997e-25,0.0,65.71962,357730.44,0.75,0.0,12.919989,0.0,0.25,1.0,67.915665,0.0,0.0,0.0,-7.09349e-24,1.3597628e-06,0.005004883,-400.25253,65.71962,55.184006,0.0,0.9,0.0,-6.987207e-26,0.0,75.72514,65.840195,65.838715,65.90414,66.27014
2018-01-01 05:25:00,1.5592204e-25,0.0,65.71962,357730.44,0.75,0.0,12.919989,1.1619784e-06,0.25,1.0,67.91197,0.0,0.0,0.0,-3.7891056e-24,-1.7860951e-07,0.005004883,-400.25253,65.71962,55.184006,0.0,0.9,0.0,-4.364417e-25,0.0,75.72542,65.8358,65.83355,65.89996,66.26515
2018-01-01 05:26:00,-1.5020819e-25,0.0,65.71962,357730.44,0.75,0.0,12.919989,-1.1619784e-06,0.25,1.0,67.90828,0.0,0.0,0.0,-9.3675994e-24,6.1369387e-06,0.005004883,-400.25253,65.71962,55.184006,0.0,0.9,0.0,-1.6078686e-27,0.0,75.72569,65.831406,65.828384,65.89578,66.26015
2018-01-01 05:27:00,5.903391e-27,0.0,65.71962,357730.44,0.75,0.0,12.919989,0.0,0.25,1.0,67.904594,0.0,0.0,0.0,-6.2661466e-24,-6.3109433e-06,0.005004883,-400.25253,65.71962,55.184006,0.0,0.9,0.0,-3.1756462000000002e-24,0.0,75.72603,65.82701,65.82323,65.891556,66.25515
2018-01-01 05:28:00,-1.5967711000000002e-26,0.0,65.71962,357730.44,0.75,0.0,12.919989,1.1619784e-06,0.25,1.0,67.9009,0.0,0.0,0.0,-5.4558236e-24,-7.1903906e-07,0.005004883,-400.25253,65.71962,55.184006,0.0,0.9,0.0,-2.3677708000000002e-26,0.0,75.7263,65.82268,65.81801,65.88738,66.25015
2018-01-01 05:29:00,-1.01878754e-25,0.0,65.71962,357730.44,0.75,0.0,12.919989,-2.3239568e-06,0.25,1.0,67.89719,0.0,0.0,0.0,-1.5195747e-23,-3.9267837e-07,0.005004883,-400.25253,65.71962,55.184006,0.0,0.9,0.0,-4.142219e-24,0.0,75.72652,65.81828,65.812836,65.88315,66.24515
2018-01-01 05:30:00,8.8801363e-26,0.0,65.71962,357730.44,0.75,0.0,12.919989,-1.1619784e-06,0.25,1.0,67.89347,0.0,0.0,0.0,-2.986073e-24,-6.3272955e-07,0.005004883,-400.25253,65.71962,55.184006,0.0,0.9,0.0,-3.9021233e-24,0.0,75.72679,65.81383,65.80762,65.87898,66.2401
2018-01-01 05:31:00,1.7966957e-25,0.0,65.71962,357730.44,0.75,0.0,12.919989,-2.3239568e-06,0.25,1.0,67.889755,0.0,0.0,0.0,-1.2687752e-22,-8.250561e-06,0.005004883,-400.25253,65.71962,55.184006,0.0,0.9,0.0,-2.0742957e-24,0.0,75.72701,65.80943,65.80246,65.87475,66.2351
2018-01-01 05:32:00,-3.5873504e-25,0.0,65.71962,357730.44,0.75,0.0,12.919989,-1.1619784e-06,0.25,1.0,67.886024,0.0,0.0,0.0,-1.2681175e-24,-1.1980621e-06,0.005004883,-400.25253,65.71962,55.184006,0.0,0.9,0.0,-2.8981006e-26,0.0,75.72729,65.80504,65.79724,65.870514,66.23004
2018-01-01 05:33:00,2.168594e-25,0.0,65.71962,357730.44,0.75,0.0,12.919989,-1.1619784e-06,0.25,1.0,67.882324,0.0,0.0,0.0,-8.628762e-24,2.9371631e-06,0.005004883,-400.25253,65.71962,55.184006,0.0,0.9,0.0,-6.379902000000001e-25,0.0,75.72751,65.800644,65.792076,65.86635,66.22505
2018-01-01 05:34:00,-2.065382e-25,0.0,65.71962,357730.44,0.75,0.0,12.919989,-1.1619784e-06,0.25,1.0,67.878586,0.0,0.0,0.0,-1.6821719e-23,-8.192951e-06,0.005004883,-400.25253,65.71962,55.184006,0.0,0.9,0.0,-2.2533847000000002e-26,0.0,75.72772,65.79625,65.78686,65.862114,66.21999
2018-01-01 05:35:00,6.212037e-25,0.0,65.71962,357730.44,0.75,0.0,12.919989,1.1619784e-06,0.25,1.0,67.87485,0.0,0.0,0.0,-2.9647588e-24,-6.519192e-06,0.005004883,-400.25253,65.71962,55.184006,0.0,0.9,0.0,-8.1602563e-25,0.0,75.72795,65.7918,65.78169,65.85788,66.214935
2018-01-01 05:36:00,4.6232164000000005e-26,0.0,65.71962,357730.44,0.75,0.0,12.919989,1.1619784e-06,0.25,1.0,67.87112,0.0,0.0,0.0,-2.9895998e-24,-8.2791585e-06,0.005004883,-400.25253,65.71962,55.184006,0.0,0.9,0.0,-1.683325e-24,0.0,75.728165,65.78741,65.776474,65.85365,66.209885
2018-01-01 05:37:00,1.1870748e-25,0.0,65.71962,357730.44,0.75,0.0,12.919989,-2.3239568e-06,0.25,1.0,67.86737,0.0,0.0,0.0,-3.5631616e-23,-8.522253e-06,0.005004883,-400.25253,65.71962,55.184006,0.0,0.9,0.0,-2.452337e-24,0.0,75.72833,65.78296,65.77132,65.84943,66.204834
2018-01-01 05:38:00,-1.5089705e-25,0.0,65.71962,357730.44,0.75,0.0,12.919989,2.3239568e-06,0.25,1.0,67.86363,0.0,0.0,0.0,-2.4168702e-23,3.730276e-06,0.005004883,-400.25253,65.71962,55.184006,0.0,0.9,0.0,-1.7713798e-25,0.0,75.728546,65.778564,65.7661,65.8452,66.19978
2018-01-01 05:39:00,-1.255225e-25,0.0,65.71962,357730.44,0.75,0.0,12.919989,1.1619784e-06,0.25,1.0,67.85987,0.0,0.0,0.0,-2.2039974e-23,7.2200373e-07,0.005004883,-400.25253,65.71962,55.184006,0.0,0.9,0.0,-2.1379598000000002e-27,0.0,75.728714,65.77411,65.76088,65.84091,66.194725
2018-01-01 05:40:00,3.4825786e-25,0.0,65.71962,357730.44,0.75,0.0,12.919989,0.0,0.25,1.0,67.856125,0.0,0.0,0.0,-1.6317060000000002e-23,-8.1219205e-06,0.005004883,-400.25253,65.71962,55.184006,0.0,0.9,0.0,-2.5139848e-26,0.0,75.72888,65.76967,65.75571,65.836685,66.18967
2018-01-01 05:41:00,-2.364202e-25,0.0,65.71962,357730.44,0.75,0.0,12.919989,1.1619784e-06,0.25,1.0,67.85238,0.0,0.0,0.0,-5.786971e-24,4.827754e-06,0.005004883,-400.25253,65.71962,55.184006,0.0,0.9,0.0,-2.9088656e-24,0.0,75.72905,65.765274,65.75049,65.83245,66.184616
2018-01-01 05:42:00,1.02499816e-25,0.0,65.71962,357730.44,0.75,0.0,12.919989,1.1619784e-06,0.25,1.0,67.84861,0.0,0.0,0.0,-3.4978862e-23,1.0122311e-05,0.005004883,-400.25253,65.71962,55.184006,0.0,0.9,0.0,-2.673888e-24,0.0,75.72921,65.76082,65.74527,65.82817,66.179565
2018-01-01 05:43:00,-1.0028446999999999e-25,0.0,65.71962,357730.44,0.75,0.0,12.919989,0.0,0.25,1.0,67.84483,0.0,0.0,0.0,-2.9066807e-24,-1.3457715e-06,0.005004883,-400.25253,65.71962,55.184006,0.0,0.9,0.0,-7.905392e-26,0.0,75.72937,65.75637,65.74005,65.82394,66.17445
2018-01-01 05:44:00,2.6872796e-26,0.0,65.71962,357730.44,0.75,0.0,12.919989,-1.1619784e-06,0.25,1.0,67.84107,0.0,0.0,0.0,-6.2969595e-24,-9.509689e-07,0.005004883,-400.25253,65.71962,55.184006,0.0,0.9,0.0,-2.9809220000000003e-25,0.0,75.729485,65.75192,65.73489,65.81966,66.1694
2018-01-01 05:45:00,-5.771706e-26,0.0,65.71962,357730.44,0.75,0.0,12.919989,-1.1619784e-06,0.25,1.0,67.8373,0.0,0.0,0.0,-1.6248132e-23,7.3640757e-07,0.005004883,-400.25253,65.71962,55.184006,0.0,0.9,0.0,-4.6916214000000004e-26,0.0,75.729645,65.74747,65.729675,65.81542,66.16429
2018-01-01 05:46:00,1.9823366999999999e-25,0.0,65.71962,357730.44,0.75,0.0,12.919989,0.0,0.25,1.0,67.83352,0.0,0.0,0.0,-2.2698498e-23,-7.880939e-06,0.005004883,-400.25253,65.71962,55.184006,0.0,0.9,0.0,-2.6029379e-24,0.0,75.72976,65.74303,65.72446,65.81114,66.15924
2018-01-01 05:47:00,7.879691999999999e-26,0.0,65.71962,357730.44,0.75,0.0,12.919989,1.1619784e-06,0.25,1.0,67.829735,0.0,0.0,0.0,-2.1330984999999998e-23,3.0107885e-06,0.005004883,-400.25253,65.71962,55.184006,0.0,0.9,0.0,-6.73812e-25,0.0,75.72992,65.73857,65.71924,65.806854,66.15413
2018-01-01 05:48:00,5.973519e-26,0.0,65.71962,357730.44,0.75,0.0,12.919989,-1.1619784e-06,0.25,1.0,67.82595,0.0,0.0,0.0,-1.31175925e-23,-6.0550356e-06,0.005004883,-400.25253,65.71962,55.184006,0.0,0.9,0.0,-8.847463e-26,0.0,75.730034,65.73412,65.71402,65.80257,66.14902
2018-01-01 05:49:00,-3.6401853e-25,0.0,65.71962,357730.44,0.75,0.0,12.919989,1.1619784e-06,0.25,1.0,67.82217,0.0,0.0,0.0,-4.2236248000000005e-24,3.9733345e-06,0.005004883,-400.25253,65.71962,55.184006,0.0,0.9,0.0,-7.2726714e-26,0.0,75.73015,65.729675,65.7088,65.79828,66.14391
2018-01-01 05:50:00,-1.8070915999999998e-25,0.0,65.71962,357730.44,0.75,0.0,12.919989,-2.3239568e-06,0.25,1.0,67.81838,0.0,0.0,0.0,-2.0349566e-23,5.6451368e-06,0.005004883,-400.25253,65.71962,55.184006,0.0,0.9,0.0,-1.9947277000000003e-24,0.0,75.730194,65.72522,65.703636,65.794,66.138855
2018-01-01 05:51:00,1.5195664e-25,0.0,65.71962,357730.44,0.75,0.0,12.919989,1.1619784e-06,0.25,1.0,67.81458,0.0,0.0,0.0,-5.880236e-24,-7.144875e-06,0.005004883,-400.25253,65.71962,55.184006,0.0,0.9,0.0,-3.3568027e-24,0.0,75.73031,65.72072,65.69842,65.78972,66.13375
2018-01-01 05:52:00,-6.349882e-26,0.0,65.71962,357730.44,0.75,0.0,12.919989,1.1619784e-06,0.25,1.0,67.81079,0.0,0.0,0.0,-1.6350867e-23,-7.6091055e-08,0.005004883,-400.25253,65.71962,55.184006,0.0,0.9,0.0,-9.954855e-25,0.0,75.73042,65.71627,65.6932,65.78543,66.12865
2018-01-01 05:53:00,6.758197e-26,0.0,65.71962,357730.44,0.75,0.0,12.919989,1.1619784e-06,0.25,1.0,67.80699,0.0,0.0,0.0,-5.398723599999999e-23,-3.4866608e-07,0.005004883,-400.25253,65.71962,55.184006,0.0,0.9,0.0,-8.269939999999999e-27,0.0,75.73047,65.71182,65.68798,65.78114,66.123535
2018-01-01 05:54:00,6.951534999999999e-26,0.0,65.71962,357730.44,0.75,0.0,12.919989,1.1619784e-06,0.25,1.0,67.80318,0.0,0.0,0.0,-3.974882e-23,-8.594323e-06,0.005004883,-400.25253,65.71962,55.184006,0.0,0.9,0.0,-1.7117613000000002e-26,0.0,75.73058,65.70732,65.68276,65.776855,66.11837
2018-01-01 05:55:00,3.0739843999999997e-25,0.0,65.71962,357730.44,0.75,0.0,12.919989,-1.1619784e-06,0.25,1.0,67.79938,0.0,0.0,0.0,-1.5282369e-23,-2.7004955e-06,0.005004883,-400.25253,65.71962,55.184006,0.0,0.9,0.0,-2.5077094e-25,0.0,75.73064,65.702866,65.67754,65.772575,66.113266
2018-01-01 05:56:00,4.918493e-26,0.0,65.71962,357730.44,0.75,0.0,12.919989,0.0,0.25,1.0,67.795555,0.0,0.0,0.0,-1.6445973e-23,-8.669824e-07,0.005004883,-400.25253,65.71962,55.184006,0.0,0.9,0.0,-9.373061e-26,0.0,75.7307,65.698364,65.672325,65.768234,66.108154
2018-01-01 05:57:00,2.2716867e-25,0.0,65.71962,357730.44,0.75,0.0,12.919989,1.1619784e-06,0.25,1.0,67.79175,0.0,0.0,0.0,-2.845354e-25,-5.792622e-06,0.005004883,-400.25253,65.71962,55.184006,0.0,0.9,0.0,-1.0898746e-24,0.0,75.73074,65.69391,65.66711,65.76395,66.10304
2018-01-01 05:58:00,1.3629266e-25,0.0,65.71962,357730.44,0.75,0.0,12.919989,1.1619784e-06,0.25,1.0,67.78792,0.0,0.0,0.0,-1.1836291e-23,-1.9781492e-06,0.005004883,-400.25253,65.71962,55.184006,0.0,0.9,0.0,-4.208245e-26,0.0,75.730804,65.68941,65.66189,65.75961,66.097885
2018-01-01 05:59:00,1.5108246999999998e-25,0.0,65.71962,357730.44,0.75,0.0,12.919989,1.1619784e-06,0.25,1.0,67.78412,0.0,0.0,0.0,-1.7313845e-23,4.9007997e-07,0.005004883,-400.25253,65.71962,55.184006,0.0,0.9,0.0,-5.638986e-26,0.0,75.73086,65.68496,65.65667,65.755325,66.09277
2018-01-01 06:00:00,-7.52852e-26,0.0,65.71962,357730.44,0.75,0.0,12.919989,-1.1619784e-06,0.25,1.0,67.78028,0.0,0.0,0.0,-7.228491000000001e-23,-8.1851863e-07,0.005004883,-400.25253,65.71962,55.184006,0.0,0.9,0.0,-9.892068e-25,0.0,75.73091,65.68045,65.65145,65.75099,66.08761
2018-01-01 06:01:00,1.1335521e-25,0.0,65.71962,357730.44,0.75,0.0,12.919989,0.0,0.25,1.0,67.77645,0.0,0.0,0.0,-3.649935e-23,-7.2278294e-06,0.005004883,-400.25253,65.71962,55.184006,0.0,0.9,0.0,-4.1634205000000005e-24,0.0,75.73091,65.67595,65.64618,65.746704,66.082504
2018-01-01 06:02:00,-4.817674e-26,0.0,65.71962,357730.44,0.75,0.0,12.919989,1.1619784e-06,0.25,1.0,67.77261,0.0,0.0,0.0,-7.009393000000001e-25,2.291997e-06,0.005004883,-400.25253,65.71962,55.184006,0.0,0.9,0.0,-6.381159e-25,0.0,75.73097,65.67145,65.64096,65.74236,66.07733
2018-01-01 06:03:00,-3.0891152e-26,0.0,65.71962,357730.44,0.75,0.0,12.919989,3.4859352e-06,0.25,1.0,67.76877,0.0,0.0,0.0,-3.4629276999999997e-23,1.6156928e-06,0.005004883,-400.25253,65.71962,55.184006,0.0,0.9,0.0,-7.9740645e-28,0.0,75.73097,65.66695,65.63574,65.73802,66.072174
2018-01-01 06:04:00,-7.780033600000001e-27,0.0,65.71962,357730.44,0.75,0.0,12.919989,-1.1619784e-06,0.25,1.0,67.76494,0.0,0.0,0.0,-7.9103766e-23,-3.823862e-07,0.005004883,-400.25253,65.71962,55.184006,0.0,0.9,0.0,-2.0902978e-24,0.0,75.73102,65.66244,65.63052,65.73369,66.06701
2018-01-01 06:05:00,-1.0002593e-25,0.0,65.71962,357730.44,0.75,0.0,12.919989,0.0,0.25,1.0,67.76107,0.0,0.0,0.0,-1.03450825e-23,9.664176e-06,0.005004883,-400.25253,65.71962,55.184006,0.0,0.9,0.0,-2.996641e-24,0.0,75.73102,65.65793,65.625244,65.72934,66.061844
2018-01-01 06:06:00,-3.7655292e-25,0.0,65.71962,357730.44,0.75,0.0,12.919989,1.1619784e-06,0.25,1.0,67.757225,0.0,0.0,0.0,-7.606152e-24,4.9048103e-06,0.005004883,-400.25253,65.71962,55.184006,0.0,0.9,0.0,-8.403979000000001e-25,0.0,75.73102,65.65337,65.620026,65.725006,66.05669
2018-01-01 06:07:00,-4.429974e-25,0.0,65.71962,357730.44,0.75,0.0,12.919989,-1.1619784e-06,0.25,1.0,67.75336,0.0,0.0,0.0,-1.7280850000000002e-23,-1.0994007e-06,0.005004883,-400.25253,65.71962,55.184006,0.0,0.9,0.0,-1.1685243000000001e-24,0.0,75.73102,65.648865,65.61476,65.720665,66.05147
2018-01-01 06:08:00,-3.209398e-26,0.0,65.71962,357730.44,0.75,0.0,12.919989,0.0,0.25,1.0,67.74947,0.0,0.0,0.0,-2.029278e-23,9.827995e-08,0.005004883,-400.25253,65.71962,55.184006,0.0,0.9,0.0,-2.6484144e-26,0.0,75.73102,65.64431,65.60948,65.71627,66.046295
2018-01-01 06:09:00,5.245251400000001e-26,0.0,65.71962,357730.44,0.75,0.0,12.919989,0.0,0.25,1.0,67.74562,0.0,0.0,0.0,-2.8682456e-23,-1.4684464e-06,0.005004883,-400.25253,65.71962,55.184006,0.0,0.9,0.0,-6.9673046e-26,0.0,75.73102,65.6398,65.60426,65.71193,66.04108
2018-01-01 06:10:00,-3.5804424000000005e-27,0.0,65.71962,357730.44,0.75,0.0,12.919989,1.1619784e-06,0.25,1.0,67.741714,0.0,0.0,0.0,-2.6290097e-24,-1.0556863e-06,0.005004883,-400.25253,65.71962,55.184006,0.0,0.9,0.0,-5.019887e-25,0.0,75.73097,65.63525,65.59899,65.707535,66.03586
2018-01-01 06:11:00,1.2983533e-26,0.0,65.71962,357730.44,0.75,0.0,12.919989,1.1619784e-06,0.25,1.0,67.73783,0.0,0.0,0.0,-1.6933081999999998e-23,8.45059e-06,0.005004883,-400.25253,65.71962,55.184006,0.0,0.9,0.0,-5.7083399999999995e-25,0.0,75.73097,65.63069,65.59372,65.70314,66.03064
2018-01-01 06:12:00,9.888817600000001e-26,0.0,65.71962,357730.44,0.75,0.0,12.919989,1.1619784e-06,0.25,1.0,67.73393,0.0,0.0,0.0,-1.2357064e-23,7.653699e-06,0.005004883,-400.25253,65.71962,55.184006,0.0,0.9,0.0,-4.2648298000000004e-24,0.0,75.73091,65.62613,65.58844,65.69881,66.025375
2018-01-01 06:13:00,-9.156234999999999e-26,0.0,65.71962,357730.44,0.75,0.0,12.919989,-1.1619784e-06,0.25,1.0,67.73004,0.0,0.0,0.0,-2.5808139e-24,-1.2201394e-07,0.005004883,-400.25253,65.71962,55.184006,0.0,0.9,0.0,-2.5738055999999998e-25,0.0,75.73091,65.62157,65.583176,65.69441,66.02016
2018-01-01 06:14:00,1.4346546e-26,0.0,65.71962,357730.44,0.75,0.0,12.919989,1.1619784e-06,0.25,1.0,67.72612,0.0,0.0,0.0,-4.294012e-24,1.0305205e-05,0.005004883,-400.25253,65.71962,55.184006,0.0,0.9,0.0,-2.1433942e-24,0.0,75.73086,65.61696,65.577896,65.69002,66.01488
2018-01-01 06:15:00,3.2603956e-25,0.0,65.71962,357730.44,0.75,0.0,12.919989,-1.1619784e-06,0.25,1.0,67.7222,0.0,0.0,0.0,-1.6227184e-23,-2.5577745e-06,0.005004883,-400.25253,65.71962,55.184006,0.0,0.9,0.0,-3.6459715000000003e-28,0.0,75.730804,65.6124,65.57257,65.68562,66.009605
2018-01-01 06:16:00,-5.724952e-26,0.0,65.71962,357730.44,0.75,0.0,12.919989,1.1619784e-06,0.25,1.0,67.71826,0.0,0.0,0.0,-3.6453120000000005e-23,3.0783042e-06,0.005004883,-400.25253,65.71962,55.184006,0.0,0.9,0.0,-7.861241499999999e-25,0.0,75.73074,65.60778,65.56729,65.68117,66.00433
2018-01-01 06:17:00,1.8128008e-25,0.0,65.71962,357730.44,0.75,0.0,12.919989,1.1619784e-06,0.25,1.0,67.714355,0.0,0.0,0.0,-2.0401416999999998e-23,4.061915e-07,0.005004883,-400.25253,65.71962,55.184006,0.0,0.9,0.0,-9.0903234e-26,0.0,75.7307,65.603226,65.56203,65.67677,65.999054
2018-01-01 06:18:00,-5.0726680000000006e-27,0.0,65.71962,357730.44,0.75,0.0,12.919989,-2.3239568e-06,0.25,1.0,67.71041,0.0,0.0,0.0,-1.0746276e-22,-7.1277236e-06,0.005004883,-400.25253,65.71962,55.184006,0.0,0.9,0.0,-2.9226725e-24,0.0,75.73064,65.5986,65.556694,65.67238,65.99379
2018-01-01 06:19:00,-1.7614648e-26,0.0,65.71962,357730.44,0.75,0.0,12.919989,-1.1619784e-06,0.25,1.0,67.70647,0.0,0.0,0.0,-1.5925712e-23,2.1281887e-06,0.005004883,-400.25253,65.71962,55.184006,0.0,0.9,0.0,-5.3502990000000005e-25,0.0,75.73058,65.593994,65.55136,65.66793,65.98846
2018-01-01 06:20:00,2.0458861999999999e-25,0.0,65.71962,357730.44,0.75,0.0,12.919989,3.4859352e-06,0.25,1.0,67.70253,0.0,0.0,0.0,-4.920617e-24,-7.997646e-06,0.005004883,-400.25253,65.71962,55.184006,0.0,0.9,0.0,-2.6989489999999998e-24,0.0,75.73053,65.58938,65.5461,65.66348,65.983185
2018-01-01 06:21:00,3.2297107e-25,0.0,65.71962,357730.44,0.75,0.0,12.919989,1.1619784e-06,0.25,1.0,67.698586,0.0,0.0,0.0,-1.5710863000000002e-26,2.3673088e-06,0.005004883,-400.25253,65.71962,55.184006,0.0,0.9,0.0,-1.0142170999999999e-25,0.0,75.73047,65.58476,65.540764,65.65909,65.97786
2018-01-01 06:22:00,-1.4131456e-26,0.0,65.71962,357730.44,0.75,0.0,12.919989,1.1619784e-06,0.25,1.0,67.694626,0.0,0.0,0.0,-4.746443e-24,1.2073065e-06,0.005004883,-400.25253,65.71962,55.184006,0.0,0.9,0.0,-5.175076e-26,0.0,75.73036,65.580154,65.53543,65.65463,65.97253
2018-01-01 06:23:00,5.473901e-26,0.0,65.71962,357730.44,0.75,0.0,12.919989,-2.3239568e-06,0.25,1.0,67.69064,0.0,0.0,0.0,-1.5981763e-23,-8.34819e-06,0.005004883,-400.25253,65.71962,55.184006,0.0,0.9,0.0,-2.5326717e-24,0.0,75.730255,65.575485,65.530106,65.65019,65.96719
2018-01-01 06:24:00,7.5709964e-26,0.0,65.71962,357730.44,0.75,0.0,12.919989,-1.1619784e-06,0.25,1.0,67.68668,0.0,0.0,0.0,-7.297222e-24,2.1751798e-06,0.005004883,-400.25253,65.71962,55.184006,0.0,0.9,0.0,-2.3608475e-24,0.0,75.730194,65.57086,65.52478,65.64574,65.96187
2018-01-01 06:25:00,-4.936384e-26,0.0,65.71962,357730.44,0.75,0.0,12.919989,3.4859352e-06,0.25,1.0,67.68272,0.0,0.0,0.0,-1.5076585e-23,8.156428e-06,0.005004883,-400.25253,65.71962,55.184006,0.0,0.9,0.0,-4.08795e-24,0.0,75.73009,65.56619,65.519455,65.64129,65.95654
2018-01-01 06:26:00,3.4206717e-25,0.0,65.71962,357730.44,0.75,0.0,12.919989,1.1619784e-06,0.25,1.0,67.678734,0.0,0.0,0.0,-1.2478727e-23,-5.265681e-07,0.005004883,-400.25253,65.71962,55.184006,0.0,0.9,0.0,-1.3119341999999998e-25,0.0,75.72998,65.561584,65.51412,65.63684,65.95116
2018-01-01 06:27:00,-5.817545300000001e-26,0.0,65.71962,357730.44,0.75,0.0,12.919989,-1.1619784e-06,0.25,1.0,67.674736,0.0,0.0,0.0,-1.7357112e-23,-2.1366066e-07,0.005004883,-400.25253,65.71962,55.184006,0.0,0.9,0.0,-4.013813e-24,0.0,75.72987,65.556915,65.50879,65.63234,65.94577
2018-01-01 06:28:00,-3.4352714e-26,0.0,65.71962,357730.44,0.75,0.0,12.919989,1.1619784e-06,0.25,1.0,67.67076,0.0,0.0,0.0,-1.9710095e-26,7.131119e-07,0.005004883,-400.25253,65.71962,55.184006,0.0,0.9,0.0,-9.70021e-25,0.0,75.72981,65.552246,65.50346,65.627884,65.940445
2018-01-01 06:29:00,8.982503e-28,0.0,65.71962,357730.44,0.75,0.0,12.919989,3.4859352e-06,0.25,1.0,67.66676,0.0,0.0,0.0,-3.161394e-23,4.8935613e-06,0.005004883,-400.25253,65.71962,55.184006,0.0,0.9,0.0,-5.554149e-25,0.0,75.729706,65.54758,65.49808,65.62338,65.93506
2018-01-01 06:30:00,2.8043577000000003e-26,0.0,65.71962,357730.44,0.75,0.0,12.919989,-1.1619784e-06,0.25,1.0,67.662766,0.0,0.0,0.0,-1.1095267e-24,1.1709179e-06,0.005004883,-400.25253,65.71962,55.184006,0.0,0.9,0.0,-5.617318e-25,0.0,75.72954,65.54291,65.49275,65.61893,65.92968
2018-01-01 06:31:00,-1.0578913e-25,0.0,65.71962,357730.44,0.75,0.0,12.919989,3.4859352e-06,0.25,1.0,67.65874,0.0,0.0,0.0,-1.7876528e-23,-6.115615e-06,0.005004883,-400.25253,65.71962,55.184006,0.0,0.9,0.0,-8.484377e-25,0.0,75.72943,65.53824,65.487366,65.614426,65.92424
2018-01-01 06:32:00,-7.011990000000001e-26,0.0,65.71962,357730.44,0.75,0.0,12.919989,1.1619784e-06,0.25,1.0,67.65473,0.0,0.0,0.0,-3.0098313e-23,-1.4280806e-06,0.005004883,-400.25253,65.71962,55.184006,0.0,0.9,0.0,-8.263783e-25,0.0,75.729324,65.53351,65.48204,65.609924,65.91885
2018-01-01 06:33:00,-5.259787999999999e-26,0.0,65.71962,357730.44,0.75,0.0,12.919989,-1.1619784e-06,0.25,1.0,67.6507,0.0,0.0,0.0,-5.5495832000000005e-24,1.8138026e-06,0.005004883,-400.25253,65.71962,55.184006,0.0,0.9,0.0,-4.0332517e-27,0.0,75.72916,65.52884,65.476654,65.60542,65.91342
2018-01-01 06:34:00,-2.9941404999999996e-25,0.0,65.71962,357730.44,0.75,0.0,12.919989,-1.1619784e-06,0.25,1.0,67.64669,0.0,0.0,0.0,-1.4490931e-25,-8.710157e-06,0.005004883,-400.25253,65.71962,55.184006,0.0,0.9,0.0,-3.0965043e-24,0.0,75.72905,65.524124,65.47133,65.600914,65.908035
2018-01-01 06:35:00,7.296486e-26,0.0,65.71962,357730.44,0.75,0.0,12.919989,-1.1619784e-06,0.25,1.0,67.642654,0.0,0.0,0.0,-1.0507138e-23,7.591731e-07,0.005004883,-400.25253,65.71962,55.184006,0.0,0.9,0.0,-1.1165684e-24,0.0,75.72888,65.519455,65.46594,65.596405,65.9026
2018-01-01 06:36:00,3.3608957e-26,0.0,65.71962,357730.44,0.75,0.0,12.919989,-1.1619784e-06,0.25,1.0,67.638626,0.0,0.0,0.0,-9.39807e-25,-4.562199e-06,0.005004883,-400.25253,65.71962,55.184006,0.0,0.9,0.0,-2.74958e-24,0.0,75.728775,65.514725,65.46056,65.5919,65.897156
2018-01-01 06:37:00,4.2004942000000004e-26,0.0,65.71962,357730.44,0.75,0.0,12.919989,1.1619784e-06,0.25,1.0,67.63458,0.0,0.0,0.0,-1.0238340000000001e-23,-1.1542235e-06,0.005004883,-400.25253,65.71962,55.184006,0.0,0.9,0.0,-2.9902607000000002e-24,0.0,75.72861,65.51,65.455185,65.5874,65.89172
2018-01-01 06:38:00,9.356053999999999e-26,0.0,65.71962,357730.44,0.75,0.0,12.919989,0.0,0.25,1.0,67.63054,0.0,0.0,0.0,-1.8999875999999998e-23,-7.7482055e-06,0.005004883,-400.25253,65.71962,55.184006,0.0,0.9,0.0,-2.770918e-24,0.0,75.72844,65.50528,65.4498,65.5829,65.886284
2018-01-01 06:39:00,2.070751e-25,0.0,65.71962,357730.44,0.75,0.0,12.919989,0.0,0.25,1.0,67.62648,0.0,0.0,0.0,-4.8502840000000003e-23,-1.5135436e-06,0.005004883,-400.25253,65.71962,55.184006,0.0,0.9,0.0,-1.8278190999999998e-25,0.0,75.72827,65.50055,65.44441,65.57834,65.88079
2018-01-01 06:40:00,4.5225099999999996e-27,0.0,65.71962,357730.44,0.75,0.0,12.919989,0.0,0.25,1.0,67.62244,0.0,0.0,0.0,-4.919636e-24,4.363249e-06,0.005004883,-400.25253,65.71962,55.184006,0.0,0.9,0.0,-1.8612343000000002e-24,0.0,75.72811,65.495834,65.439026,65.57384,65.87535
2018-01-01 06:41:00,-1.2854398e-25,0.0,65.71962,357730.44,0.75,0.0,12.919989,2.3239568e-06,0.25,1.0,67.61835,0.0,0.0,0.0,-4.5095120000000004e-23,-2.9561454e-06,0.005004883,-400.25253,65.71962,55.184006,0.0,0.9,0.0,-1.1724946e-24,0.0,75.72795,65.491104,65.43365,65.56917,65.86986
2018-01-01 06:42:00,-8.556062999999999e-26,0.0,65.71962,357730.44,0.75,0.0,12.919989,-2.3239568e-06,0.25,1.0,67.61427,0.0,0.0,0.0,-6.723668000000001e-23,-2.8617436e-07,0.005004883,-400.25253,65.71962,55.184006,0.0,0.9,0.0,-9.703459400000001e-26,0.0,75.72778,65.48633,65.42827,65.564545,65.864426
2018-01-01 06:43:00,1.9538719e-25,0.0,65.71962,357730.44,0.75,0.0,12.919989,1.1619784e-06,0.25,1.0,67.61018,0.0,0.0,0.0,-4.8625145999999996e-23,1.0591797e-06,0.005004883,-400.25253,65.71962,55.184006,0.0,0.9,0.0,-2.7417503999999997e-25,0.0,75.727615,65.4816,65.42282,65.55994,65.85893
2018-01-01 06:44:00,-4.0378685e-27,0.0,65.71962,357730.44,0.75,0.0,12.919989,-1.1619784e-06,0.25,1.0,67.60608,0.0,0.0,0.0,-3.1770773e-24,-5.6770646e-06,0.005004883,-400.25253,65.71962,55.184006,0.0,0.9,0.0,-6.4376330000000006e-27,0.0,75.72745,65.47682,65.41744,65.55527,65.85344
2018-01-01 06:45:00,-1.8299552e-25,0.0,65.71962,357730.44,0.75,0.0,12.919989,-1.1619784e-06,0.25,1.0,67.602005,0.0,0.0,0.0,-4.9622187e-24,-1.2568233e-06,0.005004883,-400.25253,65.71962,55.184006,0.0,0.9,0.0,-1.0250062000000001e-24,0.0,75.72729,65.4721,65.41206,65.5506,65.847946
2018-01-01 06:46:00,1.00587654e-26,0.0,65.71962,357730.44,0.75,0.0,12.919989,2.3239568e-06,0.25,1.0,67.59788,0.0,0.0,0.0,-2.3728084000000002e-24,8.330118e-06,0.005004883,-400.25253,65.71962,55.184006,0.0,0.9,0.0,-2.0035182000000002e-24,0.0,75.727066,65.467316,65.40662,65.54598,65.84239
2018-01-01 06:47:00,1.4644577e-25,0.0,65.71962,357730.44,0.75,0.0,12.919989,-1.1619784e-06,0.25,1.0,67.59377,0.0,0.0,0.0,-6.474307e-25,8.990266e-07,0.005004883,-400.25253,65.71962,55.184006,0.0,0.9,0.0,-9.4706277e-26,0.0,75.7269,65.46254,65.40124,65.54131,65.8369
2018-01-01 06:48:00,-3.3805663e-26,0.0,65.71962,357730.44,0.75,0.0,12.919989,1.1619784e-06,0.25,1.0,67.589645,0.0,0.0,0.0,-4.3071103000000005e-24,-5.802428e-06,0.005004883,-400.25253,65.71962,55.184006,0.0,0.9,0.0,-1.2093925e-24,0.0,75.726685,65.45776,65.3958,65.536644,65.83135
2018-01-01 06:49:00,1.4629906e-25,0.0,65.71962,357730.44,0.75,0.0,12.919989,1.1619784e-06,0.25,1.0,67.585526,0.0,0.0,0.0,-7.0521514e-24,4.9391633e-07,0.005004883,-400.25253,65.71962,55.184006,0.0,0.9,0.0,-5.8921454e-27,0.0,75.72646,65.45299,65.390366,65.53192,65.82586
2018-01-01 06:50:00,2.603321e-26,0.0,65.71962,357730.44,0.75,0.0,12.919989,0.0,0.25,1.0,67.581406,0.0,0.0,0.0,-3.0541813e-23,6.613133e-06,0.005004883,-400.25253,65.71962,55.184006,0.0,0.9,0.0,-3.8092164e-24,0.0,75.7263,65.448204,65.38498,65.52725,65.82031
2018-01-01 06:51:00,-1.151257e-25,0.0,65.71962,357730.44,0.75,0.0,12.919989,1.1619784e-06,0.25,1.0,67.57726,0.0,0.0,0.0,-1.8199042e-23,7.3274723e-06,0.005004883,-400.25253,65.71962,55.184006,0.0,0.9,0.0,-3.618899e-24,0.0,75.726074,65.443375,65.37954,65.52258,65.81476
2018-01-01 06:52:00,5.6514186e-26,0.0,65.71962,357730.44,0.75,0.0,12.919989,0.0,0.25,1.0,67.57312,0.0,0.0,0.0,-2.4714640999999999e-23,-5.4268703e-06,0.005004883,-400.25253,65.71962,55.184006,0.0,0.9,0.0,-3.3012425e-24,0.0,75.72586,65.43859,65.3741,65.51785,65.80922
2018-01-01 06:53:00,1.4407725999999998e-25,0.0,65.71962,357730.44,0.75,0.0,12.919989,1.1619784e-06,0.25,1.0,67.56899,0.0,0.0,0.0,-9.860001e-24,-5.5855656e-07,0.005004883,-400.25253,65.71962,55.184006,0.0,0.9,0.0,-8.188307999999999e-26,0.0,75.72564,65.43381,65.36867,65.51318,65.803665
2018-01-01 06:54:00,1.3830926999999998e-25,0.0,65.71962,357730.44,0.75,0.0,12.919989,1.1619784e-06,0.25,1.0,67.564835,0.0,0.0,0.0,-1.8470421e-23,-1.620128e-05,0.005004883,-400.25253,65.71962,55.184006,0.0,0.9,0.0,-2.3256221e-24,0.0,75.72542,65.42898,65.36322,65.50847,65.79812
2018-01-01 06:55:00,1.3121029e-25,0.0,65.71962,357730.44,0.75,0.0,12.919989,-2.3239568e-06,0.25,1.0,67.56068,0.0,0.0,0.0,-5.9494343e-24,-2.5381448e-06,0.005004883,-400.25253,65.71962,55.184006,0.0,0.9,0.0,-1.023873e-24,0.0,75.725204,65.42415,65.35779,65.50374,65.79251
2018-01-01 06:56:00,3.3708757000000003e-26,0.0,65.71962,357730.44,0.75,0.0,12.919989,-1.1619784e-06,0.25,1.0,67.55654,0.0,0.0,0.0,-2.9999548e-24,5.237213e-07,0.005004883,-400.25253,65.71962,55.184006,0.0,0.9,0.0,-1.68709e-25,0.0,75.724976,65.419365,65.35235,65.499016,65.78697
2018-01-01 06:57:00,-2.9232572e-26,0.0,65.71962,357730.44,0.75,0.0,12.919989,1.1619784e-06,0.25,1.0,67.552376,0.0,0.0,0.0,-1.5838014e-23,2.7138117e-06,0.005004883,-400.25253,65.71962,55.184006,0.0,0.9,0.0,-4.1272824e-24,0.0,75.72476,65.414536,65.34691,65.49429,65.781364
2018-01-01 06:58:00,7.816026e-26,0.0,65.71962,357730.44,0.75,0.0,12.919989,-1.1619784e-06,0.25,1.0,67.54822,0.0,0.0,0.0,-1.6322790000000003e-23,-2.2455883e-06,0.005004883,-400.25253,65.71962,55.184006,0.0,0.9,0.0,-1.0831462e-27,0.0,75.72454,65.4097,65.34148,65.48956,65.77582
2018-01-01 06:59:00,-6.2809457e-26,0.0,65.71962,357730.44,0.75,0.0,12.919989,1.1619784e-06,0.25,1.0,67.544044,0.0,0.0,0.0,-2.0913294e-23,6.478502e-06,0.005004883,-400.25253,65.71962,55.184006,0.0,0.9,0.0,-4.920348e-24,0.0,75.724266,65.40486,65.33603,65.48485,65.77022
2018-01-01 07:00:00,1.3455110999999998e-25,0.0,65.71962,357730.44,0.75,0.0,12.919989,1.1619784e-06,0.25,1.0,67.53988,0.0,0.0,0.0,-3.8212292e-24,3.0890058e-06,0.005004883,-400.25253,65.71962,55.184006,0.0,0.9,0.0,-4.2507997e-25,0.0,75.724045,65.400024,65.3306,65.48012,65.76461
2018-01-01 07:01:00,-8.684414e-27,0.0,65.71962,357730.44,0.75,0.0,12.938007,2.3239568e-06,0.25,1.0,67.535675,0.0,0.0,0.0,-4.0703254e-23,3.4016668e-06,0.005004883,-400.25253,65.71962,55.184006,0.0,0.9,0.0,-1.0557728e-24,0.0,75.72377,65.39514,65.3251,65.47534,65.759
2018-01-01 07:02:00,-4.8691239999999997e-26,0.0,65.71962,357730.44,0.75,0.0,12.956024,0.0,0.25,1.0,67.53151,0.0,0.0,0.0,-2.1360236e-23,-5.330835e-07,0.005004883,-400.25253,65.71962,55.184006,0.0,0.9,0.0,-7.7277696e-26,0.0,75.72356,65.390305,65.319664,65.47061,65.7534
2018-01-01 07:03:00,-6.7743085e-26,0.0,65.71962,357730.44,0.75,0.0,12.973988,2.3239568e-06,0.25,1.0,67.52733,0.0,0.0,0.0,-5.2656453e-23,-2.5628615e-06,0.005004883,-400.25253,65.71962,55.184006,0.0,0.9,0.0,-1.9383478e-25,0.0,75.72328,65.38547,65.314224,65.4659,65.7478
2018-01-01 07:04:00,4.7473877e-26,0.0,65.71962,357730.44,0.75,0.0,12.992004,-1.1619784e-06,0.25,1.0,67.52315,0.0,0.0,0.0,-3.5365798e-24,-1.2499474e-06,0.005004883,-400.25253,65.71962,55.184006,0.0,0.9,0.0,-4.6945555e-27,0.0,75.72301,65.38064,65.30879,65.46111,65.7422
2018-01-01 07:05:00,7.630716999999999e-26,0.0,65.71962,357730.44,0.75,0.0,13.010023,0.0,0.25,1.0,67.519005,0.0,0.0,0.0,-1.2939976e-24,4.6153064e-06,0.005004883,-400.25253,65.71962,55.184006,0.0,0.9,0.0,-9.546188e-25,0.0,75.72278,65.37581,65.303406,65.45639,65.73665
2018-01-01 07:06:00,-1.5176661e-25,0.0,65.71962,357730.44,0.75,0.0,13.027985,1.1619784e-06,0.25,1.0,67.51485,0.0,0.0,0.0,-2.8360676e-25,1.8186486e-06,0.005004883,-400.25253,65.71962,55.184006,0.0,0.9,0.0,-1.0089323e-26,0.0,75.7225,65.371025,65.297966,65.45166,65.73105
2018-01-01 07:07:00,-4.8892872e-26,0.0,65.71962,357730.44,0.75,0.0,13.046003,1.1619784e-06,0.25,1.0,67.51069,0.0,0.0,0.0,-5.056528e-23,-1.0919001e-06,0.005004883,-400.25253,65.71962,55.184006,0.0,0.9,0.0,-4.151936e-28,0.0,75.72223,65.366196,65.29259,65.446945,65.725494
2018-01-01 07:08:00,-2.476378e-26,0.0,65.71962,357730.44,0.75,0.0,13.06402,1.1619784e-06,0.25,1.0,67.50653,0.0,0.0,0.0,-1.405569e-23,-1.8477678e-07,0.005004883,-400.25253,65.71962,55.184006,0.0,0.9,0.0,-3.3491188000000005e-26,0.0,75.721954,65.36136,65.28714,65.442215,65.719955
2018-01-01 07:09:00,2.5191557000000002e-26,0.0,65.71962,357730.44,0.75,0.0,13.082037,-1.1619784e-06,0.25,1.0,67.50238,0.0,0.0,0.0,-1.9793948e-23,6.456933e-06,0.005004883,-400.25253,65.71962,55.184006,0.0,0.9,0.0,-3.9736344e-24,0.0,75.72168,65.35658,65.28176,65.43749,65.7144
2018-01-01 07:10:00,2.6064633e-26,0.0,65.71962,357730.44,0.75,0.0,13.1,3.4859352e-06,0.25,1.0,67.49825,0.0,0.0,0.0,-2.7168663e-24,-7.25674e-06,0.005004883,-400.25253,65.71962,55.184006,0.0,0.9,0.0,-2.9617428000000003e-24,0.0,75.721405,65.351746,65.27638,65.43282,65.70891
2018-01-01 07:11:00,1.9018624999999999e-25,0.0,65.71962,357730.44,0.75,0.0,13.118017,1.1619784e-06,0.25,1.0,67.49412,0.0,0.0,0.0,-1.7657293e-24,-6.421843e-06,0.005004883,-400.25253,65.71962,55.184006,0.0,0.9,0.0,-1.1123101e-24,0.0,75.72113,65.34697,65.270996,65.4281,65.70336
2018-01-01 07:12:00,-1.5113554e-25,0.0,65.71962,357730.44,0.75,0.0,13.136036,1.1619784e-06,0.25,1.0,67.489975,0.0,0.0,0.0,-6.766021e-26,-4.634363e-06,0.005004883,-400.25253,65.71962,55.184006,0.0,0.9,0.0,-2.5963724e-24,0.0,75.720856,65.342186,65.26561,65.42337,65.69787
2018-01-01 07:13:00,4.648525e-26,0.0,65.71962,357730.44,0.75,0.0,13.153997,0.0,0.25,1.0,67.485855,0.0,0.0,0.0,-2.8501765e-23,1.3175826e-06,0.005004883,-400.25253,65.71962,55.184006,0.0,0.9,0.0,-5.855677499999999e-25,0.0,75.72058,65.33736,65.260284,65.4187,65.69232
2018-01-01 07:14:00,-4.4817767000000004e-26,0.0,65.71962,357730.44,0.75,0.0,13.172016,0.0,0.25,1.0,67.48171,0.0,0.0,0.0,-4.8993124999999996e-23,6.9640826e-09,0.005004883,-400.25253,65.71962,55.184006,0.0,0.9,0.0,-5.964862e-27,0.0,75.72026,65.33257,65.2549,65.41403,65.68683
2018-01-01 07:15:00,6.3838557000000004e-27,0.0,65.71962,357730.44,0.75,0.0,13.190033,1.1619784e-06,0.25,1.0,67.4776,0.0,0.0,0.0,-3.453505e-24,-4.865395e-06,0.005004883,-400.25253,65.71962,55.184006,0.0,0.9,0.0,-6.0931966e-25,0.0,75.719986,65.32779,65.24957,65.40932,65.681335
2018-01-01 07:16:00,-5.4329536e-27,0.0,65.71962,357730.44,0.75,0.0,13.207996,-1.1619784e-06,0.25,1.0,67.473495,0.0,0.0,0.0,-7.988602999999999e-24,2.5700186e-07,0.005004883,-400.25253,65.71962,55.184006,0.0,0.9,0.0,-1.659873e-26,0.0,75.71965,65.32301,65.24425,65.40465,65.675896
2018-01-01 07:17:00,1.7148375000000001e-26,0.0,65.71962,357730.44,0.75,0.0,13.226013,1.1619784e-06,0.25,1.0,67.4694,0.0,0.0,0.0,-1.9510012e-23,1.0287011e-05,0.005004883,-400.25253,65.71962,55.184006,0.0,0.9,0.0,-3.0681374e-24,0.0,75.719376,65.31829,65.238914,65.39998,65.6704
2018-01-01 07:18:00,6.075919e-26,0.0,65.71962,357730.44,0.75,0.0,13.244032,1.1619784e-06,0.25,1.0,67.465294,0.0,0.0,0.0,-4.336566e-25,-5.882934e-06,0.005004883,-400.25253,65.71962,55.184006,0.0,0.9,0.0,-1.7977533e-24,0.0,75.7191,65.31351,65.23358,65.39531,65.66496
2018-01-01 07:19:00,1.5677867999999998e-25,0.0,65.71962,357730.44,0.75,0.0,13.261993,1.1619784e-06,0.25,1.0,67.46118,0.0,0.0,0.0,-8.189424600000001e-24,5.715814e-06,0.005004883,-400.25253,65.71962,55.184006,0.0,0.9,0.0,-4.1186618e-25,0.0,75.71877,65.30873,65.22832,65.39064,65.65947
2018-01-01 07:20:00,-1.5112678000000002e-26,0.0,65.71962,357730.44,0.75,0.0,13.280012,3.4859352e-06,0.25,1.0,67.45709,0.0,0.0,0.0,-9.7727276e-24,3.996708e-06,0.005004883,-400.25253,65.71962,55.184006,0.0,0.9,0.0,-4.907403e-28,0.0,75.718445,65.30401,65.222984,65.38597,65.65404
2018-01-01 07:21:00,-3.8165562e-26,0.0,65.71962,357730.44,0.75,0.0,13.298029,-2.3239568e-06,0.25,1.0,67.45301,0.0,0.0,0.0,-2.2018362e-24,7.594114e-07,0.005004883,-400.25253,65.71962,55.184006,0.0,0.9,0.0,-6.500507e-25,0.0,75.71817,65.299286,65.21771,65.3813,65.64859
2018-01-01 07:22:00,-3.8954814000000005e-26,0.0,65.71962,357730.44,0.75,0.0,13.315992,1.1619784e-06,0.25,1.0,67.44893,0.0,0.0,0.0,-5.966004000000001e-23,-2.7125288e-06,0.005004883,-400.25253,65.71962,55.184006,0.0,0.9,0.0,-3.830395e-24,0.0,75.717834,65.29451,65.21243,65.37668,65.64321
2018-01-01 07:23:00,7.512675e-26,0.0,65.71962,357730.44,0.75,0.0,13.334009,1.1619784e-06,0.25,1.0,67.44485,0.0,0.0,0.0,-2.210988e-24,-8.39385e-06,0.005004883,-400.25253,65.71962,55.184006,0.0,0.9,0.0,-1.1445964e-24,0.0,75.717514,65.28978,65.20717,65.37201,65.63777
2018-01-01 07:24:00,-2.5781047e-25,0.0,65.71962,357730.44,0.75,0.0,13.352026,1.1619784e-06,0.25,1.0,67.44077,0.0,0.0,0.0,-4.8237350000000003e-23,1.429221e-06,0.005004883,-400.25253,65.71962,55.184006,0.0,0.9,0.0,-4.1118147e-28,0.0,75.71718,65.28506,65.20189,65.36734,65.632385
2018-01-01 07:25:00,2.8703216000000004e-26,0.0,65.71962,357730.44,0.75,0.0,13.369989,0.0,0.25,1.0,67.4367,0.0,0.0,0.0,-1.8635342e-23,2.524716e-08,0.005004883,-400.25253,65.71962,55.184006,0.0,0.9,0.0,-4.7287808000000004e-26,0.0,75.71685,65.280334,65.19662,65.36273,65.62695
2018-01-01 07:26:00,4.4836537e-26,0.0,65.71962,357730.44,0.75,0.0,13.388006,1.1619784e-06,0.25,1.0,67.43263,0.0,0.0,0.0,-1.1852079e-23,-2.2913898e-06,0.005004883,-400.25253,65.71962,55.184006,0.0,0.9,0.0,-2.3542268000000002e-24,0.0,75.71652,65.275604,65.191345,65.358116,65.62157
2018-01-01 07:27:00,2.6765598000000004e-26,0.0,65.71962,357730.44,0.75,0.0,13.406025,0.0,0.25,1.0,67.42885,0.0,0.0,0.0,-1.8967604e-23,-1.3166288e-06,0.005004883,-400.25253,65.71962,55.184006,0.0,0.9,0.0,-4.5879815e-25,0.0,75.71619,65.270996,65.18623,65.35411,65.616684
2018-01-01 07:28:00,-1.2743134000000001e-27,0.0,65.71962,357730.44,0.75,0.0,13.423986,1.1619784e-06,0.25,1.0,67.42509,0.0,0.0,0.0,-1.2024841e-23,5.776879e-07,0.005004883,-400.25253,65.71962,55.184006,0.0,0.9,0.0,-7.201532e-26,0.0,75.715866,65.26638,65.18118,65.35015,65.61185
2018-01-01 07:29:00,4.9486724000000004e-26,0.0,65.71962,357730.44,0.75,0.0,13.442005,-1.1619784e-06,0.25,1.0,67.421364,0.0,0.0,0.0,-9.5220016e-24,-7.436961e-06,0.005004883,-400.25253,65.71962,55.184006,0.0,0.9,0.0,-1.5565803e-24,0.0,75.71553,65.261765,65.17613,65.346306,65.60707
2018-01-01 07:30:00,-6.092738000000001e-25,0.0,65.71962,357730.44,0.75,0.0,13.460022,0.0,0.25,1.0,67.41765,0.0,0.0,0.0,-1.9009137e-23,1.196991e-05,0.005004883,-400.25253,65.71962,55.184006,0.0,0.9,0.0,-6.8544514e-25,0.0,75.7152,65.2572,65.171074,65.34246,65.60229
2018-01-01 07:31:00,-3.0991526999999997e-25,0.0,65.71962,357730.44,0.75,0.0,13.477985,-1.1619784e-06,0.25,1.0,67.41399,0.0,0.0,0.0,-1.0881028e-23,3.6973594e-07,0.005004883,-400.25253,65.71962,55.184006,0.0,0.9,0.0,-7.203306500000001e-26,0.0,75.714874,65.25265,65.166016,65.33873,65.59762
2018-01-01 07:32:00,-1.680853e-26,0.0,65.71962,357730.44,0.75,0.0,13.496002,1.1619784e-06,0.25,1.0,67.41039,0.0,0.0,0.0,-5.7449837e-23,-7.0710587e-07,0.005004883,-400.25253,65.71962,55.184006,0.0,0.9,0.0,-2.5483083999999997e-25,0.0,75.71454,65.24809,65.161026,65.33516,65.59317
2018-01-01 07:33:00,4.500462000000001e-28,0.0,65.71962,357730.44,0.75,0.0,13.514021,1.1619784e-06,0.25,1.0,67.406906,0.0,0.0,0.0,-1.5473557e-23,-5.294186e-06,0.005004883,-400.25253,65.71962,55.184006,0.0,0.9,0.0,-2.4368539999999998e-24,0.0,75.71422,65.24353,65.15608,65.33186,65.58883
2018-01-01 07:34:00,2.5860484e-26,0.0,65.71962,357730.44,0.75,0.0,13.532038,1.1619784e-06,0.25,1.0,67.40351,0.0,0.0,0.0,-9.182675e-24,7.4352556e-06,0.005004883,-400.25253,65.71962,55.184006,0.0,0.9,0.0,-2.2823272e-25,0.0,75.71394,65.23903,65.15114,65.32873,65.58471
2018-01-01 07:35:00,-5.836129e-26,0.0,65.71962,357730.44,0.75,0.0,13.550001,1.1619784e-06,0.25,1.0,67.40017,0.0,0.0,0.0,-5.755535e-23,3.8518856e-06,0.005004883,-400.25253,65.71962,55.184006,0.0,0.9,0.0,-6.9471193e-25,0.0,75.71361,65.23452,65.146194,65.32582,65.5807
2018-01-01 07:36:00,3.2587597e-25,0.0,65.71962,357730.44,0.75,0.0,13.568018,1.1619784e-06,0.25,1.0,67.39693,0.0,0.0,0.0,-5.0547667e-23,4.5093634e-06,0.005004883,-400.25253,65.71962,55.184006,0.0,0.9,0.0,-1.7955685e-24,0.0,75.71328,65.23001,65.1413,65.32312,65.576904
2018-01-01 07:37:00,2.7264088e-25,0.0,65.71962,357730.44,0.75,0.0,13.586035,-2.3239568e-06,0.25,1.0,67.393776,0.0,0.0,0.0,-6.87284e-23,-1.5824739e-06,0.005004883,-400.25253,65.71962,55.184006,0.0,0.9,0.0,-9.082711e-25,0.0,75.713005,65.22557,65.13641,65.3206,65.57329
2018-01-01 07:38:00,9.724525e-27,0.0,65.71962,357730.44,0.75,0.0,13.603998,-1.1619784e-06,0.25,1.0,67.3908,0.0,0.0,0.0,-1.4060890000000002e-23,2.6791274e-06,0.005004883,-400.25253,65.71962,55.184006,0.0,0.9,0.0,-2.285786e-25,0.0,75.71273,65.221115,65.13158,65.318565,65.57004
2018-01-01 07:39:00,1.4682581e-26,0.0,65.71962,357730.44,0.75,0.0,13.622015,-2.3239568e-06,0.25,1.0,67.387955,0.0,0.0,0.0,-7.463722e-23,-6.246515e-06,0.005004883,-400.25253,65.71962,55.184006,0.0,0.9,0.0,-4.2430943e-24,0.0,75.712456,65.21667,65.1268,65.31676,65.56708
2018-01-01 07:40:00,-4.1346776000000003e-26,0.0,65.71962,357730.44,0.75,0.0,13.640034,3.4859352e-06,0.25,1.0,67.38521,0.0,0.0,0.0,-9.498978e-24,2.5876016e-06,0.005004883,-400.25253,65.71962,55.184006,0.0,0.9,0.0,-5.4266364e-26,0.0,75.712234,65.21227,65.122025,65.315155,65.56433
2018-01-01 07:41:00,3.9249173000000004e-26,0.0,65.71962,357730.44,0.75,0.0,13.657995,-1.1619784e-06,0.25,1.0,67.38256,0.0,0.0,0.0,-8.928901000000001e-23,-6.340357e-06,0.005004883,-400.25253,65.71962,55.184006,0.0,0.9,0.0,-7.160195e-25,0.0,75.71202,65.20788,65.117294,65.31384,65.5618
2018-01-01 07:42:00,8.40516e-25,0.0,65.71962,357730.44,0.75,0.0,13.676014,1.1619784e-06,0.25,1.0,67.38003,0.0,0.0,0.0,-5.0520053e-24,-5.7580373e-06,0.005004883,-400.25253,65.71962,55.184006,0.0,0.9,0.0,-1.3239053e-24,0.0,75.71179,65.20354,65.11257,65.312744,65.559494
2018-01-01 07:43:00,8.534305e-26,0.0,65.71962,357730.44,0.75,0.0,13.694031,1.1619784e-06,0.25,1.0,67.377625,0.0,0.0,0.0,-4.170587e-24,1.2159668e-06,0.005004883,-400.25253,65.71962,55.184006,0.0,0.9,0.0,-2.7630433e-26,0.0,75.71163,65.1992,65.1079,65.31192,65.557465
2018-01-01 07:44:00,3.6469724e-26,0.0,65.71962,357730.44,0.75,0.0,13.711994,-2.3239568e-06,0.25,1.0,67.37532,0.0,0.0,0.0,-4.1641892e-24,5.1082166e-06,0.005004883,-400.25253,65.71962,55.184006,0.0,0.9,0.0,-3.9370088e-25,0.0,75.71147,65.194855,65.10323,65.31137,65.55565
2018-01-01 07:45:00,-1.645643e-26,0.0,65.71962,357730.44,0.75,0.0,13.730011,1.1619784e-06,0.25,1.0,67.37312,0.0,0.0,0.0,-4.1588219999999996e-24,1.8288699e-06,0.005004883,-400.25253,65.71962,55.184006,0.0,0.9,0.0,-1.1035461e-25,0.0,75.7113,65.190575,65.09862,65.311035,65.55411
2018-01-01 07:46:00,7.802633e-26,0.0,65.71962,357730.44,0.75,0.0,13.74803,0.0,0.25,1.0,67.37107,0.0,0.0,0.0,-7.714094999999999e-24,1.9393035e-06,0.005004883,-400.25253,65.71962,55.184006,0.0,0.9,0.0,-8.215621e-25,0.0,75.7112,65.186295,65.09401,65.31099,65.55285
2018-01-01 07:47:00,7.1197575e-26,0.0,65.71962,357730.44,0.75,0.0,13.765991,1.1619784e-06,0.25,1.0,67.36914,0.0,0.0,0.0,-2.2222502999999997e-25,1.8847197e-06,0.005004883,-400.25253,65.71962,55.184006,0.0,0.9,0.0,-1.2361832e-25,0.0,75.711136,65.18206,65.08945,65.3112,65.551865
2018-01-01 07:48:00,4.0827385e-25,0.0,65.71962,357730.44,0.75,0.0,13.78401,0.0,0.25,1.0,67.367325,0.0,0.0,0.0,-1.9274862e-23,8.667599e-06,0.005004883,-400.25253,65.71962,55.184006,0.0,0.9,0.0,-1.0052105e-25,0.0,75.71108,65.17778,65.084946,65.3117,65.55115
2018-01-01 07:49:00,-4.029486e-25,0.0,65.71962,357730.44,0.75,0.0,13.802027,-1.1619784e-06,0.25,1.0,67.36564,0.0,0.0,0.0,-7.590206e-23,2.0109235e-06,0.005004883,-400.25253,65.71962,55.184006,0.0,0.9,0.0,-8.509893e-27,0.0,75.71108,65.1736,65.08044,65.31241,65.55065
2018-01-01 07:50:00,-3.5853854e-26,0.0,65.71962,357730.44,0.75,0.0,13.81999,-1.1619784e-06,0.25,1.0,67.36411,0.0,0.0,0.0,-1.8895046999999998e-23,-7.815612e-06,0.005004883,-400.25253,65.71962,55.184006,0.0,0.9,0.0,-3.2878812999999996e-25,0.0,75.711136,65.169426,65.07599,65.31346,65.55054
2018-01-01 07:51:00,-1.4059874e-26,0.0,65.71962,357730.44,0.75,0.0,13.838007,3.4859352e-06,0.25,1.0,67.36267,0.0,0.0,0.0,-8.42069e-24,-4.581884e-06,0.005004883,-400.25253,65.71962,55.184006,0.0,0.9,0.0,-3.0050027e-25,0.0,75.7112,65.16525,65.07153,65.31472,65.55065
2018-01-01 07:52:00,-9.201963e-26,0.0,65.71962,357730.44,0.75,0.0,13.856024,2.3239568e-06,0.25,1.0,67.361374,0.0,0.0,0.0,-2.2530011e-23,5.2738355e-06,0.005004883,-400.25253,65.71962,55.184006,0.0,0.9,0.0,-3.1528456e-26,0.0,75.7113,65.16107,65.06714,65.31625,65.55109
2018-01-01 07:53:00,-3.7676622000000005e-26,0.0,65.71962,357730.44,0.75,0.0,13.873987,-2.3239568e-06,0.25,1.0,67.36023,0.0,0.0,0.0,-7.4257206e-23,1.1753538e-06,0.005004883,-400.25253,65.71962,55.184006,0.0,0.9,0.0,-8.759278000000001e-25,0.0,75.71147,65.15695,65.062805,65.31807,65.551865
2018-01-01 07:54:00,-2.4897498e-26,0.0,65.71962,357730.44,0.75,0.0,13.892004,1.1619784e-06,0.25,1.0,67.359215,0.0,0.0,0.0,-1.4151866e-23,-1.8466103e-07,0.005004883,-400.25253,65.71962,55.184006,0.0,0.9,0.0,-5.0944354e-26,0.0,75.71163,65.15289,65.058464,65.32016,65.5529
2018-01-01 07:55:00,1.7396673000000002e-26,0.0,65.71962,357730.44,0.75,0.0,13.910023,1.1619784e-06,0.25,1.0,67.35834,0.0,0.0,0.0,-2.5613302e-24,5.227857e-06,0.005004883,-400.25253,65.71962,55.184006,0.0,0.9,0.0,-1.1789603999999998e-25,0.0,75.71185,65.14883,65.054184,65.322525,65.554276
2018-01-01 07:56:00,2.5213303e-26,0.0,65.71962,357730.44,0.75,0.0,13.927984,1.1619784e-06,0.25,1.0,67.35757,0.0,0.0,0.0,-3.6411946e-24,-4.7993767e-06,0.005004883,-400.25253,65.71962,55.184006,0.0,0.9,0.0,-7.705370000000001e-28,0.0,75.71213,65.14476,65.0499,65.3251,65.555984
2018-01-01 07:57:00,1.8704988999999998e-25,0.0,65.71962,357730.44,0.75,0.0,13.946003,1.1619784e-06,0.25,1.0,67.35697,0.0,0.0,0.0,-4.354907e-24,1.238015e-06,0.005004883,-400.25253,65.71962,55.184006,0.0,0.9,0.0,-1.3541398000000002e-26,0.0,75.712456,65.14075,65.04567,65.32802,65.55795
2018-01-01 07:58:00,2.7644819999999997e-26,0.0,65.71962,357730.44,0.75,0.0,13.96402,-1.1619784e-06,0.25,1.0,67.35652,0.0,0.0,0.0,-1.6780174e-23,-2.3509752e-07,0.005004883,-400.25253,65.71962,55.184006,0.0,0.9,0.0,-4.8580227e-26,0.0,75.71278,65.136795,65.04149,65.3312,65.56032
2018-01-01 07:59:00,-9.596296999999999e-26,0.0,65.71962,357730.44,0.75,0.0,13.9820385,-1.1619784e-06,0.25,1.0,67.3562,0.0,0.0,0.0,-5.0795846e-24,-4.923642e-06,0.005004883,-400.25253,65.71962,55.184006,0.0,0.9,0.0,-4.098278e-24,0.0,75.713165,65.13278,65.03737,65.334656,65.563065
2018-01-01 08:00:00,1.2669911e-25,0.0,65.71962,357730.44,0.75,0.0,14.0,-1.1619784e-06,0.25,1.0,67.35603,0.0,0.0,0.0,-1.05104375e-22,-3.048016e-06,0.005004883,-400.25253,65.71962,55.184006,0.0,0.9,0.0,-1.2042464e-24,0.0,75.71361,65.12889,65.03325,65.338394,65.56603
2018-01-01 08:01:00,-6.2049226e-28,0.0,65.71962,357730.44,0.75,0.0,14.033014,1.1619784e-06,0.25,1.0,67.356,0.0,0.0,0.0,-2.3613313e-23,2.4161448e-06,0.005004883,-400.25253,65.71962,55.184006,0.0,0.9,0.0,-6.117614999999999e-26,0.0,75.7141,65.124985,65.02919,65.34235,65.56938
2018-01-01 08:02:00,-1.0650534e-25,0.0,65.71962,357730.44,0.75,0.0,14.066029,0.0,0.25,1.0,67.356064,0.0,0.0,0.0,-3.309669e-24,-2.6320185e-06,0.005004883,-400.25253,65.71962,55.184006,0.0,0.9,0.0,-4.7083604e-26,0.0,75.71465,65.121086,65.025116,65.34653,65.57295
2018-01-01 08:03:00,-1.7741133e-25,0.0,65.71962,357730.44,0.75,0.0,14.098988,1.1619784e-06,0.25,1.0,67.35626,0.0,0.0,0.0,-5.6079295e-23,-1.3262463e-06,0.005004883,-400.25253,65.71962,55.184006,0.0,0.9,0.0,-9.0287115e-26,0.0,75.715256,65.11719,65.02111,65.35092,65.57686
2018-01-01 08:04:00,-4.3692143e-26,0.0,65.71962,357730.44,0.75,0.0,14.132002,-1.1619784e-06,0.25,1.0,67.3566,0.0,0.0,0.0,-1.5999270000000003e-23,3.4934433e-06,0.005004883,-400.25253,65.71962,55.184006,0.0,0.9,0.0,-1.5924972e-25,0.0,75.715866,65.11334,65.01715,65.35553,65.581085
2018-01-01 08:05:00,3.183043e-27,0.0,65.71962,357730.44,0.75,0.0,14.165014,-1.1619784e-06,0.25,1.0,67.35707,0.0,0.0,0.0,-1.1598612e-24,1.034815e-06,0.005004883,-400.25253,65.71962,55.184006,0.0,0.9,0.0,-2.0671982e-24,0.0,75.716576,65.10955,65.0132,65.36043,65.58559
2018-01-01 08:06:00,-1.9346895e-26,0.0,65.71962,357730.44,0.75,0.0,14.198029,-1.1619784e-06,0.25,1.0,67.35765,0.0,0.0,0.0,-1.6952917e-23,-1.0700114e-06,0.005004883,-400.25253,65.71962,55.184006,0.0,0.9,0.0,-1.7111522e-27,0.0,75.717285,65.10576,65.0093,65.36548,65.59042
2018-01-01 08:07:00,-8.7355475e-27,0.0,65.71962,357730.44,0.75,0.0,14.230988,1.1619784e-06,0.25,1.0,67.35842,0.0,0.0,0.0,-1.8791566e-23,-1.9705153e-06,0.005004883,-400.25253,65.71962,55.184006,0.0,0.9,0.0,-9.253952e-25,0.0,75.71806,65.101974,65.005455,65.37091,65.595695
2018-01-01 08:08:00,1.1424984000000001e-26,0.0,65.71962,357730.44,0.75,0.0,14.264002,1.1619784e-06,0.25,1.0,67.35934,0.0,0.0,0.0,-4.2742683e-23,1.0014929e-06,0.005004883,-400.25253,65.71962,55.184006,0.0,0.9,0.0,-1.6457967e-24,0.0,75.71889,65.09829,65.00166,65.37657,65.6013
2018-01-01 08:09:00,6.108118e-26,0.0,65.71962,357730.44,0.75,0.0,14.297016,3.4859352e-06,0.25,1.0,67.36039,0.0,0.0,0.0,-3.9141757e-23,-7.1209734e-06,0.005004883,-400.25253,65.71962,55.184006,0.0,0.9,0.0,-2.152202e-25,0.0,75.71976,65.09456,64.997925,65.38245,65.60723
2018-01-01 08:10:00,2.5448384e-25,0.0,65.71962,357730.44,0.75,0.0,14.33003,-1.1619784e-06,0.25,1.0,67.36159,0.0,0.0,0.0,-6.265034999999999e-26,5.509885e-06,0.005004883,-400.25253,65.71962,55.184006,0.0,0.9,0.0,-1.5936658e-25,0.0,75.720695,65.09093,64.994194,65.3886,65.613495
2018-01-01 08:11:00,3.4362405999999997e-25,0.0,65.71962,357730.44,0.75,0.0,14.362989,-1.1619784e-06,0.25,1.0,67.36289,0.0,0.0,0.0,-1.4785804000000001e-24,-7.095106e-06,0.005004883,-400.25253,65.71962,55.184006,0.0,0.9,0.0,-2.4451253e-24,0.0,75.72168,65.08725,64.99051,65.39492,65.62009
2018-01-01 08:12:00,-2.3318386000000002e-26,0.0,65.71962,357730.44,0.75,0.0,14.396002,1.1619784e-06,0.25,1.0,67.36434,0.0,0.0,0.0,-4.62682e-23,-2.711576e-06,0.005004883,-400.25253,65.71962,55.184006,0.0,0.9,0.0,-1.9122638e-25,0.0,75.72267,65.08362,64.98689,65.40151,65.62701
2018-01-01 08:13:00,-1.4194779e-25,0.0,65.71962,357730.44,0.75,0.0,14.429016,-1.1619784e-06,0.25,1.0,67.36593,0.0,0.0,0.0,-6.956035600000001e-26,1.1670571e-06,0.005004883,-400.25253,65.71962,55.184006,0.0,0.9,0.0,-4.691503000000001e-25,0.0,75.72377,65.08005,64.98326,65.408325,65.63426
2018-01-01 08:14:00,1.0653112e-25,0.0,65.71962,357730.44,0.75,0.0,14.46203,-2.3239568e-06,0.25,1.0,67.36766,0.0,0.0,0.0,-1.6098245e-23,1.193525e-06,0.005004883,-400.25253,65.71962,55.184006,0.0,0.9,0.0,-3.3584345e-26,0.0,75.72487,65.07648,64.97969,65.41536,65.64189
2018-01-01 08:15:00,1.5551712e-25,0.0,65.71962,357730.44,0.75,0.0,14.494989,1.1619784e-06,0.25,1.0,67.36952,0.0,0.0,0.0,-4.9143684e-24,1.202041e-06,0.005004883,-400.25253,65.71962,55.184006,0.0,0.9,0.0,-7.746674500000001e-26,0.0,75.726074,65.07297,64.97618,65.42261,65.6498
2018-01-01 08:16:00,-1.8087841999999999e-25,0.0,65.71962,357730.44,0.75,0.0,14.528004,1.1619784e-06,0.25,1.0,67.37152,0.0,0.0,0.0,-1.0181317e-23,2.2621455e-06,0.005004883,-400.25253,65.71962,55.184006,0.0,0.9,0.0,-2.4330769999999998e-24,0.0,75.72729,65.06945,64.97266,65.43008,65.65816
2018-01-01 08:17:00,-4.4199627e-26,0.0,65.71962,357730.44,0.75,0.0,14.561018,0.0,0.25,1.0,67.37367,0.0,0.0,0.0,-2.8223600000000003e-24,-2.564758e-06,0.005004883,-400.25253,65.71962,55.184006,0.0,0.9,0.0,-1.6844085e-24,0.0,75.728546,65.06593,64.96925,65.43777,65.66683
2018-01-01 08:18:00,4.888372e-26,0.0,65.71962,357730.44,0.75,0.0,14.59403,1.1619784e-06,0.25,1.0,67.37594,0.0,0.0,0.0,-8.713175e-24,-4.7539376e-07,0.005004883,-400.25253,65.71962,55.184006,0.0,0.9,0.0,-3.2718810000000005e-27,0.0,75.72987,65.06247,64.96579,65.44568,65.675896
2018-01-01 08:19:00,-3.6503238e-26,0.0,65.71962,357730.44,0.75,0.0,14.626989,1.1619784e-06,0.25,1.0,67.37837,0.0,0.0,0.0,-1.3633284000000001e-24,4.862253e-07,0.005004883,-400.25253,65.71962,55.184006,0.0,0.9,0.0,-1.2883916e-26,0.0,75.73125,65.05907,64.96245,65.45381,65.68529
2018-01-01 08:20:00,-1.5908201e-25,0.0,65.71962,357730.44,0.75,0.0,14.660004,0.0,0.25,1.0,67.38092,0.0,0.0,0.0,-3.5351875e-24,-6.51534e-06,0.005004883,-400.25253,65.71962,55.184006,0.0,0.9,0.0,-4.002409e-27,0.0,75.73262,65.055664,64.95909,65.46216,65.69507
2018-01-01 08:21:00,1.8833902999999999e-25,0.0,65.71962,357730.44,0.75,0.0,14.693018,-1.1619784e-06,0.25,1.0,67.38362,0.0,0.0,0.0,-1.1362895e-23,-7.4821955e-06,0.005004883,-400.25253,65.71962,55.184006,0.0,0.9,0.0,-8.498708500000001e-26,0.0,75.7341,65.05226,64.955795,65.470726,65.70523
2018-01-01 08:22:00,3.222428e-25,0.0,65.71962,357730.44,0.75,0.0,14.726032,1.1619784e-06,0.25,1.0,67.38645,0.0,0.0,0.0,-9.961377e-24,1.2419498e-06,0.005004883,-400.25253,65.71962,55.184006,0.0,0.9,0.0,-4.2871817e-26,0.0,75.73558,65.048904,64.95256,65.47946,65.715775
2018-01-01 08:23:00,-7.136926999999999e-26,0.0,65.71962,357730.44,0.75,0.0,14.758991,-2.3239568e-06,0.25,1.0,67.389435,0.0,0.0,0.0,-2.8374625e-24,6.0988855e-06,0.005004883,-400.25253,65.71962,55.184006,0.0,0.9,0.0,-1.3837253e-27,0.0,75.73712,65.045555,64.94931,65.488464,65.72671
2018-01-01 08:24:00,3.9620248e-25,0.0,65.71962,357730.44,0.75,0.0,14.792006,-2.3239568e-06,0.25,1.0,67.39256,0.0,0.0,0.0,-1.0133202e-23,4.036367e-06,0.005004883,-400.25253,65.71962,55.184006,0.0,0.9,0.0,-3.745384e-25,0.0,75.73877,65.04226,64.94613,65.49764,65.73802
2018-01-01 08:25:00,3.329546e-26,0.0,65.71962,357730.44,0.75,0.0,14.825018,-1.1619784e-06,0.25,1.0,67.39583,0.0,0.0,0.0,-3.6551767e-24,-5.450437e-06,0.005004883,-400.25253,65.71962,55.184006,0.0,0.9,0.0,-3.0830326e-25,0.0,75.74036,65.03902,64.94299,65.507095,65.749664
2018-01-01 08:26:00,-6.70217e-26,0.0,65.71962,357730.44,0.75,0.0,14.858032,2.3239568e-06,0.25,1.0,67.39923,0.0,0.0,0.0,-3.2739425e-23,6.231632e-06,0.005004883,-400.25253,65.71962,55.184006,0.0,0.9,0.0,-2.4840951e-25,0.0,75.742065,65.03578,64.939865,65.516754,65.7617
2018-01-01 08:27:00,-5.2462016e-25,0.0,65.71962,357730.44,0.75,0.0,14.890991,-1.1619784e-06,0.25,1.0,67.402794,0.0,0.0,0.0,-2.987299e-24,7.6749195e-08,0.005004883,-400.25253,65.71962,55.184006,0.0,0.9,0.0,-1.404843e-25,0.0,75.74377,65.03259,64.93679,65.52664,65.77417
2018-01-01 08:28:00,-1.331098e-26,0.0,65.71962,357730.44,0.75,0.0,14.9240055,0.0,0.25,1.0,67.406494,0.0,0.0,0.0,-8.986513e-24,-1.8735699e-07,0.005004883,-400.25253,65.71962,55.184006,0.0,0.9,0.0,-8.1395284e-27,0.0,75.74553,65.0294,64.93377,65.53676,65.78697
2018-01-01 08:29:00,-1.5763005e-26,0.0,65.71962,357730.44,0.75,0.0,14.95702,1.1619784e-06,0.25,1.0,67.41032,0.0,0.0,0.0,-3.5087198e-23,-3.8796156e-06,0.005004883,-400.25253,65.71962,55.184006,0.0,0.9,0.0,-1.4354033e-24,0.0,75.74734,65.026215,64.9308,65.54708,65.800156
2018-01-01 08:30:00,3.362356e-26,0.0,65.71962,357730.44,0.75,0.0,14.990034,1.1619784e-06,0.25,1.0,67.41429,0.0,0.0,0.0,-6.860845e-24,5.2754053e-06,0.005004883,-400.25253,65.71962,55.184006,0.0,0.9,0.0,-1.9271742000000002e-24,0.0,75.74921,65.02309,64.92784,65.55757,65.813774
2018-01-01 08:31:00,1.7857666e-26,0.0,65.71962,357730.44,0.75,0.0,15.022993,-1.1619784e-06,0.25,1.0,67.41841,0.0,0.0,0.0,-2.583203e-24,-2.4314709e-06,0.005004883,-400.25253,65.71962,55.184006,0.0,0.9,0.0,-6.4007474e-25,0.0,75.75107,65.02001,64.92493,65.568344,65.82773
2018-01-01 08:32:00,8.051866000000001e-27,0.0,65.71962,357730.44,0.75,0.0,15.0560055,1.1619784e-06,0.25,1.0,67.422646,0.0,0.0,0.0,-1.12464854e-23,2.2207313e-08,0.005004883,-400.25253,65.71962,55.184006,0.0,0.9,0.0,-3.3684197000000003e-26,0.0,75.75299,65.01694,64.92207,65.579216,65.84201
2018-01-01 08:33:00,-7.830637e-27,0.0,65.71962,357730.44,0.75,0.0,15.08902,-1.1619784e-06,0.25,1.0,67.427,0.0,0.0,0.0,-1.9443947999999998e-25,-1.6889331e-06,0.005004883,-400.25253,65.71962,55.184006,0.0,0.9,0.0,-9.438700400000001e-26,0.0,75.754974,65.013916,64.91921,65.590256,65.85662
2018-01-01 08:34:00,5.312868e-26,0.0,65.71962,357730.44,0.75,0.0,15.122034,-2.3239568e-06,0.25,1.0,67.43144,0.0,0.0,0.0,-2.9854632e-24,-9.250188e-08,0.005004883,-400.25253,65.71962,55.184006,0.0,0.9,0.0,-7.74779e-26,0.0,75.75695,65.010895,64.91641,65.60146,65.871506
2018-01-01 08:35:00,2.5996803e-26,0.0,65.71962,357730.44,0.75,0.0,15.154993,1.1619784e-06,0.25,1.0,67.43598,0.0,0.0,0.0,-5.5639464e-23,8.462099e-06,0.005004883,-400.25253,65.71962,55.184006,0.0,0.9,0.0,-2.214961e-24,0.0,75.75893,65.00793,64.913605,65.612724,65.88672
2018-01-01 08:36:00,-3.3761e-27,0.0,65.71962,357730.44,0.75,0.0,15.188007,1.1619784e-06,0.25,1.0,67.440636,0.0,0.0,0.0,-1.6284265e-23,-2.9545997e-06,0.005004883,-400.25253,65.71962,55.184006,0.0,0.9,0.0,-3.6578190000000003e-25,0.0,75.76102,65.00496,64.91092,65.624146,65.90216
2018-01-01 08:37:00,1.9529455000000002e-26,0.0,65.71962,357730.44,0.75,0.0,15.221022,1.1619784e-06,0.25,1.0,67.44537,0.0,0.0,0.0,-8.152725e-24,-5.897017e-09,0.005004883,-400.25253,65.71962,55.184006,0.0,0.9,0.0,-1.5407559e-25,0.0,75.76305,65.002,64.90817,65.63568,65.917984
2018-01-01 08:38:00,-6.4183576000000005e-27,0.0,65.71962,357730.44,0.75,0.0,15.254034,1.1619784e-06,0.25,1.0,67.45023,0.0,0.0,0.0,-3.049852e-24,-7.7133345e-06,0.005004883,-400.25253,65.71962,55.184006,0.0,0.9,0.0,-3.2497861999999996e-25,0.0,75.76519,64.999084,64.90553,65.64733,65.93402
2018-01-01 08:39:00,-1.0807562e-26,0.0,65.71962,357730.44,0.75,0.0,15.286993,1.1619784e-06,0.25,1.0,67.45518,0.0,0.0,0.0,-1.474123e-23,-2.0290554e-06,0.005004883,-400.25253,65.71962,55.184006,0.0,0.9,0.0,-5.545667e-25,0.0,75.76727,64.99623,64.90289,65.65914,65.95033
2018-01-01 08:40:00,-2.846201e-26,0.0,65.71962,357730.44,0.75,0.0,15.320007,-2.3239568e-06,0.25,1.0,67.460205,0.0,0.0,0.0,-5.6037184e-24,-6.807598e-06,0.005004883,-400.25253,65.71962,55.184006,0.0,0.9,0.0,-1.7870622e-24,0.0,75.76947,64.99337,64.900314,65.67095,65.96692
2018-01-01 08:41:00,4.713343e-25,0.0,65.71962,357730.44,0.75,0.0,15.353022,1.1619784e-06,0.25,1.0,67.46532,0.0,0.0,0.0,-7.3337272e-25,-5.1075135e-06,0.005004883,-400.25253,65.71962,55.184006,0.0,0.9,0.0,-1.2239421000000001e-24,0.0,75.77162,64.99051,64.897736,65.68292,65.98384
2018-01-01 08:42:00,5.306347299999999e-25,0.0,65.71962,357730.44,0.75,0.0,15.386036,1.1619784e-06,0.25,1.0,67.470535,0.0,0.0,0.0,-2.0160498e-23,-7.335947e-07,0.005004883,-400.25253,65.71962,55.184006,0.0,0.9,0.0,-2.8864695000000003e-24,0.0,75.77382,64.98772,64.8952,65.69496,66.00098
2018-01-01 08:43:00,5.285070999999999e-26,0.0,65.71962,357730.44,0.75,0.0,15.418995,1.1619784e-06,0.25,1.0,67.47584,0.0,0.0,0.0,-1.0833443999999999e-23,-5.2493607e-07,0.005004883,-400.25253,65.71962,55.184006,0.0,0.9,0.0,-2.1565404e-24,0.0,75.77602,64.98497,64.892685,65.70709,66.018394
2018-01-01 08:44:00,-2.3608136000000001e-26,0.0,65.71962,357730.44,0.75,0.0,15.452009,0.0,0.25,1.0,67.481224,0.0,0.0,0.0,-8.557265e-24,3.28198e-06,0.005004883,-400.25253,65.71962,55.184006,0.0,0.9,0.0,-2.0323518e-24,0.0,75.77826,64.98222,64.89021,65.719345,66.03609
2018-01-01 08:45:00,-2.5386081e-27,0.0,65.71962,357730.44,0.75,0.0,15.485022,1.1619784e-06,0.25,1.0,67.48668,0.0,0.0,0.0,-1.9136324e-23,-6.8998793e-06,0.005004883,-400.25253,65.71962,55.184006,0.0,0.9,0.0,-2.4652349000000002e-24,0.0,75.78046,64.97948,64.88779,65.73165,66.05405
2018-01-01 08:46:00,-2.4913295e-26,0.0,65.71962,357730.44,0.75,0.0,15.518036,0.0,0.25,1.0,67.49223,0.0,0.0,0.0,-8.645836e-24,-6.3962347e-07,0.005004883,-400.25253,65.71962,55.184006,0.0,0.9,0.0,-1.1089799e-25,0.0,75.782715,64.976776,64.885376,65.74401,66.07228
2018-01-01 08:47:00,-1.3537865e-26,0.0,65.71962,357730.44,0.75,0.0,15.550995,1.1619784e-06,0.25,1.0,67.497856,0.0,0.0,0.0,-1.8751413000000002e-24,2.095661e-06,0.005004883,-400.25253,65.71962,55.184006,0.0,0.9,0.0,-1.5855978e-24,0.0,75.784966,64.97409,64.88296,65.756485,66.09079
2018-01-01 08:48:00,1.4770416e-26,0.0,65.71962,357730.44,0.75,0.0,15.584009,1.1619784e-06,0.25,1.0,67.503586,0.0,0.0,0.0,-8.0801555e-24,2.6720588e-06,0.005004883,-400.25253,65.71962,55.184006,0.0,0.9,0.0,-6.460012e-25,0.0,75.78728,64.97145,64.880646,65.769005,66.10953
2018-01-01 08:49:00,2.5005103e-27,0.0,65.71962,357730.44,0.75,0.0,15.617023,1.1619784e-06,0.25,1.0,67.50935,0.0,0.0,0.0,-1.8227265e-23,-2.708004e-06,0.005004883,-400.25253,65.71962,55.184006,0.0,0.9,0.0,-5.950211400000001e-26,0.0,75.78952,64.96881,64.87834,65.781525,66.12853
2018-01-01 08:50:00,-1.4971609e-25,0.0,65.71962,357730.44,0.75,0.0,15.650038,1.1619784e-06,0.25,1.0,67.51521,0.0,0.0,0.0,-4.3848625e-23,-2.3191283e-06,0.005004883,-400.25253,65.71962,55.184006,0.0,0.9,0.0,-8.711889e-27,0.0,75.79183,64.96618,64.87604,65.79416,66.14781
2018-01-01 08:51:00,-2.0632124e-26,0.0,65.71962,357730.44,0.75,0.0,15.682997,-1.1619784e-06,0.25,1.0,67.52116,0.0,0.0,0.0,-9.681039e-24,-1.2528525e-07,0.005004883,-400.25253,65.71962,55.184006,0.0,0.9,0.0,-2.440546e-28,0.0,75.79414,64.96359,64.87378,65.80691,66.16737
2018-01-01 08:52:00,2.5356932e-26,0.0,65.71962,357730.44,0.75,0.0,15.716009,-1.1619784e-06,0.25,1.0,67.527145,0.0,0.0,0.0,-7.5850263e-25,3.871494e-07,0.005004883,-400.25253,65.71962,55.184006,0.0,0.9,0.0,-7.233995600000001e-26,0.0,75.79639,64.961075,64.87154,65.819595,66.18715
2018-01-01 08:53:00,-7.34165e-27,0.0,65.71962,357730.44,0.75,0.0,15.749023,-2.3239568e-06,0.25,1.0,67.53324,0.0,0.0,0.0,-2.9266077e-23,3.9869997e-06,0.005004883,-400.25253,65.71962,55.184006,0.0,0.9,0.0,-1.0776761e-25,0.0,75.7987,64.95854,64.869385,65.8324,66.2072
2018-01-01 08:54:00,1.2105101e-25,0.0,65.71962,357730.44,0.75,0.0,15.782038,1.1619784e-06,0.25,1.0,67.53938,0.0,0.0,0.0,-8.215975e-25,5.0944095e-07,0.005004883,-400.25253,65.71962,55.184006,0.0,0.9,0.0,-1.5482482000000001e-24,0.0,75.80101,64.95602,64.86719,65.845245,66.22746
2018-01-01 08:55:00,-2.5547689999999998e-26,0.0,65.71962,357730.44,0.75,0.0,15.814997,1.1619784e-06,0.25,1.0,67.54561,0.0,0.0,0.0,-8.5621085e-24,-6.5921226e-06,0.005004883,-400.25253,65.71962,55.184006,0.0,0.9,0.0,-1.0926171000000001e-24,0.0,75.803314,64.953545,64.86505,65.85811,66.24801
2018-01-01 08:56:00,8.005802400000001e-26,0.0,65.71962,357730.44,0.75,0.0,15.848011,0.0,0.25,1.0,67.551895,0.0,0.0,0.0,-2.5076503e-23,4.951124e-07,0.005004883,-400.25253,65.71962,55.184006,0.0,0.9,0.0,-9.0187186e-27,0.0,75.80562,64.95107,64.86296,65.87102,66.26883
2018-01-01 08:57:00,1.892368e-26,0.0,65.71962,357730.44,0.75,0.0,15.881025,-1.1619784e-06,0.25,1.0,67.55825,0.0,0.0,0.0,-1.3378226e-23,8.769785e-07,0.005004883,-400.25253,65.71962,55.184006,0.0,0.9,0.0,-1.0719754e-25,0.0,75.80792,64.948654,64.86087,65.88397,66.28987
2018-01-01 08:58:00,-3.1023884e-26,0.0,65.71962,357730.44,0.75,0.0,15.914038,-1.1619784e-06,0.25,1.0,67.56468,0.0,0.0,0.0,-9.104343e-24,1.3596112e-06,0.005004883,-400.25253,65.71962,55.184006,0.0,0.9,0.0,-1.1403236e-26,0.0,75.81018,64.94624,64.85884,65.89694,66.31118
2018-01-01 08:59:00,-2.7946994e-26,0.0,65.71962,357730.44,0.75,0.0,15.946997,1.1619784e-06,0.25,1.0,67.57117,0.0,0.0,0.0,-1.0814279e-23,-2.1849908e-06,0.005004883,-400.25253,65.71962,55.184006,0.0,0.9,0.0,-2.9629232e-27,0.0,75.812485,64.94388,64.85681,65.909904,66.33276
2018-01-01 09:00:00,6.4392770000000006e-27,0.0,65.71962,357730.44,0.75,0.0,15.980011,-1.1619784e-06,0.25,1.0,67.57773,0.0,0.0,0.0,-2.212732e-24,4.8563234e-06,0.005004883,-400.25253,65.71962,55.184006,0.0,0.9,0.0,-2.5964432e-24,0.0,75.81479,64.94151,64.85483,65.92293,66.354576
2018-01-01 09:01:00,3.4793807000000004e-26,0.0,65.71962,357730.44,0.75,0.0,16.045984,-1.1619784e-06,0.25,1.0,67.58433,0.0,0.0,0.0,-8.538716e-24,-1.2132784e-06,0.005004883,-400.25253,65.71962,55.184006,0.0,0.9,0.0,-1.6796752e-25,0.0,75.81705,64.93915,64.85286,65.936,66.3766
2018-01-01 09:02:00,-2.2914157000000002e-26,0.0,65.71962,357730.44,0.75,0.0,16.112011,-1.1619784e-06,0.25,1.0,67.59104,0.0,0.0,0.0,-7.917394000000001e-25,1.6538449e-07,0.005004883,-400.25253,65.71962,55.184006,0.0,0.9,0.0,-1.5300516000000001e-27,0.0,75.81935,64.936844,64.85094,65.94918,66.39891
2018-01-01 09:03:00,1.689648e-26,0.0,65.71962,357730.44,0.75,0.0,16.177986,-1.1619784e-06,0.25,1.0,67.59779,0.0,0.0,0.0,-3.1157416e-24,-2.109196e-06,0.005004883,-400.25253,65.71962,55.184006,0.0,0.9,0.0,-1.0785926e-25,0.0,75.82161,64.93454,64.849014,65.962364,66.42143
2018-01-01 09:04:00,1.1240504e-25,0.0,65.71962,357730.44,0.75,0.0,16.244013,-1.1619784e-06,0.25,1.0,67.6046,0.0,0.0,0.0,-7.3610776e-23,-4.1518618e-07,0.005004883,-400.25253,65.71962,55.184006,0.0,0.9,0.0,-2.1976563e-27,0.0,75.82385,64.93228,64.84714,65.9756,66.44417
2018-01-01 09:05:00,4.7781505e-26,0.0,65.71962,357730.44,0.75,0.0,16.309986,1.1619784e-06,0.25,1.0,67.6115,0.0,0.0,0.0,-3.6122e-24,1.5434599e-06,0.005004883,-400.25253,65.71962,55.184006,0.0,0.9,0.0,-1.5810584e-25,0.0,75.82611,64.93004,64.84533,65.988846,66.467186
2018-01-01 09:06:00,1.5110960999999998e-25,0.0,65.71962,357730.44,0.75,0.0,16.376015,-1.1619784e-06,0.25,1.0,67.61841,0.0,0.0,0.0,-7.510821e-23,1.1910153e-07,0.005004883,-400.25253,65.71962,55.184006,0.0,0.9,0.0,-2.0537384e-24,0.0,75.82836,64.92778,64.84352,66.00203,66.49037
2018-01-01 09:07:00,7.238918e-27,0.0,65.71962,357730.44,0.75,0.0,16.441986,1.1619784e-06,0.25,1.0,67.62541,0.0,0.0,0.0,-1.7321461999999998e-23,1.4923509e-06,0.005004883,-400.25253,65.71962,55.184006,0.0,0.9,0.0,-2.7372974e-24,0.0,75.83061,64.92558,64.84176,66.01526,66.513824
2018-01-01 09:08:00,4.4384387e-26,0.0,65.71962,357730.44,0.75,0.0,16.508015,-1.1619784e-06,0.25,1.0,67.63243,0.0,0.0,0.0,-5.923996000000001e-23,8.3191225e-07,0.005004883,-400.25253,65.71962,55.184006,0.0,0.9,0.0,-6.5169210000000005e-25,0.0,75.83281,64.923386,64.84,66.02844,66.5375
2018-01-01 09:09:00,-2.0826788000000001e-26,0.0,65.71962,357730.44,0.75,0.0,16.573986,0.0,0.25,1.0,67.63954,0.0,0.0,0.0,-1.10884095e-23,-7.5426574e-06,0.005004883,-400.25253,65.71962,55.184006,0.0,0.9,0.0,-1.7868627000000002e-26,0.0,75.83507,64.92125,64.8383,66.041626,66.56145
2018-01-01 09:10:00,-1.7018942e-25,0.0,65.71962,357730.44,0.75,0.0,16.640015,2.3239568e-06,0.25,1.0,67.64668,0.0,0.0,0.0,-3.4908382e-23,1.9126057e-06,0.005004883,-400.25253,65.71962,55.184006,0.0,0.9,0.0,-4.0199464e-24,0.0,75.837265,64.9191,64.836655,66.05481,66.58556
2018-01-01 09:11:00,-3.345185e-26,0.0,65.71962,357730.44,0.75,0.0,16.705988,-1.1619784e-06,0.25,1.0,67.65386,0.0,0.0,0.0,-7.401599500000001e-24,7.017721e-07,0.005004883,-400.25253,65.71962,55.184006,0.0,0.9,0.0,-5.543637e-25,0.0,75.8394,64.91696,64.83501,66.06799,66.609955
2018-01-01 09:12:00,-4.3551048000000003e-26,0.0,65.71962,357730.44,0.75,0.0,16.772015,-1.1619784e-06,0.25,1.0,67.66111,0.0,0.0,0.0,-2.3567137e-24,3.1189795e-06,0.005004883,-400.25253,65.71962,55.184006,0.0,0.9,0.0,-5.211332e-25,0.0,75.8416,64.91487,64.83336,66.08113,66.63457
2018-01-01 09:13:00,-1.9365101000000002e-26,0.0,65.71962,357730.44,0.75,0.0,16.83799,1.1619784e-06,0.25,1.0,67.66838,0.0,0.0,0.0,-1.6017616999999998e-23,-8.699663e-07,0.005004883,-400.25253,65.71962,55.184006,0.0,0.9,0.0,-3.7648489999999996e-26,0.0,75.84374,64.91278,64.83176,66.0942,66.65939
2018-01-01 09:14:00,2.1807214000000002e-26,0.0,65.71962,357730.44,0.75,0.0,16.904016,-2.3239568e-06,0.25,1.0,67.67571,0.0,0.0,0.0,-4.6070414e-25,3.1011211e-06,0.005004883,-400.25253,65.71962,55.184006,0.0,0.9,0.0,-9.311602600000001e-26,0.0,75.84589,64.91075,64.83022,66.10727,66.68444
2018-01-01 09:15:00,2.921642e-25,0.0,65.71962,357730.44,0.75,0.0,16.96999,1.1619784e-06,0.25,1.0,67.6831,0.0,0.0,0.0,-6.814531e-24,3.0374958e-06,0.005004883,-400.25253,65.71962,55.184006,0.0,0.9,0.0,-4.729679000000001e-25,0.0,75.84802,64.90872,64.82869,66.120346,66.70971
2018-01-01 09:16:00,1.9328035e-25,0.0,65.71962,357730.44,0.75,0.0,17.036018,-2.3239568e-06,0.25,1.0,67.690506,0.0,0.0,0.0,-1.6446589e-23,-3.1977237e-07,0.005004883,-400.25253,65.71962,55.184006,0.0,0.9,0.0,-5.0756072000000004e-26,0.0,75.85011,64.90674,64.8272,66.133316,66.7352
2018-01-01 09:17:00,4.939874e-26,0.0,65.71962,357730.44,0.75,0.0,17.10199,-1.1619784e-06,0.25,1.0,67.69798,0.0,0.0,0.0,-1.6496154e-23,3.2439668e-06,0.005004883,-400.25253,65.71962,55.184006,0.0,0.9,0.0,-4.849369e-25,0.0,75.85226,64.90471,64.825775,66.14627,66.76091
2018-01-01 09:18:00,-3.2322112e-26,0.0,65.71962,357730.44,0.75,0.0,17.168018,1.1619784e-06,0.25,1.0,67.7055,0.0,0.0,0.0,-1.6498007e-24,-7.088566e-06,0.005004883,-400.25253,65.71962,55.184006,0.0,0.9,0.0,-3.702771e-24,0.0,75.854294,64.90279,64.82434,66.15918,66.78689
2018-01-01 09:19:00,6.346372e-26,0.0,65.71962,357730.44,0.75,0.0,17.23399,1.1619784e-06,0.25,1.0,67.71305,0.0,0.0,0.0,-1.0767234e-23,3.0851177e-06,0.005004883,-400.25253,65.71962,55.184006,0.0,0.9,0.0,-1.4325389e-24,0.0,75.85638,64.90081,64.82292,66.17204,66.813095
2018-01-01 09:20:00,-1.3976881e-25,0.0,65.71962,357730.44,0.75,0.0,17.300018,1.1619784e-06,0.25,1.0,67.72066,0.0,0.0,0.0,-4.6003177e-24,7.7474283e-07,0.005004883,-400.25253,65.71962,55.184006,0.0,0.9,0.0,-3.6905659999999996e-26,0.0,75.85841,64.89894,64.821594,66.18484,66.83946
2018-01-01 09:21:00,2.9630075e-26,0.0,65.71962,357730.44,0.75,0.0,17.365992,1.1619784e-06,0.25,1.0,67.72827,0.0,0.0,0.0,-2.5342021e-23,-1.0106518e-06,0.005004883,-400.25253,65.71962,55.184006,0.0,0.9,0.0,-1.03614715e-26,0.0,75.86044,64.89702,64.82022,66.197586,66.866104
2018-01-01 09:22:00,2.1822211e-26,0.0,65.71962,357730.44,0.75,0.0,17.432018,1.1619784e-06,0.25,1.0,67.73595,0.0,0.0,0.0,-7.183409e-24,3.7445452e-06,0.005004883,-400.25253,65.71962,55.184006,0.0,0.9,0.0,-1.0370618999999999e-25,0.0,75.86242,64.89516,64.81891,66.210266,66.89302
2018-01-01 09:23:00,7.709373700000001e-26,0.0,65.71962,357730.44,0.75,0.0,17.497993,1.1619784e-06,0.25,1.0,67.743675,0.0,0.0,0.0,-3.9403200000000005e-23,-2.6758078e-06,0.005004883,-400.25253,65.71962,55.184006,0.0,0.9,0.0,-1.5317721e-25,0.0,75.864395,64.89334,64.81764,66.2229,66.9201
2018-01-01 09:24:00,-2.8958869999999996e-26,0.0,65.71962,357730.44,0.75,0.0,17.56402,-1.1619784e-06,0.25,1.0,67.75144,0.0,0.0,0.0,-1.7760866e-24,-2.0072066e-06,0.005004883,-400.25253,65.71962,55.184006,0.0,0.9,0.0,-6.155519e-26,0.0,75.86638,64.89147,64.81644,66.23549,66.94745
2018-01-01 09:25:00,1.3423938999999999e-25,0.0,65.71962,357730.44,0.75,0.0,17.629993,1.1619784e-06,0.25,1.0,67.75923,0.0,0.0,0.0,-9.666983e-24,-1.4101705e-06,0.005004883,-400.25253,65.71962,55.184006,0.0,0.9,0.0,-5.11194e-25,0.0,75.8683,64.88971,64.81523,66.247955,66.974976
2018-01-01 09:26:00,-4.9620377000000003e-26,0.0,65.71962,357730.44,0.75,0.0,17.696022,-2.3239568e-06,0.25,1.0,67.76706,0.0,0.0,0.0,-2.5017432e-24,-6.794576e-07,0.005004883,-400.25253,65.71962,55.184006,0.0,0.9,0.0,-2.2196327000000001e-26,0.0,75.870224,64.8879,64.81402,66.26037,67.00277
2018-01-01 09:27:00,-3.67528e-27,0.0,65.71962,357730.44,0.75,0.0,17.761993,-1.1619784e-06,0.25,1.0,67.77495,0.0,0.0,0.0,-2.2582413e-27,-1.7478442e-08,0.005004883,-400.25253,65.71962,55.184006,0.0,0.9,0.0,-1.3632620999999999e-25,0.0,75.87215,64.8862,64.81287,66.27273,67.03084
2018-01-01 09:28:00,6.480121300000001e-26,0.0,65.71962,357730.44,0.75,0.0,17.828022,1.1619784e-06,0.25,1.0,67.78285,0.0,0.0,0.0,-2.1059017e-23,7.132161e-07,0.005004883,-400.25253,65.71962,55.184006,0.0,0.9,0.0,-3.8720082000000004e-26,0.0,75.87401,64.884445,64.81177,66.28497,67.059074
2018-01-01 09:29:00,5.229293999999999e-26,0.0,65.71962,357730.44,0.75,0.0,17.893993,-2.3239568e-06,0.25,1.0,67.79081,0.0,0.0,0.0,-1.9338491e-24,1.4517874e-06,0.005004883,-400.25253,65.71962,55.184006,0.0,0.9,0.0,-9.813229999999999e-25,0.0,75.87588,64.88274,64.81067,66.29717,67.087585
2018-01-01 09:30:00,-1.718759e-26,0.0,65.71962,357730.44,0.75,0.0,17.960022,1.1619784e-06,0.25,1.0,67.79879,0.0,0.0,0.0,-2.0848354e-23,2.6945997e-06,0.005004883,-400.25253,65.71962,55.184006,0.0,0.9,0.0,-8.143207e-27,0.0,75.87775,64.88109,64.80962,66.30926,67.11626
2018-01-01 09:31:00,1.7307303e-26,0.0,65.71962,357730.44,0.75,0.0,18.025995,-1.1619784e-06,0.25,1.0,67.8068,0.0,0.0,0.0,-5.5176738000000005e-24,7.546112e-07,0.005004883,-400.25253,65.71962,55.184006,0.0,0.9,0.0,-9.873425e-26,0.0,75.87956,64.87944,64.80858,66.32123,67.1452
2018-01-01 09:32:00,1.7388642000000002e-26,0.0,65.71962,357730.44,0.75,0.0,18.092022,-1.1619784e-06,0.25,1.0,67.81484,0.0,0.0,0.0,-1.4991579e-23,-5.3481926e-06,0.005004883,-400.25253,65.71962,55.184006,0.0,0.9,0.0,-4.1150038000000005e-24,0.0,75.88137,64.87779,64.80759,66.3331,67.17438
2018-01-01 09:33:00,-1.3549186e-25,0.0,65.71962,357730.44,0.75,0.0,18.157997,0.0,0.25,1.0,67.8229,0.0,0.0,0.0,-1.0211496e-23,5.3071108e-06,0.005004883,-400.25253,65.71962,55.184006,0.0,0.9,0.0,-3.2526470000000003e-25,0.0,75.88318,64.876205,64.8066,66.34485,67.20366
2018-01-01 09:34:00,-3.1622836e-26,0.0,65.71962,357730.44,0.75,0.0,18.224024,-1.1619784e-06,0.25,1.0,67.83097,0.0,0.0,0.0,-5.0976093e-24,-1.4885148e-06,0.005004883,-400.25253,65.71962,55.184006,0.0,0.9,0.0,-6.919601e-25,0.0,75.884995,64.8746,64.805664,66.3565,67.23309
2018-01-01 09:35:00,-1.0259116e-26,0.0,65.71962,357730.44,0.75,0.0,18.289997,3.4859352e-06,0.25,1.0,67.839035,0.0,0.0,0.0,-3.1516990000000005e-23,-5.4358275e-06,0.005004883,-400.25253,65.71962,55.184006,0.0,0.9,0.0,-3.660007e-24,0.0,75.88675,64.87302,64.80473,66.36792,67.26276
2018-01-01 09:36:00,-4.8897334e-26,0.0,65.71962,357730.44,0.75,0.0,18.356026,0.0,0.25,1.0,67.847084,0.0,0.0,0.0,-1.9090370000000003e-23,-3.076158e-06,0.005004883,-400.25253,65.71962,55.184006,0.0,0.9,0.0,-5.171141e-25,0.0,75.88846,64.871475,64.8038,66.379135,67.292534
2018-01-01 09:37:00,2.4552384e-25,0.0,65.71962,357730.44,0.75,0.0,18.421997,1.1619784e-06,0.25,1.0,67.85515,0.0,0.0,0.0,-7.347127e-24,2.7070669e-06,0.005004883,-400.25253,65.71962,55.184006,0.0,0.9,0.0,-8.078387400000001e-26,0.0,75.89021,64.869934,64.80292,66.39017,67.322525
2018-01-01 09:38:00,2.236882e-26,0.0,65.71962,357730.44,0.75,0.0,18.488026,-1.1619784e-06,0.25,1.0,67.863205,0.0,0.0,0.0,-4.1361764000000005e-24,5.5495057e-06,0.005004883,-400.25253,65.71962,55.184006,0.0,0.9,0.0,-1.7453615e-24,0.0,75.89186,64.868454,64.80205,66.40105,67.35263
2018-01-01 09:39:00,4.8247209999999997e-26,0.0,65.71962,357730.44,0.75,0.0,18.553997,0.0,0.25,1.0,67.87128,0.0,0.0,0.0,-1.947405e-23,-1.5004233e-06,0.005004883,-400.25253,65.71962,55.184006,0.0,0.9,0.0,-1.5124061000000002e-26,0.0,75.89357,64.866974,64.80122,66.411705,67.3829
2018-01-01 09:40:00,-4.5466417e-25,0.0,65.71962,357730.44,0.75,0.0,18.620026,1.1619784e-06,0.25,1.0,67.879326,0.0,0.0,0.0,-5.582609000000001e-23,-1.1290693e-06,0.005004883,-400.25253,65.71962,55.184006,0.0,0.9,0.0,-3.1854573e-26,0.0,75.89522,64.86549,64.8004,66.422195,67.41333
2018-01-01 09:41:00,-2.3459237e-26,0.0,65.71962,357730.44,0.75,0.0,18.685999,1.1619784e-06,0.25,1.0,67.887405,0.0,0.0,0.0,-1.6797380000000002e-23,-7.5105904e-06,0.005004883,-400.25253,65.71962,55.184006,0.0,0.9,0.0,-1.7777055e-24,0.0,75.896866,64.86406,64.79962,66.432526,67.443924
2018-01-01 09:42:00,-7.4719956e-26,0.0,65.71962,357730.44,0.75,0.0,18.752026,1.1619784e-06,0.25,1.0,67.895454,0.0,0.0,0.0,-3.54985e-24,-7.223945e-07,0.005004883,-400.25253,65.71962,55.184006,0.0,0.9,0.0,-8.402398e-26,0.0,75.89851,64.86263,64.79886,66.44263,67.47463
2018-01-01 09:43:00,3.5609893000000004e-26,0.0,65.71962,357730.44,0.75,0.0,18.818,1.1619784e-06,0.25,1.0,67.90349,0.0,0.0,0.0,-9.978177e-24,1.6673381e-06,0.005004883,-400.25253,65.71962,55.184006,0.0,0.9,0.0,-3.1686644e-25,0.0,75.9001,64.861206,64.79809,66.452576,67.50551
2018-01-01 09:44:00,-1.1376532000000001e-26,0.0,65.71962,357730.44,0.75,0.0,18.884027,1.1619784e-06,0.25,1.0,67.911545,0.0,0.0,0.0,-6.9112455e-26,6.111748e-07,0.005004883,-400.25253,65.71962,55.184006,0.0,0.9,0.0,-9.045646e-26,0.0,75.901695,64.85983,64.79738,66.462296,67.536545
2018-01-01 09:45:00,5.55117e-26,0.0,65.71962,357730.44,0.75,0.0,18.95,-2.3239568e-06,0.25,1.0,67.9196,0.0,0.0,0.0,-1.0633181999999999e-23,3.084822e-06,0.005004883,-400.25253,65.71962,55.184006,0.0,0.9,0.0,-3.2372287999999997e-25,0.0,75.90329,64.85846,64.79666,66.471855,67.56774
2018-01-01 09:46:00,-6.580919e-26,0.0,65.71962,357730.44,0.75,0.0,19.01603,-2.3239568e-06,0.25,1.0,67.927635,0.0,0.0,0.0,-3.7610766e-24,1.9147662e-06,0.005004883,-400.25253,65.71962,55.184006,0.0,0.9,0.0,-1.7194642000000001e-26,0.0,75.90483,64.857086,64.795944,66.48119,67.599106
2018-01-01 09:47:00,1.369378e-25,0.0,65.71962,357730.44,0.75,0.0,19.082,-1.1619784e-06,0.25,1.0,67.93568,0.0,0.0,0.0,-4.0891773e-24,4.261604e-06,0.005004883,-400.25253,65.71962,55.184006,0.0,0.9,0.0,-1.1014979e-24,0.0,75.906364,64.85577,64.79529,66.49037,67.630585
2018-01-01 09:48:00,4.2532379999999996e-26,0.0,65.71962,357730.44,0.75,0.0,19.14803,0.0,0.25,1.0,67.94371,0.0,0.0,0.0,-1.6776099e-23,7.779011e-06,0.005004883,-400.25253,65.71962,55.184006,0.0,0.9,0.0,-1.4092014e-26,0.0,75.9079,64.85445,64.79463,66.49932,67.662224
2018-01-01 09:49:00,-2.2136857e-25,0.0,65.71962,357730.44,0.75,0.0,19.214,1.1619784e-06,0.25,1.0,67.951744,0.0,0.0,0.0,-4.2583548e-24,-5.1134866e-06,0.005004883,-400.25253,65.71962,55.184006,0.0,0.9,0.0,-2.1755410000000002e-25,0.0,75.90944,64.85318,64.79402,66.50811,67.69397
2018-01-01 09:50:00,1.4954005e-26,0.0,65.71962,357730.44,0.75,0.0,19.28003,1.1619784e-06,0.25,1.0,67.95979,0.0,0.0,0.0,-6.39058e-24,-1.996915e-07,0.005004883,-400.25253,65.71962,55.184006,0.0,0.9,0.0,-1.6744876e-24,0.0,75.91092,64.85192,64.79342,66.51674,67.725945
2018-01-01 09:51:00,-5.0796183e-26,0.0,65.71962,357730.44,0.75,0.0,19.346003,1.1619784e-06,0.25,1.0,67.9678,0.0,0.0,0.0,-7.324660000000001e-24,4.700692e-06,0.005004883,-400.25253,65.71962,55.184006,0.0,0.9,0.0,-6.188183e-25,0.0,75.91241,64.85066,64.792816,66.52514,67.757965
2018-01-01 09:52:00,-1.402098e-25,0.0,65.71962,357730.44,0.75,0.0,19.41203,0.0,0.25,1.0,67.97583,0.0,0.0,0.0,-3.9035703e-23,-2.7593094e-07,0.005004883,-400.25253,65.71962,55.184006,0.0,0.9,0.0,-8.4656965e-26,0.0,75.913895,64.84945,64.79227,66.533325,67.790215
2018-01-01 09:53:00,-6.7047214e-27,0.0,65.71962,357730.44,0.75,0.0,19.478004,1.1619784e-06,0.25,1.0,67.98384,0.0,0.0,0.0,-3.356181e-24,-9.995578e-07,0.005004883,-400.25253,65.71962,55.184006,0.0,0.9,0.0,-4.128223e-24,0.0,75.91531,64.848236,64.79172,66.54134,67.82257
2018-01-01 09:54:00,1.3761718e-28,0.0,65.71962,357730.44,0.75,0.0,19.544031,-1.1619784e-06,0.25,1.0,67.99184,0.0,0.0,0.0,-6.81119e-23,1.0613838e-06,0.005004883,-400.25253,65.71962,55.184006,0.0,0.9,0.0,-1.1795733e-24,0.0,75.91675,64.84703,64.79117,66.54915,67.85509
2018-01-01 09:55:00,-3.205841e-26,0.0,65.71962,357730.44,0.75,0.0,19.610004,1.1619784e-06,0.25,1.0,67.99986,0.0,0.0,0.0,-2.4887262e-25,3.066789e-06,0.005004883,-400.25253,65.71962,55.184006,0.0,0.9,0.0,-9.840494000000001e-25,0.0,75.91823,64.84588,64.79067,66.55678,67.88772
2018-01-01 09:56:00,-1.2201468e-26,0.0,65.71962,357730.44,0.75,0.0,19.676033,0.0,0.25,1.0,68.00786,0.0,0.0,0.0,-2.6742333e-24,1.5487201e-06,0.005004883,-400.25253,65.71962,55.184006,0.0,0.9,0.0,-5.231902e-26,0.0,75.9196,64.84473,64.79018,66.564255,67.92052
2018-01-01 09:57:00,3.159395e-26,0.0,65.71962,357730.44,0.75,0.0,19.742004,1.1619784e-06,0.25,1.0,68.015854,0.0,0.0,0.0,-9.695930000000001e-26,-4.454342e-08,0.005004883,-400.25253,65.71962,55.184006,0.0,0.9,0.0,-1.0584388e-25,0.0,75.921036,64.84363,64.78969,66.5715,67.953415
2018-01-01 09:58:00,-2.5659783e-28,0.0,65.71962,357730.44,0.75,0.0,19.808033,-1.1619784e-06,0.25,1.0,68.023834,0.0,0.0,0.0,-3.4068737e-24,1.8788547e-06,0.005004883,-400.25253,65.71962,55.184006,0.0,0.9,0.0,-1.364527e-24,0.0,75.922455,64.84247,64.789246,66.57854,67.98648
2018-01-01 09:59:00,4.0268018e-26,0.0,65.71962,357730.44,0.75,0.0,19.874004,-2.3239568e-06,0.25,1.0,68.03184,0.0,0.0,0.0,-1.9585897e-23,3.6389858e-07,0.005004883,-400.25253,65.71962,55.184006,0.0,0.9,0.0,-1.3540033e-25,0.0,75.92383,64.84143,64.7888,66.5854,68.019714
2018-01-01 10:00:00,1.0623883e-26,0.0,65.71962,357730.44,0.75,0.0,19.940033,1.1619784e-06,0.25,1.0,68.03981,0.0,0.0,0.0,-5.127288e-24,2.5066631e-06,0.005004883,-400.25253,65.71962,55.184006,0.0,0.9,0.0,-2.896647e-25,0.0,75.9252,64.84033,64.78842,66.59204,68.05306
2018-01-01 10:01:00,1.8194696e-26,0.0,65.71962,357730.44,0.75,0.0,19.991009,-1.1619784e-06,0.25,1.0,68.04779,0.0,0.0,0.0,-1.718693e-27,-5.3074878e-06,0.005004883,-400.25253,65.71962,55.184006,0.0,0.9,0.0,-6.092551e-25,0.0,75.926575,64.83929,64.78798,66.598526,68.08657
2018-01-01 10:02:00,-4.6149756000000005e-26,0.0,65.71962,357730.44,0.75,0.0,20.041986,-1.1619784e-06,0.25,1.0,68.05576,0.0,0.0,0.0,-1.6850540000000002e-28,-2.877676e-07,0.005004883,-400.25253,65.71962,55.184006,0.0,0.9,0.0,-6.394363e-26,0.0,75.9279,64.83824,64.78765,66.60484,68.12019
2018-01-01 10:03:00,-3.0158414e-26,0.0,65.71962,357730.44,0.75,0.0,20.093018,-1.1619784e-06,0.25,1.0,68.06375,0.0,0.0,0.0,-1.2591383e-23,7.959028e-07,0.005004883,-400.25253,65.71962,55.184006,0.0,0.9,0.0,-2.5730774e-25,0.0,75.929276,64.83725,64.78726,66.61095,68.15402
2018-01-01 10:04:00,3.0758971000000002e-27,0.0,65.71962,357730.44,0.75,0.0,20.143993,1.1619784e-06,0.25,1.0,68.07174,0.0,0.0,0.0,-2.600028e-24,5.1219413e-06,0.005004883,-400.25253,65.71962,55.184006,0.0,0.9,0.0,-1.5141692e-24,0.0,75.93059,64.836266,64.78694,66.616875,68.188034
2018-01-01 10:05:00,1.3927958999999999e-25,0.0,65.71962,357730.44,0.75,0.0,20.195026,1.1619784e-06,0.25,1.0,68.07975,0.0,0.0,0.0,-1.5925582e-23,-1.1775682e-06,0.005004883,-400.25253,65.71962,55.184006,0.0,0.9,0.0,-1.2834046e-25,0.0,75.93196,64.83533,64.78667,66.62264,68.22214
2018-01-01 10:06:00,-1.0442884400000001e-26,0.0,65.71962,357730.44,0.75,0.0,20.246002,-2.3239568e-06,0.25,1.0,68.08773,0.0,0.0,0.0,-6.4305215e-23,-4.9523027e-07,0.005004883,-400.25253,65.71962,55.184006,0.0,0.9,0.0,-1.1633517e-25,0.0,75.93328,64.8344,64.78639,66.62819,68.256424
2018-01-01 10:07:00,1.5061124000000001e-27,0.0,65.71962,357730.44,0.75,0.0,20.297035,1.1619784e-06,0.25,1.0,68.09573,0.0,0.0,0.0,-1.4362093e-23,-1.2826797e-07,0.005004883,-400.25253,65.71962,55.184006,0.0,0.9,0.0,-6.256109500000001e-26,0.0,75.93454,64.83352,64.78612,66.633575,68.29092
2018-01-01 10:08:00,1.5600797e-26,0.0,65.71962,357730.44,0.75,0.0,20.348011,1.1619784e-06,0.25,1.0,68.103745,0.0,0.0,0.0,-4.90179e-23,5.299326e-07,0.005004883,-400.25253,65.71962,55.184006,0.0,0.9,0.0,-1.1789192e-25,0.0,75.93587,64.83264,64.78589,66.638794,68.32552
2018-01-01 10:09:00,2.0483804e-26,0.0,65.71962,357730.44,0.75,0.0,20.398987,1.1619784e-06,0.25,1.0,68.11176,0.0,0.0,0.0,-4.2011194000000005e-24,-1.1859995e-06,0.005004883,-400.25253,65.71962,55.184006,0.0,0.9,0.0,-2.4186699e-26,0.0,75.93718,64.83182,64.785675,66.643845,68.36029
2018-01-01 10:10:00,-1.3234743e-25,0.0,65.71962,357730.44,0.75,0.0,20.45002,1.1619784e-06,0.25,1.0,68.11977,0.0,0.0,0.0,-4.2327176e-24,3.1714987e-06,0.005004883,-400.25253,65.71962,55.184006,0.0,0.9,0.0,-5.837382399999999e-25,0.0,75.938446,64.83099,64.78551,66.64868,68.39523
2018-01-01 10:11:00,-3.944345e-26,0.0,65.71962,357730.44,0.75,0.0,20.500996,-1.1619784e-06,0.25,1.0,68.12779,0.0,0.0,0.0,-7.698014000000001e-23,1.7613812e-07,0.005004883,-400.25253,65.71962,55.184006,0.0,0.9,0.0,-1.6259635e-29,0.0,75.93976,64.83017,64.78534,66.65335,68.43033
2018-01-01 10:12:00,-1.2600139e-26,0.0,65.71962,357730.44,0.75,0.0,20.552027,-1.1619784e-06,0.25,1.0,68.13581,0.0,0.0,0.0,-1.7093029e-23,3.6404963e-08,0.005004883,-400.25253,65.71962,55.184006,0.0,0.9,0.0,-5.5905037e-28,0.0,75.941025,64.8294,64.78518,66.65785,68.4656
2018-01-01 10:13:00,1.7566436e-26,0.0,65.71962,357730.44,0.75,0.0,20.603004,0.0,0.25,1.0,68.14385,0.0,0.0,0.0,-1.7821620000000002e-23,-6.1393956e-07,0.005004883,-400.25253,65.71962,55.184006,0.0,0.9,0.0,-3.7588646e-26,0.0,75.94229,64.82869,64.785065,66.66219,68.50103
2018-01-01 10:14:00,-1.0286795e-25,0.0,65.71962,357730.44,0.75,0.0,20.654034,1.1619784e-06,0.25,1.0,68.15188,0.0,0.0,0.0,-3.72482e-24,-5.496432e-06,0.005004883,-400.25253,65.71962,55.184006,0.0,0.9,0.0,-1.9456917999999999e-25,0.0,75.94356,64.82797,64.78496,66.66637,68.536575
2018-01-01 10:15:00,-2.6317617999999997e-25,0.0,65.71962,357730.44,0.75,0.0,20.705011,-2.3239568e-06,0.25,1.0,68.15993,0.0,0.0,0.0,-7.7196666e-23,-1.4327071e-06,0.005004883,-400.25253,65.71962,55.184006,0.0,0.9,0.0,-4.7375037e-25,0.0,75.94482,64.827255,64.784904,66.67038,68.57228
2018-01-01 10:16:00,-1.1288252e-25,0.0,65.71962,357730.44,0.75,0.0,20.75599,-2.3239568e-06,0.25,1.0,68.167984,0.0,0.0,0.0,-3.1405525e-24,-1.3038466e-06,0.005004883,-400.25253,65.71962,55.184006,0.0,0.9,0.0,-9.454538e-25,0.0,75.94603,64.8266,64.78485,66.674225,68.6082
2018-01-01 10:17:00,-3.5222713e-26,0.0,65.71962,357730.44,0.75,0.0,20.807018,0.0,0.25,1.0,68.17604,0.0,0.0,0.0,-1.2194926e-23,5.566265e-06,0.005004883,-400.25253,65.71962,55.184006,0.0,0.9,0.0,-1.597422e-25,0.0,75.94729,64.82594,64.78485,66.6779,68.64424
2018-01-01 10:18:00,-5.0295919999999996e-26,0.0,65.71962,357730.44,0.75,0.0,20.857996,3.4859352e-06,0.25,1.0,68.18412,0.0,0.0,0.0,-1.441031e-23,-5.0728054e-06,0.005004883,-400.25253,65.71962,55.184006,0.0,0.9,0.0,-1.1372731e-24,0.0,75.94855,64.82533,64.78479,66.68147,68.680435
2018-01-01 10:19:00,1.9811052e-26,0.0,65.71962,357730.44,0.75,0.0,20.909027,1.1619784e-06,0.25,1.0,68.192184,0.0,0.0,0.0,-1.8367512e-23,7.9718546e-07,0.005004883,-400.25253,65.71962,55.184006,0.0,0.9,0.0,-3.5518657e-25,0.0,75.94976,64.82473,64.78485,66.68483,68.71675
2018-01-01 10:20:00,2.0092329e-26,0.0,65.71962,357730.44,0.75,0.0,20.960003,1.1619784e-06,0.25,1.0,68.20027,0.0,0.0,0.0,-1.5359183e-23,-1.3477086e-06,0.005004883,-400.25253,65.71962,55.184006,0.0,0.9,0.0,-3.8301212999999997e-25,0.0,75.95097,64.82418,64.78485,66.688065,68.75328
2018-01-01 10:21:00,4.699602e-28,0.0,65.71962,357730.44,0.75,0.0,21.011036,-1.1619784e-06,0.25,1.0,68.208374,0.0,0.0,0.0,-1.5796940999999998e-23,3.6574966e-06,0.005004883,-400.25253,65.71962,55.184006,0.0,0.9,0.0,-4.0760827999999996e-25,0.0,75.95223,64.82363,64.78496,66.69115,68.78992
2018-01-01 10:22:00,2.689957e-26,0.0,65.71962,357730.44,0.75,0.0,21.062012,1.1619784e-06,0.25,1.0,68.21648,0.0,0.0,0.0,-1.8559333e-24,8.4203275e-06,0.005004883,-400.25253,65.71962,55.184006,0.0,0.9,0.0,-2.533355e-24,0.0,75.953445,64.823135,64.78502,66.69405,68.82672
2018-01-01 10:23:00,9.526493e-25,0.0,65.71962,357730.44,0.75,0.0,21.112988,-1.1619784e-06,0.25,1.0,68.22459,0.0,0.0,0.0,-7.756057000000001e-23,-3.2429537e-07,0.005004883,-400.25253,65.71962,55.184006,0.0,0.9,0.0,-2.1918686e-24,0.0,75.95465,64.82265,64.785126,66.69685,68.86363
2018-01-01 10:24:00,1.0164613e-25,0.0,65.71962,357730.44,0.75,0.0,21.16402,1.1619784e-06,0.25,1.0,68.23271,0.0,0.0,0.0,-2.813811e-25,-1.3511021e-06,0.005004883,-400.25253,65.71962,55.184006,0.0,0.9,0.0,-2.302697e-25,0.0,75.95586,64.822205,64.78523,66.69949,68.90077
2018-01-01 10:25:00,1.1486876000000001e-26,0.0,65.71962,357730.44,0.75,0.0,21.214996,1.1619784e-06,0.25,1.0,68.240845,0.0,0.0,0.0,-5.600619e-23,6.1888145e-06,0.005004883,-400.25253,65.71962,55.184006,0.0,0.9,0.0,-1.5225328999999999e-25,0.0,75.95706,64.82171,64.7854,66.70202,68.93801
2018-01-01 10:26:00,5.1139923e-26,0.0,65.71962,357730.44,0.75,0.0,21.26603,1.1619784e-06,0.25,1.0,68.249,0.0,0.0,0.0,-3.7817317e-23,-4.1619845e-07,0.005004883,-400.25253,65.71962,55.184006,0.0,0.9,0.0,-2.4635132999999998e-25,0.0,75.958275,64.82132,64.78557,66.70444,68.97542
2018-01-01 10:27:00,-3.9039096000000003e-26,0.0,65.71962,357730.44,0.75,0.0,21.317005,-1.1619784e-06,0.25,1.0,68.25715,0.0,0.0,0.0,-1.6356973999999999e-23,-3.6817718e-07,0.005004883,-400.25253,65.71962,55.184006,0.0,0.9,0.0,-2.042357e-26,0.0,75.95943,64.82094,64.78573,66.70669,69.01294
2018-01-01 10:28:00,-1.4846638000000002e-26,0.0,65.71962,357730.44,0.75,0.0,21.368036,1.1619784e-06,0.25,1.0,68.26532,0.0,0.0,0.0,-1.6412792e-23,-2.4190138e-07,0.005004883,-400.25253,65.71962,55.184006,0.0,0.9,0.0,-5.8042394e-31,0.0,75.96063,64.82056,64.78595,66.70883,69.05062
2018-01-01 10:29:00,-3.4823377e-26,0.0,65.71962,357730.44,0.75,0.0,21.419014,1.1619784e-06,0.25,1.0,68.27351,0.0,0.0,0.0,-2.0468427999999999e-25,1.4900634e-07,0.005004883,-400.25253,65.71962,55.184006,0.0,0.9,0.0,-9.297552000000001e-25,0.0,75.961845,64.82022,64.78616,66.71086,69.08847
2018-01-01 10:30:00,-1.2247544e-27,0.0,65.71962,357730.44,0.75,0.0,21.46999,1.1619784e-06,0.25,1.0,68.281715,0.0,0.0,0.0,-5.0345793e-25,-3.3196297e-06,0.005004883,-400.25253,65.71962,55.184006,0.0,0.9,0.0,-1.7736345999999999e-25,0.0,75.963,64.8199,64.78644,66.71278,69.12648
2018-01-01 10:31:00,1.2906625e-25,0.0,65.71962,357730.44,0.75,0.0,21.52102,3.4859352e-06,0.25,1.0,68.289955,0.0,0.0,0.0,-7.2490685e-24,-1.1392136e-07,0.005004883,-400.25253,65.71962,55.184006,0.0,0.9,0.0,-2.8255927000000002e-27,0.0,75.9642,64.819626,64.78671,66.7146,69.164604
2018-01-01 10:32:00,-1.2878538e-26,0.0,65.71962,357730.44,0.75,0.0,21.571999,1.1619784e-06,0.25,1.0,68.29816,0.0,0.0,0.0,-7.083578499999999e-25,3.0024926e-06,0.005004883,-400.25253,65.71962,55.184006,0.0,0.9,0.0,-2.5161493e-25,0.0,75.96536,64.81935,64.78705,66.7163,69.20273
2018-01-01 10:33:00,1.4553247e-25,0.0,65.71962,357730.44,0.75,0.0,21.623028,-1.1619784e-06,0.25,1.0,68.30636,0.0,0.0,0.0,-1.7973429e-23,-5.3466606e-06,0.005004883,-400.25253,65.71962,55.184006,0.0,0.9,0.0,-5.958044e-26,0.0,75.96657,64.81912,64.78738,66.717896,69.240845
2018-01-01 10:34:00,-2.2282080999999997e-25,0.0,65.71962,357730.44,0.75,0.0,21.674006,-1.1619784e-06,0.25,1.0,68.31455,0.0,0.0,0.0,-8.5959843e-26,-1.0798524e-07,0.005004883,-400.25253,65.71962,55.184006,0.0,0.9,0.0,-8.9071e-25,0.0,75.96773,64.81891,64.787704,66.71944,69.27898
2018-01-01 10:35:00,-1.4519164000000002e-26,0.0,65.71962,357730.44,0.75,0.0,21.725037,1.1619784e-06,0.25,1.0,68.32274,0.0,0.0,0.0,-1.9024657e-23,-1.5057585e-06,0.005004883,-400.25253,65.71962,55.184006,0.0,0.9,0.0,-4.5775537000000004e-26,0.0,75.96887,64.81874,64.78815,66.720856,69.31704
2018-01-01 10:36:00,7.555621600000001e-26,0.0,65.71962,357730.44,0.75,0.0,21.776012,3.4859352e-06,0.25,1.0,68.33091,0.0,0.0,0.0,-1.2075939e-23,3.9833167e-06,0.005004883,-400.25253,65.71962,55.184006,0.0,0.9,0.0,-3.2292037e-24,0.0,75.970085,64.81857,64.78859,66.72223,69.35506
2018-01-01 10:37:00,5.8834195e-26,0.0,65.71962,357730.44,0.75,0.0,21.82699,0.0,0.25,1.0,68.33907,0.0,0.0,0.0,-4.3751258e-23,-2.0101736e-07,0.005004883,-400.25253,65.71962,55.184006,0.0,0.9,0.0,-5.5726357e-25,0.0,75.97124,64.81847,64.789024,66.72356,69.39307
2018-01-01 10:38:00,6.0993566000000006e-27,0.0,65.71962,357730.44,0.75,0.0,21.878021,-2.3239568e-06,0.25,1.0,68.34722,0.0,0.0,0.0,-4.0034297000000005e-24,-3.6709628e-06,0.005004883,-400.25253,65.71962,55.184006,0.0,0.9,0.0,-6.121673e-25,0.0,75.9724,64.81841,64.78952,66.724815,69.43097
2018-01-01 10:39:00,-2.1013565999999997e-25,0.0,65.71962,357730.44,0.75,0.0,21.928997,-1.1619784e-06,0.25,1.0,68.35536,0.0,0.0,0.0,-1.6853672e-23,2.9939329e-06,0.005004883,-400.25253,65.71962,55.184006,0.0,0.9,0.0,-7.27322e-25,0.0,75.97354,64.81836,64.79007,66.72597,69.46887
2018-01-01 10:40:00,-8.809306e-27,0.0,65.71962,357730.44,0.75,0.0,21.98003,0.0,0.25,1.0,68.3635,0.0,0.0,0.0,-7.830779e-24,-3.4633392e-06,0.005004883,-400.25253,65.71962,55.184006,0.0,0.9,0.0,-3.312292e-24,0.0,75.9747,64.81836,64.79062,66.72713,69.506714
2018-01-01 10:41:00,5.5992140000000005e-27,0.0,65.71962,357730.44,0.75,0.0,22.031006,1.1619784e-06,0.25,1.0,68.37163,0.0,0.0,0.0,-5.523676e-24,-6.44705e-06,0.005004883,-400.25253,65.71962,55.184006,0.0,0.9,0.0,-1.4912344000000001e-24,0.0,75.97585,64.81836,64.79122,66.728226,69.54451
2018-01-01 10:42:00,-2.9713167e-26,0.0,65.71962,357730.44,0.75,0.0,22.082039,-1.1619784e-06,0.25,1.0,68.37974,0.0,0.0,0.0,-9.76117e-25,8.3529335e-07,0.005004883,-400.25253,65.71962,55.184006,0.0,0.9,0.0,-1.0281468e-24,0.0,75.977005,64.81841,64.791824,66.72926,69.5822
2018-01-01 10:43:00,-4.6839759999999996e-26,0.0,65.71962,357730.44,0.75,0.0,22.133015,-1.1619784e-06,0.25,1.0,68.38786,0.0,0.0,0.0,-1.8066122e-24,-5.914941e-07,0.005004883,-400.25253,65.71962,55.184006,0.0,0.9,0.0,-1.4330661999999998e-25,0.0,75.978165,64.81853,64.79248,66.730255,69.61987
2018-01-01 10:44:00,-7.329207e-27,0.0,65.71962,357730.44,0.75,0.0,22.18399,-2.3239568e-06,0.25,1.0,68.39597,0.0,0.0,0.0,-1.5424312e-23,-2.22911e-06,0.005004883,-400.25253,65.71962,55.184006,0.0,0.9,0.0,-4.135925e-25,0.0,75.97931,64.818634,64.7932,66.73125,69.657455
2018-01-01 10:45:00,4.6925465e-26,0.0,65.71962,357730.44,0.75,0.0,22.235023,1.1619784e-06,0.25,1.0,68.40405,0.0,0.0,0.0,-1.0811948500000001e-23,-1.7837214e-06,0.005004883,-400.25253,65.71962,55.184006,0.0,0.9,0.0,-4.8329923e-25,0.0,75.98041,64.81874,64.79397,66.73218,69.69497
2018-01-01 10:46:00,-1.1989627e-25,0.0,65.71962,357730.44,0.75,0.0,22.286,0.0,0.25,1.0,68.41213,0.0,0.0,0.0,-2.6638208e-24,-5.646491e-06,0.005004883,-400.25253,65.71962,55.184006,0.0,0.9,0.0,-1.5555574e-24,0.0,75.98157,64.81896,64.79468,66.733055,69.732376
2018-01-01 10:47:00,4.9449897000000003e-26,0.0,65.71962,357730.44,0.75,0.0,22.33703,1.1619784e-06,0.25,1.0,68.420204,0.0,0.0,0.0,-3.7991947e-24,-3.939918e-06,0.005004883,-400.25253,65.71962,55.184006,0.0,0.9,0.0,-2.09477e-25,0.0,75.98272,64.81912,64.7955,66.73393,69.76973
2018-01-01 10:48:00,-7.0577906e-25,0.0,65.71962,357730.44,0.75,0.0,22.388008,-1.1619784e-06,0.25,1.0,68.42825,0.0,0.0,0.0,-1.1776269e-23,8.506847e-07,0.005004883,-400.25253,65.71962,55.184006,0.0,0.9,0.0,-3.1685544e-26,0.0,75.98382,64.81935,64.796326,66.73482,69.80698
2018-01-01 10:49:00,-4.4438778000000003e-26,0.0,65.71962,357730.44,0.75,0.0,22.439037,-1.1619784e-06,0.25,1.0,68.43632,0.0,0.0,0.0,-1.3576938e-23,-4.4567555e-06,0.005004883,-400.25253,65.71962,55.184006,0.0,0.9,0.0,-5.984675499999999e-25,0.0,75.98492,64.819626,64.79721,66.73569,69.84416
2018-01-01 10:50:00,1.531379e-26,0.0,65.71962,357730.44,0.75,0.0,22.490015,-1.1619784e-06,0.25,1.0,68.44438,0.0,0.0,0.0,-5.571442e-25,4.32413e-06,0.005004883,-400.25253,65.71962,55.184006,0.0,0.9,0.0,-3.4370145e-25,0.0,75.98607,64.81995,64.79809,66.73657,69.88124
2018-01-01 10:51:00,-1.093957e-25,0.0,65.71962,357730.44,0.75,0.0,22.540993,1.1619784e-06,0.25,1.0,68.452415,0.0,0.0,0.0,-3.082251e-24,5.865175e-06,0.005004883,-400.25253,65.71962,55.184006,0.0,0.9,0.0,-1.2280008e-24,0.0,75.98717,64.82022,64.79903,66.7374,69.91827
2018-01-01 10:52:00,1.7180757e-26,0.0,65.71962,357730.44,0.75,0.0,22.592022,-1.1619784e-06,0.25,1.0,68.460464,0.0,0.0,0.0,-3.6939583000000005e-24,3.1745458e-07,0.005004883,-400.25253,65.71962,55.184006,0.0,0.9,0.0,-5.9315467e-25,0.0,75.988266,64.82061,64.80001,66.73822,69.955185
2018-01-01 10:53:00,-7.514814999999999e-26,0.0,65.71962,357730.44,0.75,0.0,22.643,1.1619784e-06,0.25,1.0,68.46849,0.0,0.0,0.0,-9.147426e-25,-5.560257e-06,0.005004883,-400.25253,65.71962,55.184006,0.0,0.9,0.0,-1.7371076000000002e-24,0.0,75.989365,64.821,64.800995,66.7391,69.99199
2018-01-01 10:54:00,-1.326018e-25,0.0,65.71962,357730.44,0.75,0.0,22.69403,1.1619784e-06,0.25,1.0,68.4765,0.0,0.0,0.0,-1.25948514e-23,1.392177e-06,0.005004883,-400.25253,65.71962,55.184006,0.0,0.9,0.0,-1.3714642000000001e-24,0.0,75.99046,64.82138,64.80205,66.73992,70.02868
2018-01-01 10:55:00,1.1903152e-25,0.0,65.71962,357730.44,0.75,0.0,22.745007,0.0,0.25,1.0,68.48452,0.0,0.0,0.0,-1.3282177e-23,1.1514431e-05,0.005004883,-400.25253,65.71962,55.184006,0.0,0.9,0.0,-1.01216136e-25,0.0,75.99156,64.82182,64.803085,66.7408,70.06532
2018-01-01 10:56:00,9.662938e-25,0.0,65.71962,357730.44,0.75,0.0,22.795984,-1.1619784e-06,0.25,1.0,68.492516,0.0,0.0,0.0,-5.4599607e-24,-5.5056116e-06,0.005004883,-400.25253,65.71962,55.184006,0.0,0.9,0.0,-4.1547478000000004e-24,0.0,75.99266,64.82231,64.804184,66.74162,70.10179
2018-01-01 10:57:00,-1.0946795999999998e-25,0.0,65.71962,357730.44,0.75,0.0,22.847015,3.4859352e-06,0.25,1.0,68.50053,0.0,0.0,0.0,-1.4889753e-23,-1.9173372e-06,0.005004883,-400.25253,65.71962,55.184006,0.0,0.9,0.0,-4.9512485e-25,0.0,75.99376,64.82281,64.80534,66.74251,70.138214
2018-01-01 10:58:00,1.0298427500000001e-25,0.0,65.71962,357730.44,0.75,0.0,22.897991,3.4859352e-06,0.25,1.0,68.508514,0.0,0.0,0.0,-3.1580764999999996e-23,-1.778048e-06,0.005004883,-400.25253,65.71962,55.184006,0.0,0.9,0.0,-1.0996608e-24,0.0,75.994804,64.8233,64.80649,66.74344,70.17452
2018-01-01 10:59:00,-2.844394e-26,0.0,65.71962,357730.44,0.75,0.0,22.949024,0.0,0.25,1.0,68.516495,0.0,0.0,0.0,-1.3435893e-23,-5.6140266e-06,0.005004883,-400.25253,65.71962,55.184006,0.0,0.9,0.0,-3.2925594999999996e-25,0.0,75.9959,64.823906,64.8077,66.744316,70.21066
2018-01-01 11:00:00,-1.6660336e-25,0.0,65.71962,357730.44,0.75,0.0,23.0,2.3239568e-06,0.25,1.0,68.524475,0.0,0.0,0.0,-2.6931906999999997e-23,-6.464568e-06,0.005004883,-400.25253,65.71962,55.184006,0.0,0.9,0.0,-6.5319867e-25,0.0,75.99695,64.824455,64.80896,66.745255,70.24676
2018-01-01 11:01:00,1.2493559e-25,0.0,65.71962,357730.44,0.75,0.0,23.051033,3.4859352e-06,0.25,1.0,68.53246,0.0,0.0,0.0,-5.8324967e-24,3.6062227e-06,0.005004883,-400.25253,65.71962,55.184006,0.0,0.9,0.0,-4.0600301999999998e-25,0.0,75.99805,64.82506,64.81023,66.74624,70.28274
2018-01-01 11:02:00,2.281492e-26,0.0,65.71962,357730.44,0.75,0.0,23.102009,0.0,0.25,1.0,68.54042,0.0,0.0,0.0,-8.823311400000001e-24,-2.9732232e-06,0.005004883,-400.25253,65.71962,55.184006,0.0,0.9,0.0,-1.6220368e-24,0.0,75.999084,64.825714,64.81155,66.74718,70.31856
2018-01-01 11:03:00,-7.224624999999999e-26,0.0,65.71962,357730.44,0.75,0.0,23.152985,-1.1619784e-06,0.25,1.0,68.54836,0.0,0.0,0.0,-1.144945e-23,8.8261436e-07,0.005004883,-400.25253,65.71962,55.184006,0.0,0.9,0.0,-4.8103387e-25,0.0,76.00014,64.82638,64.81287,66.748215,70.35426
2018-01-01 11:04:00,1.3894398000000001e-27,0.0,65.71962,357730.44,0.75,0.0,23.204018,3.4859352e-06,0.25,1.0,68.55633,0.0,0.0,0.0,-1.7874064e-23,1.3576191e-06,0.005004883,-400.25253,65.71962,55.184006,0.0,0.9,0.0,-3.7935309999999997e-26,0.0,76.001236,64.82709,64.81424,66.74921,70.389854
2018-01-01 11:05:00,-1.557853e-26,0.0,65.71962,357730.44,0.75,0.0,23.254993,-2.3239568e-06,0.25,1.0,68.564285,0.0,0.0,0.0,-1.4563377e-23,2.2580653e-06,0.005004883,-400.25253,65.71962,55.184006,0.0,0.9,0.0,-2.6949934e-25,0.0,76.00227,64.827805,64.81567,66.750305,70.42534
2018-01-01 11:06:00,-1.0808816000000001e-27,0.0,65.71962,357730.44,0.75,0.0,23.306025,-3.4859352e-06,0.25,1.0,68.57222,0.0,0.0,0.0,-4.5451502e-23,-7.040415e-06,0.005004883,-400.25253,65.71962,55.184006,0.0,0.9,0.0,-2.9921715e-24,0.0,76.00332,64.828575,64.81709,66.7514,70.46072
2018-01-01 11:07:00,6.1172096e-25,0.0,65.71962,357730.44,0.75,0.0,23.357002,1.1619784e-06,0.25,1.0,68.580124,0.0,0.0,0.0,-5.409484e-23,5.337259e-07,0.005004883,-400.25253,65.71962,55.184006,0.0,0.9,0.0,-4.6547615e-25,0.0,76.0043,64.829346,64.81857,66.7525,70.495926
2018-01-01 11:08:00,2.9429362e-26,0.0,65.71962,357730.44,0.75,0.0,23.408031,-2.3239568e-06,0.25,1.0,68.588066,0.0,0.0,0.0,-3.104949e-23,-5.8000032e-06,0.005004883,-400.25253,65.71962,55.184006,0.0,0.9,0.0,-3.7934096000000004e-26,0.0,76.005356,64.83017,64.820114,66.753654,70.53103
2018-01-01 11:09:00,4.5863023000000004e-26,0.0,65.71962,357730.44,0.75,0.0,23.45901,-2.3239568e-06,0.25,1.0,68.59599,0.0,0.0,0.0,-4.1409622e-23,-1.3550026e-06,0.005004883,-400.25253,65.71962,55.184006,0.0,0.9,0.0,-5.2093145e-25,0.0,76.00639,64.83105,64.821655,66.75487,70.566025
2018-01-01 11:10:00,1.2421838e-25,0.0,65.71962,357730.44,0.75,0.0,23.509987,-1.1619784e-06,0.25,1.0,68.603905,0.0,0.0,0.0,-6.704802600000001e-24,2.2598797e-06,0.005004883,-400.25253,65.71962,55.184006,0.0,0.9,0.0,-5.6266563e-27,0.0,76.00744,64.831924,64.82324,66.75607,70.600845
2018-01-01 11:11:00,1.0129048600000001e-25,0.0,65.71962,357730.44,0.75,0.0,23.561016,-1.1619784e-06,0.25,1.0,68.6118,0.0,0.0,0.0,-8.516428e-24,5.229913e-06,0.005004883,-400.25253,65.71962,55.184006,0.0,0.9,0.0,-4.2768533e-25,0.0,76.00842,64.83281,64.82489,66.75734,70.63556
2018-01-01 11:12:00,3.2814730000000004e-27,0.0,65.71962,357730.44,0.75,0.0,23.611994,1.1619784e-06,0.25,1.0,68.61961,0.0,0.0,0.0,-2.5440315e-24,2.1259475e-06,0.005004883,-400.25253,65.71962,55.184006,0.0,0.9,0.0,-1.2672003000000001e-27,0.0,76.009476,64.83368,64.82643,66.758545,70.66995
2018-01-01 11:13:00,-2.7698565e-27,0.0,65.71962,357730.44,0.75,0.0,23.663025,0.0,0.25,1.0,68.62737,0.0,0.0,0.0,-3.6678044e-24,-4.0523028e-07,0.005004883,-400.25253,65.71962,55.184006,0.0,0.9,0.0,-2.0388343e-24,0.0,76.01046,64.834564,64.828026,66.75975,70.70406
2018-01-01 11:14:00,-1.21791164e-26,0.0,65.71962,357730.44,0.75,0.0,23.714,-1.1619784e-06,0.25,1.0,68.63512,0.0,0.0,0.0,-1.0867076500000001e-23,-3.3858842e-06,0.005004883,-400.25253,65.71962,55.184006,0.0,0.9,0.0,-1.8627225000000002e-24,0.0,76.011444,64.83544,64.82962,66.760956,70.73812
2018-01-01 11:15:00,1.6033592999999998e-25,0.0,65.71962,357730.44,0.75,0.0,23.765034,-1.1619784e-06,0.25,1.0,68.642845,0.0,0.0,0.0,-8.450041000000001e-23,4.170984e-06,0.005004883,-400.25253,65.71962,55.184006,0.0,0.9,0.0,-1.1681556000000001e-24,0.0,76.012436,64.83632,64.83121,66.76222,70.77202
2018-01-01 11:16:00,4.8694695000000005e-26,0.0,65.71962,357730.44,0.75,0.0,23.81601,1.1619784e-06,0.25,1.0,68.65057,0.0,0.0,0.0,-5.497129e-24,-8.833811e-06,0.005004883,-400.25253,65.71962,55.184006,0.0,0.9,0.0,-2.4957155e-24,0.0,76.01348,64.83725,64.832855,66.76354,70.80574
2018-01-01 11:17:00,-3.787436e-26,0.0,65.71962,357730.44,0.75,0.0,23.866985,1.1619784e-06,0.25,1.0,68.658264,0.0,0.0,0.0,-2.6804813e-24,1.5494653e-06,0.005004883,-400.25253,65.71962,55.184006,0.0,0.9,0.0,-9.207981e-26,0.0,76.014465,64.83824,64.8345,66.7648,70.83931
2018-01-01 11:18:00,1.271793e-25,0.0,65.71962,357730.44,0.75,0.0,23.918018,1.1619784e-06,0.25,1.0,68.66597,0.0,0.0,0.0,-7.353078999999999e-24,-2.5296288e-06,0.005004883,-400.25253,65.71962,55.184006,0.0,0.9,0.0,-7.798256999999999e-26,0.0,76.01546,64.83923,64.83621,66.766174,70.87276
2018-01-01 11:19:00,-2.6886889999999997e-26,0.0,65.71962,357730.44,0.75,0.0,23.968994,-1.1619784e-06,0.25,1.0,68.67366,0.0,0.0,0.0,-1.8774173e-23,-3.3521133e-06,0.005004883,-400.25253,65.71962,55.184006,0.0,0.9,0.0,-6.752799000000001e-25,0.0,76.01645,64.840225,64.83797,66.76755,70.9061
2018-01-01 11:20:00,-2.1459188e-25,0.0,65.71962,357730.44,0.75,0.0,24.020025,-2.3239568e-06,0.25,1.0,68.68131,0.0,0.0,0.0,-1.9703344e-23,5.666644e-06,0.005004883,-400.25253,65.71962,55.184006,0.0,0.9,0.0,-1.0845702e-23,0.0,76.01738,64.84126,64.83972,66.76892,70.939285
2018-01-01 11:21:00,-3.353107e-26,0.0,65.71962,357730.44,0.75,0.0,24.071003,1.1619784e-06,0.25,1.0,68.68898,0.0,0.0,0.0,-7.6032635e-23,-1.6562207e-06,0.005004883,-400.25253,65.71962,55.184006,0.0,0.9,0.0,-1.7370733e-24,0.0,76.01837,64.84231,64.84154,66.770355,70.97229
2018-01-01 11:22:00,-5.1291927000000005e-26,0.0,65.71962,357730.44,0.75,0.0,24.122034,-2.3239568e-06,0.25,1.0,68.69661,0.0,0.0,0.0,-1.5524708e-24,-2.228574e-06,0.005004883,-400.25253,65.71962,55.184006,0.0,0.9,0.0,-1.0832589e-24,0.0,76.01936,64.84341,64.84335,66.77178,71.00514
2018-01-01 11:23:00,1.65915e-25,0.0,65.71962,357730.44,0.75,0.0,24.17301,1.1619784e-06,0.25,1.0,68.70422,0.0,0.0,0.0,-3.2761948e-24,5.308692e-07,0.005004883,-400.25253,65.71962,55.184006,0.0,0.9,0.0,-2.5070997e-24,0.0,76.020294,64.844505,64.84517,66.77327,71.03789
2018-01-01 11:24:00,3.3567637000000003e-26,0.0,65.71962,357730.44,0.75,0.0,24.223988,1.1619784e-06,0.25,1.0,68.71184,0.0,0.0,0.0,-3.2000989e-24,2.7454835e-06,0.005004883,-400.25253,65.71962,55.184006,0.0,0.9,0.0,-6.7521434e-26,0.0,76.021286,64.84566,64.84709,66.77469,71.07051
2018-01-01 11:25:00,4.8523256e-26,0.0,65.71962,357730.44,0.75,0.0,24.275019,1.1619784e-06,0.25,1.0,68.71944,0.0,0.0,0.0,-1.1059450999999999e-23,-1.4128383e-06,0.005004883,-400.25253,65.71962,55.184006,0.0,0.9,0.0,-1.7925512e-25,0.0,76.02222,64.84682,64.849014,66.77623,71.10292
2018-01-01 11:26:00,-3.1076829999999997e-26,0.0,65.71962,357730.44,0.75,0.0,24.325994,-1.1619784e-06,0.25,1.0,68.727,0.0,0.0,0.0,-4.44847e-25,1.2912409e-06,0.005004883,-400.25253,65.71962,55.184006,0.0,0.9,0.0,-2.634401e-25,0.0,76.02315,64.84796,64.85094,66.77771,71.13522
2018-01-01 11:27:00,-4.077983e-27,0.0,65.71962,357730.44,0.75,0.0,24.377026,1.1619784e-06,0.25,1.0,68.73457,0.0,0.0,0.0,-1.0615633000000001e-24,4.6444265e-07,0.005004883,-400.25253,65.71962,55.184006,0.0,0.9,0.0,-2.1417668000000002e-26,0.0,76.02408,64.849174,64.852905,66.77925,71.16741
2018-01-01 11:28:00,-4.0070214e-26,0.0,65.71962,357730.44,0.75,0.0,24.428003,1.1619784e-06,0.25,1.0,68.74209,0.0,0.0,0.0,-2.6283082e-24,7.23155e-06,0.005004883,-400.25253,65.71962,55.184006,0.0,0.9,0.0,-3.2672102e-24,0.0,76.02502,64.85039,64.85494,66.78073,71.19939
2018-01-01 11:29:00,-3.4336657e-25,0.0,65.71962,357730.44,0.75,0.0,24.479034,-2.3239568e-06,0.25,1.0,68.74962,0.0,0.0,0.0,-1.2616399000000001e-22,-4.227535e-07,0.005004883,-400.25253,65.71962,55.184006,0.0,0.9,0.0,-1.3256316e-24,0.0,76.025955,64.85165,64.85698,66.78227,71.23125
2018-01-01 11:30:00,9.2185065e-26,0.0,65.71962,357730.44,0.75,0.0,24.53001,-1.1619784e-06,0.25,1.0,68.75713,0.0,0.0,0.0,-3.7830464000000005e-24,-8.647599e-06,0.005004883,-400.25253,65.71962,55.184006,0.0,0.9,0.0,-2.6231030000000002e-25,0.0,76.026886,64.852905,64.85906,66.78387,71.26294
2018-01-01 11:31:00,1.2334796e-25,0.0,65.71962,357730.44,0.75,0.0,24.580988,3.4859352e-06,0.25,1.0,68.764626,0.0,0.0,0.0,-1.5810836e-23,-2.9190173e-06,0.005004883,-400.25253,65.71962,55.184006,0.0,0.9,0.0,-2.4972985e-24,0.0,76.02782,64.85423,64.861145,66.7854,71.294525
2018-01-01 11:32:00,-1.0812953e-26,0.0,65.71962,357730.44,0.75,0.0,24.632019,3.4859352e-06,0.25,1.0,68.77205,0.0,0.0,0.0,-2.5529562999999998e-23,-7.2012904e-07,0.005004883,-400.25253,65.71962,55.184006,0.0,0.9,0.0,-1.9656985e-25,0.0,76.02875,64.855545,64.863235,66.78694,71.325775
2018-01-01 11:33:00,2.8867083e-26,0.0,65.71962,357730.44,0.75,0.0,24.682995,-1.1619784e-06,0.25,1.0,68.7794,0.0,0.0,0.0,-4.6599197e-24,8.389422e-06,0.005004883,-400.25253,65.71962,55.184006,0.0,0.9,0.0,-2.8254312e-24,0.0,76.029686,64.856865,64.86538,66.78842,71.356705
2018-01-01 11:34:00,-5.2176437e-28,0.0,65.71962,357730.44,0.75,0.0,24.734028,3.4859352e-06,0.25,1.0,68.786705,0.0,0.0,0.0,-6.4761717000000005e-24,-2.791168e-06,0.005004883,-400.25253,65.71962,55.184006,0.0,0.9,0.0,-3.1660627e-24,0.0,76.03056,64.858185,64.86758,66.78996,71.38725
2018-01-01 11:35:00,-1.0812242e-25,0.0,65.71962,357730.44,0.75,0.0,24.785004,1.1619784e-06,0.25,1.0,68.793945,0.0,0.0,0.0,-5.0834749999999995e-24,5.2530705e-08,0.005004883,-400.25253,65.71962,55.184006,0.0,0.9,0.0,-1.5599693999999999e-25,0.0,76.031494,64.85956,64.86972,66.79144,71.41751
2018-01-01 11:36:00,-1.341335e-26,0.0,65.71962,357730.44,0.75,0.0,24.836035,-1.1619784e-06,0.25,1.0,68.801125,0.0,0.0,0.0,-1.3611402e-23,-1.6471252e-07,0.005004883,-400.25253,65.71962,55.184006,0.0,0.9,0.0,-8.459221e-26,0.0,76.03243,64.86093,64.87192,66.79293,71.4474
2018-01-01 11:37:00,6.73755e-27,0.0,65.71962,357730.44,0.75,0.0,24.887012,-1.1619784e-06,0.25,1.0,68.8082,0.0,0.0,0.0,-1.7475225000000002e-24,4.088283e-06,0.005004883,-400.25253,65.71962,55.184006,0.0,0.9,0.0,-1.5230551e-24,0.0,76.03331,64.862305,64.874115,66.79436,71.4769
2018-01-01 11:38:00,6.681552999999999e-26,0.0,65.71962,357730.44,0.75,0.0,24.937988,-1.1619784e-06,0.25,1.0,68.81523,0.0,0.0,0.0,-4.0422037e-24,-8.029633e-07,0.005004883,-400.25253,65.71962,55.184006,0.0,0.9,0.0,-5.808935000000001e-25,0.0,76.034195,64.86373,64.876366,66.79579,71.506065
2018-01-01 11:39:00,3.7367112e-26,0.0,65.71962,357730.44,0.75,0.0,24.98902,1.1619784e-06,0.25,1.0,68.82219,0.0,0.0,0.0,-1.1444451e-23,1.3809046e-06,0.005004883,-400.25253,65.71962,55.184006,0.0,0.9,0.0,-1.4372819e-25,0.0,76.035126,64.865105,64.87856,66.79721,71.534904
2018-01-01 11:40:00,-2.06651e-26,0.0,65.71962,357730.44,0.75,0.0,25.039997,-4.6479136e-06,0.25,1.0,68.82904,0.0,0.0,0.0,-4.0367113e-24,-7.275667e-06,0.005004883,-400.25253,65.71962,55.184006,0.0,0.9,0.0,-1.9025504e-25,0.0,76.036,64.86653,64.88081,66.798584,71.56331
2018-01-01 11:41:00,4.8912935e-26,0.0,65.71962,357730.44,0.75,0.0,25.091028,1.1619784e-06,0.25,1.0,68.83584,0.0,0.0,0.0,-2.2231207e-25,8.0248965e-06,0.005004883,-400.25253,65.71962,55.184006,0.0,0.9,0.0,-1.5044965e-24,0.0,76.03688,64.867966,64.88307,66.79991,71.59137
2018-01-01 11:42:00,-1.1147919e-25,0.0,65.71962,357730.44,0.75,0.0,25.142004,-1.1619784e-06,0.25,1.0,68.84257,0.0,0.0,0.0,-7.9214015e-25,-5.781522e-06,0.005004883,-400.25253,65.71962,55.184006,0.0,0.9,0.0,-2.1629395000000002e-24,0.0,76.037766,64.869385,64.885376,66.80122,71.619064
2018-01-01 11:43:00,3.8606509999999997e-26,0.0,65.71962,357730.44,0.75,0.0,25.193035,1.1619784e-06,0.25,1.0,68.84922,0.0,0.0,0.0,-2.5418408e-24,3.5065173e-07,0.005004883,-400.25253,65.71962,55.184006,0.0,0.9,0.0,-1.3870703e-25,0.0,76.038635,64.87087,64.88768,66.80254,71.64636
2018-01-01 11:44:00,-2.5132048e-26,0.0,65.71962,357730.44,0.75,0.0,25.244013,1.1619784e-06,0.25,1.0,68.8558,0.0,0.0,0.0,-4.6724026000000004e-24,9.36518e-07,0.005004883,-400.25253,65.71962,55.184006,0.0,0.9,0.0,-2.4078829999999998e-24,0.0,76.03952,64.87236,64.889984,66.8038,71.67333
2018-01-01 11:45:00,-1.0007792e-26,0.0,65.71962,357730.44,0.75,0.0,25.294989,-2.3239568e-06,0.25,1.0,68.86229,0.0,0.0,0.0,-8.700309e-24,2.0748853e-06,0.005004883,-400.25253,65.71962,55.184006,0.0,0.9,0.0,-6.965781e-26,0.0,76.0404,64.87384,64.892296,66.805016,71.69986
2018-01-01 11:46:00,5.851347e-26,0.0,65.71962,357730.44,0.75,0.0,25.34602,-1.1619784e-06,0.25,1.0,68.868675,0.0,0.0,0.0,-1.9619148e-24,3.946458e-06,0.005004883,-400.25253,65.71962,55.184006,0.0,0.9,0.0,-2.6887267e-26,0.0,76.04122,64.87532,64.89461,66.80617,71.72607
2018-01-01 11:47:00,-1.3950597e-26,0.0,65.71962,357730.44,0.75,0.0,25.396997,1.1619784e-06,0.25,1.0,68.875,0.0,0.0,0.0,-7.739772e-24,-1.3281418e-06,0.005004883,-400.25253,65.71962,55.184006,0.0,0.9,0.0,-3.0813431999999998e-25,0.0,76.0421,64.8768,64.896965,66.80733,71.75183
2018-01-01 11:48:00,-1.7517190000000001e-25,0.0,65.71962,357730.44,0.75,0.0,25.448029,-1.1619784e-06,0.25,1.0,68.88124,0.0,0.0,0.0,-1.0017619999999999e-24,-3.5293729e-06,0.005004883,-400.25253,65.71962,55.184006,0.0,0.9,0.0,-5.934478299999999e-25,0.0,76.04292,64.87829,64.89932,66.80847,71.77721
2018-01-01 11:49:00,-5.373215e-26,0.0,65.71962,357730.44,0.75,0.0,25.499004,-1.1619784e-06,0.25,1.0,68.887405,0.0,0.0,0.0,-1.15719505e-23,-5.5487553e-06,0.005004883,-400.25253,65.71962,55.184006,0.0,0.9,0.0,-2.4314742e-25,0.0,76.04375,64.87982,64.90169,66.809525,71.80226
2018-01-01 11:50:00,3.1008993e-25,0.0,65.71962,357730.44,0.75,0.0,25.550037,-1.1619784e-06,0.25,1.0,68.893486,0.0,0.0,0.0,-3.9590905e-24,-4.304824e-06,0.005004883,-400.25253,65.71962,55.184006,0.0,0.9,0.0,-3.721511e-24,0.0,76.04457,64.88136,64.90405,66.81056,71.826866
2018-01-01 11:51:00,-1.455362e-25,0.0,65.71962,357730.44,0.75,0.0,25.601013,-2.3239568e-06,0.25,1.0,68.89949,0.0,0.0,0.0,-1.517356e-23,-1.0491896e-06,0.005004883,-400.25253,65.71962,55.184006,0.0,0.9,0.0,-2.0940534999999997e-25,0.0,76.045395,64.882904,64.90646,66.81161,71.85109
2018-01-01 11:52:00,9.925371999999999e-26,0.0,65.71962,357730.44,0.75,0.0,25.651989,0.0,0.25,1.0,68.90542,0.0,0.0,0.0,-8.4630165e-24,1.923736e-06,0.005004883,-400.25253,65.71962,55.184006,0.0,0.9,0.0,-2.5683749999999998e-24,0.0,76.04622,64.884445,64.90889,66.81259,71.87493
2018-01-01 11:53:00,-3.3976748000000005e-26,0.0,65.71962,357730.44,0.75,0.0,25.703022,1.1619784e-06,0.25,1.0,68.91123,0.0,0.0,0.0,-1.9770228e-23,2.2888241e-06,0.005004883,-400.25253,65.71962,55.184006,0.0,0.9,0.0,-9.948859999999999e-25,0.0,76.04699,64.88598,64.9113,66.81353,71.89833
2018-01-01 11:54:00,-2.1182002e-26,0.0,65.71962,357730.44,0.75,0.0,25.753998,-1.1619784e-06,0.25,1.0,68.91698,0.0,0.0,0.0,-9.284784e-23,6.928577e-06,0.005004883,-400.25253,65.71962,55.184006,0.0,0.9,0.0,-1.4733779000000001e-24,0.0,76.04781,64.88751,64.91372,66.81447,71.9214
2018-01-01 11:55:00,-2.438307e-27,0.0,65.71962,357730.44,0.75,0.0,25.805029,4.6479136e-06,0.25,1.0,68.92265,0.0,0.0,0.0,-2.0755571e-24,-1.2727189e-06,0.005004883,-400.25253,65.71962,55.184006,0.0,0.9,0.0,-2.8071758e-25,0.0,76.048584,64.889114,64.91619,66.81534,71.94403
2018-01-01 11:56:00,3.3722448000000005e-27,0.0,65.71962,357730.44,0.75,0.0,25.856007,-1.1619784e-06,0.25,1.0,68.92807,0.0,0.0,0.0,-5.8282057e-24,-1.8839287e-06,0.005004883,-400.25253,65.71962,55.184006,0.0,0.9,0.0,-1.6890853000000002e-24,0.0,76.04935,64.89065,64.91861,66.81616,71.96557
2018-01-01 11:57:00,-1.5520184e-25,0.0,65.71962,357730.44,0.75,0.0,25.907038,0.0,0.25,1.0,68.933365,0.0,0.0,0.0,-8.920174999999999e-24,-2.9542293e-06,0.005004883,-400.25253,65.71962,55.184006,0.0,0.9,0.0,-2.5358138e-25,0.0,76.050125,64.89218,64.920975,66.816986,71.98656
2018-01-01 11:58:00,6.851763600000001e-26,0.0,65.71962,357730.44,0.75,0.0,25.958014,1.1619784e-06,0.25,1.0,68.93858,0.0,0.0,0.0,-1.4469303999999998e-23,-7.85972e-06,0.005004883,-400.25253,65.71962,55.184006,0.0,0.9,0.0,-2.40474e-25,0.0,76.05089,64.89372,64.923386,66.81781,72.00716
2018-01-01 11:59:00,-4.8917496000000004e-26,0.0,65.71962,357730.44,0.75,0.0,26.008991,1.1619784e-06,0.25,1.0,68.94372,0.0,0.0,0.0,-5.3334144000000004e-24,-3.0887504e-06,0.005004883,-400.25253,65.71962,55.184006,0.0,0.9,0.0,-1.6822469e-24,0.0,76.05166,64.89532,64.925804,66.81859,72.02725
2018-01-01 12:00:00,3.617194e-26,0.0,65.71962,357730.44,0.75,0.0,26.060022,1.1619784e-06,0.25,1.0,68.94877,0.0,0.0,0.0,-6.327961e-24,1.3461491e-06,0.005004883,-400.25253,65.71962,55.184006,0.0,0.9,0.0,-1.8255124e-25,0.0,76.05237,64.89691,64.92822,66.81941,72.04692
2018-01-01 12:01:00,-4.4936987000000005e-26,0.0,65.71962,357730.44,0.75,0.0,26.093037,-2.3239568e-06,0.25,1.0,68.953735,0.0,0.0,0.0,-1.3964102e-23,-7.3411064e-07,0.005004883,-400.25253,65.71962,55.184006,0.0,0.9,0.0,-3.0954825e-25,0.0,76.053085,64.8985,64.930695,66.820175,72.06621
2018-01-01 12:02:00,1.8900308e-26,0.0,65.71962,357730.44,0.75,0.0,26.125996,1.1619784e-06,0.25,1.0,68.95861,0.0,0.0,0.0,-1.0115526e-24,-3.5588923e-06,0.005004883,-400.25253,65.71962,55.184006,0.0,0.9,0.0,-9.862296e-25,0.0,76.0538,64.90015,64.933105,66.820946,72.085045
2018-01-01 12:03:00,7.955253e-26,0.0,65.71962,357730.44,0.75,0.0,26.159008,1.1619784e-06,0.25,1.0,68.963425,0.0,0.0,0.0,-6.5295275e-24,-2.4570085e-07,0.005004883,-400.25253,65.71962,55.184006,0.0,0.9,0.0,-1.1859819e-25,0.0,76.05452,64.901794,64.93558,66.82172,72.1035
2018-01-01 12:04:00,1.1040438e-26,0.0,65.71962,357730.44,0.75,0.0,26.192022,1.1619784e-06,0.25,1.0,68.96814,0.0,0.0,0.0,-1.9172296e-23,3.476346e-06,0.005004883,-400.25253,65.71962,55.184006,0.0,0.9,0.0,-1.3405333e-24,0.0,76.05523,64.9035,64.938,66.82243,72.12152
2018-01-01 12:05:00,1.0699243e-25,0.0,65.71962,357730.44,0.75,0.0,26.225037,1.1619784e-06,0.25,1.0,68.97277,0.0,0.0,0.0,-1.2727483e-23,9.3256335e-07,0.005004883,-400.25253,65.71962,55.184006,0.0,0.9,0.0,-6.2916846e-26,0.0,76.05589,64.905205,64.940475,66.8232,72.1391
2018-01-01 12:06:00,-3.0911939999999996e-26,0.0,65.71962,357730.44,0.75,0.0,26.257996,1.1619784e-06,0.25,1.0,68.97733,0.0,0.0,0.0,-1.3975630000000002e-23,2.7134872e-06,0.005004883,-400.25253,65.71962,55.184006,0.0,0.9,0.0,-1.4840858e-24,0.0,76.05655,64.906906,64.94295,66.82397,72.156296
2018-01-01 12:07:00,-1.2924247e-25,0.0,65.71962,357730.44,0.75,0.0,26.29101,1.1619784e-06,0.25,1.0,68.9818,0.0,0.0,0.0,-1.7593282e-23,1.6572694e-06,0.005004883,-400.25253,65.71962,55.184006,0.0,0.9,0.0,-2.0525922e-26,0.0,76.057205,64.90866,64.94542,66.82468,72.17305
2018-01-01 12:08:00,7.5630676e-27,0.0,65.71962,357730.44,0.75,0.0,26.324024,1.1619784e-06,0.25,1.0,68.98621,0.0,0.0,0.0,-1.3316030000000002e-23,1.2489879e-07,0.005004883,-400.25253,65.71962,55.184006,0.0,0.9,0.0,-6.5073284e-26,0.0,76.05786,64.91048,64.94789,66.82539,72.189415
2018-01-01 12:09:00,-4.1781904000000004e-26,0.0,65.71962,357730.44,0.75,0.0,26.357037,-1.1619784e-06,0.25,1.0,68.99051,0.0,0.0,0.0,-5.5150114e-24,-4.8524794e-06,0.005004883,-400.25253,65.71962,55.184006,0.0,0.9,0.0,-8.325708000000001e-25,0.0,76.05847,64.91223,64.95036,66.82611,72.205345
2018-01-01 12:10:00,-3.1698049999999996e-26,0.0,65.71962,357730.44,0.75,0.0,26.389996,-1.1619784e-06,0.25,1.0,68.99474,0.0,0.0,0.0,-8.910469e-24,-6.629192e-06,0.005004883,-400.25253,65.71962,55.184006,0.0,0.9,0.0,-1.9721036e-24,0.0,76.059074,64.91411,64.952835,66.82683,72.22089
2018-01-01 12:11:00,3.1110177e-25,0.0,65.71962,357730.44,0.75,0.0,26.42301,3.4859352e-06,0.25,1.0,68.99892,0.0,0.0,0.0,-8.418824e-24,5.81947e-06,0.005004883,-400.25253,65.71962,55.184006,0.0,0.9,0.0,-1.2512131e-24,0.0,76.05974,64.91592,64.95535,66.82754,72.23605
2018-01-01 12:12:00,3.110313e-26,0.0,65.71962,357730.44,0.75,0.0,26.456024,1.1619784e-06,0.25,1.0,69.00299,0.0,0.0,0.0,-4.6334372e-24,-5.963213e-06,0.005004883,-400.25253,65.71962,55.184006,0.0,0.9,0.0,-2.121789e-25,0.0,76.06029,64.917786,64.957825,66.82825,72.25078
2018-01-01 12:13:00,3.5559415e-26,0.0,65.71962,357730.44,0.75,0.0,26.489038,-2.3239568e-06,0.25,1.0,69.007,0.0,0.0,0.0,-2.773358e-24,-9.948511e-07,0.005004883,-400.25253,65.71962,55.184006,0.0,0.9,0.0,-2.5055594e-26,0.0,76.06088,64.91971,64.96036,66.828964,72.26511
2018-01-01 12:14:00,1.3158594e-26,0.0,65.71962,357730.44,0.75,0.0,26.521997,-1.1619784e-06,0.25,1.0,69.01091,0.0,0.0,0.0,-2.9941784e-24,1.2780107e-07,0.005004883,-400.25253,65.71962,55.184006,0.0,0.9,0.0,-2.0996985e-27,0.0,76.06143,64.92157,64.96288,66.82962,72.27907
2018-01-01 12:15:00,-4.9907636000000003e-26,0.0,65.71962,357730.44,0.75,0.0,26.555012,1.1619784e-06,0.25,1.0,69.014755,0.0,0.0,0.0,-4.920634000000001e-25,5.0551257e-06,0.005004883,-400.25253,65.71962,55.184006,0.0,0.9,0.0,-5.1434563999999995e-25,0.0,76.06198,64.92349,64.96541,66.83034,72.29257
2018-01-01 12:16:00,1.6347828e-26,0.0,65.71962,357730.44,0.75,0.0,26.588024,1.1619784e-06,0.25,1.0,69.01853,0.0,0.0,0.0,-8.906901e-24,4.4133417e-06,0.005004883,-400.25253,65.71962,55.184006,0.0,0.9,0.0,-2.0154513e-26,0.0,76.06253,64.925476,64.96794,66.83099,72.30571
2018-01-01 12:17:00,-8.223179e-26,0.0,65.71962,357730.44,0.75,0.0,26.620983,3.4859352e-06,0.25,1.0,69.02221,0.0,0.0,0.0,-5.5697047e-24,6.9709495e-07,0.005004883,-400.25253,65.71962,55.184006,0.0,0.9,0.0,-1.6466373e-24,0.0,76.06308,64.9274,64.97046,66.83171,72.31839
2018-01-01 12:18:00,-1.5071798e-26,0.0,65.71962,357730.44,0.75,0.0,26.653997,3.4859352e-06,0.25,1.0,69.025826,0.0,0.0,0.0,-2.5552855e-24,1.4447692e-06,0.005004883,-400.25253,65.71962,55.184006,0.0,0.9,0.0,-3.481303e-24,0.0,76.06363,64.929375,64.97299,66.83237,72.33075
2018-01-01 12:19:00,1.1318971500000001e-26,0.0,65.71962,357730.44,0.75,0.0,26.687012,0.0,0.25,1.0,69.02936,0.0,0.0,0.0,-2.7550993e-24,2.652146e-06,0.005004883,-400.25253,65.71962,55.184006,0.0,0.9,0.0,-1.0742189999999999e-24,0.0,76.06413,64.93141,64.97552,66.83303,72.342674
2018-01-01 12:20:00,-6.2421787e-26,0.0,65.71962,357730.44,0.75,0.0,26.720026,-2.3239568e-06,0.25,1.0,69.03279,0.0,0.0,0.0,-5.164074e-24,4.1090425e-07,0.005004883,-400.25253,65.71962,55.184006,0.0,0.9,0.0,-1.739384e-24,0.0,76.06462,64.93338,64.97804,66.833694,72.35421
2018-01-01 12:21:00,-4.3054056e-27,0.0,65.71962,357730.44,0.75,0.0,26.752985,3.4859352e-06,0.25,1.0,69.03617,0.0,0.0,0.0,-1.0183283e-23,-5.951027e-06,0.005004883,-400.25253,65.71962,55.184006,0.0,0.9,0.0,-9.213102600000001e-24,0.0,76.06512,64.93542,64.98062,66.83435,72.36536
2018-01-01 12:22:00,-3.0771264e-26,0.0,65.71962,357730.44,0.75,0.0,26.786,-2.3239568e-06,0.25,1.0,69.03933,0.0,0.0,0.0,-5.1918987e-24,1.0485101e-06,0.005004883,-400.25253,65.71962,55.184006,0.0,0.9,0.0,-3.7450674e-25,0.0,76.06561,64.93739,64.983154,66.83501,72.37547
2018-01-01 12:23:00,3.0714327e-26,0.0,65.71962,357730.44,0.75,0.0,26.819012,-1.1619784e-06,0.25,1.0,69.04234,0.0,0.0,0.0,-1.9415266e-23,-5.464743e-06,0.005004883,-400.25253,65.71962,55.184006,0.0,0.9,0.0,-1.8914352e-24,0.0,76.066055,64.93938,64.98568,66.83562,72.385025
2018-01-01 12:24:00,-1.0525825e-25,0.0,65.71962,357730.44,0.75,0.0,26.852026,3.4859352e-06,0.25,1.0,69.0453,0.0,0.0,0.0,-4.2083536e-24,-5.029791e-06,0.005004883,-400.25253,65.71962,55.184006,0.0,0.9,0.0,-8.098804e-25,0.0,76.06654,64.941345,64.988205,66.83621,72.394196
2018-01-01 12:25:00,1.2271254e-25,0.0,65.71962,357730.44,0.75,0.0,26.884985,-1.1619784e-06,0.25,1.0,69.04817,0.0,0.0,0.0,-1.3539856e-23,-5.805855e-07,0.005004883,-400.25253,65.71962,55.184006,0.0,0.9,0.0,-1.034306e-25,0.0,76.066986,64.94333,64.99074,66.83682,72.40294
2018-01-01 12:26:00,3.2771646e-26,0.0,65.71962,357730.44,0.75,0.0,26.918,1.1619784e-06,0.25,1.0,69.05096,0.0,0.0,0.0,-9.240066e-24,8.384345e-07,0.005004883,-400.25253,65.71962,55.184006,0.0,0.9,0.0,-5.7290940000000005e-25,0.0,76.06737,64.945305,64.99332,66.83748,72.41134
2018-01-01 12:27:00,-3.9136634000000003e-26,0.0,65.71962,357730.44,0.75,0.0,26.951014,3.4859352e-06,0.25,1.0,69.053665,0.0,0.0,0.0,-1.5656432e-23,2.6521946e-06,0.005004883,-400.25253,65.71962,55.184006,0.0,0.9,0.0,-2.736428e-25,0.0,76.06781,64.94728,64.99584,66.83809,72.419304
2018-01-01 12:28:00,7.831250000000001e-26,0.0,65.71962,357730.44,0.75,0.0,26.984028,1.1619784e-06,0.25,1.0,69.056274,0.0,0.0,0.0,-1.9810748e-23,5.718462e-07,0.005004883,-400.25253,65.71962,55.184006,0.0,0.9,0.0,-3.1965676000000004e-26,0.0,76.06825,64.949265,64.99837,66.83864,72.426834
2018-01-01 12:29:00,4.2776970000000006e-27,0.0,65.71962,357730.44,0.75,0.0,27.016987,1.1619784e-06,0.25,1.0,69.0588,0.0,0.0,0.0,-3.6122955000000004e-24,1.5858705e-06,0.005004883,-400.25253,65.71962,55.184006,0.0,0.9,0.0,-7.805451e-26,0.0,76.068634,64.95123,65.000946,66.83923,72.433975
2018-01-01 12:30:00,9.4729567e-26,0.0,65.71962,357730.44,0.75,0.0,27.05,1.1619784e-06,0.25,1.0,69.061264,0.0,0.0,0.0,-2.9255035e-24,-7.823495e-06,0.005004883,-400.25253,65.71962,55.184006,0.0,0.9,0.0,-5.439834000000001e-25,0.0,76.069016,64.95327,65.00348,66.83984,72.44073
2018-01-01 12:31:00,5.9404363e-26,0.0,65.71962,357730.44,0.75,0.0,27.083014,-1.1619784e-06,0.25,1.0,69.063644,0.0,0.0,0.0,-7.623169e-23,-5.985732e-07,0.005004883,-400.25253,65.71962,55.184006,0.0,0.9,0.0,-1.8037664e-24,0.0,76.0694,64.955246,65.00606,66.84045,72.4471
2018-01-01 12:32:00,1.9953708e-26,0.0,65.71962,357730.44,0.75,0.0,27.116028,1.1619784e-06,0.25,1.0,69.06598,0.0,0.0,0.0,-1.5409716e-23,2.5055776e-06,0.005004883,-400.25253,65.71962,55.184006,0.0,0.9,0.0,-4.392224e-26,0.0,76.06973,64.957275,65.00864,66.840996,72.45325
2018-01-01 12:33:00,-1.3585701000000002e-26,0.0,65.71962,357730.44,0.75,0.0,27.148987,-2.3239568e-06,0.25,1.0,69.068275,0.0,0.0,0.0,-1.8120119e-22,-1.169544e-06,0.005004883,-400.25253,65.71962,55.184006,0.0,0.9,0.0,-1.1019221e-24,0.0,76.070114,64.95931,65.01117,66.8416,72.45918
2018-01-01 12:34:00,2.606106e-26,0.0,65.71962,357730.44,0.75,0.0,27.182001,-1.1619784e-06,0.25,1.0,69.07052,0.0,0.0,0.0,-7.4596225e-24,2.1301573e-06,0.005004883,-400.25253,65.71962,55.184006,0.0,0.9,0.0,-1.3257583e-25,0.0,76.07045,64.96129,65.01375,66.84215,72.46495
2018-01-01 12:35:00,-6.622033600000001e-27,0.0,65.71962,357730.44,0.75,0.0,27.215015,-1.1619784e-06,0.25,1.0,69.07274,0.0,0.0,0.0,-5.2374104000000005e-24,2.4235817e-06,0.005004883,-400.25253,65.71962,55.184006,0.0,0.9,0.0,-2.1289773e-25,0.0,76.07077,64.96332,65.01633,66.8427,72.47055
2018-01-01 12:36:00,-7.678877e-26,0.0,65.71962,357730.44,0.75,0.0,27.248028,3.4859352e-06,0.25,1.0,69.07491,0.0,0.0,0.0,-1.4594780000000002e-23,3.4370105e-06,0.005004883,-400.25253,65.71962,55.184006,0.0,0.9,0.0,-2.2676511e-26,0.0,76.071106,64.965355,65.01891,66.84325,72.47594
2018-01-01 12:37:00,1.109017e-26,0.0,65.71962,357730.44,0.75,0.0,27.280987,1.1619784e-06,0.25,1.0,69.07704,0.0,0.0,0.0,-1.7970417e-23,1.136045e-06,0.005004883,-400.25253,65.71962,55.184006,0.0,0.9,0.0,-5.615499999999999e-28,0.0,76.07138,64.96739,65.0215,66.843796,72.481155
2018-01-01 12:38:00,5.263458e-27,0.0,65.71962,357730.44,0.75,0.0,27.314001,-1.1619784e-06,0.25,1.0,69.07915,0.0,0.0,0.0,-1.084593e-22,-1.6558078e-06,0.005004883,-400.25253,65.71962,55.184006,0.0,0.9,0.0,-2.4195074e-24,0.0,76.07171,64.96942,65.02408,66.844345,72.486206
2018-01-01 12:39:00,1.5645615e-25,0.0,65.71962,357730.44,0.75,0.0,27.347015,-2.3239568e-06,0.25,1.0,69.081215,0.0,0.0,0.0,-3.7851526e-24,-1.4137516e-06,0.005004883,-400.25253,65.71962,55.184006,0.0,0.9,0.0,-5.070336e-25,0.0,76.07198,64.97145,65.02666,66.844894,72.491104
2018-01-01 12:40:00,1.35737e-26,0.0,65.71962,357730.44,0.75,0.0,27.38003,-1.1619784e-06,0.25,1.0,69.083244,0.0,0.0,0.0,-3.0048286e-25,-8.588809e-06,0.005004883,-400.25253,65.71962,55.184006,0.0,0.9,0.0,-4.2450193e-25,0.0,76.07226,64.97348,65.029236,66.84544,72.49582
2018-01-01 12:41:00,2.8378488e-26,0.0,65.71962,357730.44,0.75,0.0,27.412989,-1.1619784e-06,0.25,1.0,69.08525,0.0,0.0,0.0,-1.8012348000000002e-26,-2.8035236e-06,0.005004883,-400.25253,65.71962,55.184006,0.0,0.9,0.0,-2.4062567000000002e-26,0.0,76.07253,64.97557,65.03182,66.84599,72.50038
2018-01-01 12:42:00,3.3080774e-25,0.0,65.71962,357730.44,0.75,0.0,27.446003,-1.1619784e-06,0.25,1.0,69.087234,0.0,0.0,0.0,-1.00785855e-23,-1.5049717e-05,0.005004883,-400.25253,65.71962,55.184006,0.0,0.9,0.0,-2.716735e-24,0.0,76.07281,64.9776,65.034454,66.84654,72.504776
2018-01-01 12:43:00,1.203557e-24,0.0,65.71962,357730.44,0.75,0.0,27.479015,-1.1619784e-06,0.25,1.0,69.08916,0.0,0.0,0.0,-1.863788e-24,-3.7646902e-08,0.005004883,-400.25253,65.71962,55.184006,0.0,0.9,0.0,-1.2952619e-25,0.0,76.07303,64.97969,65.03704,66.84704,72.509
2018-01-01 12:44:00,7.854213999999999e-26,0.0,65.71962,357730.44,0.75,0.0,27.51203,-1.1619784e-06,0.25,1.0,69.09108,0.0,0.0,0.0,-7.553105e-24,5.691294e-08,0.005004883,-400.25253,65.71962,55.184006,0.0,0.9,0.0,-2.5813874e-29,0.0,76.0733,64.98172,65.03967,66.84759,72.51312
2018-01-01 12:45:00,7.459838e-27,0.0,65.71962,357730.44,0.75,0.0,27.544989,1.1619784e-06,0.25,1.0,69.09295,0.0,0.0,0.0,-4.442662e-23,-1.3875629e-06,0.005004883,-400.25253,65.71962,55.184006,0.0,0.9,0.0,-1.1147141e-24,0.0,76.07352,64.98381,65.04226,66.84808,72.51708
2018-01-01 12:46:00,3.2993819999999996e-26,0.0,65.71962,357730.44,0.75,0.0,27.578003,1.1619784e-06,0.25,1.0,69.09482,0.0,0.0,0.0,-4.3517919999999996e-24,6.3420934e-08,0.005004883,-400.25253,65.71962,55.184006,0.0,0.9,0.0,-1.9093184999999998e-25,0.0,76.07379,64.9859,65.04489,66.84863,72.520874
2018-01-01 12:47:00,3.683943e-27,0.0,65.71962,357730.44,0.75,0.0,27.611017,0.0,0.25,1.0,69.096634,0.0,0.0,0.0,-4.192424e-24,1.630347e-06,0.005004883,-400.25253,65.71962,55.184006,0.0,0.9,0.0,-2.8028362e-24,0.0,76.07402,64.98799,65.04748,66.84912,72.52455
2018-01-01 12:48:00,9.4128923e-26,0.0,65.71962,357730.44,0.75,0.0,27.644032,1.1619784e-06,0.25,1.0,69.098434,0.0,0.0,0.0,-1.1287836000000001e-24,-7.108576e-06,0.005004883,-400.25253,65.71962,55.184006,0.0,0.9,0.0,-1.644664e-24,0.0,76.074234,64.990074,65.05011,66.84967,72.52807
2018-01-01 12:49:00,1.4532604e-25,0.0,65.71962,357730.44,0.75,0.0,27.67699,2.3239568e-06,0.25,1.0,69.100204,0.0,0.0,0.0,-4.5019795000000005e-24,4.8904496e-07,0.005004883,-400.25253,65.71962,55.184006,0.0,0.9,0.0,-2.7515895e-25,0.0,76.074455,64.99222,65.05275,66.850174,72.53142
2018-01-01 12:50:00,-4.7077287000000005e-26,0.0,65.71962,357730.44,0.75,0.0,27.710003,3.4859352e-06,0.25,1.0,69.10195,0.0,0.0,0.0,-1.8054323e-23,1.1069328e-06,0.005004883,-400.25253,65.71962,55.184006,0.0,0.9,0.0,-8.869985000000001e-27,0.0,76.07468,64.99431,65.05539,66.85066,72.53471
2018-01-01 12:51:00,-6.221273e-29,0.0,65.71962,357730.44,0.75,0.0,27.743017,1.1619784e-06,0.25,1.0,69.10365,0.0,0.0,0.0,-2.3864857000000002e-24,-2.5626925e-06,0.005004883,-400.25253,65.71962,55.184006,0.0,0.9,0.0,-1.3008619e-29,0.0,76.07489,64.996445,65.05797,66.85116,72.537796
2018-01-01 12:52:00,-1.344317e-25,0.0,65.71962,357730.44,0.75,0.0,27.776031,1.1619784e-06,0.25,1.0,69.10537,0.0,0.0,0.0,-5.555176e-24,3.11765e-06,0.005004883,-400.25253,65.71962,55.184006,0.0,0.9,0.0,-7.166882e-25,0.0,76.07512,64.99859,65.06061,66.85171,72.54082
2018-01-01 12:53:00,1.0390093e-26,0.0,65.71962,357730.44,0.75,0.0,27.80899,-1.1619784e-06,0.25,1.0,69.10704,0.0,0.0,0.0,-1.5459133e-24,-6.3060697e-06,0.005004883,-400.25253,65.71962,55.184006,0.0,0.9,0.0,-2.4528072e-25,0.0,76.07533,65.00073,65.06325,66.8522,72.54367
2018-01-01 12:54:00,-1.3409377e-25,0.0,65.71962,357730.44,0.75,0.0,27.842005,-1.1619784e-06,0.25,1.0,69.10866,0.0,0.0,0.0,-1.20550166e-23,7.6091137e-06,0.005004883,-400.25253,65.71962,55.184006,0.0,0.9,0.0,-1.2412664e-24,0.0,76.0755,65.00287,65.06588,66.85269,72.54636
2018-01-01 12:55:00,1.1863085e-26,0.0,65.71962,357730.44,0.75,0.0,27.87502,-2.3239568e-06,0.25,1.0,69.11029,0.0,0.0,0.0,-7.6248525e-23,7.935206e-06,0.005004883,-400.25253,65.71962,55.184006,0.0,0.9,0.0,-2.7253024e-25,0.0,76.075714,65.00502,65.06857,66.853195,72.54894
2018-01-01 12:56:00,5.0693773e-26,0.0,65.71962,357730.44,0.75,0.0,27.908031,-2.3239568e-06,0.25,1.0,69.111885,0.0,0.0,0.0,-2.6733619999999996e-26,-8.959496e-06,0.005004883,-400.25253,65.71962,55.184006,0.0,0.9,0.0,-4.4355434999999995e-25,0.0,76.07588,65.00722,65.07121,66.85368,72.551414
2018-01-01 12:57:00,-1.9867756e-26,0.0,65.71962,357730.44,0.75,0.0,27.94099,-1.1619784e-06,0.25,1.0,69.113464,0.0,0.0,0.0,-9.605416e-24,1.0813949e-06,0.005004883,-400.25253,65.71962,55.184006,0.0,0.9,0.0,-3.6643567999999996e-25,0.0,76.0761,65.009415,65.073845,66.85418,72.55377
2018-01-01 12:58:00,-9.532224e-27,0.0,65.71962,357730.44,0.75,0.0,27.974005,1.1619784e-06,0.25,1.0,69.115005,0.0,0.0,0.0,-2.7002163e-23,1.58949e-07,0.005004883,-400.25253,65.71962,55.184006,0.0,0.9,0.0,-3.7497455e-26,0.0,76.07626,65.01161,65.07648,66.854675,72.55597
2018-01-01 12:59:00,-2.4971873000000002e-26,0.0,65.71962,357730.44,0.75,0.0,28.007019,-2.3239568e-06,0.25,1.0,69.11654,0.0,0.0,0.0,-2.6529842e-24,-1.05207384e-07,0.005004883,-400.25253,65.71962,55.184006,0.0,0.9,0.0,-4.6115006e-26,0.0,76.07643,65.01381,65.07918,66.85516,72.55812
2018-01-01 13:00:00,-9.783789999999999e-27,0.0,65.71962,357730.44,0.75,0.0,28.040033,-1.1619784e-06,0.25,1.0,69.11806,0.0,0.0,0.0,-7.338010599999999e-23,3.2398286e-06,0.005004883,-400.25253,65.71962,55.184006,0.0,0.9,0.0,-8.146945699999999e-25,0.0,76.07665,65.01605,65.08181,66.85567,72.56009
2018-01-01 13:01:00,-1.6329804e-26,0.0,65.71962,357730.44,0.75,0.0,28.072992,-1.1619784e-06,0.25,1.0,69.119545,0.0,0.0,0.0,-3.7970976000000005e-24,-6.244922e-06,0.005004883,-400.25253,65.71962,55.184006,0.0,0.9,0.0,-4.7695989999999995e-26,0.0,76.07681,65.01831,65.0845,66.856155,72.561966
2018-01-01 13:02:00,3.1547142e-25,0.0,65.71962,357730.44,0.75,0.0,28.106007,-1.1619784e-06,0.25,1.0,69.12101,0.0,0.0,0.0,-1.8925518e-23,2.4387143e-06,0.005004883,-400.25253,65.71962,55.184006,0.0,0.9,0.0,-8.526062999999999e-26,0.0,76.07698,65.02056,65.08714,66.85665,72.56372
2018-01-01 13:03:00,7.802033e-26,0.0,65.71962,357730.44,0.75,0.0,28.139019,1.1619784e-06,0.25,1.0,69.12232,0.0,0.0,0.0,-1.8166924000000002e-24,3.8865987e-06,0.005004883,-400.25253,65.71962,55.184006,0.0,0.9,0.0,-2.092268e-25,0.0,76.07715,65.02276,65.089775,66.85715,72.56476
2018-01-01 13:04:00,2.2818968e-26,0.0,65.71962,357730.44,0.75,0.0,28.172033,0.0,0.25,1.0,69.12357,0.0,0.0,0.0,-2.3271002e-23,-1.7609403e-06,0.005004883,-400.25253,65.71962,55.184006,0.0,0.9,0.0,-1.797044e-25,0.0,76.07732,65.0249,65.09241,66.85759,72.56564
2018-01-01 13:05:00,-3.007222e-26,0.0,65.71962,357730.44,0.75,0.0,28.204992,1.1619784e-06,0.25,1.0,69.1248,0.0,0.0,0.0,-7.523997400000001e-27,6.1049164e-08,0.005004883,-400.25253,65.71962,55.184006,0.0,0.9,0.0,-3.3012043999999997e-25,0.0,76.07742,65.02704,65.09505,66.85808,72.56641
2018-01-01 13:06:00,9.3251956e-26,0.0,65.71962,357730.44,0.75,0.0,28.238007,0.0,0.25,1.0,69.126015,0.0,0.0,0.0,-1.4953374e-23,2.5276643e-06,0.005004883,-400.25253,65.71962,55.184006,0.0,0.9,0.0,-7.729206e-25,0.0,76.07759,65.02919,65.09769,66.85852,72.56707
2018-01-01 13:07:00,-4.4800603e-26,0.0,65.71962,357730.44,0.75,0.0,28.27102,1.1619784e-06,0.25,1.0,69.12721,0.0,0.0,0.0,-1.9728045e-23,-9.0451346e-07,0.005004883,-400.25253,65.71962,55.184006,0.0,0.9,0.0,-5.516696999999999e-26,0.0,76.07775,65.03139,65.10033,66.85901,72.567566
2018-01-01 13:08:00,-1.7021613000000002e-27,0.0,65.71962,357730.44,0.75,0.0,28.304035,1.1619784e-06,0.25,1.0,69.12836,0.0,0.0,0.0,-9.058935e-24,-3.2695375e-08,0.005004883,-400.25253,65.71962,55.184006,0.0,0.9,0.0,-5.9592864e-27,0.0,76.077866,65.033585,65.10296,66.85945,72.56795
2018-01-01 13:09:00,-1.7577118000000002e-26,0.0,65.71962,357730.44,0.75,0.0,28.336994,-1.1619784e-06,0.25,1.0,69.1295,0.0,0.0,0.0,-4.053737e-24,-6.1934816e-06,0.005004883,-400.25253,65.71962,55.184006,0.0,0.9,0.0,-1.5739318e-24,0.0,76.078026,65.03578,65.10559,66.85989,72.56822
2018-01-01 13:10:00,-3.2163465999999998e-25,0.0,65.71962,357730.44,0.75,0.0,28.370007,-1.1619784e-06,0.25,1.0,69.13063,0.0,0.0,0.0,-4.5507157e-25,3.0773606e-07,0.005004883,-400.25253,65.71962,55.184006,0.0,0.9,0.0,-1.362517e-26,0.0,76.07814,65.038025,65.10823,66.86038,72.56839
2018-01-01 13:11:00,-1.672942e-27,0.0,65.71962,357730.44,0.75,0.0,28.40302,1.1619784e-06,0.25,1.0,69.13172,0.0,0.0,0.0,-1.384376e-23,-4.7201357e-07,0.005004883,-400.25253,65.71962,55.184006,0.0,0.9,0.0,-3.924639e-26,0.0,76.07825,65.04022,65.11087,66.860825,72.56844
2018-01-01 13:12:00,-1.1696041000000001e-26,0.0,65.71962,357730.44,0.75,0.0,28.436035,-2.3239568e-06,0.25,1.0,69.13282,0.0,0.0,0.0,-1.77225e-23,-7.716326e-06,0.005004883,-400.25253,65.71962,55.184006,0.0,0.9,0.0,-1.5048563e-26,0.0,76.078415,65.042534,65.11351,66.86127,72.56839
2018-01-01 13:13:00,-1.7075694e-25,0.0,65.71962,357730.44,0.75,0.0,28.468994,-1.1619784e-06,0.25,1.0,69.13387,0.0,0.0,0.0,-1.9148305999999999e-23,3.047119e-06,0.005004883,-400.25253,65.71962,55.184006,0.0,0.9,0.0,-3.6472103999999997e-25,0.0,76.07852,65.044785,65.11614,66.86171,72.56822
2018-01-01 13:14:00,3.6500006000000005e-26,0.0,65.71962,357730.44,0.75,0.0,28.502008,1.1619784e-06,0.25,1.0,69.134926,0.0,0.0,0.0,-4.594197e-23,-7.5582075e-06,0.005004883,-400.25253,65.71962,55.184006,0.0,0.9,0.0,-5.3884395e-26,0.0,76.07863,65.04709,65.118774,66.8622,72.56795
2018-01-01 13:15:00,2.2153327e-26,0.0,65.71962,357730.44,0.75,0.0,28.535023,1.1619784e-06,0.25,1.0,69.13595,0.0,0.0,0.0,-9.6670826e-24,-6.0636085e-06,0.005004883,-400.25253,65.71962,55.184006,0.0,0.9,0.0,-1.8575706e-24,0.0,76.078735,65.0494,65.121414,66.86264,72.567566
2018-01-01 13:16:00,9.662886e-26,0.0,65.71962,357730.44,0.75,0.0,28.568035,-1.1619784e-06,0.25,1.0,69.13695,0.0,0.0,0.0,-7.6084536e-23,7.559006e-07,0.005004883,-400.25253,65.71962,55.184006,0.0,0.9,0.0,-1.3301635e-24,0.0,76.07885,65.05171,65.124054,66.86308,72.56707
2018-01-01 13:17:00,7.2167946e-27,0.0,65.71962,357730.44,0.75,0.0,28.600994,-2.3239568e-06,0.25,1.0,69.137924,0.0,0.0,0.0,-7.158215e-24,-1.926354e-06,0.005004883,-400.25253,65.71962,55.184006,0.0,0.9,0.0,-2.4452065e-25,0.0,76.0789,65.05407,65.12669,66.86352,72.56647
2018-01-01 13:18:00,3.353778e-26,0.0,65.71962,357730.44,0.75,0.0,28.634008,1.1619784e-06,0.25,1.0,69.138916,0.0,0.0,0.0,-1.3561611999999998e-25,2.5721408e-06,0.005004883,-400.25253,65.71962,55.184006,0.0,0.9,0.0,-3.9190508e-26,0.0,76.07901,65.05643,65.12938,66.86401,72.56575
2018-01-01 13:19:00,-4.273651e-27,0.0,65.71962,357730.44,0.75,0.0,28.667023,0.0,0.25,1.0,69.13989,0.0,0.0,0.0,-5.409309e-23,-3.015043e-06,0.005004883,-400.25253,65.71962,55.184006,0.0,0.9,0.0,-1.1620675e-24,0.0,76.079124,65.05885,65.13202,66.864456,72.56499
2018-01-01 13:20:00,-1.0313174e-25,0.0,65.71962,357730.44,0.75,0.0,28.700037,3.4859352e-06,0.25,1.0,69.14082,0.0,0.0,0.0,-4.6837375999999997e-23,-8.292621e-07,0.005004883,-400.25253,65.71962,55.184006,0.0,0.9,0.0,-3.7463220999999997e-25,0.0,76.07918,65.061264,65.13466,66.86489,72.5641
2018-01-01 13:21:00,-5.707236e-26,0.0,65.71962,357730.44,0.75,0.0,28.732996,-1.1619784e-06,0.25,1.0,69.14175,0.0,0.0,0.0,-1.1971778e-23,1.252421e-06,0.005004883,-400.25253,65.71962,55.184006,0.0,0.9,0.0,-3.7690132000000004e-26,0.0,76.079285,65.06368,65.137344,66.865326,72.56311
2018-01-01 13:22:00,3.2586254e-26,0.0,65.71962,357730.44,0.75,0.0,28.76601,1.1619784e-06,0.25,1.0,69.142654,0.0,0.0,0.0,-4.3237665e-23,3.5098403e-06,0.005004883,-400.25253,65.71962,55.184006,0.0,0.9,0.0,-4.5716653999999995e-25,0.0,76.079346,65.066154,65.139984,66.86577,72.56201
2018-01-01 13:23:00,-2.3599786e-26,0.0,65.71962,357730.44,0.75,0.0,28.799023,1.1619784e-06,0.25,1.0,69.14357,0.0,0.0,0.0,-2.0917623999999999e-23,-1.2532873e-06,0.005004883,-400.25253,65.71962,55.184006,0.0,0.9,0.0,-8.6889616e-27,0.0,76.07945,65.06863,65.142624,66.866264,72.56087
2018-01-01 13:24:00,1.0004161e-25,0.0,65.71962,357730.44,0.75,0.0,28.832037,-1.1619784e-06,0.25,1.0,69.14444,0.0,0.0,0.0,-1.5654337e-23,3.961187e-06,0.005004883,-400.25253,65.71962,55.184006,0.0,0.9,0.0,-3.0914432999999996e-25,0.0,76.07951,65.0711,65.14531,66.8667,72.5596
2018-01-01 13:25:00,-7.261439e-27,0.0,65.71962,357730.44,0.75,0.0,28.864996,3.4859352e-06,0.25,1.0,69.14531,0.0,0.0,0.0,-6.825150000000001e-24,-4.6841906e-06,0.005004883,-400.25253,65.71962,55.184006,0.0,0.9,0.0,-3.9073915e-25,0.0,76.07956,65.07362,65.14795,66.86714,72.55828
2018-01-01 13:26:00,-5.702493700000001e-26,0.0,65.71962,357730.44,0.75,0.0,28.89801,-1.1619784e-06,0.25,1.0,69.146164,0.0,0.0,0.0,-3.409911e-25,4.320513e-06,0.005004883,-400.25253,65.71962,55.184006,0.0,0.9,0.0,-1.7488218000000002e-24,0.0,76.07962,65.0762,65.150635,66.867584,72.55679
2018-01-01 13:27:00,-1.5863046e-25,0.0,65.71962,357730.44,0.75,0.0,28.931025,0.0,0.25,1.0,69.14701,0.0,0.0,0.0,-1.3276643e-23,6.702056e-06,0.005004883,-400.25253,65.71962,55.184006,0.0,0.9,0.0,-5.935480699999999e-25,0.0,76.07973,65.078735,65.153275,66.86803,72.55531
2018-01-01 13:28:00,-1.1027209e-25,0.0,65.71962,357730.44,0.75,0.0,28.964039,-2.3239568e-06,0.25,1.0,69.14785,0.0,0.0,0.0,-6.717297e-24,-1.1889819e-06,0.005004883,-400.25253,65.71962,55.184006,0.0,0.9,0.0,-1.081858e-25,0.0,76.07979,65.081314,65.15597,66.868515,72.553665
2018-01-01 13:29:00,-2.8766377e-26,0.0,65.71962,357730.44,0.75,0.0,28.996998,1.1619784e-06,0.25,1.0,69.14868,0.0,0.0,0.0,-6.341611000000001e-25,1.6044921e-06,0.005004883,-400.25253,65.71962,55.184006,0.0,0.9,0.0,-5.584514e-25,0.0,76.079834,65.083954,65.15866,66.86896,72.55202
2018-01-01 13:30:00,1.813322e-26,0.0,65.71962,357730.44,0.75,0.0,29.03001,1.1619784e-06,0.25,1.0,69.14948,0.0,0.0,0.0,-1.8571853e-23,5.6584923e-07,0.005004883,-400.25253,65.71962,55.184006,0.0,0.9,0.0,-1.1963745e-25,0.0,76.079895,65.08659,65.1613,66.8694,72.5502
2018-01-01 13:31:00,4.7526843e-27,0.0,65.71962,357730.44,0.75,0.0,29.063025,-1.1619784e-06,0.25,1.0,69.15025,0.0,0.0,0.0,-1.6653259e-23,-6.5164556e-07,0.005004883,-400.25253,65.71962,55.184006,0.0,0.9,0.0,-3.5174265000000002e-28,0.0,76.079895,65.089226,65.16399,66.869835,72.54834
2018-01-01 13:32:00,1.1033089e-26,0.0,65.71962,357730.44,0.75,0.0,29.095984,1.1619784e-06,0.25,1.0,69.15108,0.0,0.0,0.0,-4.317818e-24,1.7128076e-06,0.005004883,-400.25253,65.71962,55.184006,0.0,0.9,0.0,-4.229029e-24,0.0,76.07995,65.09192,65.16668,66.87033,72.54647
2018-01-01 13:33:00,9.924543999999999e-26,0.0,65.71962,357730.44,0.75,0.0,29.128998,-1.1619784e-06,0.25,1.0,69.15184,0.0,0.0,0.0,-6.818091399999999e-23,5.8511723e-06,0.005004883,-400.25253,65.71962,55.184006,0.0,0.9,0.0,-2.3470058e-24,0.0,76.08,65.094604,65.16931,66.87077,72.544495
2018-01-01 13:34:00,-4.054556e-26,0.0,65.71962,357730.44,0.75,0.0,29.162012,2.3239568e-06,0.25,1.0,69.15262,0.0,0.0,0.0,-2.32524e-23,1.0175547e-05,0.005004883,-400.25253,65.71962,55.184006,0.0,0.9,0.0,-2.2635987000000002e-24,0.0,76.08006,65.097305,65.17195,66.87121,72.54257
2018-01-01 13:35:00,-1.3503926999999998e-25,0.0,65.71962,357730.44,0.75,0.0,29.195026,-3.4859352e-06,0.25,1.0,69.1534,0.0,0.0,0.0,-1.2012063e-23,-7.2067664e-06,0.005004883,-400.25253,65.71962,55.184006,0.0,0.9,0.0,-6.767599e-26,0.0,76.08011,65.09999,65.174644,66.87164,72.54059
2018-01-01 13:36:00,1.9042967999999998e-25,0.0,65.71962,357730.44,0.75,0.0,29.227985,3.4859352e-06,0.25,1.0,69.15414,0.0,0.0,0.0,-1.2926296e-23,-6.128189e-06,0.005004883,-400.25253,65.71962,55.184006,0.0,0.9,0.0,-2.1529235000000002e-24,0.0,76.08011,65.10274,65.17728,66.87203,72.53856
2018-01-01 13:37:00,2.3538326e-26,0.0,65.71962,357730.44,0.75,0.0,29.260998,1.1619784e-06,0.25,1.0,69.1549,0.0,0.0,0.0,-9.657878e-24,8.364812e-07,0.005004883,-400.25253,65.71962,55.184006,0.0,0.9,0.0,-7.865215600000001e-26,0.0,76.08017,65.10543,65.17992,66.87247,72.53653
2018-01-01 13:38:00,4.9609786e-26,0.0,65.71962,357730.44,0.75,0.0,29.294012,1.1619784e-06,0.25,1.0,69.155655,0.0,0.0,0.0,-1.0024489000000001e-24,2.2898137e-06,0.005004883,-400.25253,65.71962,55.184006,0.0,0.9,0.0,-5.429565e-25,0.0,76.08022,65.10818,65.182495,66.87291,72.53444
2018-01-01 13:39:00,-9.470121000000001e-27,0.0,65.71962,357730.44,0.75,0.0,29.327026,-1.1619784e-06,0.25,1.0,69.156395,0.0,0.0,0.0,-7.7147214e-23,-7.783117e-06,0.005004883,-400.25253,65.71962,55.184006,0.0,0.9,0.0,-1.8143266e-24,0.0,76.08022,65.11092,65.185135,66.87329,72.53241
2018-01-01 13:40:00,8.990690000000001e-26,0.0,65.71962,357730.44,0.75,0.0,29.359985,-1.1619784e-06,0.25,1.0,69.157135,0.0,0.0,0.0,-1.3049092e-23,-6.342952e-06,0.005004883,-400.25253,65.71962,55.184006,0.0,0.9,0.0,-1.914933e-24,0.0,76.08028,65.11372,65.18771,66.87368,72.530266
2018-01-01 13:41:00,-9.301758e-26,0.0,65.71962,357730.44,0.75,0.0,29.393,2.3239568e-06,0.25,1.0,69.157875,0.0,0.0,0.0,-3.23584e-23,-1.6369844e-06,0.005004883,-400.25253,65.71962,55.184006,0.0,0.9,0.0,-8.948167e-24,0.0,76.08028,65.11647,65.1903,66.874115,72.52818
2018-01-01 13:42:00,7.054335999999999e-26,0.0,65.71962,357730.44,0.75,0.0,29.426014,0.0,0.25,1.0,69.15861,0.0,0.0,0.0,-1.5249808e-23,-3.45112e-07,0.005004883,-400.25253,65.71962,55.184006,0.0,0.9,0.0,-1.7720494000000002e-26,0.0,76.08034,65.11928,65.19289,66.874504,72.52603
2018-01-01 13:43:00,1.187798e-25,0.0,65.71962,357730.44,0.75,0.0,29.459026,1.1619784e-06,0.25,1.0,69.15933,0.0,0.0,0.0,-6.798967e-24,4.6502164e-06,0.005004883,-400.25253,65.71962,55.184006,0.0,0.9,0.0,-8.109249e-25,0.0,76.08034,65.12207,65.195465,66.87489,72.523895
2018-01-01 13:44:00,-7.130040999999999e-26,0.0,65.71962,357730.44,0.75,0.0,29.491985,1.1619784e-06,0.25,1.0,69.16004,0.0,0.0,0.0,-4.7926623e-23,1.7589153e-06,0.005004883,-400.25253,65.71962,55.184006,0.0,0.9,0.0,-1.4086451e-25,0.0,76.08034,65.12493,65.198044,66.87521,72.5217
2018-01-01 13:45:00,2.3502402e-26,0.0,65.71962,357730.44,0.75,0.0,29.525,-4.6479136e-06,0.25,1.0,69.16076,0.0,0.0,0.0,-4.4879520000000005e-23,5.2621685e-06,0.005004883,-400.25253,65.71962,55.184006,0.0,0.9,0.0,-8.240214999999999e-26,0.0,76.08038,65.12773,65.20058,66.8756,72.5195
2018-01-01 13:46:00,-1.6481298e-26,0.0,65.71962,357730.44,0.75,0.0,29.558014,1.1619784e-06,0.25,1.0,69.16147,0.0,0.0,0.0,-4.1357513e-23,-6.989699e-06,0.005004883,-400.25253,65.71962,55.184006,0.0,0.9,0.0,-3.434884e-27,0.0,76.08038,65.130585,65.203094,66.87599,72.5173
2018-01-01 13:47:00,9.149637000000001e-27,0.0,65.71962,357730.44,0.75,0.0,29.591028,3.4859352e-06,0.25,1.0,69.162186,0.0,0.0,0.0,-1.2950528999999999e-23,1.8003797e-06,0.005004883,-400.25253,65.71962,55.184006,0.0,0.9,0.0,-9.859274500000001e-27,0.0,76.080444,65.133446,65.20563,66.87631,72.51511
2018-01-01 13:48:00,-3.4638195000000004e-26,0.0,65.71962,357730.44,0.75,0.0,29.623987,1.1619784e-06,0.25,1.0,69.16289,0.0,0.0,0.0,-1.9277975e-23,1.3302781e-06,0.005004883,-400.25253,65.71962,55.184006,0.0,0.9,0.0,-9.415519400000001e-27,0.0,76.080444,65.13635,65.20815,66.87665,72.51285
2018-01-01 13:49:00,6.232698e-26,0.0,65.71962,357730.44,0.75,0.0,29.657001,1.1619784e-06,0.25,1.0,69.16361,0.0,0.0,0.0,-2.9527906e-23,-5.276089e-06,0.005004883,-400.25253,65.71962,55.184006,0.0,0.9,0.0,-1.6673043e-24,0.0,76.080444,65.13927,65.21068,66.87703,72.510605
2018-01-01 13:50:00,6.907353e-26,0.0,65.71962,357730.44,0.75,0.0,29.690014,-1.1619784e-06,0.25,1.0,69.16431,0.0,0.0,0.0,-9.838637e-24,5.6406425e-06,0.005004883,-400.25253,65.71962,55.184006,0.0,0.9,0.0,-1.8711228e-24,0.0,76.0805,65.14218,65.21315,66.877365,72.50835
2018-01-01 13:51:00,2.54386e-26,0.0,65.71962,357730.44,0.75,0.0,29.723028,-1.1619784e-06,0.25,1.0,69.165,0.0,0.0,0.0,-2.9852423e-24,1.573405e-06,0.005004883,-400.25253,65.71962,55.184006,0.0,0.9,0.0,-5.6951616e-26,0.0,76.0805,65.145096,65.21568,66.877686,72.50604
2018-01-01 13:52:00,3.9892849999999997e-26,0.0,65.71962,357730.44,0.75,0.0,29.755987,1.1619784e-06,0.25,1.0,69.16569,0.0,0.0,0.0,-6.37094e-23,-1.3702923e-05,0.005004883,-400.25253,65.71962,55.184006,0.0,0.9,0.0,-3.47639e-24,0.0,76.0805,65.148056,65.218155,66.87802,72.50374
2018-01-01 13:53:00,-8.480917000000001e-25,0.0,65.71962,357730.44,0.75,0.0,29.789001,1.1619784e-06,0.25,1.0,69.16638,0.0,0.0,0.0,-3.3692088e-23,5.025037e-06,0.005004883,-400.25253,65.71962,55.184006,0.0,0.9,0.0,-1.3491515e-24,0.0,76.08055,65.151024,65.220566,66.878296,72.50148
2018-01-01 13:54:00,-1.2643832999999998e-25,0.0,65.71962,357730.44,0.75,0.0,29.822016,0.0,0.25,1.0,69.16707,0.0,0.0,0.0,-1.3670736999999998e-23,4.3376403e-06,0.005004883,-400.25253,65.71962,55.184006,0.0,0.9,0.0,-1.4612801000000001e-24,0.0,76.08055,65.15399,65.22304,66.878624,72.499115
2018-01-01 13:55:00,-2.7501996e-26,0.0,65.71962,357730.44,0.75,0.0,29.85503,-1.1619784e-06,0.25,1.0,69.16775,0.0,0.0,0.0,-8.413981e-25,1.8581292e-06,0.005004883,-400.25253,65.71962,55.184006,0.0,0.9,0.0,-1.2233037e-24,0.0,76.08055,65.15701,65.22546,66.8789,72.49681
2018-01-01 13:56:00,-3.529494e-27,0.0,65.71962,357730.44,0.75,0.0,29.887989,3.4859352e-06,0.25,1.0,69.16844,0.0,0.0,0.0,-7.235720999999999e-24,2.434799e-07,0.005004883,-400.25253,65.71962,55.184006,0.0,0.9,0.0,-1.2921819000000001e-26,0.0,76.08061,65.160034,65.227875,66.87923,72.494446
2018-01-01 13:57:00,8.316413999999999e-26,0.0,65.71962,357730.44,0.75,0.0,29.921001,1.1619784e-06,0.25,1.0,69.16911,0.0,0.0,0.0,-3.8400373e-23,-6.035374e-06,0.005004883,-400.25253,65.71962,55.184006,0.0,0.9,0.0,-2.5312594000000002e-24,0.0,76.08061,65.163055,65.230286,66.8795,72.49214
2018-01-01 13:58:00,-8.381318e-26,0.0,65.71962,357730.44,0.75,0.0,29.954016,-1.1619784e-06,0.25,1.0,69.1698,0.0,0.0,0.0,-2.3004353e-24,4.085885e-06,0.005004883,-400.25253,65.71962,55.184006,0.0,0.9,0.0,-9.354807500000001e-26,0.0,76.08061,65.16613,65.23271,66.879776,72.48978
2018-01-01 13:59:00,-6.054009e-26,0.0,65.71962,357730.44,0.75,0.0,29.98703,0.0,0.25,1.0,69.170494,0.0,0.0,0.0,-2.5812965e-24,-2.7584067e-06,0.005004883,-400.25253,65.71962,55.184006,0.0,0.9,0.0,-8.566049000000001e-27,0.0,76.08066,65.169205,65.23512,66.88005,72.48742
2018-01-01 14:00:00,-1.09189435e-26,0.0,65.71962,357730.44,0.75,0.0,30.019989,-1.1619784e-06,0.25,1.0,69.17116,0.0,0.0,0.0,-1.6948050000000003e-23,-6.4562323e-06,0.005004883,-400.25253,65.71962,55.184006,0.0,0.9,0.0,-8.641182e-25,0.0,76.08066,65.17229,65.23749,66.880325,72.485
2018-01-01 14:01:00,-2.4415124e-25,0.0,65.71962,357730.44,0.75,0.0,30.019989,1.1619784e-06,0.25,1.0,69.17179,0.0,0.0,0.0,-1.08197e-23,5.7649754e-06,0.005004883,-400.25253,65.71962,55.184006,0.0,0.9,0.0,-1.2905269e-24,0.0,76.08072,65.175415,65.23958,66.8806,72.482635
2018-01-01 14:02:00,-7.176786e-26,0.0,65.71962,357730.44,0.75,0.0,30.019989,1.1619784e-06,0.25,1.0,69.17239,0.0,0.0,0.0,-2.2671772e-23,3.4178885e-07,0.005004883,-400.25253,65.71962,55.184006,0.0,0.9,0.0,-1.7674999000000002e-24,0.0,76.08072,65.17854,65.24166,66.88082,72.480225
2018-01-01 14:03:00,1.8176908e-26,0.0,65.71962,357730.44,0.75,0.0,30.019989,1.1619784e-06,0.25,1.0,69.17299,0.0,0.0,0.0,-4.8528932e-24,-1.8086546e-06,0.005004883,-400.25253,65.71962,55.184006,0.0,0.9,0.0,-2.801049e-24,0.0,76.08072,65.18167,65.243744,66.88104,72.47775
2018-01-01 14:04:00,8.515655e-26,0.0,65.71962,357730.44,0.75,0.0,30.019989,-1.1619784e-06,0.25,1.0,69.17359,0.0,0.0,0.0,-3.3062158e-24,4.767399e-06,0.005004883,-400.25253,65.71962,55.184006,0.0,0.9,0.0,-3.526523e-25,0.0,76.08077,65.18481,65.24578,66.881256,72.475334
2018-01-01 14:05:00,-9.574861e-27,0.0,65.71962,357730.44,0.75,0.0,30.019989,1.1619784e-06,0.25,1.0,69.17419,0.0,0.0,0.0,-7.262583e-24,2.4281217e-06,0.005004883,-400.25253,65.71962,55.184006,0.0,0.9,0.0,-6.816712e-25,0.0,76.08077,65.18799,65.24782,66.881485,72.47286
2018-01-01 14:06:00,2.034996e-26,0.0,65.71962,357730.44,0.75,0.0,30.019989,0.0,0.25,1.0,69.17474,0.0,0.0,0.0,-3.3472362e-24,-3.9980523e-07,0.005004883,-400.25253,65.71962,55.184006,0.0,0.9,0.0,-1.6837853e-24,0.0,76.080826,65.191124,65.24979,66.881645,72.47034
2018-01-01 14:07:00,-2.4253072000000002e-26,0.0,65.71962,357730.44,0.75,0.0,30.019989,1.1619784e-06,0.25,1.0,69.1753,0.0,0.0,0.0,-9.085991e-24,-6.281371e-06,0.005004883,-400.25253,65.71962,55.184006,0.0,0.9,0.0,-8.7845005e-26,0.0,76.080826,65.194305,65.25177,66.881805,72.467804
2018-01-01 14:08:00,-1.8945347999999999e-25,0.0,65.71962,357730.44,0.75,0.0,30.019989,1.1619784e-06,0.25,1.0,69.175865,0.0,0.0,0.0,-1.3834869e-23,-7.947228e-06,0.005004883,-400.25253,65.71962,55.184006,0.0,0.9,0.0,-4.0619773999999997e-25,0.0,76.08089,65.197495,65.25369,66.88197,72.46529
2018-01-01 14:09:00,2.2526885e-25,0.0,65.71962,357730.44,0.75,0.0,30.019989,2.3239568e-06,0.25,1.0,69.17641,0.0,0.0,0.0,-2.2860892e-23,-1.6150997e-06,0.005004883,-400.25253,65.71962,55.184006,0.0,0.9,0.0,-6.647431e-25,0.0,76.08089,65.20074,65.255615,66.88208,72.4627
2018-01-01 14:10:00,-6.34923e-26,0.0,65.71962,357730.44,0.75,0.0,30.019989,1.1619784e-06,0.25,1.0,69.17695,0.0,0.0,0.0,-8.693593e-24,-5.534932e-06,0.005004883,-400.25253,65.71962,55.184006,0.0,0.9,0.0,-5.3917617e-25,0.0,76.08093,65.20392,65.25754,66.88225,72.46011
2018-01-01 14:11:00,-3.0265389999999997e-26,0.0,65.71962,357730.44,0.75,0.0,30.019989,3.4859352e-06,0.25,1.0,69.17747,0.0,0.0,0.0,-5.2806390000000007e-23,-1.3125294e-06,0.005004883,-400.25253,65.71962,55.184006,0.0,0.9,0.0,-2.3050787e-25,0.0,76.08093,65.20717,65.2594,66.88231,72.457535
2018-01-01 14:12:00,-6.3062527e-26,0.0,65.71962,357730.44,0.75,0.0,30.019989,1.1619784e-06,0.25,1.0,69.177986,0.0,0.0,0.0,-1.3006537e-23,-7.199698e-06,0.005004883,-400.25253,65.71962,55.184006,0.0,0.9,0.0,-3.1462727e-24,0.0,76.08099,65.2104,65.261215,66.882416,72.454895
2018-01-01 14:13:00,-1.5241408e-25,0.0,65.71962,357730.44,0.75,0.0,30.019989,-1.1619784e-06,0.25,1.0,69.178635,0.0,0.0,0.0,-1.4839445999999998e-23,8.669329e-06,0.005004883,-400.25253,65.71962,55.184006,0.0,0.9,0.0,-2.534999e-24,0.0,76.08099,65.21387,65.263084,66.88252,72.4527
2018-01-01 14:14:00,-7.867252500000001e-26,0.0,65.71962,357730.44,0.75,0.0,30.019989,1.1619784e-06,0.25,1.0,69.1793,0.0,0.0,0.0,-3.2734657000000002e-24,2.1391236e-07,0.005004883,-400.25253,65.71962,55.184006,0.0,0.9,0.0,-5.7997330000000004e-27,0.0,76.08105,65.21744,65.26489,66.88258,72.4505
2018-01-01 14:15:00,2.1667404e-26,0.0,65.71962,357730.44,0.75,0.0,30.019989,1.1619784e-06,0.25,1.0,69.17995,0.0,0.0,0.0,-8.757106e-24,1.8773777e-06,0.005004883,-400.25253,65.71962,55.184006,0.0,0.9,0.0,-3.9856103e-26,0.0,76.0811,65.22101,65.26671,66.88263,72.4483
2018-01-01 14:16:00,4.1448678e-27,0.0,65.71962,357730.44,0.75,0.0,30.019989,1.1619784e-06,0.25,1.0,69.18062,0.0,0.0,0.0,-5.7111025e-24,1.12574e-05,0.005004883,-400.25253,65.71962,55.184006,0.0,0.9,0.0,-1.8696666e-24,0.0,76.0811,65.22458,65.268524,66.88269,72.44617
2018-01-01 14:17:00,2.7015773999999997e-25,0.0,65.71962,357730.44,0.75,0.0,30.019989,1.1619784e-06,0.25,1.0,69.18127,0.0,0.0,0.0,-3.0357054e-25,4.773985e-06,0.005004883,-400.25253,65.71962,55.184006,0.0,0.9,0.0,-4.6506888e-26,0.0,76.08116,65.2282,65.27028,66.882744,72.44397
2018-01-01 14:18:00,-2.5588616e-26,0.0,65.71962,357730.44,0.75,0.0,30.019989,1.1619784e-06,0.25,1.0,69.181915,0.0,0.0,0.0,-2.1962353e-24,-8.009186e-06,0.005004883,-400.25253,65.71962,55.184006,0.0,0.9,0.0,-2.4102093e-24,0.0,76.08121,65.23183,65.27203,66.882744,72.44177
2018-01-01 14:19:00,-3.816882e-26,0.0,65.71962,357730.44,0.75,0.0,30.019989,-1.1619784e-06,0.25,1.0,69.18257,0.0,0.0,0.0,-9.848198e-24,2.549735e-07,0.005004883,-400.25253,65.71962,55.184006,0.0,0.9,0.0,-5.8973534e-26,0.0,76.08127,65.23546,65.273796,66.882744,72.439575
2018-01-01 14:20:00,-5.277677999999999e-26,0.0,65.71962,357730.44,0.75,0.0,30.019989,0.0,0.25,1.0,69.183205,0.0,0.0,0.0,-5.146015e-23,-2.4277451e-06,0.005004883,-400.25253,65.71962,55.184006,0.0,0.9,0.0,-3.1806943e-26,0.0,76.08127,65.239136,65.2755,66.882744,72.43738
2018-01-01 14:21:00,1.1789837e-25,0.0,65.71962,357730.44,0.75,0.0,30.019989,1.1619784e-06,0.25,1.0,69.18384,0.0,0.0,0.0,-1.0533177999999999e-23,8.888323e-07,0.005004883,-400.25253,65.71962,55.184006,0.0,0.9,0.0,-2.1459311999999997e-25,0.0,76.08132,65.242874,65.277145,66.882744,72.43512
2018-01-01 14:22:00,-2.8594609999999996e-26,0.0,65.71962,357730.44,0.75,0.0,30.019989,-2.3239568e-06,0.25,1.0,69.18446,0.0,0.0,0.0,-9.81751e-25,5.962914e-06,0.005004883,-400.25253,65.71962,55.184006,0.0,0.9,0.0,-3.2010416000000002e-24,0.0,76.081375,65.24655,65.27879,66.88269,72.43292
2018-01-01 14:23:00,5.206561500000001e-26,0.0,65.71962,357730.44,0.75,0.0,30.019989,1.1619784e-06,0.25,1.0,69.1851,0.0,0.0,0.0,-1.6631817e-24,5.535934e-06,0.005004883,-400.25253,65.71962,55.184006,0.0,0.9,0.0,-1.6214381e-26,0.0,76.081436,65.25029,65.28044,66.88263,72.43068
2018-01-01 14:24:00,2.3638317999999998e-25,0.0,65.71962,357730.44,0.75,0.0,30.019989,2.3239568e-06,0.25,1.0,69.18571,0.0,0.0,0.0,-1.0579205000000001e-22,-2.825417e-06,0.005004883,-400.25253,65.71962,55.184006,0.0,0.9,0.0,-3.0192513e-24,0.0,76.08148,65.25402,65.282036,66.88258,72.42842
2018-01-01 14:25:00,3.3763576e-26,0.0,65.71962,357730.44,0.75,0.0,30.019989,1.1619784e-06,0.25,1.0,69.186325,0.0,0.0,0.0,-1.31135614e-23,-7.3829656e-06,0.005004883,-400.25253,65.71962,55.184006,0.0,0.9,0.0,-9.321942e-25,0.0,76.0816,65.25781,65.28363,66.88247,72.42612
2018-01-01 14:26:00,6.654392999999999e-26,0.0,65.71962,357730.44,0.75,0.0,30.019989,2.3239568e-06,0.25,1.0,69.18693,0.0,0.0,0.0,-2.7808944e-23,6.4809874e-06,0.005004883,-400.25253,65.71962,55.184006,0.0,0.9,0.0,-2.9173626000000003e-24,0.0,76.08165,65.26155,65.28522,66.882355,72.42386
2018-01-01 14:27:00,1.5878281e-25,0.0,65.71962,357730.44,0.75,0.0,30.019989,-2.3239568e-06,0.25,1.0,69.18752,0.0,0.0,0.0,-8.314356e-24,-4.3222367e-06,0.005004883,-400.25253,65.71962,55.184006,0.0,0.9,0.0,-4.0778745e-24,0.0,76.08171,65.265335,65.28676,66.88225,72.421555
2018-01-01 14:28:00,-5.6677715e-27,0.0,65.71962,357730.44,0.75,0.0,30.019989,1.1619784e-06,0.25,1.0,69.18811,0.0,0.0,0.0,-3.6790168e-26,5.7318634e-06,0.005004883,-400.25253,65.71962,55.184006,0.0,0.9,0.0,-8.723966e-25,0.0,76.08176,65.26918,65.28824,66.88214,72.41925
2018-01-01 14:29:00,-9.035104e-27,0.0,65.71962,357730.44,0.75,0.0,30.019989,1.1619784e-06,0.25,1.0,69.18868,0.0,0.0,0.0,-2.0458372e-23,4.715216e-07,0.005004883,-400.25253,65.71962,55.184006,0.0,0.9,0.0,-3.7668487e-24,0.0,76.08187,65.27297,65.28973,66.88197,72.416885
2018-01-01 14:30:00,1.8896345000000002e-26,0.0,65.71962,357730.44,0.75,0.0,30.019989,-2.3239568e-06,0.25,1.0,69.18926,0.0,0.0,0.0,-1.3651056e-24,3.976227e-06,0.005004883,-400.25253,65.71962,55.184006,0.0,0.9,0.0,-3.698311e-27,0.0,76.081924,65.27682,65.291214,66.881805,72.41458
2018-01-01 14:31:00,4.987073e-26,0.0,65.71962,357730.44,0.75,0.0,30.019989,1.1619784e-06,0.25,1.0,69.189835,0.0,0.0,0.0,-3.4761286e-24,-2.7417005e-07,0.005004883,-400.25253,65.71962,55.184006,0.0,0.9,0.0,-1.5730558000000001e-24,0.0,76.08203,65.28066,65.29263,66.88159,72.41222
2018-01-01 14:32:00,2.6746395e-28,0.0,65.71962,357730.44,0.75,0.0,30.019989,1.1619784e-06,0.25,1.0,69.19037,0.0,0.0,0.0,-1.2466886999999999e-23,-2.0845962e-06,0.005004883,-400.25253,65.71962,55.184006,0.0,0.9,0.0,-7.731937299999999e-25,0.0,76.08209,65.284454,65.29407,66.881424,72.409805
2018-01-01 14:33:00,2.4860984000000002e-26,0.0,65.71962,357730.44,0.75,0.0,30.019989,0.0,0.25,1.0,69.1909,0.0,0.0,0.0,-1.701055e-23,-4.168478e-07,0.005004883,-400.25253,65.71962,55.184006,0.0,0.9,0.0,-1.1506712e-25,0.0,76.0822,65.2883,65.295494,66.88121,72.40733
2018-01-01 14:34:00,-8.367771e-28,0.0,65.71962,357730.44,0.75,0.0,30.019989,1.1619784e-06,0.25,1.0,69.19142,0.0,0.0,0.0,-7.677624e-24,4.052168e-06,0.005004883,-400.25253,65.71962,55.184006,0.0,0.9,0.0,-5.114942599999999e-25,0.0,76.082306,65.292145,65.29687,66.88098,72.4048
2018-01-01 14:35:00,3.1648397000000003e-27,0.0,65.71962,357730.44,0.75,0.0,30.019989,0.0,0.25,1.0,69.19191,0.0,0.0,0.0,-3.6033068e-24,1.3420189e-06,0.005004883,-400.25253,65.71962,55.184006,0.0,0.9,0.0,-9.305612999999999e-26,0.0,76.08237,65.29599,65.29819,66.88071,72.402275
2018-01-01 14:36:00,3.2976478e-26,0.0,65.71962,357730.44,0.75,0.0,30.019989,1.1619784e-06,0.25,1.0,69.1924,0.0,0.0,0.0,-8.197064e-24,5.7271463e-06,0.005004883,-400.25253,65.71962,55.184006,0.0,0.9,0.0,-4.59426e-25,0.0,76.08247,65.299835,65.29956,66.88043,72.39964
2018-01-01 14:37:00,4.8974484e-27,0.0,65.71962,357730.44,0.75,0.0,30.019989,3.4859352e-06,0.25,1.0,69.19283,0.0,0.0,0.0,-1.8307196e-23,-7.128861e-07,0.005004883,-400.25253,65.71962,55.184006,0.0,0.9,0.0,-1.4484673e-26,0.0,76.08258,65.30362,65.30087,66.88016,72.39694
2018-01-01 14:38:00,2.048424e-26,0.0,65.71962,357730.44,0.75,0.0,30.019989,-1.1619784e-06,0.25,1.0,69.19327,0.0,0.0,0.0,-3.7426618e-25,3.2949647e-06,0.005004883,-400.25253,65.71962,55.184006,0.0,0.9,0.0,-7.8323925e-24,0.0,76.082695,65.30742,65.30214,66.87988,72.394196
2018-01-01 14:39:00,-7.112521e-26,0.0,65.71962,357730.44,0.75,0.0,30.019989,3.4859352e-06,0.25,1.0,69.1937,0.0,0.0,0.0,-5.3947604e-23,-5.2695673e-06,0.005004883,-400.25253,65.71962,55.184006,0.0,0.9,0.0,-1.9012358e-24,0.0,76.08281,65.311264,65.303406,66.87961,72.3914
2018-01-01 14:40:00,-1.2999656e-26,0.0,65.71962,357730.44,0.75,0.0,30.019989,-1.1619784e-06,0.25,1.0,69.194084,0.0,0.0,0.0,-1.0843865999999999e-23,-1.0451004e-06,0.005004883,-400.25253,65.71962,55.184006,0.0,0.9,0.0,-7.263289e-25,0.0,76.08292,65.314995,65.30467,66.87929,72.38854
2018-01-01 14:41:00,-1.1942239999999999e-26,0.0,65.71962,357730.44,0.75,0.0,30.019989,-3.4859352e-06,0.25,1.0,69.19446,0.0,0.0,0.0,-7.141300999999999e-24,-7.2190664e-07,0.005004883,-400.25253,65.71962,55.184006,0.0,0.9,0.0,-2.6319715e-25,0.0,76.08302,65.31879,65.30593,66.87895,72.385635
2018-01-01 14:42:00,-9.354913000000001e-27,0.0,65.71962,357730.44,0.75,0.0,30.019989,3.4859352e-06,0.25,1.0,69.194824,0.0,0.0,0.0,-9.022643e-24,-4.2188994e-06,0.005004883,-400.25253,65.71962,55.184006,0.0,0.9,0.0,-1.6767454e-24,0.0,76.08319,65.32257,65.307144,66.878624,72.382614
2018-01-01 14:43:00,-1.3235212e-26,0.0,65.71962,357730.44,0.75,0.0,30.019989,-1.1619784e-06,0.25,1.0,69.19515,0.0,0.0,0.0,-2.1561568e-25,-1.492484e-05,0.005004883,-400.25253,65.71962,55.184006,0.0,0.9,0.0,-2.427803e-24,0.0,76.0833,65.32631,65.30835,66.878235,72.37959
2018-01-01 14:44:00,5.132142699999999e-25,0.0,65.71962,357730.44,0.75,0.0,30.019989,0.0,0.25,1.0,69.19547,0.0,0.0,0.0,-3.0025452e-24,1.0617421e-06,0.005004883,-400.25253,65.71962,55.184006,0.0,0.9,0.0,-1.3955228e-25,0.0,76.083405,65.33005,65.3095,66.877914,72.37646
2018-01-01 14:45:00,1.0727486e-25,0.0,65.71962,357730.44,0.75,0.0,30.019989,3.4859352e-06,0.25,1.0,69.19577,0.0,0.0,0.0,-2.5037548e-24,-6.942998e-07,0.005004883,-400.25253,65.71962,55.184006,0.0,0.9,0.0,-6.988835e-27,0.0,76.08357,65.333786,65.31065,66.877525,72.37332
2018-01-01 14:46:00,8.166424e-26,0.0,65.71962,357730.44,0.75,0.0,30.019989,-1.1619784e-06,0.25,1.0,69.19603,0.0,0.0,0.0,-7.821266000000001e-25,6.6965345e-07,0.005004883,-400.25253,65.71962,55.184006,0.0,0.9,0.0,-1.1278535e-24,0.0,76.08368,65.33746,65.31181,66.87709,72.37009
2018-01-01 14:47:00,-3.3863423e-26,0.0,65.71962,357730.44,0.75,0.0,30.019989,1.1619784e-06,0.25,1.0,69.19629,0.0,0.0,0.0,-2.961527e-23,5.022568e-06,0.005004883,-400.25253,65.71962,55.184006,0.0,0.9,0.0,-2.1360933e-24,0.0,76.08385,65.3412,65.31291,66.8767,72.36679
2018-01-01 14:48:00,-8.2603425e-26,0.0,65.71962,357730.44,0.75,0.0,30.019989,2.3239568e-06,0.25,1.0,69.19651,0.0,0.0,0.0,-4.2515605e-23,-5.15929e-06,0.005004883,-400.25253,65.71962,55.184006,0.0,0.9,0.0,-2.1170759e-24,0.0,76.083954,65.34488,65.31401,66.87627,72.363434
2018-01-01 14:49:00,-8.3156706e-26,0.0,65.71962,357730.44,0.75,0.0,30.019989,3.4859352e-06,0.25,1.0,69.19672,0.0,0.0,0.0,-3.1825978000000003e-24,6.912668e-07,0.005004883,-400.25253,65.71962,55.184006,0.0,0.9,0.0,-1.3173922999999998e-25,0.0,76.08412,65.3485,65.31511,66.875824,72.36003
2018-01-01 14:50:00,1.9654303e-26,0.0,65.71962,357730.44,0.75,0.0,30.019989,1.1619784e-06,0.25,1.0,69.1969,0.0,0.0,0.0,-3.0202717e-23,6.019735e-06,0.005004883,-400.25253,65.71962,55.184006,0.0,0.9,0.0,-2.157719e-25,0.0,76.08423,65.35219,65.31615,66.87538,72.35657
2018-01-01 14:51:00,2.9080932999999997e-25,0.0,65.71962,357730.44,0.75,0.0,30.019989,2.3239568e-06,0.25,1.0,69.19705,0.0,0.0,0.0,-4.1274593999999997e-23,4.49884e-06,0.005004883,-400.25253,65.71962,55.184006,0.0,0.9,0.0,-2.3918874e-25,0.0,76.0844,65.355804,65.31719,66.87489,72.353
2018-01-01 14:52:00,-1.6078837e-26,0.0,65.71962,357730.44,0.75,0.0,30.019989,-1.1619784e-06,0.25,1.0,69.19719,0.0,0.0,0.0,-2.0592949e-23,1.2246697e-07,0.005004883,-400.25253,65.71962,55.184006,0.0,0.9,0.0,-7.252341e-26,0.0,76.084564,65.359375,65.31818,66.87439,72.34943
2018-01-01 14:53:00,1.3871302e-26,0.0,65.71962,357730.44,0.75,0.0,30.019989,1.1619784e-06,0.25,1.0,69.1973,0.0,0.0,0.0,-3.1844599e-24,3.2731564e-06,0.005004883,-400.25253,65.71962,55.184006,0.0,0.9,0.0,-2.5140282e-25,0.0,76.08467,65.36301,65.31917,66.8739,72.34575
2018-01-01 14:54:00,-1.7669954e-26,0.0,65.71962,357730.44,0.75,0.0,30.019989,1.1619784e-06,0.25,1.0,69.19739,0.0,0.0,0.0,-4.1911504999999997e-23,-1.0218906e-07,0.005004883,-400.25253,65.71962,55.184006,0.0,0.9,0.0,-1.1150116e-25,0.0,76.08484,65.366516,65.32016,66.87335,72.34207
2018-01-01 14:55:00,-9.4651175e-27,0.0,65.71962,357730.44,0.75,0.0,30.019989,-1.1619784e-06,0.25,1.0,69.19748,0.0,0.0,0.0,-4.1123165e-24,-6.8010974e-07,0.005004883,-400.25253,65.71962,55.184006,0.0,0.9,0.0,-1.9079851e-25,0.0,76.08501,65.37009,65.32115,66.872856,72.33828
2018-01-01 14:56:00,6.670351e-26,0.0,65.71962,357730.44,0.75,0.0,30.019989,1.1619784e-06,0.25,1.0,69.19751,0.0,0.0,0.0,-1.1824151000000001e-24,5.510968e-06,0.005004883,-400.25253,65.71962,55.184006,0.0,0.9,0.0,-3.5220162e-24,0.0,76.08511,65.37361,65.32208,66.87231,72.334435
2018-01-01 14:57:00,2.2133459999999998e-26,0.0,65.71962,357730.44,0.75,0.0,30.019989,0.0,0.25,1.0,69.197525,0.0,0.0,0.0,-9.207182e-24,2.1961825e-06,0.005004883,-400.25253,65.71962,55.184006,0.0,0.9,0.0,-3.2941288000000004e-26,0.0,76.08528,65.37712,65.32296,66.871704,72.330536
2018-01-01 14:58:00,-1.0233423999999999e-25,0.0,65.71962,357730.44,0.75,0.0,30.019989,-1.1619784e-06,0.25,1.0,69.197525,0.0,0.0,0.0,-3.3845746e-24,-1.2359337e-07,0.005004883,-400.25253,65.71962,55.184006,0.0,0.9,0.0,-1.0022248500000001e-25,0.0,76.08544,65.380585,65.32384,66.871155,72.326584
2018-01-01 14:59:00,-4.3153877000000005e-27,0.0,65.71962,357730.44,0.75,0.0,30.019989,-2.3239568e-06,0.25,1.0,69.19749,0.0,0.0,0.0,-5.885286e-23,1.4986241e-06,0.005004883,-400.25253,65.71962,55.184006,0.0,0.9,0.0,-1.1863456e-25,0.0,76.085556,65.38405,65.32472,66.870544,72.32257
2018-01-01 15:00:00,-4.4566894000000004e-26,0.0,65.71962,357730.44,0.75,0.0,30.019989,1.1619784e-06,0.25,1.0,69.19744,0.0,0.0,0.0,-9.5860334e-24,1.8416941e-06,0.005004883,-400.25253,65.71962,55.184006,0.0,0.9,0.0,-1.1623068e-26,0.0,76.08572,65.38745,65.32559,66.86995,72.318504
2018-01-01 15:01:00,1.0001558e-25,0.0,65.71962,357730.44,0.75,0.0,30.019989,1.1619784e-06,0.25,1.0,69.197365,0.0,0.0,0.0,-4.9013987e-24,1.2961567e-06,0.005004883,-400.25253,65.71962,55.184006,0.0,0.9,0.0,-2.5360802999999997e-25,0.0,76.08588,65.390854,65.326416,66.86934,72.31433
2018-01-01 15:02:00,2.0006785e-26,0.0,65.71962,357730.44,0.75,0.0,30.019989,-1.1619784e-06,0.25,1.0,69.19729,0.0,0.0,0.0,-6.5253292000000004e-24,7.5915045e-06,0.005004883,-400.25253,65.71962,55.184006,0.0,0.9,0.0,-5.557123e-25,0.0,76.08599,65.39426,65.327354,66.86868,72.31015
2018-01-01 15:03:00,-1.0452105000000001e-26,0.0,65.71962,357730.44,0.75,0.0,30.019989,1.1619784e-06,0.25,1.0,69.197205,0.0,0.0,0.0,-1.6776080999999998e-25,-3.7178313e-06,0.005004883,-400.25253,65.71962,55.184006,0.0,0.9,0.0,-4.253353e-25,0.0,76.08615,65.39761,65.32829,66.86803,72.30592
2018-01-01 15:04:00,2.1851257e-25,0.0,65.71962,357730.44,0.75,0.0,30.019989,-1.1619784e-06,0.25,1.0,69.19709,0.0,0.0,0.0,-4.0700355e-24,1.6996327e-06,0.005004883,-400.25253,65.71962,55.184006,0.0,0.9,0.0,-6.702392e-26,0.0,76.08632,65.40096,65.32916,66.86736,72.301636
2018-01-01 15:05:00,-3.2604182000000004e-26,0.0,65.71962,357730.44,0.75,0.0,30.019989,3.4859352e-06,0.25,1.0,69.196945,0.0,0.0,0.0,-4.0047852e-23,-2.7791893e-06,0.005004883,-400.25253,65.71962,55.184006,0.0,0.9,0.0,-1.3898461000000001e-24,0.0,76.086426,65.40426,65.33005,66.8667,72.2973
2018-01-01 15:06:00,3.0781507e-26,0.0,65.71962,357730.44,0.75,0.0,30.019989,3.4859352e-06,0.25,1.0,69.19679,0.0,0.0,0.0,-5.5961004e-23,6.6424805e-06,0.005004883,-400.25253,65.71962,55.184006,0.0,0.9,0.0,-3.5054724999999998e-25,0.0,76.08659,65.407555,65.33087,66.86604,72.29291
2018-01-01 15:07:00,-1.5425607999999999e-25,0.0,65.71962,357730.44,0.75,0.0,30.019989,1.1619784e-06,0.25,1.0,69.19662,0.0,0.0,0.0,-6.3079735e-23,1.931262e-06,0.005004883,-400.25253,65.71962,55.184006,0.0,0.9,0.0,-6.688424000000001e-28,0.0,76.0867,65.41085,65.33175,66.865326,72.28845
2018-01-01 15:08:00,-6.4527277000000004e-27,0.0,65.71962,357730.44,0.75,0.0,30.019989,1.1619784e-06,0.25,1.0,69.19643,0.0,0.0,0.0,-9.603011e-24,7.9363495e-08,0.005004883,-400.25253,65.71962,55.184006,0.0,0.9,0.0,-6.401925e-26,0.0,76.08687,65.41409,65.33257,66.86462,72.28395
2018-01-01 15:09:00,-4.255093e-27,0.0,65.71962,357730.44,0.75,0.0,30.019989,1.1619784e-06,0.25,1.0,69.19621,0.0,0.0,0.0,-1.2208468e-24,-2.6679124e-06,0.005004883,-400.25253,65.71962,55.184006,0.0,0.9,0.0,-1.8941030999999999e-25,0.0,76.086975,65.41733,65.3334,66.86391,72.27945
2018-01-01 15:10:00,-6.483455999999999e-26,0.0,65.71962,357730.44,0.75,0.0,30.019989,-3.4859352e-06,0.25,1.0,69.19597,0.0,0.0,0.0,-7.9208116e-23,1.1695099e-05,0.005004883,-400.25253,65.71962,55.184006,0.0,0.9,0.0,-1.0586479e-25,0.0,76.08714,65.42052,65.33417,66.86319,72.27483
2018-01-01 15:11:00,-3.0134625000000004e-26,0.0,65.71962,357730.44,0.75,0.0,30.019989,-1.1619784e-06,0.25,1.0,69.19572,0.0,0.0,0.0,-7.156045e-24,-1.806208e-06,0.005004883,-400.25253,65.71962,55.184006,0.0,0.9,0.0,-3.4861234999999996e-25,0.0,76.08725,65.423706,65.33493,66.86247,72.27022
2018-01-01 15:12:00,3.8134997000000003e-26,0.0,65.71962,357730.44,0.75,0.0,30.019989,-1.1619784e-06,0.25,1.0,69.19545,0.0,0.0,0.0,-1.1715289e-22,-6.1348715e-06,0.005004883,-400.25253,65.71962,55.184006,0.0,0.9,0.0,-8.282937000000001e-27,0.0,76.08742,65.426834,65.33571,66.86171,72.26555
2018-01-01 15:13:00,7.924458e-27,0.0,65.71962,357730.44,0.75,0.0,30.019989,1.1619784e-06,0.25,1.0,69.19516,0.0,0.0,0.0,-3.3569313e-24,2.64053e-06,0.005004883,-400.25253,65.71962,55.184006,0.0,0.9,0.0,-1.4116614e-24,0.0,76.087524,65.42996,65.33647,66.86099,72.260826
2018-01-01 15:14:00,-2.3771679999999998e-26,0.0,65.71962,357730.44,0.75,0.0,30.019989,-1.1619784e-06,0.25,1.0,69.19483,0.0,0.0,0.0,-1.0585556e-23,4.6875984e-06,0.005004883,-400.25253,65.71962,55.184006,0.0,0.9,0.0,-1.0240201e-24,0.0,76.08764,65.433044,65.33719,66.86022,72.25604
2018-01-01 15:15:00,-1.0592214000000001e-26,0.0,65.71962,357730.44,0.75,0.0,30.019989,0.0,0.25,1.0,69.19448,0.0,0.0,0.0,-1.2788207e-23,3.536182e-06,0.005004883,-400.25253,65.71962,55.184006,0.0,0.9,0.0,-1.6808557e-26,0.0,76.08775,65.43612,65.337906,66.8594,72.25127
2018-01-01 15:16:00,3.922867e-25,0.0,65.71962,357730.44,0.75,0.0,30.019989,-1.1619784e-06,0.25,1.0,69.19414,0.0,0.0,0.0,-6.781482e-24,-1.4804959e-05,0.005004883,-400.25253,65.71962,55.184006,0.0,0.9,0.0,-2.1278945e-24,0.0,76.08791,65.43914,65.338615,66.85863,72.24638
2018-01-01 15:17:00,6.699947e-25,0.0,65.71962,357730.44,0.75,0.0,30.019989,0.0,0.25,1.0,69.19375,0.0,0.0,0.0,-4.5669043e-24,-5.9193035e-06,0.005004883,-400.25253,65.71962,55.184006,0.0,0.9,0.0,-9.7190685e-24,0.0,76.08803,65.44216,65.33928,66.857864,72.24144
2018-01-01 15:18:00,3.3775320000000004e-25,0.0,65.71962,357730.44,0.75,0.0,30.019989,1.1619784e-06,0.25,1.0,69.193344,0.0,0.0,0.0,-9.605140999999999e-24,5.3799004e-06,0.005004883,-400.25253,65.71962,55.184006,0.0,0.9,0.0,-5.4455195999999995e-25,0.0,76.088135,65.44513,65.339935,66.85704,72.236496
2018-01-01 15:19:00,6.464552e-27,0.0,65.71962,357730.44,0.75,0.0,30.019989,1.1619784e-06,0.25,1.0,69.19292,0.0,0.0,0.0,-4.7328179999999996e-24,1.5022503e-05,0.005004883,-400.25253,65.71962,55.184006,0.0,0.9,0.0,-7.285937e-25,0.0,76.08824,65.448044,65.34059,66.85622,72.23149
2018-01-01 15:20:00,-5.265519299999999e-25,0.0,65.71962,357730.44,0.75,0.0,30.019989,0.0,0.25,1.0,69.19249,0.0,0.0,0.0,-3.9698837e-24,1.5588503e-06,0.005004883,-400.25253,65.71962,55.184006,0.0,0.9,0.0,-4.7402553e-25,0.0,76.08835,65.451004,65.34125,66.85539,72.22644
2018-01-01 15:21:00,-4.1281177000000004e-26,0.0,65.71962,357730.44,0.75,0.0,30.019989,3.4859352e-06,0.25,1.0,69.19188,0.0,0.0,0.0,-1.0615504e-23,7.4100774e-07,0.005004883,-400.25253,65.71962,55.184006,0.0,0.9,0.0,-2.3418351999999997e-25,0.0,76.08841,65.45364,65.34186,66.85451,72.221
2018-01-01 15:22:00,-6.529612e-26,0.0,65.71962,357730.44,0.75,0.0,30.019989,3.4859352e-06,0.25,1.0,69.19126,0.0,0.0,0.0,-3.6141817e-23,6.746246e-07,0.005004883,-400.25253,65.71962,55.184006,0.0,0.9,0.0,-8.345296e-25,0.0,76.08852,65.45617,65.34241,66.85363,72.21556
2018-01-01 15:23:00,-1.2710163e-26,0.0,65.71962,357730.44,0.75,0.0,30.019989,-1.1619784e-06,0.25,1.0,69.19061,0.0,0.0,0.0,-3.6283802999999997e-25,4.09416e-06,0.005004883,-400.25253,65.71962,55.184006,0.0,0.9,0.0,-3.5639631e-25,0.0,76.08862,65.458694,65.34296,66.85275,72.210014
2018-01-01 15:24:00,-3.2926882000000004e-26,0.0,65.71962,357730.44,0.75,0.0,30.019989,-1.1619784e-06,0.25,1.0,69.189926,0.0,0.0,0.0,-3.0246832000000002e-24,3.6990964e-06,0.005004883,-400.25253,65.71962,55.184006,0.0,0.9,0.0,-1.2178513000000001e-24,0.0,76.088684,65.46117,65.343506,66.85187,72.20441
2018-01-01 15:25:00,5.025153e-27,0.0,65.71962,357730.44,0.75,0.0,30.019989,-1.1619784e-06,0.25,1.0,69.18924,0.0,0.0,0.0,-8.090208e-25,-4.706492e-07,0.005004883,-400.25253,65.71962,55.184006,0.0,0.9,0.0,-1.0754838000000001e-27,0.0,76.08879,65.46364,65.344055,66.85094,72.19875
2018-01-01 15:26:00,-1.0172422000000001e-26,0.0,65.71962,357730.44,0.75,0.0,30.019989,2.3239568e-06,0.25,1.0,69.188515,0.0,0.0,0.0,-7.503719e-23,-1.3044536e-06,0.005004883,-400.25253,65.71962,55.184006,0.0,0.9,0.0,-3.9492614e-26,0.0,76.08885,65.46606,65.34454,66.85006,72.19304
2018-01-01 15:27:00,-1.2746769000000001e-26,0.0,65.71962,357730.44,0.75,0.0,30.019989,-1.1619784e-06,0.25,1.0,69.187744,0.0,0.0,0.0,-1.0839383000000001e-24,-6.2955523e-06,0.005004883,-400.25253,65.71962,55.184006,0.0,0.9,0.0,-1.3095952e-24,0.0,76.0889,65.468414,65.34505,66.84912,72.18727
2018-01-01 15:28:00,3.1105749999999997e-26,0.0,65.71962,357730.44,0.75,0.0,30.019989,-1.1619784e-06,0.25,1.0,69.18699,0.0,0.0,0.0,-3.306091e-26,1.2037299e-06,0.005004883,-400.25253,65.71962,55.184006,0.0,0.9,0.0,-3.4293632e-26,0.0,76.08901,65.470726,65.345535,66.84819,72.18145
2018-01-01 15:29:00,3.620333e-26,0.0,65.71962,357730.44,0.75,0.0,30.019989,-1.1619784e-06,0.25,1.0,69.18616,0.0,0.0,0.0,-3.8593687e-24,5.002451e-06,0.005004883,-400.25253,65.71962,55.184006,0.0,0.9,0.0,-1.2890692e-24,0.0,76.089066,65.47298,65.34598,66.8472,72.17557
2018-01-01 15:30:00,-1.5624529e-26,0.0,65.71962,357730.44,0.75,0.0,30.019989,1.1619784e-06,0.25,1.0,69.18535,0.0,0.0,0.0,-1.9234419e-24,1.4616796e-06,0.005004883,-400.25253,65.71962,55.184006,0.0,0.9,0.0,-1.9519994999999998e-25,0.0,76.08913,65.475235,65.34642,66.84627,72.16969
2018-01-01 15:31:00,-9.483527e-27,0.0,65.71962,357730.44,0.75,0.0,30.019989,1.1619784e-06,0.25,1.0,69.18449,0.0,0.0,0.0,-5.799266e-23,9.670033e-07,0.005004883,-400.25253,65.71962,55.184006,0.0,0.9,0.0,-4.7631480000000005e-25,0.0,76.08913,65.47743,65.346855,66.845276,72.16371
2018-01-01 15:32:00,-6.261255e-26,0.0,65.71962,357730.44,0.75,0.0,30.019989,1.1619784e-06,0.25,1.0,69.18362,0.0,0.0,0.0,-1.5080028e-23,6.322713e-07,0.005004883,-400.25253,65.71962,55.184006,0.0,0.9,0.0,-6.753017e-29,0.0,76.08917,65.47957,65.34729,66.844345,72.157715
2018-01-01 15:33:00,5.67598e-27,0.0,65.71962,357730.44,0.75,0.0,30.019989,-2.3239568e-06,0.25,1.0,69.18272,0.0,0.0,0.0,-1.10097956e-23,-6.1469996e-06,0.005004883,-400.25253,65.71962,55.184006,0.0,0.9,0.0,-2.4537171000000002e-24,0.0,76.08917,65.48171,65.34768,66.84335,72.15163
2018-01-01 15:34:00,-4.013113e-25,0.0,65.71962,357730.44,0.75,0.0,30.019989,1.1619784e-06,0.25,1.0,69.1818,0.0,0.0,0.0,-1.406431e-26,-6.584836e-06,0.005004883,-400.25253,65.71962,55.184006,0.0,0.9,0.0,-8.523052000000001e-25,0.0,76.08923,65.483795,65.34807,66.842316,72.145584
2018-01-01 15:35:00,1.6108584999999998e-25,0.0,65.71962,357730.44,0.75,0.0,30.019989,1.1619784e-06,0.25,1.0,69.18086,0.0,0.0,0.0,-4.9986679999999996e-24,-4.0071377e-06,0.005004883,-400.25253,65.71962,55.184006,0.0,0.9,0.0,-1.7618195e-24,0.0,76.08923,65.485886,65.34845,66.841324,72.13943
2018-01-01 15:36:00,1.2744894600000001e-26,0.0,65.71962,357730.44,0.75,0.0,30.019989,-1.1619784e-06,0.25,1.0,69.179924,0.0,0.0,0.0,-3.6891684e-24,-1.4812083e-06,0.005004883,-400.25253,65.71962,55.184006,0.0,0.9,0.0,-2.9220893999999998e-25,0.0,76.08923,65.487976,65.34883,66.84033,72.13327
2018-01-01 15:37:00,-8.929915000000001e-27,0.0,65.71962,357730.44,0.75,0.0,30.019989,1.1619784e-06,0.25,1.0,69.17898,0.0,0.0,0.0,-6.944078e-24,-6.129487e-06,0.005004883,-400.25253,65.71962,55.184006,0.0,0.9,0.0,-9.755875e-25,0.0,76.08923,65.490005,65.34921,66.839294,72.12712
2018-01-01 15:38:00,-4.5470717e-25,0.0,65.71962,357730.44,0.75,0.0,30.019989,1.1619784e-06,0.25,1.0,69.17799,0.0,0.0,0.0,-5.1660707999999997e-23,-1.5774034e-06,0.005004883,-400.25253,65.71962,55.184006,0.0,0.9,0.0,-3.0153405000000002e-24,0.0,76.08923,65.49199,65.34955,66.8383,72.120865
2018-01-01 15:39:00,-7.5311386e-26,0.0,65.71962,357730.44,0.75,0.0,30.019989,4.6479136e-06,0.25,1.0,69.176994,0.0,0.0,0.0,-4.5873682e-23,3.740948e-07,0.005004883,-400.25253,65.71962,55.184006,0.0,0.9,0.0,-4.762891e-25,0.0,76.08923,65.49396,65.34988,66.837265,72.114655
2018-01-01 15:40:00,1.5168187e-26,0.0,65.71962,357730.44,0.75,0.0,30.019989,1.1619784e-06,0.25,1.0,69.17598,0.0,0.0,0.0,-1.5190298e-23,7.0615096e-07,0.005004883,-400.25253,65.71962,55.184006,0.0,0.9,0.0,-9.7007735e-27,0.0,76.08917,65.49594,65.350204,66.83621,72.10834
2018-01-01 15:41:00,-1.3433368e-26,0.0,65.71962,357730.44,0.75,0.0,30.019989,-1.1619784e-06,0.25,1.0,69.17497,0.0,0.0,0.0,-7.420467e-24,-1.1822079e-06,0.005004883,-400.25253,65.71962,55.184006,0.0,0.9,0.0,-1.1857731e-25,0.0,76.08917,65.49786,65.35054,66.835175,72.10207
2018-01-01 15:42:00,4.8733734e-26,0.0,65.71962,357730.44,0.75,0.0,30.019989,1.1619784e-06,0.25,1.0,69.173904,0.0,0.0,0.0,-4.548372e-23,-5.3320905e-06,0.005004883,-400.25253,65.71962,55.184006,0.0,0.9,0.0,-2.2756562e-24,0.0,76.08913,65.49979,65.350815,66.834076,72.0957
2018-01-01 15:43:00,1.15284125e-26,0.0,65.71962,357730.44,0.75,0.0,30.019989,1.1619784e-06,0.25,1.0,69.17284,0.0,0.0,0.0,-3.4199746e-25,-6.8008862e-06,0.005004883,-400.25253,65.71962,55.184006,0.0,0.9,0.0,-8.009679e-27,0.0,76.089066,65.50165,65.351135,66.83303,72.089325
2018-01-01 15:44:00,-1.5138868e-25,0.0,65.71962,357730.44,0.75,0.0,30.019989,-3.4859352e-06,0.25,1.0,69.171776,0.0,0.0,0.0,-1.2673451e-23,2.5530812e-06,0.005004883,-400.25253,65.71962,55.184006,0.0,0.9,0.0,-6.048301999999999e-26,0.0,76.08901,65.503525,65.35141,66.831985,72.08296
2018-01-01 15:45:00,2.6298527e-26,0.0,65.71962,357730.44,0.75,0.0,30.019989,1.1619784e-06,0.25,1.0,69.17068,0.0,0.0,0.0,-3.606779e-23,-4.1652615e-06,0.005004883,-400.25253,65.71962,55.184006,0.0,0.9,0.0,-2.4010277e-24,0.0,76.08896,65.50533,65.351685,66.83089,72.07653
2018-01-01 15:46:00,1.7968008000000002e-26,0.0,65.71962,357730.44,0.75,0.0,30.019989,-1.1619784e-06,0.25,1.0,69.16956,0.0,0.0,0.0,-1.3751733e-23,4.26382e-06,0.005004883,-400.25253,65.71962,55.184006,0.0,0.9,0.0,-7.242623e-26,0.0,76.08885,65.50714,65.35191,66.82979,72.0701
2018-01-01 15:47:00,-1.3270724000000002e-26,0.0,65.71962,357730.44,0.75,0.0,30.019989,1.1619784e-06,0.25,1.0,69.16844,0.0,0.0,0.0,-1.0232609000000001e-26,-1.9570798e-06,0.005004883,-400.25253,65.71962,55.184006,0.0,0.9,0.0,-6.507993e-25,0.0,76.08879,65.5089,65.35219,66.82869,72.063675
2018-01-01 15:48:00,-5.5419975e-26,0.0,65.71962,357730.44,0.75,0.0,30.019989,0.0,0.25,1.0,69.16731,0.0,0.0,0.0,-2.9286865e-23,3.4946513e-06,0.005004883,-400.25253,65.71962,55.184006,0.0,0.9,0.0,-1.6813049999999998e-24,0.0,76.088684,65.510666,65.3524,66.82759,72.05719
2018-01-01 15:49:00,9.4102524e-27,0.0,65.71962,357730.44,0.75,0.0,30.019989,0.0,0.25,1.0,69.166176,0.0,0.0,0.0,-5.368527e-25,-1.7723958e-06,0.005004883,-400.25253,65.71962,55.184006,0.0,0.9,0.0,-2.584094e-24,0.0,76.08862,65.51242,65.35268,66.82649,72.05066
2018-01-01 15:50:00,6.7502097e-28,0.0,65.71962,357730.44,0.75,0.0,30.019989,1.1619784e-06,0.25,1.0,69.165016,0.0,0.0,0.0,-3.7215835e-24,-4.2770803e-06,0.005004883,-400.25253,65.71962,55.184006,0.0,0.9,0.0,-5.2983236e-25,0.0,76.08852,65.51412,65.3529,66.82539,72.04412
2018-01-01 15:51:00,9.650197999999999e-26,0.0,65.71962,357730.44,0.75,0.0,30.019989,-1.1619784e-06,0.25,1.0,69.16384,0.0,0.0,0.0,-1.5706713e-23,2.6648573e-07,0.005004883,-400.25253,65.71962,55.184006,0.0,0.9,0.0,-1.698438e-26,0.0,76.08841,65.51582,65.35312,66.824295,72.03758
2018-01-01 15:52:00,3.9317259999999996e-26,0.0,65.71962,357730.44,0.75,0.0,30.019989,-1.1619784e-06,0.25,1.0,69.16264,0.0,0.0,0.0,-2.0592054e-24,1.0054935e-06,0.005004883,-400.25253,65.71962,55.184006,0.0,0.9,0.0,-8.283042999999999e-26,0.0,76.0883,65.51747,65.35333,66.82314,72.03099
2018-01-01 15:53:00,2.5119382e-25,0.0,65.71962,357730.44,0.75,0.0,30.019989,1.1619784e-06,0.25,1.0,69.16145,0.0,0.0,0.0,-2.0154601e-24,-7.0616065e-06,0.005004883,-400.25253,65.71962,55.184006,0.0,0.9,0.0,-2.4167316e-25,0.0,76.08819,65.51912,65.3535,66.822044,72.0244
2018-01-01 15:54:00,-4.000046e-26,0.0,65.71962,357730.44,0.75,0.0,30.019989,-1.1619784e-06,0.25,1.0,69.16024,0.0,0.0,0.0,-1.6936722e-23,-1.8401095e-06,0.005004883,-400.25253,65.71962,55.184006,0.0,0.9,0.0,-2.4969611999999997e-25,0.0,76.08803,65.52077,65.35372,66.82089,72.01781
2018-01-01 15:55:00,6.7405496e-26,0.0,65.71962,357730.44,0.75,0.0,30.019989,1.1619784e-06,0.25,1.0,69.15902,0.0,0.0,0.0,-4.1823035e-24,1.9338243e-06,0.005004883,-400.25253,65.71962,55.184006,0.0,0.9,0.0,-8.965971e-25,0.0,76.08791,65.52236,65.35388,66.81979,72.01116
2018-01-01 15:56:00,1.1496523e-26,0.0,65.71962,357730.44,0.75,0.0,30.019989,0.0,0.25,1.0,69.15776,0.0,0.0,0.0,-2.5832757e-24,-1.1449599e-06,0.005004883,-400.25253,65.71962,55.184006,0.0,0.9,0.0,-1.9430793e-25,0.0,76.08775,65.523895,65.35405,66.818634,72.004456
2018-01-01 15:57:00,-2.5465886e-26,0.0,65.71962,357730.44,0.75,0.0,30.019989,1.1619784e-06,0.25,1.0,69.15651,0.0,0.0,0.0,-1.2848765e-23,1.2126674e-05,0.005004883,-400.25253,65.71962,55.184006,0.0,0.9,0.0,-9.018036e-25,0.0,76.087585,65.52544,65.35422,66.81749,71.99782
2018-01-01 15:58:00,-5.9229693e-25,0.0,65.71962,357730.44,0.75,0.0,30.019989,1.1619784e-06,0.25,1.0,69.15522,0.0,0.0,0.0,-1.3996049000000002e-26,8.455208e-06,0.005004883,-400.25253,65.71962,55.184006,0.0,0.9,0.0,-1.9640603e-24,0.0,76.08742,65.52692,65.354385,66.81633,71.99106
2018-01-01 15:59:00,-3.79916e-25,0.0,65.71962,357730.44,0.75,0.0,30.019989,3.4859352e-06,0.25,1.0,69.153946,0.0,0.0,0.0,-3.5541505e-24,2.862353e-07,0.005004883,-400.25253,65.71962,55.184006,0.0,0.9,0.0,-5.4672503e-25,0.0,76.08725,65.528404,65.354546,66.81518,71.9843
2018-01-01 16:00:00,-3.1660014e-26,0.0,65.71962,357730.44,0.75,0.0,30.019989,1.1619784e-06,0.25,1.0,69.15261,0.0,0.0,0.0,-1.1676809e-23,1.8189053e-06,0.005004883,-400.25253,65.71962,55.184006,0.0,0.9,0.0,-4.4402426e-26,0.0,76.08709,65.52983,65.35466,66.813965,71.97754
2018-01-01 16:01:00,6.323975e-26,0.0,65.71962,357730.44,0.75,0.0,30.019989,1.1619784e-06,0.25,1.0,69.15131,0.0,0.0,0.0,-2.7797545e-24,1.9151303e-06,0.005004883,-400.25253,65.71962,55.184006,0.0,0.9,0.0,-4.2207143e-26,0.0,76.08693,65.531265,65.35482,66.81282,71.97073
2018-01-01 16:02:00,1.4989437e-26,0.0,65.71962,357730.44,0.75,0.0,30.019989,-1.1619784e-06,0.25,1.0,69.14998,0.0,0.0,0.0,-9.829993e-23,-9.230251e-07,0.005004883,-400.25253,65.71962,55.184006,0.0,0.9,0.0,-7.784608599999999e-25,0.0,76.0867,65.53264,65.354935,66.81166,71.96392
2018-01-01 16:03:00,-9.362938999999999e-26,0.0,65.71962,357730.44,0.75,0.0,30.019989,-2.3239568e-06,0.25,1.0,69.148605,0.0,0.0,0.0,-7.322175e-24,-7.38036e-07,0.005004883,-400.25253,65.71962,55.184006,0.0,0.9,0.0,-1.41011e-25,0.0,76.08654,65.53395,65.35504,66.810455,71.957054
2018-01-01 16:04:00,-4.6491477000000005e-26,0.0,65.71962,357730.44,0.75,0.0,30.019989,-2.3239568e-06,0.25,1.0,69.14723,0.0,0.0,0.0,-3.5450462000000004e-24,-2.5104741e-06,0.005004883,-400.25253,65.71962,55.184006,0.0,0.9,0.0,-1.766875e-24,0.0,76.08632,65.53522,65.35515,66.80925,71.95019
2018-01-01 16:05:00,-9.185778000000001e-27,0.0,65.71962,357730.44,0.75,0.0,30.019989,1.1619784e-06,0.25,1.0,69.14583,0.0,0.0,0.0,-2.1961986e-24,3.8834273e-06,0.005004883,-400.25253,65.71962,55.184006,0.0,0.9,0.0,-2.123607e-25,0.0,76.086105,65.53648,65.35521,66.80809,71.94327
2018-01-01 16:06:00,-1.5499012e-26,0.0,65.71962,357730.44,0.75,0.0,30.019989,-1.1619784e-06,0.25,1.0,69.144424,0.0,0.0,0.0,-7.3353824e-25,3.0037945e-06,0.005004883,-400.25253,65.71962,55.184006,0.0,0.9,0.0,-2.2547388e-24,0.0,76.08588,65.53774,65.355316,66.806885,71.936295
2018-01-01 16:07:00,1.3596263e-25,0.0,65.71962,357730.44,0.75,0.0,30.019989,-1.1619784e-06,0.25,1.0,69.14299,0.0,0.0,0.0,-8.867286000000001e-23,-8.258642e-06,0.005004883,-400.25253,65.71962,55.184006,0.0,0.9,0.0,-5.457720000000001e-26,0.0,76.08566,65.538895,65.35537,66.805725,71.92931
2018-01-01 16:08:00,-3.4241574e-26,0.0,65.71962,357730.44,0.75,0.0,30.019989,1.1619784e-06,0.25,1.0,69.14157,0.0,0.0,0.0,-1.3294989999999998e-26,6.202988e-07,0.005004883,-400.25253,65.71962,55.184006,0.0,0.9,0.0,-1.0574733e-25,0.0,76.08544,65.540054,65.35542,66.80463,71.92233
2018-01-01 16:09:00,-1.0257495e-26,0.0,65.71962,357730.44,0.75,0.0,30.019989,-1.1619784e-06,0.25,1.0,69.140144,0.0,0.0,0.0,-8.9308844e-24,-8.8609926e-07,0.005004883,-400.25253,65.71962,55.184006,0.0,0.9,0.0,-3.7476988000000005e-26,0.0,76.08522,65.5412,65.355484,66.80348,71.915306
2018-01-01 16:10:00,-2.0905868e-26,0.0,65.71962,357730.44,0.75,0.0,30.019989,-1.1619784e-06,0.25,1.0,69.13867,0.0,0.0,0.0,-6.891204e-24,1.6771397e-06,0.005004883,-400.25253,65.71962,55.184006,0.0,0.9,0.0,-9.672037e-25,0.0,76.08501,65.54225,65.35553,66.80232,71.90828
2018-01-01 16:11:00,-2.0356192e-25,0.0,65.71962,357730.44,0.75,0.0,30.019989,1.1619784e-06,0.25,1.0,69.13719,0.0,0.0,0.0,-5.535383e-26,-2.841452e-06,0.005004883,-400.25253,65.71962,55.184006,0.0,0.9,0.0,-7.0516316e-25,0.0,76.08473,65.54329,65.35553,66.80122,71.901184
2018-01-01 16:12:00,5.0717294e-26,0.0,65.71962,357730.44,0.75,0.0,30.019989,-1.1619784e-06,0.25,1.0,69.1357,0.0,0.0,0.0,-8.021871e-23,3.106933e-08,0.005004883,-400.25253,65.71962,55.184006,0.0,0.9,0.0,-5.646523400000001e-26,0.0,76.08446,65.544334,65.35553,66.80007,71.894104
2018-01-01 16:13:00,2.5844839999999997e-26,0.0,65.71962,357730.44,0.75,0.0,30.019989,-1.1619784e-06,0.25,1.0,69.13415,0.0,0.0,0.0,-1.2951620000000001e-23,5.16001e-07,0.005004883,-400.25253,65.71962,55.184006,0.0,0.9,0.0,-6.298411e-26,0.0,76.08418,65.54516,65.35553,66.79892,71.88696
2018-01-01 16:14:00,-2.3906093e-27,0.0,65.71962,357730.44,0.75,0.0,30.019989,-2.3239568e-06,0.25,1.0,69.1326,0.0,0.0,0.0,-1.8950279e-23,-6.084461e-06,0.005004883,-400.25253,65.71962,55.184006,0.0,0.9,0.0,-2.4717467e-26,0.0,76.08391,65.54598,65.35553,66.79776,71.87982
2018-01-01 16:15:00,-7.217239000000001e-25,0.0,65.71962,357730.44,0.75,0.0,30.019989,1.1619784e-06,0.25,1.0,69.13104,0.0,0.0,0.0,-8.5897865e-24,6.11713e-07,0.005004883,-400.25253,65.71962,55.184006,0.0,0.9,0.0,-3.2662733000000004e-26,0.0,76.08363,65.54681,65.35553,66.796616,71.87262
2018-01-01 16:16:00,4.7338559999999996e-26,0.0,65.71962,357730.44,0.75,0.0,30.019989,0.0,0.25,1.0,69.12944,0.0,0.0,0.0,-3.6481665e-23,-3.0308783e-07,0.005004883,-400.25253,65.71962,55.184006,0.0,0.9,0.0,-4.2208788e-24,0.0,76.08336,65.547516,65.35553,66.7954,71.86543
2018-01-01 16:17:00,4.5197468e-26,0.0,65.71962,357730.44,0.75,0.0,30.019989,0.0,0.25,1.0,69.12785,0.0,0.0,0.0,-7.7208136e-24,1.6124573e-06,0.005004883,-400.25253,65.71962,55.184006,0.0,0.9,0.0,-1.9105742e-24,0.0,76.083084,65.54823,65.355484,66.79425,71.85823
2018-01-01 16:18:00,-4.554953e-27,0.0,65.71962,357730.44,0.75,0.0,30.019989,0.0,0.25,1.0,69.12623,0.0,0.0,0.0,-1.5378959e-23,2.1015049e-07,0.005004883,-400.25253,65.71962,55.184006,0.0,0.9,0.0,-1.9339753e-27,0.0,76.08275,65.54889,65.35542,66.79309,71.85098
2018-01-01 16:19:00,3.8255867e-27,0.0,65.71962,357730.44,0.75,0.0,30.019989,1.1619784e-06,0.25,1.0,69.124596,0.0,0.0,0.0,-1.9912995e-23,-4.719958e-06,0.005004883,-400.25253,65.71962,55.184006,0.0,0.9,0.0,-1.3650479000000001e-24,0.0,76.08247,65.54955,65.35537,66.791885,71.84367
2018-01-01 16:20:00,-1.8923840999999998e-25,0.0,65.71962,357730.44,0.75,0.0,30.019989,-1.1619784e-06,0.25,1.0,69.12293,0.0,0.0,0.0,-6.382666e-23,4.996873e-07,0.005004883,-400.25253,65.71962,55.184006,0.0,0.9,0.0,-7.040871e-25,0.0,76.082146,65.5501,65.355316,66.79073,71.836365
2018-01-01 16:21:00,8.490164e-26,0.0,65.71962,357730.44,0.75,0.0,30.019989,-1.1619784e-06,0.25,1.0,69.12126,0.0,0.0,0.0,-1.0025344000000001e-22,2.898165e-06,0.005004883,-400.25253,65.71962,55.184006,0.0,0.9,0.0,-1.0584328e-25,0.0,76.08182,65.55065,65.355255,66.78952,71.82906
2018-01-01 16:22:00,-7.090248e-27,0.0,65.71962,357730.44,0.75,0.0,30.019989,3.4859352e-06,0.25,1.0,69.11955,0.0,0.0,0.0,-1.2073171e-23,-1.619179e-05,0.005004883,-400.25253,65.71962,55.184006,0.0,0.9,0.0,-2.3205535e-24,0.0,76.08148,65.55115,65.35515,66.788315,71.8217
2018-01-01 16:23:00,1.5846204000000001e-24,0.0,65.71962,357730.44,0.75,0.0,30.019989,-1.1619784e-06,0.25,1.0,69.11786,0.0,0.0,0.0,-1.11416e-23,-5.4060183e-06,0.005004883,-400.25253,65.71962,55.184006,0.0,0.9,0.0,-2.220836e-24,0.0,76.08116,65.55159,65.355095,66.78711,71.81435
2018-01-01 16:24:00,1.0902352e-25,0.0,65.71962,357730.44,0.75,0.0,30.019989,-1.1619784e-06,0.25,1.0,69.11613,0.0,0.0,0.0,-1.324632e-23,4.484586e-06,0.005004883,-400.25253,65.71962,55.184006,0.0,0.9,0.0,-5.951064e-25,0.0,76.080826,65.55197,65.35498,66.785904,71.80693
2018-01-01 16:25:00,-3.9108605e-25,0.0,65.71962,357730.44,0.75,0.0,30.019989,3.4859352e-06,0.25,1.0,69.11438,0.0,0.0,0.0,-1.6526350000000002e-23,6.6635914e-07,0.005004883,-400.25253,65.71962,55.184006,0.0,0.9,0.0,-1.2952522e-25,0.0,76.0805,65.55235,65.35487,66.78469,71.799515
2018-01-01 16:26:00,-1.5410838e-26,0.0,65.71962,357730.44,0.75,0.0,30.019989,-1.1619784e-06,0.25,1.0,69.1125,0.0,0.0,0.0,-9.237521000000001e-23,4.5407955e-07,0.005004883,-400.25253,65.71962,55.184006,0.0,0.9,0.0,-5.1064915000000004e-27,0.0,76.08011,65.55246,65.35466,66.78343,71.79187
2018-01-01 16:27:00,1.5260554000000002e-26,0.0,65.71962,357730.44,0.75,0.0,30.019989,-1.1619784e-06,0.25,1.0,69.11062,0.0,0.0,0.0,-7.877614000000001e-23,-2.7742306e-06,0.005004883,-400.25253,65.71962,55.184006,0.0,0.9,0.0,-7.845920600000001e-26,0.0,76.07979,65.55252,65.35443,66.782104,71.78424
2018-01-01 16:28:00,2.7323350000000003e-25,0.0,65.71962,357730.44,0.75,0.0,30.019989,-1.1619784e-06,0.25,1.0,69.10869,0.0,0.0,0.0,-3.2022949e-24,3.6436177e-06,0.005004883,-400.25253,65.71962,55.184006,0.0,0.9,0.0,-8.0533247e-25,0.0,76.0794,65.552574,65.35416,66.78079,71.77655
2018-01-01 16:29:00,2.218928e-26,0.0,65.71962,357730.44,0.75,0.0,30.019989,0.0,0.25,1.0,69.10677,0.0,0.0,0.0,-7.908566e-24,-1.6158987e-06,0.005004883,-400.25253,65.71962,55.184006,0.0,0.9,0.0,-1.8559272e-24,0.0,76.07901,65.552574,65.35394,66.77947,71.76886
2018-01-01 16:30:00,3.9525453e-26,0.0,65.71962,357730.44,0.75,0.0,30.019989,3.4859352e-06,0.25,1.0,69.10486,0.0,0.0,0.0,-5.9644195e-23,-5.7228344e-06,0.005004883,-400.25253,65.71962,55.184006,0.0,0.9,0.0,-1.4240703e-24,0.0,76.07869,65.552574,65.35367,66.77815,71.76122
2018-01-01 16:31:00,-8.018336600000001e-27,0.0,65.71962,357730.44,0.75,0.0,30.019989,1.1619784e-06,0.25,1.0,69.10292,0.0,0.0,0.0,-2.7896525e-26,-7.888975e-06,0.005004883,-400.25253,65.71962,55.184006,0.0,0.9,0.0,-3.8987123e-24,0.0,76.07825,65.552574,65.35339,66.77684,71.75353
2018-01-01 16:32:00,6.0521797e-26,0.0,65.71962,357730.44,0.75,0.0,30.019989,1.1619784e-06,0.25,1.0,69.101,0.0,0.0,0.0,-4.5600206e-23,4.286988e-06,0.005004883,-400.25253,65.71962,55.184006,0.0,0.9,0.0,-1.2036134000000001e-24,0.0,76.077866,65.55252,65.35317,66.77557,71.74584
2018-01-01 16:33:00,1.8623657999999998e-25,0.0,65.71962,357730.44,0.75,0.0,30.019989,0.0,0.25,1.0,69.09908,0.0,0.0,0.0,-1.9172693e-23,2.5984855e-06,0.005004883,-400.25253,65.71962,55.184006,0.0,0.9,0.0,-3.1364987e-24,0.0,76.07748,65.55246,65.35306,66.774254,71.73815
2018-01-01 16:34:00,9.297908400000001e-26,0.0,65.71962,357730.44,0.75,0.0,30.019989,1.1619784e-06,0.25,1.0,69.09715,0.0,0.0,0.0,-2.1027556e-23,6.0201824e-06,0.005004883,-400.25253,65.71962,55.184006,0.0,0.9,0.0,-4.1662529999999996e-24,0.0,76.07704,65.55235,65.35295,66.772934,71.73046
2018-01-01 16:35:00,1.1863314e-25,0.0,65.71962,357730.44,0.75,0.0,30.019989,-2.3239568e-06,0.25,1.0,69.09523,0.0,0.0,0.0,-1.5092233e-23,-2.1187193e-06,0.005004883,-400.25253,65.71962,55.184006,0.0,0.9,0.0,-3.1384157000000002e-24,0.0,76.07665,65.552246,65.352844,66.77162,71.72277
2018-01-01 16:36:00,5.733848e-26,0.0,65.71962,357730.44,0.75,0.0,30.019989,1.1619784e-06,0.25,1.0,69.0933,0.0,0.0,0.0,-1.7775187e-23,9.845636e-07,0.005004883,-400.25253,65.71962,55.184006,0.0,0.9,0.0,-8.028693499999999e-25,0.0,76.07622,65.55214,65.35274,66.770294,71.71508
2018-01-01 16:37:00,6.333012e-26,0.0,65.71962,357730.44,0.75,0.0,30.019989,-1.1619784e-06,0.25,1.0,69.09136,0.0,0.0,0.0,-1.3219521e-24,6.3945263e-06,0.005004883,-400.25253,65.71962,55.184006,0.0,0.9,0.0,-2.9620157e-25,0.0,76.075775,65.552025,65.35262,66.76898,71.70739
2018-01-01 16:38:00,-1.3514536999999999e-25,0.0,65.71962,357730.44,0.75,0.0,30.019989,-1.1619784e-06,0.25,1.0,69.089424,0.0,0.0,0.0,-6.881844000000001e-23,5.676168e-06,0.005004883,-400.25253,65.71962,55.184006,0.0,0.9,0.0,-4.271809e-25,0.0,76.07533,65.55191,65.35251,66.76766,71.6997
2018-01-01 16:39:00,-1.1393364000000001e-26,0.0,65.71962,357730.44,0.75,0.0,30.019989,1.1619784e-06,0.25,1.0,69.08745,0.0,0.0,0.0,-1.0691522e-23,-1.6632805e-06,0.005004883,-400.25253,65.71962,55.184006,0.0,0.9,0.0,-7.029203999999999e-26,0.0,76.07489,65.55175,65.3524,66.76634,71.69185
2018-01-01 16:40:00,5.117538e-26,0.0,65.71962,357730.44,0.75,0.0,30.019989,1.1619784e-06,0.25,1.0,69.085495,0.0,0.0,0.0,-1.6393367e-23,-5.852073e-06,0.005004883,-400.25253,65.71962,55.184006,0.0,0.9,0.0,-1.2242584e-24,0.0,76.074455,65.551636,65.352295,66.76503,71.684044
2018-01-01 16:41:00,6.346866999999999e-26,0.0,65.71962,357730.44,0.75,0.0,30.019989,1.1619784e-06,0.25,1.0,69.08353,0.0,0.0,0.0,-1.9125052e-23,2.7202077e-07,0.005004883,-400.25253,65.71962,55.184006,0.0,0.9,0.0,-7.191170000000001e-26,0.0,76.07402,65.551476,65.35219,66.7637,71.67624
2018-01-01 16:42:00,-2.3815942e-26,0.0,65.71962,357730.44,0.75,0.0,30.019989,1.1619784e-06,0.25,1.0,69.08156,0.0,0.0,0.0,-4.6818737e-24,-2.7958095e-06,0.005004883,-400.25253,65.71962,55.184006,0.0,0.9,0.0,-1.4864782000000001e-24,0.0,76.07352,65.551315,65.35213,66.76239,71.66844
2018-01-01 16:43:00,-8.616545e-26,0.0,65.71962,357730.44,0.75,0.0,30.019989,2.3239568e-06,0.25,1.0,69.0796,0.0,0.0,0.0,-2.5092553e-23,5.778058e-06,0.005004883,-400.25253,65.71962,55.184006,0.0,0.9,0.0,-1.6567168e-24,0.0,76.07308,65.55115,65.35202,66.76107,71.660645
2018-01-01 16:44:00,-3.9292225e-26,0.0,65.71962,357730.44,0.75,0.0,30.019989,1.1619784e-06,0.25,1.0,69.0776,0.0,0.0,0.0,-3.2699127e-24,1.4117792e-06,0.005004883,-400.25253,65.71962,55.184006,0.0,0.9,0.0,-1.6050318e-25,0.0,76.072586,65.55093,65.35191,66.75975,71.65285
2018-01-01 16:45:00,-2.1935488e-26,0.0,65.71962,357730.44,0.75,0.0,30.019989,1.1619784e-06,0.25,1.0,69.075645,0.0,0.0,0.0,-1.2936222999999999e-23,-1.7130708e-06,0.005004883,-400.25253,65.71962,55.184006,0.0,0.9,0.0,-1.8479497e-25,0.0,76.07214,65.550766,65.3518,66.75844,71.645096
2018-01-01 16:46:00,-1.0312879000000001e-26,0.0,65.71962,357730.44,0.75,0.0,30.019989,-1.1619784e-06,0.25,1.0,69.073654,0.0,0.0,0.0,-2.0104834e-25,4.539472e-06,0.005004883,-400.25253,65.71962,55.184006,0.0,0.9,0.0,-1.116195e-26,0.0,76.071655,65.55054,65.351685,66.75711,71.6373
2018-01-01 16:47:00,-4.0832886e-26,0.0,65.71962,357730.44,0.75,0.0,30.019989,3.4859352e-06,0.25,1.0,69.07169,0.0,0.0,0.0,-1.2347828e-23,-6.1738847e-06,0.005004883,-400.25253,65.71962,55.184006,0.0,0.9,0.0,-3.5874514999999996e-25,0.0,76.07116,65.55038,65.35158,66.7558,71.62955
2018-01-01 16:48:00,5.203018e-25,0.0,65.71962,357730.44,0.75,0.0,30.019989,1.1619784e-06,0.25,1.0,69.06972,0.0,0.0,0.0,-6.3083014000000006e-24,-1.6483995e-06,0.005004883,-400.25253,65.71962,55.184006,0.0,0.9,0.0,-2.6878403e-27,0.0,76.07066,65.550156,65.35147,66.75448,71.62181
2018-01-01 16:49:00,-1.2304167000000001e-26,0.0,65.71962,357730.44,0.75,0.0,30.019989,3.4859352e-06,0.25,1.0,69.067764,0.0,0.0,0.0,-5.758665000000001e-23,1.5679984e-06,0.005004883,-400.25253,65.71962,55.184006,0.0,0.9,0.0,-1.1485284e-25,0.0,76.07022,65.54994,65.351364,66.75316,71.61412
2018-01-01 16:50:00,1.3504568e-25,0.0,65.71962,357730.44,0.75,0.0,30.019989,1.1619784e-06,0.25,1.0,69.06581,0.0,0.0,0.0,-2.4661583e-27,-2.5965712e-06,0.005004883,-400.25253,65.71962,55.184006,0.0,0.9,0.0,-4.690594e-25,0.0,76.06973,65.54971,65.3513,66.75189,71.60637
2018-01-01 16:51:00,-2.6651163000000003e-26,0.0,65.71962,357730.44,0.75,0.0,30.019989,1.1619784e-06,0.25,1.0,69.06384,0.0,0.0,0.0,-2.7171844e-23,4.8065244e-06,0.005004883,-400.25253,65.71962,55.184006,0.0,0.9,0.0,-6.3049326e-26,0.0,76.06924,65.5495,65.3512,66.75058,71.59868
2018-01-01 16:52:00,-2.1142147000000002e-26,0.0,65.71962,357730.44,0.75,0.0,30.019989,-3.4859352e-06,0.25,1.0,69.06187,0.0,0.0,0.0,-1.7678654e-23,2.0509378e-06,0.005004883,-400.25253,65.71962,55.184006,0.0,0.9,0.0,-1.1632950000000001e-27,0.0,76.06874,65.54928,65.35109,66.74926,71.59099
2018-01-01 16:53:00,-1.7089713e-26,0.0,65.71962,357730.44,0.75,0.0,30.019989,-1.1619784e-06,0.25,1.0,69.05991,0.0,0.0,0.0,-5.683061999999999e-26,9.829146e-07,0.005004883,-400.25253,65.71962,55.184006,0.0,0.9,0.0,-9.017568e-25,0.0,76.06825,65.54906,65.350975,66.74794,71.5833
2018-01-01 16:54:00,7.304250500000001e-26,0.0,65.71962,357730.44,0.75,0.0,30.019989,-2.3239568e-06,0.25,1.0,69.05794,0.0,0.0,0.0,-4.6248164e-25,6.5802974e-06,0.005004883,-400.25253,65.71962,55.184006,0.0,0.9,0.0,-7.10805e-25,0.0,76.06775,65.54884,65.35086,66.74663,71.57561
2018-01-01 16:55:00,2.3350347e-25,0.0,65.71962,357730.44,0.75,0.0,30.019989,1.1619784e-06,0.25,1.0,69.05597,0.0,0.0,0.0,-6.042506699999999e-23,-3.7860225e-06,0.005004883,-400.25253,65.71962,55.184006,0.0,0.9,0.0,-3.530334e-24,0.0,76.06726,65.548615,65.35075,66.745255,71.56798
2018-01-01 16:56:00,1.6251501999999999e-25,0.0,65.71962,357730.44,0.75,0.0,30.019989,-1.1619784e-06,0.25,1.0,69.054,0.0,0.0,0.0,-1.3008546e-23,5.952451e-06,0.005004883,-400.25253,65.71962,55.184006,0.0,0.9,0.0,-1.20029e-24,0.0,76.066765,65.54834,65.35065,66.74393,71.56033
2018-01-01 16:57:00,-1.1545795000000001e-26,0.0,65.71962,357730.44,0.75,0.0,30.019989,1.1619784e-06,0.25,1.0,69.05205,0.0,0.0,0.0,-1.9790775e-23,-5.095583e-06,0.005004883,-400.25253,65.71962,55.184006,0.0,0.9,0.0,-1.7091857000000002e-24,0.0,76.06627,65.54813,65.35054,66.742615,71.552704
2018-01-01 16:58:00,-5.637963e-26,0.0,65.71962,357730.44,0.75,0.0,30.019989,1.1619784e-06,0.25,1.0,69.05009,0.0,0.0,0.0,-4.243513e-24,-3.1742204e-06,0.005004883,-400.25253,65.71962,55.184006,0.0,0.9,0.0,-2.404612e-24,0.0,76.06578,65.547905,65.35037,66.741295,71.54507
2018-01-01 16:59:00,8.265249e-27,0.0,65.71962,357730.44,0.75,0.0,30.019989,-1.1619784e-06,0.25,1.0,69.048134,0.0,0.0,0.0,-3.8388484e-25,-8.6800503e-07,0.005004883,-400.25253,65.71962,55.184006,0.0,0.9,0.0,-2.1306857e-24,0.0,76.06528,65.54763,65.350266,66.739975,71.53749
2018-01-01 17:00:00,-4.2947768e-27,0.0,65.71962,357730.44,0.75,0.0,30.019989,1.1619784e-06,0.25,1.0,69.04616,0.0,0.0,0.0,-6.0051326e-24,-3.637327e-07,0.005004883,-400.25253,65.71962,55.184006,0.0,0.9,0.0,-8.902623e-25,0.0,76.06473,65.54741,65.35015,66.73866,71.52985
2018-01-01 17:01:00,-5.7436866000000004e-27,0.0,65.71962,357730.44,0.75,0.0,30.002026,1.1619784e-06,0.25,1.0,69.0442,0.0,0.0,0.0,-1.3059718e-23,-8.492533e-06,0.005004883,-400.25253,65.71962,55.184006,0.0,0.9,0.0,-1.4711416e-24,0.0,76.06424,65.547134,65.35004,66.73729,71.52227
2018-01-01 17:02:00,-1.0271835e-25,0.0,65.71962,357730.44,0.75,0.0,29.984009,-2.3239568e-06,0.25,1.0,69.04222,0.0,0.0,0.0,-5.436014e-23,-5.814986e-06,0.005004883,-400.25253,65.71962,55.184006,0.0,0.9,0.0,-6.384793000000001e-25,0.0,76.06374,65.54686,65.34988,66.73596,71.514694
2018-01-01 17:03:00,-2.1861903999999997e-25,0.0,65.71962,357730.44,0.75,0.0,29.965992,1.1619784e-06,0.25,1.0,69.04025,0.0,0.0,0.0,-1.8115343e-23,4.616326e-06,0.005004883,-400.25253,65.71962,55.184006,0.0,0.9,0.0,-1.7709176999999999e-25,0.0,76.06325,65.546585,65.34972,66.73459,71.50711
2018-01-01 17:04:00,-1.7226773e-26,0.0,65.71962,357730.44,0.75,0.0,29.948029,1.1619784e-06,0.25,1.0,69.038284,0.0,0.0,0.0,-9.6318355e-24,1.8433749e-06,0.005004883,-400.25253,65.71962,55.184006,0.0,0.9,0.0,-2.3368302000000002e-27,0.0,76.06276,65.54631,65.34955,66.73328,71.49953
2018-01-01 17:05:00,1.5063831e-25,0.0,65.71962,357730.44,0.75,0.0,29.930012,0.0,0.25,1.0,69.03628,0.0,0.0,0.0,-4.2628686e-24,-2.3294822e-07,0.005004883,-400.25253,65.71962,55.184006,0.0,0.9,0.0,-4.6825877000000003e-26,0.0,76.062256,65.54598,65.34938,66.7319,71.4919
2018-01-01 17:06:00,-5.5969916000000004e-27,0.0,65.71962,357730.44,0.75,0.0,29.911993,-2.3239568e-06,0.25,1.0,69.0343,0.0,0.0,0.0,-2.2370273e-23,-7.754931e-06,0.005004883,-400.25253,65.71962,55.184006,0.0,0.9,0.0,-9.157163e-25,0.0,76.06177,65.54571,65.34917,66.73053,71.484314
2018-01-01 17:07:00,4.377766e-25,0.0,65.71962,357730.44,0.75,0.0,29.894032,1.1619784e-06,0.25,1.0,69.0323,0.0,0.0,0.0,-5.245435e-24,5.001089e-06,0.005004883,-400.25253,65.71962,55.184006,0.0,0.9,0.0,-1.0132543e-24,0.0,76.06127,65.54538,65.349,66.72916,71.47668
2018-01-01 17:08:00,-3.795294e-26,0.0,65.71962,357730.44,0.75,0.0,29.876013,1.1619784e-06,0.25,1.0,69.03027,0.0,0.0,0.0,-1.2732533999999999e-23,-6.2835943e-06,0.005004883,-400.25253,65.71962,55.184006,0.0,0.9,0.0,-6.195164999999999e-26,0.0,76.060776,65.545,65.34878,66.72772,71.4691
2018-01-01 17:09:00,1.2881382e-25,0.0,65.71962,357730.44,0.75,0.0,29.857996,1.1619784e-06,0.25,1.0,69.02827,0.0,0.0,0.0,-1.8768398999999998e-23,6.9369316e-06,0.005004883,-400.25253,65.71962,55.184006,0.0,0.9,0.0,-5.724049e-25,0.0,76.06029,65.54466,65.34856,66.72635,71.46146
2018-01-01 17:10:00,-1.0743134e-25,0.0,65.71962,357730.44,0.75,0.0,29.840033,1.1619784e-06,0.25,1.0,69.02625,0.0,0.0,0.0,-3.2194879e-24,-6.646944e-06,0.005004883,-400.25253,65.71962,55.184006,0.0,0.9,0.0,-6.0143264e-27,0.0,76.059784,65.54428,65.34834,66.724976,71.45388
2018-01-01 17:11:00,2.7483638e-25,0.0,65.71962,357730.44,0.75,0.0,29.822016,0.0,0.25,1.0,69.02425,0.0,0.0,0.0,-2.6410274e-23,-4.1897897e-06,0.005004883,-400.25253,65.71962,55.184006,0.0,0.9,0.0,-7.3352384e-25,0.0,76.05935,65.543945,65.348114,66.72356,71.44624
2018-01-01 17:12:00,1.5704438e-25,0.0,65.71962,357730.44,0.75,0.0,29.803997,-1.1619784e-06,0.25,1.0,69.022194,0.0,0.0,0.0,-9.730007000000001e-23,-7.4050863e-06,0.005004883,-400.25253,65.71962,55.184006,0.0,0.9,0.0,-1.6536897000000001e-24,0.0,76.05885,65.543564,65.34784,66.72212,71.438614
2018-01-01 17:13:00,8.1778874e-26,0.0,65.71962,357730.44,0.75,0.0,29.786036,-1.1619784e-06,0.25,1.0,69.02016,0.0,0.0,0.0,-2.2092137999999998e-23,6.382402e-06,0.005004883,-400.25253,65.71962,55.184006,0.0,0.9,0.0,-3.3631522000000003e-26,0.0,76.058365,65.54312,65.347565,66.720695,71.43103
2018-01-01 17:14:00,1.665444e-25,0.0,65.71962,357730.44,0.75,0.0,29.768017,1.1619784e-06,0.25,1.0,69.01811,0.0,0.0,0.0,-3.5120285e-25,1.6219117e-06,0.005004883,-400.25253,65.71962,55.184006,0.0,0.9,0.0,-2.0490873e-24,0.0,76.05786,65.54274,65.34729,66.71927,71.42339
2018-01-01 17:15:00,1.1591021999999999e-25,0.0,65.71962,357730.44,0.75,0.0,29.75,-2.3239568e-06,0.25,1.0,69.01605,0.0,0.0,0.0,-1.7997281e-23,-7.0778538e-06,0.005004883,-400.25253,65.71962,55.184006,0.0,0.9,0.0,-5.358442e-27,0.0,76.05737,65.5423,65.347015,66.717834,71.41576
2018-01-01 17:16:00,5.9057164e-25,0.0,65.71962,357730.44,0.75,0.0,29.732037,3.4859352e-06,0.25,1.0,69.014015,0.0,0.0,0.0,-5.5746276e-23,-8.447562e-07,0.005004883,-400.25253,65.71962,55.184006,0.0,0.9,0.0,-1.6989764e-25,0.0,76.05688,65.54186,65.34674,66.716415,71.40817
2018-01-01 17:17:00,-3.020016e-26,0.0,65.71962,357730.44,0.75,0.0,29.71402,-2.3239568e-06,0.25,1.0,69.01196,0.0,0.0,0.0,-6.4718626000000006e-24,5.1778875e-07,0.005004883,-400.25253,65.71962,55.184006,0.0,0.9,0.0,-6.188356e-26,0.0,76.05644,65.54143,65.34642,66.71498,71.40054
2018-01-01 17:18:00,-3.4991636e-26,0.0,65.71962,357730.44,0.75,0.0,29.696003,1.1619784e-06,0.25,1.0,69.009895,0.0,0.0,0.0,-6.4667496e-24,-1.1936838e-06,0.005004883,-400.25253,65.71962,55.184006,0.0,0.9,0.0,-1.4047637e-28,0.0,76.05594,65.540985,65.346146,66.7135,71.39291
2018-01-01 17:19:00,3.8680075000000003e-26,0.0,65.71962,357730.44,0.75,0.0,29.677984,-1.1619784e-06,0.25,1.0,69.00783,0.0,0.0,0.0,-1.6299450000000002e-23,5.6417052e-06,0.005004883,-400.25253,65.71962,55.184006,0.0,0.9,0.0,-2.7055449999999998e-24,0.0,76.05545,65.54054,65.34581,66.71207,71.38527
2018-01-01 17:20:00,6.685623e-26,0.0,65.71962,357730.44,0.75,0.0,29.660023,1.1619784e-06,0.25,1.0,69.00576,0.0,0.0,0.0,-1.3767256999999999e-23,-6.9067676e-07,0.005004883,-400.25253,65.71962,55.184006,0.0,0.9,0.0,-1.9686467e-27,0.0,76.05501,65.540054,65.34548,66.71059,71.377686
2018-01-01 17:21:00,-6.2116144e-27,0.0,65.71962,357730.44,0.75,0.0,29.642004,1.1619784e-06,0.25,1.0,69.00368,0.0,0.0,0.0,-2.1189075e-23,-7.354647e-06,0.005004883,-400.25253,65.71962,55.184006,0.0,0.9,0.0,-2.577993e-24,0.0,76.05452,65.53955,65.34515,66.70911,71.370056
2018-01-01 17:22:00,-1.2436437999999998e-25,0.0,65.71962,357730.44,0.75,0.0,29.623987,1.1619784e-06,0.25,1.0,69.001595,0.0,0.0,0.0,-8.593093e-24,2.6811738e-06,0.005004883,-400.25253,65.71962,55.184006,0.0,0.9,0.0,-2.7854059999999996e-26,0.0,76.054016,65.539116,65.34477,66.70763,71.36242
2018-01-01 17:23:00,1.113254e-25,0.0,65.71962,357730.44,0.75,0.0,29.606024,-1.1619784e-06,0.25,1.0,68.9995,0.0,0.0,0.0,-1.6980916e-23,5.3627405e-06,0.005004883,-400.25253,65.71962,55.184006,0.0,0.9,0.0,-1.8585354e-24,0.0,76.05358,65.53857,65.34444,66.70614,71.35478
2018-01-01 17:24:00,-1.1330192e-27,0.0,65.71962,357730.44,0.75,0.0,29.588007,-3.4859352e-06,0.25,1.0,68.99741,0.0,0.0,0.0,-1.0758399e-24,7.1285463e-06,0.005004883,-400.25253,65.71962,55.184006,0.0,0.9,0.0,-2.5101751e-24,0.0,76.053085,65.53807,65.344055,66.70465,71.3472
2018-01-01 17:25:00,1.5076132e-25,0.0,65.71962,357730.44,0.75,0.0,29.569988,-1.1619784e-06,0.25,1.0,68.99533,0.0,0.0,0.0,-1.3800027999999998e-23,-3.582219e-06,0.005004883,-400.25253,65.71962,55.184006,0.0,0.9,0.0,-4.183569499999999e-25,0.0,76.05264,65.53758,65.34367,66.70317,71.33957
2018-01-01 17:26:00,-8.302481e-27,0.0,65.71962,357730.44,0.75,0.0,29.552027,-1.1619784e-06,0.25,1.0,68.99321,0.0,0.0,0.0,-1.3239331e-24,-5.3559784e-06,0.005004883,-400.25253,65.71962,55.184006,0.0,0.9,0.0,-9.905689000000001e-25,0.0,76.052155,65.53703,65.343285,66.70163,71.33193
2018-01-01 17:27:00,1.045589e-25,0.0,65.71962,357730.44,0.75,0.0,29.534008,1.1619784e-06,0.25,1.0,68.99111,0.0,0.0,0.0,-1.1265946e-23,6.777651e-06,0.005004883,-400.25253,65.71962,55.184006,0.0,0.9,0.0,-2.5919928000000002e-24,0.0,76.05171,65.53648,65.342896,66.70015,71.324356
2018-01-01 17:28:00,2.6792551e-25,0.0,65.71962,357730.44,0.75,0.0,29.515991,2.3239568e-06,0.25,1.0,68.989,0.0,0.0,0.0,-1.1519603000000002e-22,-3.2822095e-07,0.005004883,-400.25253,65.71962,55.184006,0.0,0.9,0.0,-8.929737e-26,0.0,76.05127,65.535934,65.34246,66.69861,71.31671
2018-01-01 17:29:00,9.198885400000001e-26,0.0,65.71962,357730.44,0.75,0.0,29.498028,1.1619784e-06,0.25,1.0,68.98688,0.0,0.0,0.0,-1.7413731999999998e-23,-4.8894975e-07,0.005004883,-400.25253,65.71962,55.184006,0.0,0.9,0.0,-8.6352795e-26,0.0,76.05078,65.535385,65.34207,66.697075,71.30908
2018-01-01 17:30:00,4.9726864000000005e-26,0.0,65.71962,357730.44,0.75,0.0,29.480011,3.4859352e-06,0.25,1.0,68.98478,0.0,0.0,0.0,-3.3704248e-24,-3.891567e-06,0.005004883,-400.25253,65.71962,55.184006,0.0,0.9,0.0,-1.9675909000000002e-24,0.0,76.05034,65.534836,65.34164,66.69554,71.3015
2018-01-01 17:31:00,5.46445e-26,0.0,65.71962,357730.44,0.75,0.0,29.461994,0.0,0.25,1.0,68.98264,0.0,0.0,0.0,-1.086595e-22,3.9387537e-06,0.005004883,-400.25253,65.71962,55.184006,0.0,0.9,0.0,-9.89465e-25,0.0,76.0499,65.534225,65.3412,66.694,71.29387
2018-01-01 17:32:00,-5.228605e-26,0.0,65.71962,357730.44,0.75,0.0,29.44403,-1.1619784e-06,0.25,1.0,68.980515,0.0,0.0,0.0,-8.708619e-25,-3.5988376e-07,0.005004883,-400.25253,65.71962,55.184006,0.0,0.9,0.0,-2.8247961e-24,0.0,76.04946,65.533676,65.34076,66.69246,71.286224
2018-01-01 17:33:00,1.5693234000000002e-27,0.0,65.71962,357730.44,0.75,0.0,29.426014,1.1619784e-06,0.25,1.0,68.978386,0.0,0.0,0.0,-2.0009957e-23,3.050755e-06,0.005004883,-400.25253,65.71962,55.184006,0.0,0.9,0.0,-5.355244000000001e-25,0.0,76.048965,65.53307,65.34032,66.69092,71.27865
2018-01-01 17:34:00,5.2030116e-26,0.0,65.71962,357730.44,0.75,0.0,29.407995,0.0,0.25,1.0,68.97624,0.0,0.0,0.0,-7.483668e-24,-4.1859576e-07,0.005004883,-400.25253,65.71962,55.184006,0.0,0.9,0.0,-1.9006594e-24,0.0,76.04852,65.53247,65.33983,66.689384,71.27101
2018-01-01 17:35:00,-1.205622e-25,0.0,65.71962,357730.44,0.75,0.0,29.390034,-2.3239568e-06,0.25,1.0,68.9741,0.0,0.0,0.0,-3.0206600000000004e-24,-2.5621223e-06,0.005004883,-400.25253,65.71962,55.184006,0.0,0.9,0.0,-3.0958577000000003e-27,0.0,76.04809,65.53186,65.339386,66.68779,71.26338
2018-01-01 17:36:00,3.2065464000000004e-26,0.0,65.71962,357730.44,0.75,0.0,29.372015,3.4859352e-06,0.25,1.0,68.97197,0.0,0.0,0.0,-9.0379605e-24,-3.0614028e-06,0.005004883,-400.25253,65.71962,55.184006,0.0,0.9,0.0,-7.2301345e-25,0.0,76.04765,65.531265,65.33889,66.68625,71.2558
2018-01-01 17:37:00,6.3314377e-26,0.0,65.71962,357730.44,0.75,0.0,29.353998,1.1619784e-06,0.25,1.0,68.96981,0.0,0.0,0.0,-1.7106350999999998e-23,-2.2689991e-07,0.005004883,-400.25253,65.71962,55.184006,0.0,0.9,0.0,-2.8444167e-26,0.0,76.04721,65.5306,65.338394,66.68466,71.24816
2018-01-01 17:38:00,-5.833672e-27,0.0,65.71962,357730.44,0.75,0.0,29.336035,-1.1619784e-06,0.25,1.0,68.967674,0.0,0.0,0.0,-8.454575e-25,9.732429e-07,0.005004883,-400.25253,65.71962,55.184006,0.0,0.9,0.0,-6.2075657000000006e-27,0.0,76.04677,65.53,65.337906,66.68312,71.240585
2018-01-01 17:39:00,6.664262e-26,0.0,65.71962,357730.44,0.75,0.0,29.318018,1.1619784e-06,0.25,1.0,68.96551,0.0,0.0,0.0,-1.9948041e-23,-4.5278503e-07,0.005004883,-400.25253,65.71962,55.184006,0.0,0.9,0.0,-1.6336535e-25,0.0,76.046326,65.52934,65.3374,66.68153,71.23294
2018-01-01 17:40:00,3.5155548000000005e-27,0.0,65.71962,357730.44,0.75,0.0,29.3,1.1619784e-06,0.25,1.0,68.96335,0.0,0.0,0.0,-8.7957305e-24,8.26278e-07,0.005004883,-400.25253,65.71962,55.184006,0.0,0.9,0.0,-1.8296923e-26,0.0,76.04589,65.52868,65.33685,66.67993,71.225365
2018-01-01 17:41:00,8.47185e-27,0.0,65.71962,357730.44,0.75,0.0,29.282038,3.4859352e-06,0.25,1.0,68.9612,0.0,0.0,0.0,-2.6610235e-24,4.731176e-06,0.005004883,-400.25253,65.71962,55.184006,0.0,0.9,0.0,-2.1774639999999998e-26,0.0,76.045456,65.528015,65.336365,66.678345,71.21779
2018-01-01 17:42:00,5.243198500000001e-26,0.0,65.71962,357730.44,0.75,0.0,29.264019,1.1619784e-06,0.25,1.0,68.959015,0.0,0.0,0.0,-2.0991728e-23,-1.0681963e-06,0.005004883,-400.25253,65.71962,55.184006,0.0,0.9,0.0,-1.0331675500000001e-25,0.0,76.04501,65.52736,65.335815,66.67675,71.210144
2018-01-01 17:43:00,-1.6429417e-26,0.0,65.71962,357730.44,0.75,0.0,29.246002,-2.3239568e-06,0.25,1.0,68.95683,0.0,0.0,0.0,-4.9177075999999995e-25,-3.519381e-06,0.005004883,-400.25253,65.71962,55.184006,0.0,0.9,0.0,-4.35354e-25,0.0,76.04457,65.52664,65.335266,66.6751,71.20257
2018-01-01 17:44:00,-1.7623626000000002e-26,0.0,65.71962,357730.44,0.75,0.0,29.227985,-1.1619784e-06,0.25,1.0,68.954666,0.0,0.0,0.0,-1.1810862e-23,-3.997144e-06,0.005004883,-400.25253,65.71962,55.184006,0.0,0.9,0.0,-1.2600943e-24,0.0,76.04413,65.525986,65.33472,66.67351,71.19499
2018-01-01 17:45:00,-3.0142226999999997e-25,0.0,65.71962,357730.44,0.75,0.0,29.210022,1.1619784e-06,0.25,1.0,68.95248,0.0,0.0,0.0,-5.5336700000000006e-24,-4.143787e-06,0.005004883,-400.25253,65.71962,55.184006,0.0,0.9,0.0,-1.1843837000000001e-24,0.0,76.04375,65.52527,65.33417,66.67186,71.18735
2018-01-01 17:46:00,-1.4578781e-25,0.0,65.71962,357730.44,0.75,0.0,29.192005,0.0,0.25,1.0,68.95032,0.0,0.0,0.0,-1.3342186000000002e-22,-5.1679876e-06,0.005004883,-400.25253,65.71962,55.184006,0.0,0.9,0.0,-5.5520585e-26,0.0,76.043304,65.52461,65.33362,66.67027,71.17977
2018-01-01 17:47:00,2.1186214e-26,0.0,65.71962,357730.44,0.75,0.0,29.173986,1.1619784e-06,0.25,1.0,68.94812,0.0,0.0,0.0,-1.9388722000000002e-24,3.853713e-06,0.005004883,-400.25253,65.71962,55.184006,0.0,0.9,0.0,-4.7255316999999995e-25,0.0,76.04287,65.523895,65.33301,66.668625,71.172195
2018-01-01 17:48:00,2.6011212e-26,0.0,65.71962,357730.44,0.75,0.0,29.156025,-3.4859352e-06,0.25,1.0,68.94594,0.0,0.0,0.0,-7.507849e-24,-3.5475066e-06,0.005004883,-400.25253,65.71962,55.184006,0.0,0.9,0.0,-2.3310331999999997e-25,0.0,76.042435,65.523186,65.33246,66.66698,71.16461
2018-01-01 17:49:00,-1.0893266999999998e-25,0.0,65.71962,357730.44,0.75,0.0,29.138006,0.0,0.25,1.0,68.94375,0.0,0.0,0.0,-7.457993e-24,1.7260939e-07,0.005004883,-400.25253,65.71962,55.184006,0.0,0.9,0.0,-6.890281000000001e-27,0.0,76.042046,65.522415,65.33186,66.665375,71.15703
2018-01-01 17:50:00,4.3461669999999996e-26,0.0,65.71962,357730.44,0.75,0.0,29.11999,1.1619784e-06,0.25,1.0,68.94154,0.0,0.0,0.0,-1.3160122e-23,-8.346796e-06,0.005004883,-400.25253,65.71962,55.184006,0.0,0.9,0.0,-1.8307478e-24,0.0,76.04161,65.5217,65.33125,66.66373,71.149445
2018-01-01 17:51:00,1.2881676999999998e-25,0.0,65.71962,357730.44,0.75,0.0,29.102026,1.1619784e-06,0.25,1.0,68.93935,0.0,0.0,0.0,-1.5906719e-23,-7.873322e-06,0.005004883,-400.25253,65.71962,55.184006,0.0,0.9,0.0,-1.118639e-26,0.0,76.04117,65.52099,65.33065,66.66203,71.14187
2018-01-01 17:52:00,3.5268245e-25,0.0,65.71962,357730.44,0.75,0.0,29.08401,3.4859352e-06,0.25,1.0,68.93715,0.0,0.0,0.0,-2.9994780000000004e-23,-5.038352e-07,0.005004883,-400.25253,65.71962,55.184006,0.0,0.9,0.0,-2.254331e-25,0.0,76.04079,65.52022,65.33005,66.660385,71.13429
2018-01-01 17:53:00,4.3624698e-27,0.0,65.71962,357730.44,0.75,0.0,29.06599,-1.1619784e-06,0.25,1.0,68.93492,0.0,0.0,0.0,-2.0751939e-23,-7.3779796e-07,0.005004883,-400.25253,65.71962,55.184006,0.0,0.9,0.0,-5.4170696e-26,0.0,76.040344,65.519455,65.32939,66.65874,71.12671
2018-01-01 17:54:00,-6.36644e-28,0.0,65.71962,357730.44,0.75,0.0,29.048029,-1.1619784e-06,0.25,1.0,68.93274,0.0,0.0,0.0,-8.6830904e-23,3.3752701e-06,0.005004883,-400.25253,65.71962,55.184006,0.0,0.9,0.0,-7.081818e-25,0.0,76.03996,65.51874,65.32878,66.65709,71.119125
2018-01-01 17:55:00,6.1993797e-28,0.0,65.71962,357730.44,0.75,0.0,29.03001,1.1619784e-06,0.25,1.0,68.93051,0.0,0.0,0.0,-1.7997605999999998e-23,-6.635633e-07,0.005004883,-400.25253,65.71962,55.184006,0.0,0.9,0.0,-3.6386453e-26,0.0,76.03952,65.51797,65.328125,66.65538,71.11154
2018-01-01 17:56:00,-6.434031e-27,0.0,65.71962,357730.44,0.75,0.0,29.011993,1.1619784e-06,0.25,1.0,68.92829,0.0,0.0,0.0,-4.8943976e-23,-4.5599472e-06,0.005004883,-400.25253,65.71962,55.184006,0.0,0.9,0.0,-4.403474e-25,0.0,76.03914,65.51714,65.32747,66.65373,71.103966
2018-01-01 17:57:00,1.2353738e-25,0.0,65.71962,357730.44,0.75,0.0,28.99403,3.4859352e-06,0.25,1.0,68.92607,0.0,0.0,0.0,-3.923894e-24,-2.6838331e-06,0.005004883,-400.25253,65.71962,55.184006,0.0,0.9,0.0,-2.3083016999999998e-25,0.0,76.0387,65.51637,65.326805,66.65203,71.096436
2018-01-01 17:58:00,3.6322244e-26,0.0,65.71962,357730.44,0.75,0.0,28.976013,1.1619784e-06,0.25,1.0,68.92385,0.0,0.0,0.0,-1.5632022e-23,-6.822419e-07,0.005004883,-400.25253,65.71962,55.184006,0.0,0.9,0.0,-1.61879e-25,0.0,76.038315,65.51561,65.32614,66.65033,71.08886
2018-01-01 17:59:00,2.2276447999999997e-25,0.0,65.71962,357730.44,0.75,0.0,28.957996,3.4859352e-06,0.25,1.0,68.921616,0.0,0.0,0.0,-2.7174308e-23,5.4744587e-06,0.005004883,-400.25253,65.71962,55.184006,0.0,0.9,0.0,-6.553744e-25,0.0,76.037926,65.514786,65.325485,66.64862,71.08128
2018-01-01 18:00:00,6.234602e-26,0.0,65.71962,357730.44,0.75,0.0,28.940033,-1.1619784e-06,0.25,1.0,68.91939,0.0,0.0,0.0,-8.648761e-24,-3.6161016e-06,0.005004883,-400.25253,65.71962,55.184006,0.0,0.9,0.0,-2.9417219e-24,0.0,76.03749,65.51401,65.32477,66.64693,71.07375
2018-01-01 18:01:00,2.3184722000000002e-26,0.0,65.71962,357730.44,0.75,0.0,28.925037,0.0,0.25,1.0,68.91716,0.0,0.0,0.0,-2.6021809e-23,1.3062738e-06,0.005004883,-400.25253,65.71962,55.184006,0.0,0.9,0.0,-3.967605e-24,0.0,76.0371,65.51318,65.32411,66.64522,71.06618
2018-01-01 18:02:00,-8.32676e-26,0.0,65.71962,357730.44,0.75,0.0,28.909985,3.4859352e-06,0.25,1.0,68.91493,0.0,0.0,0.0,-7.121344e-24,-3.905952e-06,0.005004883,-400.25253,65.71962,55.184006,0.0,0.9,0.0,-2.0836165e-24,0.0,76.03671,65.51236,65.323395,66.64352,71.05865
2018-01-01 18:03:00,6.698992e-26,0.0,65.71962,357730.44,0.75,0.0,28.894989,1.1619784e-06,0.25,1.0,68.91268,0.0,0.0,0.0,-2.845661e-24,-3.2770702e-06,0.005004883,-400.25253,65.71962,55.184006,0.0,0.9,0.0,-2.4430664999999997e-25,0.0,76.03628,65.511536,65.322685,66.641815,71.05107
2018-01-01 18:04:00,6.1079728e-27,0.0,65.71962,357730.44,0.75,0.0,28.879993,0.0,0.25,1.0,68.91042,0.0,0.0,0.0,-4.2598445e-24,1.633757e-06,0.005004883,-400.25253,65.71962,55.184006,0.0,0.9,0.0,-1.6470559999999999e-24,0.0,76.03589,65.51071,65.321976,66.64006,71.04349
2018-01-01 18:05:00,2.0978124e-26,0.0,65.71962,357730.44,0.75,0.0,28.864996,1.1619784e-06,0.25,1.0,68.90816,0.0,0.0,0.0,-1.2183663e-23,-8.713706e-06,0.005004883,-400.25253,65.71962,55.184006,0.0,0.9,0.0,-1.7102238e-26,0.0,76.03551,65.50984,65.32126,66.63835,71.03585
2018-01-01 18:06:00,-5.517880999999999e-26,0.0,65.71962,357730.44,0.75,0.0,28.85,3.4859352e-06,0.25,1.0,68.9059,0.0,0.0,0.0,-1.476063e-23,-6.993568e-06,0.005004883,-400.25253,65.71962,55.184006,0.0,0.9,0.0,-1.1961054e-24,0.0,76.035126,65.50896,65.32054,66.6366,71.028275
2018-01-01 18:07:00,1.3858426999999998e-25,0.0,65.71962,357730.44,0.75,0.0,28.835003,-1.1619784e-06,0.25,1.0,68.90359,0.0,0.0,0.0,-2.995366e-23,3.2339426e-07,0.005004883,-400.25253,65.71962,55.184006,0.0,0.9,0.0,-1.6139334999999998e-25,0.0,76.03468,65.508026,65.31978,66.63484,71.02063
2018-01-01 18:08:00,6.968381e-26,0.0,65.71962,357730.44,0.75,0.0,28.820007,2.3239568e-06,0.25,1.0,68.90129,0.0,0.0,0.0,-3.0155583999999996e-23,-2.0115735e-06,0.005004883,-400.25253,65.71962,55.184006,0.0,0.9,0.0,-1.8583933e-26,0.0,76.0343,65.507095,65.319,66.63308,71.013
2018-01-01 18:09:00,-5.6791568e-27,0.0,65.71962,357730.44,0.75,0.0,28.805012,1.1619784e-06,0.25,1.0,68.89899,0.0,0.0,0.0,-4.7655573e-23,7.6788723e-07,0.005004883,-400.25253,65.71962,55.184006,0.0,0.9,0.0,-3.086993e-24,0.0,76.03392,65.50616,65.31824,66.63132,71.00531
2018-01-01 18:10:00,9.206486000000001e-27,0.0,65.71962,357730.44,0.75,0.0,28.790014,-1.1619784e-06,0.25,1.0,68.89668,0.0,0.0,0.0,-7.945385e-24,2.6512961e-07,0.005004883,-400.25253,65.71962,55.184006,0.0,0.9,0.0,-9.128749000000001e-27,0.0,76.03353,65.50522,65.31741,66.62956,70.99767
2018-01-01 18:11:00,1.1375614000000001e-27,0.0,65.71962,357730.44,0.75,0.0,28.775019,-1.1619784e-06,0.25,1.0,68.89434,0.0,0.0,0.0,-9.7733057e-23,5.821858e-06,0.005004883,-400.25253,65.71962,55.184006,0.0,0.9,0.0,-1.1760178e-24,0.0,76.03314,65.504234,65.31659,66.62775,70.98998
2018-01-01 18:12:00,2.2042097e-26,0.0,65.71962,357730.44,0.75,0.0,28.760021,-1.1619784e-06,0.25,1.0,68.892006,0.0,0.0,0.0,-2.1020373e-23,-8.413677e-06,0.005004883,-400.25253,65.71962,55.184006,0.0,0.9,0.0,-1.2169045e-25,0.0,76.03276,65.50325,65.315765,66.62594,70.98229
2018-01-01 18:13:00,-1.2201703999999999e-25,0.0,65.71962,357730.44,0.75,0.0,28.745026,-1.1619784e-06,0.25,1.0,68.88963,0.0,0.0,0.0,-3.4645876e-24,-3.076184e-06,0.005004883,-400.25253,65.71962,55.184006,0.0,0.9,0.0,-1.8684417e-24,0.0,76.03238,65.5022,65.31494,66.62413,70.97455
2018-01-01 18:14:00,-8.536811e-26,0.0,65.71962,357730.44,0.75,0.0,28.73003,1.1619784e-06,0.25,1.0,68.88727,0.0,0.0,0.0,-2.8254442e-24,4.447741e-06,0.005004883,-400.25253,65.71962,55.184006,0.0,0.9,0.0,-1.8593011e-26,0.0,76.032,65.50116,65.31406,66.622314,70.9668
2018-01-01 18:15:00,-1.2425724e-25,0.0,65.71962,357730.44,0.75,0.0,28.715033,1.1619784e-06,0.25,1.0,68.88489,0.0,0.0,0.0,-6.031325e-24,-2.2412821e-06,0.005004883,-400.25253,65.71962,55.184006,0.0,0.9,0.0,-1.4753322000000001e-27,0.0,76.03161,65.500114,65.31319,66.620445,70.95906
2018-01-01 18:16:00,-9.535881999999999e-26,0.0,65.71962,357730.44,0.75,0.0,28.700037,0.0,0.25,1.0,68.88249,0.0,0.0,0.0,-7.054873e-24,5.98978e-06,0.005004883,-400.25253,65.71962,55.184006,0.0,0.9,0.0,-1.0205789e-24,0.0,76.03122,65.49907,65.31225,66.61864,70.95131
2018-01-01 18:17:00,-4.0444742999999996e-25,0.0,65.71962,357730.44,0.75,0.0,28.684986,1.1619784e-06,0.25,1.0,68.88008,0.0,0.0,0.0,-1.8768484e-23,3.4932493e-06,0.005004883,-400.25253,65.71962,55.184006,0.0,0.9,0.0,-1.0200787e-24,0.0,76.03084,65.49797,65.31131,66.61676,70.94351
2018-01-01 18:18:00,-5.723296e-26,0.0,65.71962,357730.44,0.75,0.0,28.669989,1.1619784e-06,0.25,1.0,68.87765,0.0,0.0,0.0,-5.9386055e-23,4.9120524e-07,0.005004883,-400.25253,65.71962,55.184006,0.0,0.9,0.0,-1.0938747e-25,0.0,76.03046,65.49682,65.31038,66.61484,70.935715
2018-01-01 18:19:00,-1.9071404000000002e-26,0.0,65.71962,357730.44,0.75,0.0,28.654993,-1.1619784e-06,0.25,1.0,68.87521,0.0,0.0,0.0,-2.707214e-23,1.0003765e-05,0.005004883,-400.25253,65.71962,55.184006,0.0,0.9,0.0,-7.426682999999999e-26,0.0,76.030075,65.49572,65.30939,66.612976,70.92791
2018-01-01 18:20:00,-2.9047418e-26,0.0,65.71962,357730.44,0.75,0.0,28.639996,1.1619784e-06,0.25,1.0,68.87276,0.0,0.0,0.0,-2.0824075999999998e-23,-2.6401397e-06,0.005004883,-400.25253,65.71962,55.184006,0.0,0.9,0.0,-1.5194339000000001e-24,0.0,76.029686,65.49457,65.3084,66.61105,70.92006
2018-01-01 18:21:00,-1.1289889e-25,0.0,65.71962,357730.44,0.75,0.0,28.625,3.4859352e-06,0.25,1.0,68.87031,0.0,0.0,0.0,-1.9800903e-23,-2.6637208e-06,0.005004883,-400.25253,65.71962,55.184006,0.0,0.9,0.0,-1.3488194e-24,0.0,76.0293,65.49341,65.30742,66.60913,70.912254
2018-01-01 18:22:00,2.5816328e-26,0.0,65.71962,357730.44,0.75,0.0,28.610004,-2.3239568e-06,0.25,1.0,68.86782,0.0,0.0,0.0,-1.0227193e-23,9.781358e-06,0.005004883,-400.25253,65.71962,55.184006,0.0,0.9,0.0,-7.248606e-24,0.0,76.028915,65.4922,65.306366,66.60721,70.9044
2018-01-01 18:23:00,2.0875132e-26,0.0,65.71962,357730.44,0.75,0.0,28.595007,-1.1619784e-06,0.25,1.0,68.86531,0.0,0.0,0.0,-1.8786661e-23,1.8094263e-06,0.005004883,-400.25253,65.71962,55.184006,0.0,0.9,0.0,-2.0366601000000002e-27,0.0,76.028534,65.491,65.30533,66.605225,70.896484
2018-01-01 18:24:00,3.282517e-26,0.0,65.71962,357730.44,0.75,0.0,28.580011,0.0,0.25,1.0,68.86282,0.0,0.0,0.0,-1.11717046e-23,-3.7600955e-07,0.005004883,-400.25253,65.71962,55.184006,0.0,0.9,0.0,-3.2694869999999998e-24,0.0,76.0282,65.48979,65.30423,66.60326,70.88863
2018-01-01 18:25:00,-9.691541400000001e-26,0.0,65.71962,357730.44,0.75,0.0,28.565014,1.1619784e-06,0.25,1.0,68.860306,0.0,0.0,0.0,-1.5797061e-23,-6.677936e-06,0.005004883,-400.25253,65.71962,55.184006,0.0,0.9,0.0,-4.0257655e-24,0.0,76.02782,65.48858,65.30313,66.60127,70.88072
2018-01-01 18:26:00,-1.580924e-26,0.0,65.71962,357730.44,0.75,0.0,28.550018,1.1619784e-06,0.25,1.0,68.85774,0.0,0.0,0.0,-4.593337e-23,2.9010957e-06,0.005004883,-400.25253,65.71962,55.184006,0.0,0.9,0.0,-6.873266000000001e-25,0.0,76.027435,65.48732,65.30197,66.59924,70.87276
2018-01-01 18:27:00,-1.3268063e-26,0.0,65.71962,357730.44,0.75,0.0,28.535023,3.4859352e-06,0.25,1.0,68.85521,0.0,0.0,0.0,-2.3843752e-23,3.6324254e-06,0.005004883,-400.25253,65.71962,55.184006,0.0,0.9,0.0,-5.0280680000000005e-25,0.0,76.027054,65.48605,65.30083,66.59726,70.86485
2018-01-01 18:28:00,1.5719043e-25,0.0,65.71962,357730.44,0.75,0.0,28.520025,-1.1619784e-06,0.25,1.0,68.85264,0.0,0.0,0.0,-8.500918999999999e-24,4.112583e-06,0.005004883,-400.25253,65.71962,55.184006,0.0,0.9,0.0,-1.0582655e-26,0.0,76.026665,65.48473,65.29967,66.59523,70.85689
2018-01-01 18:29:00,5.895475e-26,0.0,65.71962,357730.44,0.75,0.0,28.50503,0.0,0.25,1.0,68.85006,0.0,0.0,0.0,-3.8367888e-23,1.5874713e-06,0.005004883,-400.25253,65.71962,55.184006,0.0,0.9,0.0,-3.839351e-27,0.0,76.026276,65.483475,65.29846,66.59314,70.84892
2018-01-01 18:30:00,-6.831965e-26,0.0,65.71962,357730.44,0.75,0.0,28.490032,-1.1619784e-06,0.25,1.0,68.84745,0.0,0.0,0.0,-3.4619202e-23,-8.356453e-06,0.005004883,-400.25253,65.71962,55.184006,0.0,0.9,0.0,-3.678203e-24,0.0,76.025894,65.4821,65.29726,66.59106,70.84096
2018-01-01 18:31:00,-6.432752e-26,0.0,65.71962,357730.44,0.75,0.0,28.475037,1.1619784e-06,0.25,1.0,68.844894,0.0,0.0,0.0,-1.8446668e-23,4.1269705e-06,0.005004883,-400.25253,65.71962,55.184006,0.0,0.9,0.0,-4.941017e-26,0.0,76.025566,65.480774,65.29599,66.588974,70.83315
2018-01-01 18:32:00,-3.4865914000000004e-26,0.0,65.71962,357730.44,0.75,0.0,28.459986,-3.4859352e-06,0.25,1.0,68.8423,0.0,0.0,0.0,-1.3613909e-23,8.167678e-07,0.005004883,-400.25253,65.71962,55.184006,0.0,0.9,0.0,-2.4718655999999998e-25,0.0,76.02518,65.4794,65.29472,66.58688,70.8253
2018-01-01 18:33:00,1.1965209e-26,0.0,65.71962,357730.44,0.75,0.0,28.444988,-1.1619784e-06,0.25,1.0,68.839714,0.0,0.0,0.0,-1.1280696e-23,5.1993643e-06,0.005004883,-400.25253,65.71962,55.184006,0.0,0.9,0.0,-2.6287646000000003e-24,0.0,76.024796,65.47803,65.29346,66.58479,70.8175
2018-01-01 18:34:00,1.070182e-25,0.0,65.71962,357730.44,0.75,0.0,28.429993,1.1619784e-06,0.25,1.0,68.83708,0.0,0.0,0.0,-6.599669e-23,2.7397948e-06,0.005004883,-400.25253,65.71962,55.184006,0.0,0.9,0.0,-6.5355387e-24,0.0,76.024414,65.476654,65.292145,66.58266,70.809586
2018-01-01 18:35:00,-1.0550866e-27,0.0,65.71962,357730.44,0.75,0.0,28.414997,1.1619784e-06,0.25,1.0,68.83444,0.0,0.0,0.0,-6.2988900000000005e-24,-5.899642e-06,0.005004883,-400.25253,65.71962,55.184006,0.0,0.9,0.0,-1.3647438999999999e-25,0.0,76.02403,65.475235,65.29077,66.58046,70.80173
2018-01-01 18:36:00,-3.1320002e-25,0.0,65.71962,357730.44,0.75,0.0,28.4,1.1619784e-06,0.25,1.0,68.831795,0.0,0.0,0.0,-1.3136458e-23,2.7609715e-06,0.005004883,-400.25253,65.71962,55.184006,0.0,0.9,0.0,-3.9679793000000003e-26,0.0,76.02364,65.4738,65.2894,66.57831,70.79382
2018-01-01 18:37:00,1.729754e-25,0.0,65.71962,357730.44,0.75,0.0,28.385004,0.0,0.25,1.0,68.82915,0.0,0.0,0.0,-1.5207722e-23,7.922431e-07,0.005004883,-400.25253,65.71962,55.184006,0.0,0.9,0.0,-9.232870000000001e-26,0.0,76.023315,65.472374,65.288025,66.57611,70.78591
2018-01-01 18:38:00,-1.19080056e-26,0.0,65.71962,357730.44,0.75,0.0,28.370007,0.0,0.25,1.0,68.82648,0.0,0.0,0.0,-4.8716932e-23,-6.0149528e-06,0.005004883,-400.25253,65.71962,55.184006,0.0,0.9,0.0,-8.2262155e-24,0.0,76.022934,65.47095,65.28659,66.57391,70.778
2018-01-01 18:39:00,4.558209e-25,0.0,65.71962,357730.44,0.75,0.0,28.355011,-1.1619784e-06,0.25,1.0,68.823746,0.0,0.0,0.0,-2.8450629999999998e-24,9.325371e-07,0.005004883,-400.25253,65.71962,55.184006,0.0,0.9,0.0,-3.655786e-26,0.0,76.022545,65.46947,65.285,66.57167,70.770035
2018-01-01 18:40:00,3.4092288000000004e-26,0.0,65.71962,357730.44,0.75,0.0,28.340015,-1.1619784e-06,0.25,1.0,68.82101,0.0,0.0,0.0,-6.6088436000000004e-24,1.1428201e-06,0.005004883,-400.25253,65.71962,55.184006,0.0,0.9,0.0,-4.8306945e-26,0.0,76.022156,65.46798,65.28341,66.56941,70.76207
2018-01-01 18:41:00,-6.2114e-27,0.0,65.71962,357730.44,0.75,0.0,28.325018,-2.3239568e-06,0.25,1.0,68.81825,0.0,0.0,0.0,-6.977094500000001e-24,-3.551798e-06,0.005004883,-400.25253,65.71962,55.184006,0.0,0.9,0.0,-1.8255878e-24,0.0,76.021774,65.466446,65.28176,66.56716,70.754105
2018-01-01 18:42:00,-1.2726761e-25,0.0,65.71962,357730.44,0.75,0.0,28.310022,1.1619784e-06,0.25,1.0,68.815506,0.0,0.0,0.0,-9.7712256e-24,-7.057767e-06,0.005004883,-400.25253,65.71962,55.184006,0.0,0.9,0.0,-2.4627013000000002e-27,0.0,76.02145,65.464905,65.28017,66.56491,70.746086
2018-01-01 18:43:00,-3.1544632e-25,0.0,65.71962,357730.44,0.75,0.0,28.295025,1.1619784e-06,0.25,1.0,68.81273,0.0,0.0,0.0,-1.5757186e-23,-1.0652449e-06,0.005004883,-400.25253,65.71962,55.184006,0.0,0.9,0.0,-1.4566259999999999e-24,0.0,76.02106,65.46336,65.278465,66.56261,70.73812
2018-01-01 18:44:00,-6.303915e-26,0.0,65.71962,357730.44,0.75,0.0,28.28003,-1.1619784e-06,0.25,1.0,68.809944,0.0,0.0,0.0,-1.0616978e-23,-4.7622107e-06,0.005004883,-400.25253,65.71962,55.184006,0.0,0.9,0.0,-1.2289565e-24,0.0,76.020676,65.46182,65.27682,66.560295,70.7301
2018-01-01 18:45:00,-3.9319666000000004e-26,0.0,65.71962,357730.44,0.75,0.0,28.265034,-1.1619784e-06,0.25,1.0,68.80713,0.0,0.0,0.0,-4.986066e-24,-5.614525e-06,0.005004883,-400.25253,65.71962,55.184006,0.0,0.9,0.0,-3.6162003e-24,0.0,76.020294,65.46029,65.275055,66.55798,70.72203
2018-01-01 18:46:00,1.594556e-25,0.0,65.71962,357730.44,0.75,0.0,28.250036,-1.1619784e-06,0.25,1.0,68.80432,0.0,0.0,0.0,-1.9103610000000002e-23,-7.5984224e-07,0.005004883,-400.25253,65.71962,55.184006,0.0,0.9,0.0,-6.564201e-25,0.0,76.01991,65.458694,65.27336,66.555626,70.714005
2018-01-01 18:47:00,-1.8249741999999999e-25,0.0,65.71962,357730.44,0.75,0.0,28.234985,1.1619784e-06,0.25,1.0,68.80149,0.0,0.0,0.0,-7.176102e-24,-4.9792416e-06,0.005004883,-400.25253,65.71962,55.184006,0.0,0.9,0.0,-1.87934e-24,0.0,76.01952,65.45711,65.2716,66.55327,70.70593
2018-01-01 18:48:00,-2.6094296e-25,0.0,65.71962,357730.44,0.75,0.0,28.21999,-1.1619784e-06,0.25,1.0,68.79862,0.0,0.0,0.0,-9.905901e-24,6.524292e-06,0.005004883,-400.25253,65.71962,55.184006,0.0,0.9,0.0,-2.1309016e-24,0.0,76.019135,65.45546,65.26984,66.55084,70.6978
2018-01-01 18:49:00,1.8256923e-25,0.0,65.71962,357730.44,0.75,0.0,28.204992,2.3239568e-06,0.25,1.0,68.795784,0.0,0.0,0.0,-3.460407e-23,8.74149e-06,0.005004883,-400.25253,65.71962,55.184006,0.0,0.9,0.0,-4.885173e-26,0.0,76.018814,65.45386,65.26803,66.548485,70.68973
2018-01-01 18:50:00,-3.3465162999999996e-25,0.0,65.71962,357730.44,0.75,0.0,28.189997,-3.4859352e-06,0.25,1.0,68.79291,0.0,0.0,0.0,-3.5345804e-24,6.4993555e-06,0.005004883,-400.25253,65.71962,55.184006,0.0,0.9,0.0,-2.2488143999999998e-25,0.0,76.018425,65.45221,65.26622,66.54607,70.681595
2018-01-01 18:51:00,1.6649345e-25,0.0,65.71962,357730.44,0.75,0.0,28.175,-2.3239568e-06,0.25,1.0,68.79,0.0,0.0,0.0,-2.0385423e-23,1.9773704e-06,0.005004883,-400.25253,65.71962,55.184006,0.0,0.9,0.0,-5.730096400000001e-26,0.0,76.018036,65.450516,65.264404,66.543594,70.67346
2018-01-01 18:52:00,3.4929504e-26,0.0,65.71962,357730.44,0.75,0.0,28.160004,1.1619784e-06,0.25,1.0,68.787125,0.0,0.0,0.0,-3.1892757e-24,3.749359e-06,0.005004883,-400.25253,65.71962,55.184006,0.0,0.9,0.0,-4.757057e-25,0.0,76.017654,65.44887,65.26259,66.54118,70.66534
2018-01-01 18:53:00,-2.7679018000000004e-26,0.0,65.71962,357730.44,0.75,0.0,28.145008,1.1619784e-06,0.25,1.0,68.784195,0.0,0.0,0.0,-1.1422704e-23,-5.224335e-06,0.005004883,-400.25253,65.71962,55.184006,0.0,0.9,0.0,-2.7329842e-24,0.0,76.01727,65.44716,65.260666,66.53871,70.65715
2018-01-01 18:54:00,-5.6238325e-26,0.0,65.71962,357730.44,0.75,0.0,28.13001,-3.4859352e-06,0.25,1.0,68.78127,0.0,0.0,0.0,-1.4177984e-23,-6.8214804e-06,0.005004883,-400.25253,65.71962,55.184006,0.0,0.9,0.0,-3.5057673e-24,0.0,76.01689,65.44546,65.258804,66.53624,70.64897
2018-01-01 18:55:00,-8.2001617e-26,0.0,65.71962,357730.44,0.75,0.0,28.115015,-1.1619784e-06,0.25,1.0,68.77833,0.0,0.0,0.0,-1.9769334e-23,2.0451434e-06,0.005004883,-400.25253,65.71962,55.184006,0.0,0.9,0.0,-1.1334989499999999e-24,0.0,76.0165,65.443756,65.25688,66.53371,70.64078
2018-01-01 18:56:00,3.2864506000000003e-26,0.0,65.71962,357730.44,0.75,0.0,28.100018,0.0,0.25,1.0,68.77536,0.0,0.0,0.0,-1.8609773e-23,2.4825683e-06,0.005004883,-400.25253,65.71962,55.184006,0.0,0.9,0.0,-1.2140152999999998e-25,0.0,76.01611,65.442,65.25496,66.53118,70.63254
2018-01-01 18:57:00,4.7847458e-26,0.0,65.71962,357730.44,0.75,0.0,28.085022,0.0,0.25,1.0,68.77241,0.0,0.0,0.0,-2.2340134999999998e-23,-2.6891453e-07,0.005004883,-400.25253,65.71962,55.184006,0.0,0.9,0.0,-2.0810489999999998e-24,0.0,76.01573,65.44024,65.25304,66.528656,70.62436
2018-01-01 18:58:00,-3.972829e-27,0.0,65.71962,357730.44,0.75,0.0,28.070026,2.3239568e-06,0.25,1.0,68.76942,0.0,0.0,0.0,-1.3386488e-24,4.5690463e-06,0.005004883,-400.25253,65.71962,55.184006,0.0,0.9,0.0,-6.1565436e-25,0.0,76.01535,65.43848,65.25105,66.52612,70.61606
2018-01-01 18:59:00,-5.764893999999999e-26,0.0,65.71962,357730.44,0.75,0.0,28.055029,-1.1619784e-06,0.25,1.0,68.766426,0.0,0.0,0.0,-1.728842e-24,-7.5651013e-07,0.005004883,-400.25253,65.71962,55.184006,0.0,0.9,0.0,-3.9746753e-27,0.0,76.01497,65.43672,65.24908,66.523544,70.60782
2018-01-01 19:00:00,9.921960400000001e-27,0.0,65.71962,357730.44,0.75,0.0,28.040033,1.1619784e-06,0.25,1.0,68.76343,0.0,0.0,0.0,-5.619233e-23,1.0440262e-05,0.005004883,-400.25253,65.71962,55.184006,0.0,0.9,0.0,-4.0485616e-24,0.0,76.01458,65.43497,65.2471,66.520966,70.59953
2018-01-01 19:01:00,2.2102026e-25,0.0,65.71962,357730.44,0.75,0.0,28.072992,-1.1619784e-06,0.25,1.0,68.760414,0.0,0.0,0.0,-4.0808340000000003e-25,-2.1757818e-07,0.005004883,-400.25253,65.71962,55.184006,0.0,0.9,0.0,-1.6024806e-25,0.0,76.01419,65.43315,65.24507,66.518326,70.59129
2018-01-01 19:02:00,5.5743658000000005e-27,0.0,65.71962,357730.44,0.75,0.0,28.106007,1.1619784e-06,0.25,1.0,68.757385,0.0,0.0,0.0,-6.738982e-24,6.833643e-07,0.005004883,-400.25253,65.71962,55.184006,0.0,0.9,0.0,-1.2891412999999998e-25,0.0,76.01381,65.431335,65.243034,66.51575,70.58299
2018-01-01 19:03:00,6.887154000000001e-27,0.0,65.71962,357730.44,0.75,0.0,28.139019,1.1619784e-06,0.25,1.0,68.754395,0.0,0.0,0.0,-5.7558756e-23,-1.4788064e-06,0.005004883,-400.25253,65.71962,55.184006,0.0,0.9,0.0,-7.812663e-24,0.0,76.01343,65.42953,65.24106,66.51317,70.57475
2018-01-01 19:04:00,-1.1056571e-26,0.0,65.71962,357730.44,0.75,0.0,28.172033,0.0,0.25,1.0,68.75138,0.0,0.0,0.0,-4.9163784000000004e-24,-3.935986e-06,0.005004883,-400.25253,65.71962,55.184006,0.0,0.9,0.0,-2.4232764e-25,0.0,76.01305,65.427765,65.23903,66.51053,70.56651
2018-01-01 19:05:00,-1.7538633999999998e-25,0.0,65.71962,357730.44,0.75,0.0,28.204992,-1.1619784e-06,0.25,1.0,68.748375,0.0,0.0,0.0,-9.774123e-25,-5.1112297e-06,0.005004883,-400.25253,65.71962,55.184006,0.0,0.9,0.0,-1.2211414e-24,0.0,76.01266,65.42596,65.237045,66.50795,70.55827
2018-01-01 19:06:00,-7.477274000000001e-27,0.0,65.71962,357730.44,0.75,0.0,28.238007,0.0,0.25,1.0,68.74538,0.0,0.0,0.0,-8.5534926e-24,-3.0546207e-07,0.005004883,-400.25253,65.71962,55.184006,0.0,0.9,0.0,-2.4783225e-24,0.0,76.01227,65.42415,65.23507,66.50536,70.55003
2018-01-01 19:07:00,-1.2730565999999999e-25,0.0,65.71962,357730.44,0.75,0.0,28.27102,1.1619784e-06,0.25,1.0,68.74239,0.0,0.0,0.0,-8.5422955e-24,6.7072265e-06,0.005004883,-400.25253,65.71962,55.184006,0.0,0.9,0.0,-4.0939467e-24,0.0,76.01183,65.422386,65.23309,66.50278,70.541855
2018-01-01 19:08:00,1.5643858999999999e-25,0.0,65.71962,357730.44,0.75,0.0,28.304035,-1.1619784e-06,0.25,1.0,68.73941,0.0,0.0,0.0,-3.2843666e-24,-5.6223445e-07,0.005004883,-400.25253,65.71962,55.184006,0.0,0.9,0.0,-3.6929482e-26,0.0,76.011444,65.42062,65.23111,66.5002,70.53366
2018-01-01 19:09:00,1.7991361e-26,0.0,65.71962,357730.44,0.75,0.0,28.336994,-1.1619784e-06,0.25,1.0,68.73644,0.0,0.0,0.0,-4.801302e-24,-9.584867e-07,0.005004883,-400.25253,65.71962,55.184006,0.0,0.9,0.0,-1.18312e-25,0.0,76.01106,65.418816,65.22919,66.49762,70.525536
2018-01-01 19:10:00,2.679129e-26,0.0,65.71962,357730.44,0.75,0.0,28.370007,0.0,0.25,1.0,68.733475,0.0,0.0,0.0,-3.5705104e-23,4.3401596e-06,0.005004883,-400.25253,65.71962,55.184006,0.0,0.9,0.0,-1.953499e-25,0.0,76.01068,65.41705,65.22722,66.49504,70.51735
2018-01-01 19:11:00,-5.9218012000000006e-27,0.0,65.71962,357730.44,0.75,0.0,28.40302,1.1619784e-06,0.25,1.0,68.730515,0.0,0.0,0.0,-1.7917107e-23,-7.886512e-06,0.005004883,-400.25253,65.71962,55.184006,0.0,0.9,0.0,-1.5317778e-25,0.0,76.0103,65.4153,65.225296,66.492455,70.50922
2018-01-01 19:12:00,1.8893263e-25,0.0,65.71962,357730.44,0.75,0.0,28.436035,1.1619784e-06,0.25,1.0,68.72758,0.0,0.0,0.0,-1.400623e-23,-9.72029e-07,0.005004883,-400.25253,65.71962,55.184006,0.0,0.9,0.0,-9.359071e-26,0.0,76.00991,65.41354,65.22337,66.48987,70.501144
2018-01-01 19:13:00,-1.7725517000000002e-26,0.0,65.71962,357730.44,0.75,0.0,28.468994,3.4859352e-06,0.25,1.0,68.72462,0.0,0.0,0.0,-1.2138057600000001e-23,-1.2888272e-06,0.005004883,-400.25253,65.71962,55.184006,0.0,0.9,0.0,-3.1488115e-25,0.0,76.009476,65.41179,65.22145,66.48735,70.49301
2018-01-01 19:14:00,3.5675205e-26,0.0,65.71962,357730.44,0.75,0.0,28.502008,3.4859352e-06,0.25,1.0,68.721664,0.0,0.0,0.0,-2.0283673999999998e-23,8.340485e-06,0.005004883,-400.25253,65.71962,55.184006,0.0,0.9,0.0,-4.5961876e-25,0.0,76.00909,65.41003,65.21953,66.484764,70.48494
2018-01-01 19:15:00,1.9366008e-25,0.0,65.71962,357730.44,0.75,0.0,28.535023,-1.1619784e-06,0.25,1.0,68.718735,0.0,0.0,0.0,-7.9448635e-24,1.3150285e-06,0.005004883,-400.25253,65.71962,55.184006,0.0,0.9,0.0,-5.3021e-26,0.0,76.0087,65.408264,65.217606,66.48224,70.47687
2018-01-01 19:16:00,4.3669187e-27,0.0,65.71962,357730.44,0.75,0.0,28.568035,1.1619784e-06,0.25,1.0,68.71581,0.0,0.0,0.0,-1.7953068e-23,4.4612727e-07,0.005004883,-400.25253,65.71962,55.184006,0.0,0.9,0.0,-1.4353343e-25,0.0,76.008316,65.40651,65.21573,66.47966,70.46884
2018-01-01 19:17:00,5.1013724e-27,0.0,65.71962,357730.44,0.75,0.0,28.600994,-1.1619784e-06,0.25,1.0,68.71287,0.0,0.0,0.0,-4.0041527e-25,-4.201925e-06,0.005004883,-400.25253,65.71962,55.184006,0.0,0.9,0.0,-5.833208e-25,0.0,76.00787,65.404755,65.213806,66.47713,70.46077
2018-01-01 19:18:00,-1.0450513999999999e-25,0.0,65.71962,357730.44,0.75,0.0,28.634008,1.1619784e-06,0.25,1.0,68.70996,0.0,0.0,0.0,-1.783031e-24,-1.0281229e-06,0.005004883,-400.25253,65.71962,55.184006,0.0,0.9,0.0,-3.344888e-26,0.0,76.00749,65.403046,65.211945,66.47455,70.45275
2018-01-01 19:19:00,-1.8882743e-26,0.0,65.71962,357730.44,0.75,0.0,28.667023,1.1619784e-06,0.25,1.0,68.707054,0.0,0.0,0.0,-1.8110129e-23,-3.0826973e-07,0.005004883,-400.25253,65.71962,55.184006,0.0,0.9,0.0,-5.0322318e-26,0.0,76.00711,65.40129,65.210075,66.472015,70.444786
2018-01-01 19:20:00,2.9316392000000004e-26,0.0,65.71962,357730.44,0.75,0.0,28.700037,-2.3239568e-06,0.25,1.0,68.704155,0.0,0.0,0.0,-1.6454023e-23,-1.6688977e-06,0.005004883,-400.25253,65.71962,55.184006,0.0,0.9,0.0,-2.5804465e-26,0.0,76.00673,65.39959,65.208206,66.4695,70.43677
2018-01-01 19:21:00,-8.81118e-26,0.0,65.71962,357730.44,0.75,0.0,28.732996,-3.4859352e-06,0.25,1.0,68.70125,0.0,0.0,0.0,-6.994275599999999e-23,2.7843257e-06,0.005004883,-400.25253,65.71962,55.184006,0.0,0.9,0.0,-3.978906e-25,0.0,76.00629,65.39783,65.20639,66.466965,70.4288
2018-01-01 19:22:00,-1.6716118e-25,0.0,65.71962,357730.44,0.75,0.0,28.76601,1.1619784e-06,0.25,1.0,68.69838,0.0,0.0,0.0,-8.474340999999999e-26,5.7326806e-06,0.005004883,-400.25253,65.71962,55.184006,0.0,0.9,0.0,-2.2556651e-24,0.0,76.005905,65.39613,65.20453,66.46444,70.42089
2018-01-01 19:23:00,-1.4614774999999998e-25,0.0,65.71962,357730.44,0.75,0.0,28.799023,1.1619784e-06,0.25,1.0,68.6955,0.0,0.0,0.0,-1.2636954e-23,5.5978084e-08,0.005004883,-400.25253,65.71962,55.184006,0.0,0.9,0.0,-9.458453e-25,0.0,76.005516,65.394424,65.20271,66.461914,70.412926
2018-01-01 19:24:00,-1.0195107e-27,0.0,65.71962,357730.44,0.75,0.0,28.832037,-1.1619784e-06,0.25,1.0,68.69263,0.0,0.0,0.0,-4.287522e-24,4.046868e-06,0.005004883,-400.25253,65.71962,55.184006,0.0,0.9,0.0,-2.4701876e-24,0.0,76.00513,65.39272,65.2009,66.45938,70.405014
2018-01-01 19:25:00,1.0785912000000001e-26,0.0,65.71962,357730.44,0.75,0.0,28.864996,-1.1619784e-06,0.25,1.0,68.68977,0.0,0.0,0.0,-8.4762e-24,-3.5481028e-07,0.005004883,-400.25253,65.71962,55.184006,0.0,0.9,0.0,-7.265699e-27,0.0,76.00469,65.39102,65.19909,66.45691,70.39711
2018-01-01 19:26:00,6.431119e-26,0.0,65.71962,357730.44,0.75,0.0,28.89801,-3.4859352e-06,0.25,1.0,68.686905,0.0,0.0,0.0,-9.46516e-24,-8.5522815e-06,0.005004883,-400.25253,65.71962,55.184006,0.0,0.9,0.0,-3.1099522000000002e-24,0.0,76.0043,65.38931,65.19728,66.45439,70.38925
2018-01-01 19:27:00,-1.2419364e-25,0.0,65.71962,357730.44,0.75,0.0,28.931025,1.1619784e-06,0.25,1.0,68.68406,0.0,0.0,0.0,-1.7609395e-23,1.0350913e-06,0.005004883,-400.25253,65.71962,55.184006,0.0,0.9,0.0,-1.3328418e-25,0.0,76.00392,65.38762,65.195465,66.45186,70.38139
2018-01-01 19:28:00,-7.346951e-28,0.0,65.71962,357730.44,0.75,0.0,28.964039,1.1619784e-06,0.25,1.0,68.6812,0.0,0.0,0.0,-2.1148012e-23,-6.2368417e-06,0.005004883,-400.25253,65.71962,55.184006,0.0,0.9,0.0,-7.573255e-25,0.0,76.00348,65.38591,65.19371,66.44939,70.373535
2018-01-01 19:29:00,-1.1582111e-25,0.0,65.71962,357730.44,0.75,0.0,28.996998,-1.1619784e-06,0.25,1.0,68.67836,0.0,0.0,0.0,-1.2959944999999999e-23,2.9708326e-06,0.005004883,-400.25253,65.71962,55.184006,0.0,0.9,0.0,-5.2810324e-26,0.0,76.0031,65.38426,65.191895,66.44686,70.365685
2018-01-01 19:30:00,-9.509577e-26,0.0,65.71962,357730.44,0.75,0.0,29.03001,0.0,0.25,1.0,68.67554,0.0,0.0,0.0,-7.432607e-24,-3.0358808e-06,0.005004883,-400.25253,65.71962,55.184006,0.0,0.9,0.0,-1.6076115000000001e-24,0.0,76.002716,65.38256,65.19014,66.44439,70.35788
2018-01-01 19:31:00,2.7200384e-27,0.0,65.71962,357730.44,0.75,0.0,29.063025,1.1619784e-06,0.25,1.0,68.67273,0.0,0.0,0.0,-3.1657012e-24,-7.1146104e-07,0.005004883,-400.25253,65.71962,55.184006,0.0,0.9,0.0,-1.4896096e-25,0.0,76.002335,65.38091,65.18838,66.44192,70.35008
2018-01-01 19:32:00,-1.5153037e-26,0.0,65.71962,357730.44,0.75,0.0,29.095984,1.1619784e-06,0.25,1.0,68.66991,0.0,0.0,0.0,-1.4365478000000002e-26,-2.2422587e-06,0.005004883,-400.25253,65.71962,55.184006,0.0,0.9,0.0,-3.7071371999999996e-25,0.0,76.00189,65.37921,65.186676,66.439445,70.342285
2018-01-01 19:33:00,1.8798435e-26,0.0,65.71962,357730.44,0.75,0.0,29.128998,1.1619784e-06,0.25,1.0,68.6671,0.0,0.0,0.0,-4.6900452999999997e-23,8.5640994e-07,0.005004883,-400.25253,65.71962,55.184006,0.0,0.9,0.0,-2.7996536000000003e-28,0.0,76.00151,65.37756,65.18492,66.43697,70.33453
2018-01-01 19:34:00,2.8693849999999997e-26,0.0,65.71962,357730.44,0.75,0.0,29.162012,-1.1619784e-06,0.25,1.0,68.66431,0.0,0.0,0.0,-1.0268803000000001e-22,-5.155971e-07,0.005004883,-400.25253,65.71962,55.184006,0.0,0.9,0.0,-1.0071589000000001e-24,0.0,76.00112,65.375916,65.18321,66.4345,70.3268
2018-01-01 19:35:00,7.360502000000001e-27,0.0,65.71962,357730.44,0.75,0.0,29.195026,1.1619784e-06,0.25,1.0,68.6615,0.0,0.0,0.0,-4.1504022999999997e-23,4.329341e-06,0.005004883,-400.25253,65.71962,55.184006,0.0,0.9,0.0,-7.606709e-25,0.0,76.00069,65.37427,65.18146,66.43203,70.319046
2018-01-01 19:36:00,-6.522227999999999e-26,0.0,65.71962,357730.44,0.75,0.0,29.227985,-1.1619784e-06,0.25,1.0,68.658714,0.0,0.0,0.0,-5.567845000000001e-25,-7.640655e-06,0.005004883,-400.25253,65.71962,55.184006,0.0,0.9,0.0,-1.0566844999999999e-25,0.0,76.0003,65.37262,65.17975,66.42956,70.311356
2018-01-01 19:37:00,-1.9492538e-25,0.0,65.71962,357730.44,0.75,0.0,29.260998,1.1619784e-06,0.25,1.0,68.655945,0.0,0.0,0.0,-6.842667e-24,6.5843437e-06,0.005004883,-400.25253,65.71962,55.184006,0.0,0.9,0.0,-1.3103576e-24,0.0,75.99991,65.37097,65.1781,66.427086,70.303665
2018-01-01 19:38:00,-3.6212968e-25,0.0,65.71962,357730.44,0.75,0.0,29.294012,1.1619784e-06,0.25,1.0,68.653175,0.0,0.0,0.0,-2.6431175999999998e-23,8.524857e-07,0.005004883,-400.25253,65.71962,55.184006,0.0,0.9,0.0,-8.846557999999999e-26,0.0,75.99953,65.36932,65.17641,66.42467,70.295975
2018-01-01 19:39:00,-1.6575230999999999e-25,0.0,65.71962,357730.44,0.75,0.0,29.327026,0.0,0.25,1.0,68.65041,0.0,0.0,0.0,-1.0240337e-23,6.212e-06,0.005004883,-400.25253,65.71962,55.184006,0.0,0.9,0.0,-9.674829000000001e-27,0.0,75.999084,65.36773,65.1747,66.422195,70.288345
2018-01-01 19:40:00,3.8258528999999998e-25,0.0,65.71962,357730.44,0.75,0.0,29.359985,-1.1619784e-06,0.25,1.0,68.64766,0.0,0.0,0.0,-5.083751e-25,3.1915895e-06,0.005004883,-400.25253,65.71962,55.184006,0.0,0.9,0.0,-7.945583e-27,0.0,75.9987,65.36608,65.17305,66.419785,70.2807
2018-01-01 19:41:00,-3.359647e-26,0.0,65.71962,357730.44,0.75,0.0,29.393,-1.1619784e-06,0.25,1.0,68.64493,0.0,0.0,0.0,-8.597931e-26,5.0911126e-07,0.005004883,-400.25253,65.71962,55.184006,0.0,0.9,0.0,-1.1264288000000001e-26,0.0,75.99832,65.36449,65.1714,66.41736,70.27307
2018-01-01 19:42:00,1.4765125000000001e-28,0.0,65.71962,357730.44,0.75,0.0,29.426014,-2.3239568e-06,0.25,1.0,68.64219,0.0,0.0,0.0,-8.805809e-24,-7.382222e-06,0.005004883,-400.25253,65.71962,55.184006,0.0,0.9,0.0,-4.1957885e-26,0.0,75.99794,65.36284,65.169754,66.41495,70.265434
2018-01-01 19:43:00,1.8341857999999998e-25,0.0,65.71962,357730.44,0.75,0.0,29.459026,-1.1619784e-06,0.25,1.0,68.63944,0.0,0.0,0.0,-6.324834000000001e-23,-1.8620821e-07,0.005004883,-400.25253,65.71962,55.184006,0.0,0.9,0.0,-4.575202e-25,0.0,75.9975,65.36125,65.168106,66.412476,70.25786
2018-01-01 19:44:00,-1.4176162999999998e-25,0.0,65.71962,357730.44,0.75,0.0,29.491985,1.1619784e-06,0.25,1.0,68.63673,0.0,0.0,0.0,-1.8034782e-23,-6.556705e-06,0.005004883,-400.25253,65.71962,55.184006,0.0,0.9,0.0,-8.598146999999999e-24,0.0,75.997116,65.35965,65.16652,66.41006,70.250275
2018-01-01 19:45:00,-4.1371069999999996e-26,0.0,65.71962,357730.44,0.75,0.0,29.525,1.1619784e-06,0.25,1.0,68.63402,0.0,0.0,0.0,-2.1480279e-23,-7.411565e-06,0.005004883,-400.25253,65.71962,55.184006,0.0,0.9,0.0,-1.6185853e-24,0.0,75.99673,65.35806,65.16487,66.4077,70.24275
2018-01-01 19:46:00,6.501316000000001e-27,0.0,65.71962,357730.44,0.75,0.0,29.558014,-1.1619784e-06,0.25,1.0,68.6313,0.0,0.0,0.0,-3.5849508e-24,-1.2290981e-06,0.005004883,-400.25253,65.71962,55.184006,0.0,0.9,0.0,-2.2422425e-24,0.0,75.99634,65.35647,65.16327,66.40527,70.23517
2018-01-01 19:47:00,2.6138798000000003e-27,0.0,65.71962,357730.44,0.75,0.0,29.591028,-1.1619784e-06,0.25,1.0,68.6286,0.0,0.0,0.0,-7.6743096e-23,-2.1019637e-06,0.005004883,-400.25253,65.71962,55.184006,0.0,0.9,0.0,-2.8325425e-24,0.0,75.9959,65.35487,65.16168,66.40286,70.22769
2018-01-01 19:48:00,-5.0211416e-26,0.0,65.71962,357730.44,0.75,0.0,29.623987,-1.1619784e-06,0.25,1.0,68.6259,0.0,0.0,0.0,-4.9410536e-24,4.9126515e-06,0.005004883,-400.25253,65.71962,55.184006,0.0,0.9,0.0,-8.536461e-25,0.0,75.995514,65.35329,65.16009,66.400444,70.22017
2018-01-01 19:49:00,-2.7103714000000003e-26,0.0,65.71962,357730.44,0.75,0.0,29.657001,1.1619784e-06,0.25,1.0,68.62323,0.0,0.0,0.0,-3.0625428e-24,-1.0877459e-06,0.005004883,-400.25253,65.71962,55.184006,0.0,0.9,0.0,-4.7615009999999995e-26,0.0,75.99513,65.351746,65.15849,66.39809,70.2127
2018-01-01 19:50:00,1.3856682e-25,0.0,65.71962,357730.44,0.75,0.0,29.690014,1.1619784e-06,0.25,1.0,68.62056,0.0,0.0,0.0,-5.2505564e-24,5.6065714e-06,0.005004883,-400.25253,65.71962,55.184006,0.0,0.9,0.0,-8.1875237e-25,0.0,75.99475,65.35015,65.15695,66.39572,70.20523
2018-01-01 19:51:00,2.3132317e-26,0.0,65.71962,357730.44,0.75,0.0,29.723028,1.1619784e-06,0.25,1.0,68.6179,0.0,0.0,0.0,-4.8442504e-25,6.5489854e-07,0.005004883,-400.25253,65.71962,55.184006,0.0,0.9,0.0,-2.2394083000000002e-26,0.0,75.99437,65.34862,65.15542,66.3933,70.197754
2018-01-01 19:52:00,-1.8123739e-26,0.0,65.71962,357730.44,0.75,0.0,29.755987,2.3239568e-06,0.25,1.0,68.615234,0.0,0.0,0.0,-1.0469748e-24,4.1321705e-06,0.005004883,-400.25253,65.71962,55.184006,0.0,0.9,0.0,-1.3523267e-24,0.0,75.99393,65.34708,65.153885,66.390945,70.19034
2018-01-01 19:53:00,-7.173111000000001e-27,0.0,65.71962,357730.44,0.75,0.0,29.789001,3.4859352e-06,0.25,1.0,68.61257,0.0,0.0,0.0,-1.342643e-23,-6.097416e-06,0.005004883,-400.25253,65.71962,55.184006,0.0,0.9,0.0,-6.115352299999999e-25,0.0,75.993546,65.34548,65.15234,66.38858,70.18292
2018-01-01 19:54:00,2.9281928e-26,0.0,65.71962,357730.44,0.75,0.0,29.822016,1.1619784e-06,0.25,1.0,68.609924,0.0,0.0,0.0,-6.2008039999999995e-24,-6.0689426e-06,0.005004883,-400.25253,65.71962,55.184006,0.0,0.9,0.0,-3.5421564999999996e-25,0.0,75.99316,65.34395,65.1508,66.386215,70.17551
2018-01-01 19:55:00,3.8100139999999996e-26,0.0,65.71962,357730.44,0.75,0.0,29.85503,-1.1619784e-06,0.25,1.0,68.607285,0.0,0.0,0.0,-1.14194306e-23,-1.7140468e-07,0.005004883,-400.25253,65.71962,55.184006,0.0,0.9,0.0,-6.667814e-26,0.0,75.99277,65.34241,65.14926,66.38385,70.16815
2018-01-01 19:56:00,-1.8275551e-26,0.0,65.71962,357730.44,0.75,0.0,29.887989,1.1619784e-06,0.25,1.0,68.60466,0.0,0.0,0.0,-7.6564504e-24,-9.634995e-07,0.005004883,-400.25253,65.71962,55.184006,0.0,0.9,0.0,-5.236147e-26,0.0,75.992386,65.34093,65.14778,66.38149,70.160736
2018-01-01 19:57:00,8.9197464e-26,0.0,65.71962,357730.44,0.75,0.0,29.921001,1.1619784e-06,0.25,1.0,68.602066,0.0,0.0,0.0,-2.1719580999999998e-23,-1.3274563e-06,0.005004883,-400.25253,65.71962,55.184006,0.0,0.9,0.0,-3.5820497e-25,0.0,75.992004,65.339386,65.1463,66.37918,70.15343
2018-01-01 19:58:00,1.1297878999999999e-25,0.0,65.71962,357730.44,0.75,0.0,29.954016,-2.3239568e-06,0.25,1.0,68.59943,0.0,0.0,0.0,-1.0842819e-23,4.819173e-06,0.005004883,-400.25253,65.71962,55.184006,0.0,0.9,0.0,-1.3446851000000001e-24,0.0,75.99156,65.337845,65.14482,66.37682,70.14607
2018-01-01 19:59:00,-1.1254461e-26,0.0,65.71962,357730.44,0.75,0.0,29.98703,-2.3239568e-06,0.25,1.0,68.59683,0.0,0.0,0.0,-1.8916388e-23,-4.2404727e-07,0.005004883,-400.25253,65.71962,55.184006,0.0,0.9,0.0,-1.4219278e-25,0.0,75.99118,65.336365,65.14333,66.37451,70.13876
2018-01-01 20:00:00,7.013127e-26,0.0,65.71962,357730.44,0.75,0.0,30.019989,0.0,0.25,1.0,68.594215,0.0,0.0,0.0,-2.4388269e-23,-5.69098e-06,0.005004883,-400.25253,65.71962,55.184006,0.0,0.9,0.0,-3.4673103e-24,0.0,75.9908,65.33482,65.141846,66.372154,70.131454
2018-01-01 20:01:00,8.022140999999999e-26,0.0,65.71962,357730.44,0.75,0.0,30.002026,0.0,0.25,1.0,68.59165,0.0,0.0,0.0,-2.8788545e-23,-5.603865e-06,0.005004883,-400.25253,65.71962,55.184006,0.0,0.9,0.0,-3.637603e-24,0.0,75.99041,65.33334,65.14043,66.36984,70.12421
2018-01-01 20:02:00,6.175194e-26,0.0,65.71962,357730.44,0.75,0.0,29.984009,1.1619784e-06,0.25,1.0,68.58907,0.0,0.0,0.0,-4.9773737e-23,3.898087e-06,0.005004883,-400.25253,65.71962,55.184006,0.0,0.9,0.0,-1.399925e-27,0.0,75.99002,65.33186,65.13899,66.36754,70.11696
2018-01-01 20:03:00,-1.0892821999999999e-25,0.0,65.71962,357730.44,0.75,0.0,29.965992,1.1619784e-06,0.25,1.0,68.5865,0.0,0.0,0.0,-3.9142735e-23,-8.10875e-06,0.005004883,-400.25253,65.71962,55.184006,0.0,0.9,0.0,-1.1537438000000001e-24,0.0,75.98964,65.330376,65.137566,66.365234,70.1097
2018-01-01 20:04:00,6.202144e-26,0.0,65.71962,357730.44,0.75,0.0,29.948029,1.1619784e-06,0.25,1.0,68.58394,0.0,0.0,0.0,-2.4260664999999998e-23,-2.964993e-06,0.005004883,-400.25253,65.71962,55.184006,0.0,0.9,0.0,-3.1085979e-25,0.0,75.98926,65.32889,65.13614,66.36293,70.10251
2018-01-01 20:05:00,-2.0725299e-26,0.0,65.71962,357730.44,0.75,0.0,29.930012,0.0,0.25,1.0,68.581406,0.0,0.0,0.0,-4.944767e-23,2.2179486e-06,0.005004883,-400.25253,65.71962,55.184006,0.0,0.9,0.0,-3.3225827e-24,0.0,75.98888,65.32741,65.134705,66.36067,70.09537
2018-01-01 20:06:00,-1.4818134e-26,0.0,65.71962,357730.44,0.75,0.0,29.911993,-1.1619784e-06,0.25,1.0,68.57887,0.0,0.0,0.0,-7.503126999999999e-24,1.4436545e-06,0.005004883,-400.25253,65.71962,55.184006,0.0,0.9,0.0,-8.201599e-26,0.0,75.98849,65.32593,65.13333,66.35837,70.08823
2018-01-01 20:07:00,8.948572500000001e-26,0.0,65.71962,357730.44,0.75,0.0,29.894032,-1.1619784e-06,0.25,1.0,68.57633,0.0,0.0,0.0,-1.5955415e-23,3.941995e-06,0.005004883,-400.25253,65.71962,55.184006,0.0,0.9,0.0,-2.0535257e-26,0.0,75.9881,65.32445,65.13191,66.35611,70.081085
2018-01-01 20:08:00,1.3731042e-25,0.0,65.71962,357730.44,0.75,0.0,29.876013,0.0,0.25,1.0,68.57384,0.0,0.0,0.0,-2.0435753e-23,4.9292075e-06,0.005004883,-400.25253,65.71962,55.184006,0.0,0.9,0.0,-9.516262e-25,0.0,75.98772,65.32301,65.13054,66.35391,70.074
2018-01-01 20:09:00,8.6087035e-26,0.0,65.71962,357730.44,0.75,0.0,29.857996,-1.1619784e-06,0.25,1.0,68.57135,0.0,0.0,0.0,-6.826757e-24,-4.0942764e-06,0.005004883,-400.25253,65.71962,55.184006,0.0,0.9,0.0,-3.130182e-24,0.0,75.987335,65.32159,65.129166,66.35167,70.06697
2018-01-01 20:10:00,2.8904486e-26,0.0,65.71962,357730.44,0.75,0.0,29.840033,1.1619784e-06,0.25,1.0,68.56886,0.0,0.0,0.0,-1.6503674e-23,-1.1768838e-07,0.005004883,-400.25253,65.71962,55.184006,0.0,0.9,0.0,-3.2896744e-24,0.0,75.98695,65.3201,65.12784,66.34947,70.05994
2018-01-01 20:11:00,5.347618e-27,0.0,65.71962,357730.44,0.75,0.0,29.822016,-1.1619784e-06,0.25,1.0,68.56637,0.0,0.0,0.0,-9.685783e-24,-7.083156e-06,0.005004883,-400.25253,65.71962,55.184006,0.0,0.9,0.0,-6.576002999999999e-26,0.0,75.986565,65.31868,65.126465,66.34721,70.0529
2018-01-01 20:12:00,1.0779347e-25,0.0,65.71962,357730.44,0.75,0.0,29.803997,-1.1619784e-06,0.25,1.0,68.5639,0.0,0.0,0.0,-1.5198391e-23,-1.9213992e-07,0.005004883,-400.25253,65.71962,55.184006,0.0,0.9,0.0,-7.529412e-25,0.0,75.986176,65.317245,65.12515,66.34502,70.04593
2018-01-01 20:13:00,1.586815e-25,0.0,65.71962,357730.44,0.75,0.0,29.786036,-1.1619784e-06,0.25,1.0,68.56146,0.0,0.0,0.0,-2.2173456e-24,5.222873e-06,0.005004883,-400.25253,65.71962,55.184006,0.0,0.9,0.0,-1.0683092e-24,0.0,75.985794,65.31582,65.12383,66.34288,70.039
2018-01-01 20:14:00,2.1624162000000002e-27,0.0,65.71962,357730.44,0.75,0.0,29.768017,0.0,0.25,1.0,68.55904,0.0,0.0,0.0,-1.3512501e-23,8.507747e-06,0.005004883,-400.25253,65.71962,55.184006,0.0,0.9,0.0,-3.8544694e-24,0.0,75.98541,65.314445,65.12251,66.34068,70.03209
2018-01-01 20:15:00,-1.9778403999999998e-25,0.0,65.71962,357730.44,0.75,0.0,29.75,-1.1619784e-06,0.25,1.0,68.556595,0.0,0.0,0.0,-8.3611225e-24,1.2622356e-06,0.005004883,-400.25253,65.71962,55.184006,0.0,0.9,0.0,-1.5707223999999999e-25,0.0,75.98503,65.31302,65.1212,66.33853,70.02516
2018-01-01 20:16:00,-2.2354008e-26,0.0,65.71962,357730.44,0.75,0.0,29.732037,-1.1619784e-06,0.25,1.0,68.554184,0.0,0.0,0.0,-1.7471244999999998e-23,-5.427383e-06,0.005004883,-400.25253,65.71962,55.184006,0.0,0.9,0.0,-3.0708294e-25,0.0,75.98464,65.311584,65.119934,66.336395,70.01836
2018-01-01 20:17:00,-2.2828835e-26,0.0,65.71962,357730.44,0.75,0.0,29.71402,-2.3239568e-06,0.25,1.0,68.55177,0.0,0.0,0.0,-5.7451825e-23,1.570457e-08,0.005004883,-400.25253,65.71962,55.184006,0.0,0.9,0.0,-2.6794154e-25,0.0,75.98425,65.31021,65.11867,66.33425,70.01149
2018-01-01 20:18:00,1.5598295e-25,0.0,65.71962,357730.44,0.75,0.0,29.696003,1.1619784e-06,0.25,1.0,68.5494,0.0,0.0,0.0,-1.2568583e-23,-6.766155e-06,0.005004883,-400.25253,65.71962,55.184006,0.0,0.9,0.0,-8.185494e-25,0.0,75.98387,65.30884,65.1174,66.33217,70.00473
2018-01-01 20:19:00,-1.4316859e-25,0.0,65.71962,357730.44,0.75,0.0,29.677984,1.1619784e-06,0.25,1.0,68.54701,0.0,0.0,0.0,-1.5733277e-23,-6.0011047e-07,0.005004883,-400.25253,65.71962,55.184006,0.0,0.9,0.0,-2.201807e-25,0.0,75.98349,65.307465,65.11614,66.33002,69.99792
2018-01-01 20:20:00,1.0451243e-25,0.0,65.71962,357730.44,0.75,0.0,29.660023,1.1619784e-06,0.25,1.0,68.54465,0.0,0.0,0.0,-1.0677884e-23,2.6045775e-06,0.005004883,-400.25253,65.71962,55.184006,0.0,0.9,0.0,-5.0941857e-25,0.0,75.98311,65.30609,65.11488,66.327934,69.99121
2018-01-01 20:21:00,-1.4440339000000002e-26,0.0,65.71962,357730.44,0.75,0.0,29.642004,-1.1619784e-06,0.25,1.0,68.54229,0.0,0.0,0.0,-1.2656759e-23,4.2283345e-06,0.005004883,-400.25253,65.71962,55.184006,0.0,0.9,0.0,-2.8333438e-25,0.0,75.98272,65.30472,65.11367,66.32585,69.98446
2018-01-01 20:22:00,-1.3705204e-26,0.0,65.71962,357730.44,0.75,0.0,29.623987,1.1619784e-06,0.25,1.0,68.53996,0.0,0.0,0.0,-1.0922427e-23,6.2351234e-07,0.005004883,-400.25253,65.71962,55.184006,0.0,0.9,0.0,-7.38101e-29,0.0,75.98233,65.303406,65.11246,66.323814,69.97781
2018-01-01 20:23:00,-4.427739e-27,0.0,65.71962,357730.44,0.75,0.0,29.606024,3.4859352e-06,0.25,1.0,68.53763,0.0,0.0,0.0,-5.2597254000000005e-24,-1.0665239e-06,0.005004883,-400.25253,65.71962,55.184006,0.0,0.9,0.0,-3.1894892e-27,0.0,75.98195,65.30203,65.11125,66.32173,69.97116
2018-01-01 20:24:00,-1.6615988000000002e-26,0.0,65.71962,357730.44,0.75,0.0,29.588007,1.1619784e-06,0.25,1.0,68.53534,0.0,0.0,0.0,-2.1012930000000002e-23,3.6276438e-06,0.005004883,-400.25253,65.71962,55.184006,0.0,0.9,0.0,-1.8972474999999998e-25,0.0,75.98157,65.30071,65.110214,66.319695,69.96452
2018-01-01 20:25:00,3.9802083e-25,0.0,65.71962,357730.44,0.75,0.0,29.569988,-3.4859352e-06,0.25,1.0,68.533066,0.0,0.0,0.0,-1.6466522e-23,1.2393057e-05,0.005004883,-400.25253,65.71962,55.184006,0.0,0.9,0.0,-4.6304742e-26,0.0,75.981186,65.29939,65.10916,66.31766,69.95793
2018-01-01 20:26:00,-1.9176411999999998e-25,0.0,65.71962,357730.44,0.75,0.0,29.552027,-1.1619784e-06,0.25,1.0,68.530815,0.0,0.0,0.0,-1.5732332999999998e-23,4.239308e-06,0.005004883,-400.25253,65.71962,55.184006,0.0,0.9,0.0,-1.2638679999999999e-26,0.0,75.9808,65.29808,65.10812,66.31569,69.951385
2018-01-01 20:27:00,4.244073e-27,0.0,65.71962,357730.44,0.75,0.0,29.534008,0.0,0.25,1.0,68.528564,0.0,0.0,0.0,-1.1320165999999999e-23,-6.857513e-06,0.005004883,-400.25253,65.71962,55.184006,0.0,0.9,0.0,-3.3257753e-24,0.0,75.98047,65.29675,65.10708,66.31365,69.944855
2018-01-01 20:28:00,-5.570005999999999e-26,0.0,65.71962,357730.44,0.75,0.0,29.515991,0.0,0.25,1.0,68.52634,0.0,0.0,0.0,-1.2602166999999999e-23,-1.8386379e-06,0.005004883,-400.25253,65.71962,55.184006,0.0,0.9,0.0,-3.4290519999999996e-26,0.0,75.98009,65.295494,65.106094,66.311676,69.93832
2018-01-01 20:29:00,6.953259e-26,0.0,65.71962,357730.44,0.75,0.0,29.498028,-1.1619784e-06,0.25,1.0,68.524124,0.0,0.0,0.0,-1.1965932e-23,-2.1595667e-06,0.005004883,-400.25253,65.71962,55.184006,0.0,0.9,0.0,-8.920072e-25,0.0,75.9797,65.294235,65.1051,66.30969,69.931885
2018-01-01 20:30:00,5.5522656e-26,0.0,65.71962,357730.44,0.75,0.0,29.480011,0.0,0.25,1.0,68.52191,0.0,0.0,0.0,-1.5457583e-23,1.881053e-06,0.005004883,-400.25253,65.71962,55.184006,0.0,0.9,0.0,-1.2963523e-24,0.0,75.97931,65.29291,65.10417,66.30777,69.92541
2018-01-01 20:31:00,3.5396777000000004e-26,0.0,65.71962,357730.44,0.75,0.0,29.461994,1.1619784e-06,0.25,1.0,68.51973,0.0,0.0,0.0,-2.6191908e-24,2.3253529e-06,0.005004883,-400.25253,65.71962,55.184006,0.0,0.9,0.0,-1.3893693e-24,0.0,75.97893,65.29165,65.10323,66.3058,69.91904
2018-01-01 20:32:00,2.4982172e-25,0.0,65.71962,357730.44,0.75,0.0,29.44403,1.1619784e-06,0.25,1.0,68.517525,0.0,0.0,0.0,-5.569254e-23,-5.8454157e-07,0.005004883,-400.25253,65.71962,55.184006,0.0,0.9,0.0,-2.9151432999999998e-25,0.0,75.9786,65.29039,65.102295,66.30388,69.912445
2018-01-01 20:33:00,3.4563247e-26,0.0,65.71962,357730.44,0.75,0.0,29.426014,-3.4859352e-06,0.25,1.0,68.51534,0.0,0.0,0.0,-3.6752330000000005e-23,7.3576174e-08,0.005004883,-400.25253,65.71962,55.184006,0.0,0.9,0.0,-8.250944000000001e-28,0.0,75.97821,65.28918,65.101425,66.301956,69.90596
2018-01-01 20:34:00,2.0127023e-26,0.0,65.71962,357730.44,0.75,0.0,29.407995,1.1619784e-06,0.25,1.0,68.51317,0.0,0.0,0.0,-1.514126e-23,3.6775432e-06,0.005004883,-400.25253,65.71962,55.184006,0.0,0.9,0.0,-1.08776554e-26,0.0,75.97783,65.28792,65.10054,66.30008,69.899475
2018-01-01 20:35:00,-5.51956e-26,0.0,65.71962,357730.44,0.75,0.0,29.390034,-1.1619784e-06,0.25,1.0,68.51101,0.0,0.0,0.0,-6.490643e-25,-5.142987e-06,0.005004883,-400.25253,65.71962,55.184006,0.0,0.9,0.0,-4.5288622000000005e-26,0.0,75.97745,65.286705,65.09966,66.29822,69.893
2018-01-01 20:36:00,9.677506500000001e-26,0.0,65.71962,357730.44,0.75,0.0,29.372015,1.1619784e-06,0.25,1.0,68.508865,0.0,0.0,0.0,-3.5764256e-24,2.1052165e-06,0.005004883,-400.25253,65.71962,55.184006,0.0,0.9,0.0,-9.032458e-25,0.0,75.97711,65.28549,65.09884,66.296295,69.886566
2018-01-01 20:37:00,7.0637145e-26,0.0,65.71962,357730.44,0.75,0.0,29.353998,-1.1619784e-06,0.25,1.0,68.50673,0.0,0.0,0.0,-1.8115714e-23,4.3979385e-06,0.005004883,-400.25253,65.71962,55.184006,0.0,0.9,0.0,-2.6833985e-26,0.0,75.97673,65.28429,65.098015,66.29448,69.88014
2018-01-01 20:38:00,1.5028831e-26,0.0,65.71962,357730.44,0.75,0.0,29.336035,0.0,0.25,1.0,68.5046,0.0,0.0,0.0,-2.3488472000000002e-24,-5.9342665e-06,0.005004883,-400.25253,65.71962,55.184006,0.0,0.9,0.0,-5.1231487e-25,0.0,75.97635,65.28308,65.09719,66.29262,69.87377
2018-01-01 20:39:00,3.7763129999999996e-26,0.0,65.71962,357730.44,0.75,0.0,29.318018,1.1619784e-06,0.25,1.0,68.502495,0.0,0.0,0.0,-1.8295737e-23,-1.6970893e-06,0.005004883,-400.25253,65.71962,55.184006,0.0,0.9,0.0,-1.6408176e-28,0.0,75.97601,65.28192,65.09642,66.29074,69.8674
2018-01-01 20:40:00,-3.7192157e-26,0.0,65.71962,357730.44,0.75,0.0,29.3,0.0,0.25,1.0,68.50041,0.0,0.0,0.0,-2.6804135e-24,-7.2577877e-06,0.005004883,-400.25253,65.71962,55.184006,0.0,0.9,0.0,-4.0783683e-24,0.0,75.97563,65.28078,65.09566,66.28893,69.861084
2018-01-01 20:41:00,-1.0268142999999999e-25,0.0,65.71962,357730.44,0.75,0.0,29.282038,-3.4859352e-06,0.25,1.0,68.49834,0.0,0.0,0.0,-3.3212177e-23,2.158098e-06,0.005004883,-400.25253,65.71962,55.184006,0.0,0.9,0.0,-1.4999339999999999e-24,0.0,75.97525,65.27962,65.09488,66.287125,69.85482
2018-01-01 20:42:00,-7.578730000000001e-26,0.0,65.71962,357730.44,0.75,0.0,29.264019,1.1619784e-06,0.25,1.0,68.49629,0.0,0.0,0.0,-7.495594e-24,-4.13386e-06,0.005004883,-400.25253,65.71962,55.184006,0.0,0.9,0.0,-1.4202229e-24,0.0,75.974915,65.278465,65.09417,66.28536,69.8485
2018-01-01 20:43:00,-1.4252064e-25,0.0,65.71962,357730.44,0.75,0.0,29.246002,0.0,0.25,1.0,68.494225,0.0,0.0,0.0,-5.612254000000001e-23,-5.6495437e-06,0.005004883,-400.25253,65.71962,55.184006,0.0,0.9,0.0,-2.3933522000000003e-28,0.0,75.97453,65.27731,65.09346,66.283554,69.8423
2018-01-01 20:44:00,6.4022717e-28,0.0,65.71962,357730.44,0.75,0.0,29.227985,-2.3239568e-06,0.25,1.0,68.49221,0.0,0.0,0.0,-8.399527e-24,1.2300402e-05,0.005004883,-400.25253,65.71962,55.184006,0.0,0.9,0.0,-3.7789106000000003e-26,0.0,75.974205,65.276215,65.09274,66.28179,69.83609
2018-01-01 20:45:00,2.6052762e-25,0.0,65.71962,357730.44,0.75,0.0,29.210022,0.0,0.25,1.0,68.49017,0.0,0.0,0.0,-2.5000135e-23,2.1779842e-07,0.005004883,-400.25253,65.71962,55.184006,0.0,0.9,0.0,-2.0617706000000002e-26,0.0,75.973816,65.275116,65.092026,66.28003,69.82988
2018-01-01 20:46:00,4.0418583e-26,0.0,65.71962,357730.44,0.75,0.0,29.192005,0.0,0.25,1.0,68.488174,0.0,0.0,0.0,-2.9620695e-23,-1.5946257e-06,0.005004883,-400.25253,65.71962,55.184006,0.0,0.9,0.0,-3.602774e-24,0.0,75.973495,65.27402,65.09137,66.278275,69.82373
2018-01-01 20:47:00,3.8367412e-26,0.0,65.71962,357730.44,0.75,0.0,29.173986,1.1619784e-06,0.25,1.0,68.48617,0.0,0.0,0.0,-8.614383e-24,3.2378284e-07,0.005004883,-400.25253,65.71962,55.184006,0.0,0.9,0.0,-6.627520600000001e-26,0.0,75.97311,65.27292,65.09071,66.27652,69.81758
2018-01-01 20:48:00,6.6255454e-26,0.0,65.71962,357730.44,0.75,0.0,29.156025,-1.1619784e-06,0.25,1.0,68.48421,0.0,0.0,0.0,-1.3150893e-23,2.2771453e-06,0.005004883,-400.25253,65.71962,55.184006,0.0,0.9,0.0,-6.0575135e-25,0.0,75.97278,65.27187,65.0901,66.27481,69.81148
2018-01-01 20:49:00,1.1076167e-25,0.0,65.71962,357730.44,0.75,0.0,29.138006,1.1619784e-06,0.25,1.0,68.48223,0.0,0.0,0.0,-1.4745164e-23,-1.4065481e-05,0.005004883,-400.25253,65.71962,55.184006,0.0,0.9,0.0,-2.1920299000000002e-24,0.0,75.9724,65.27083,65.08945,66.27312,69.80538
2018-01-01 20:50:00,1.8401040999999999e-25,0.0,65.71962,357730.44,0.75,0.0,29.11999,0.0,0.25,1.0,68.48028,0.0,0.0,0.0,-9.602018e-24,1.965434e-06,0.005004883,-400.25253,65.71962,55.184006,0.0,0.9,0.0,-5.4299106e-25,0.0,75.97206,65.26979,65.08884,66.271355,69.79934
2018-01-01 20:51:00,6.1388763000000005e-27,0.0,65.71962,357730.44,0.75,0.0,29.102026,3.4859352e-06,0.25,1.0,68.47835,0.0,0.0,0.0,-1.6375568e-23,5.697289e-06,0.005004883,-400.25253,65.71962,55.184006,0.0,0.9,0.0,-4.1272198e-26,0.0,75.97168,65.26874,65.08824,66.26971,69.79335
2018-01-01 20:52:00,-2.4323247e-27,0.0,65.71962,357730.44,0.75,0.0,29.08401,1.1619784e-06,0.25,1.0,68.4764,0.0,0.0,0.0,-3.1932828e-23,-1.2175415e-06,0.005004883,-400.25253,65.71962,55.184006,0.0,0.9,0.0,-1.845311e-27,0.0,75.971344,65.2677,65.08763,66.268005,69.78737
2018-01-01 20:53:00,6.87737e-26,0.0,65.71962,357730.44,0.75,0.0,29.06599,-1.1619784e-06,0.25,1.0,68.47449,0.0,0.0,0.0,-7.379684e-24,-7.084941e-06,0.005004883,-400.25253,65.71962,55.184006,0.0,0.9,0.0,-1.1385314999999999e-25,0.0,75.97096,65.26671,65.08708,66.2663,69.78137
2018-01-01 20:54:00,2.3241118000000002e-26,0.0,65.71962,357730.44,0.75,0.0,29.048029,-1.1619784e-06,0.25,1.0,68.47258,0.0,0.0,0.0,-2.4528832e-23,1.7594317e-06,0.005004883,-400.25253,65.71962,55.184006,0.0,0.9,0.0,-2.2448283e-24,0.0,75.970634,65.26572,65.08648,66.2646,69.775444
2018-01-01 20:55:00,-1.7009103e-25,0.0,65.71962,357730.44,0.75,0.0,29.03001,-1.1619784e-06,0.25,1.0,68.47068,0.0,0.0,0.0,-1.8360682e-23,-1.1156186e-06,0.005004883,-400.25253,65.71962,55.184006,0.0,0.9,0.0,-5.0351667e-27,0.0,75.970245,65.26473,65.08593,66.262955,69.769516
2018-01-01 20:56:00,2.0459305000000002e-26,0.0,65.71962,357730.44,0.75,0.0,29.011993,-1.1619784e-06,0.25,1.0,68.4688,0.0,0.0,0.0,-6.628019e-24,-8.0250504e-07,0.005004883,-400.25253,65.71962,55.184006,0.0,0.9,0.0,-9.179196999999999e-26,0.0,75.969925,65.263794,65.08538,66.26131,69.76363
2018-01-01 20:57:00,5.683757999999999e-26,0.0,65.71962,357730.44,0.75,0.0,28.99403,-1.1619784e-06,0.25,1.0,68.466934,0.0,0.0,0.0,-4.0774603e-24,-7.0087876e-06,0.005004883,-400.25253,65.71962,55.184006,0.0,0.9,0.0,-2.235849e-24,0.0,75.96959,65.26281,65.08483,66.2596,69.75781
2018-01-01 20:58:00,7.121038999999999e-26,0.0,65.71962,357730.44,0.75,0.0,28.976013,1.1619784e-06,0.25,1.0,68.46506,0.0,0.0,0.0,-3.45124e-24,-1.1998149e-05,0.005004883,-400.25253,65.71962,55.184006,0.0,0.9,0.0,-1.3329752e-23,0.0,75.96921,65.26193,65.08423,66.25795,69.75198
2018-01-01 20:59:00,-4.648393e-25,0.0,65.71962,357730.44,0.75,0.0,28.957996,0.0,0.25,1.0,68.46321,0.0,0.0,0.0,-5.350725000000001e-23,-6.25494e-06,0.005004883,-400.25253,65.71962,55.184006,0.0,0.9,0.0,-2.3515946e-25,0.0,75.96887,65.261,65.08368,66.2563,69.74617
2018-01-01 21:00:00,3.8986338e-26,0.0,65.71962,357730.44,0.75,0.0,28.940033,-1.1619784e-06,0.25,1.0,68.46138,0.0,0.0,0.0,-8.5070937e-23,-3.0786222e-07,0.005004883,-400.25253,65.71962,55.184006,0.0,0.9,0.0,-2.9922477e-26,0.0,75.96855,65.26012,65.08313,66.254654,69.7404
2018-01-01 21:01:00,-3.4483e-26,0.0,65.71962,357730.44,0.75,0.0,28.957996,-1.1619784e-06,0.25,1.0,68.45951,0.0,0.0,0.0,-1.8076556000000002e-24,2.8918516e-06,0.005004883,-400.25253,65.71962,55.184006,0.0,0.9,0.0,-1.7763323e-24,0.0,75.96816,65.259186,65.08258,66.25295,69.734634
2018-01-01 21:02:00,1.9898351999999998e-25,0.0,65.71962,357730.44,0.75,0.0,28.976013,-1.1619784e-06,0.25,1.0,68.45766,0.0,0.0,0.0,-3.903468e-24,1.2704684e-06,0.005004883,-400.25253,65.71962,55.184006,0.0,0.9,0.0,-8.162064600000001e-26,0.0,75.967834,65.258255,65.08203,66.251305,69.72887
2018-01-01 21:03:00,6.115081e-26,0.0,65.71962,357730.44,0.75,0.0,28.99403,-1.1619784e-06,0.25,1.0,68.455826,0.0,0.0,0.0,-1.4693151e-23,-1.4432917e-05,0.005004883,-400.25253,65.71962,55.184006,0.0,0.9,0.0,-2.1532343e-24,0.0,75.9675,65.25737,65.08148,66.24966,69.7231
2018-01-01 21:04:00,-5.605512499999999e-25,0.0,65.71962,357730.44,0.75,0.0,29.011993,-1.1619784e-06,0.25,1.0,68.45398,0.0,0.0,0.0,-6.780097400000001e-26,5.9783133e-06,0.005004883,-400.25253,65.71962,55.184006,0.0,0.9,0.0,-1.7818273e-24,0.0,75.96718,65.25644,65.08093,66.24801,69.71733
2018-01-01 21:05:00,1.5809496e-25,0.0,65.71962,357730.44,0.75,0.0,29.03001,1.1619784e-06,0.25,1.0,68.45211,0.0,0.0,0.0,-6.178132e-26,2.7368967e-06,0.005004883,-400.25253,65.71962,55.184006,0.0,0.9,0.0,-3.7987508e-26,0.0,75.96679,65.25551,65.08038,66.24636,69.7115
2018-01-01 21:06:00,4.5297660000000006e-27,0.0,65.71962,357730.44,0.75,0.0,29.048029,-1.1619784e-06,0.25,1.0,68.45027,0.0,0.0,0.0,-2.6691687e-24,2.5371448e-06,0.005004883,-400.25253,65.71962,55.184006,0.0,0.9,0.0,-1.154998e-25,0.0,75.96646,65.25457,65.079834,66.24471,69.705734
2018-01-01 21:07:00,3.050073e-26,0.0,65.71962,357730.44,0.75,0.0,29.06599,-1.1619784e-06,0.25,1.0,68.448395,0.0,0.0,0.0,-9.423219600000001e-26,-5.6796e-06,0.005004883,-400.25253,65.71962,55.184006,0.0,0.9,0.0,-2.190472e-24,0.0,75.966125,65.253586,65.079285,66.243065,69.69991
2018-01-01 21:08:00,6.122881e-26,0.0,65.71962,357730.44,0.75,0.0,29.08401,-1.1619784e-06,0.25,1.0,68.446526,0.0,0.0,0.0,-3.959823e-24,3.8689336e-06,0.005004883,-400.25253,65.71962,55.184006,0.0,0.9,0.0,-7.075229999999999e-25,0.0,75.965805,65.252594,65.078735,66.24142,69.69409
2018-01-01 21:09:00,7.4949405e-27,0.0,65.71962,357730.44,0.75,0.0,29.102026,-1.1619784e-06,0.25,1.0,68.44463,0.0,0.0,0.0,-1.4890657e-23,1.0387179e-06,0.005004883,-400.25253,65.71962,55.184006,0.0,0.9,0.0,-2.4838692000000002e-26,0.0,75.96547,65.2516,65.078125,66.239716,69.68826
2018-01-01 21:10:00,-1.1703108e-25,0.0,65.71962,357730.44,0.75,0.0,29.11999,-1.1619784e-06,0.25,1.0,68.442764,0.0,0.0,0.0,-1.9005207e-24,-3.7324997e-07,0.005004883,-400.25253,65.71962,55.184006,0.0,0.9,0.0,-2.7023979999999997e-26,0.0,75.96509,65.25061,65.077576,66.23807,69.68245
2018-01-01 21:11:00,-3.247012e-26,0.0,65.71962,357730.44,0.75,0.0,29.138006,-1.1619784e-06,0.25,1.0,68.44087,0.0,0.0,0.0,-3.404746e-24,3.001641e-06,0.005004883,-400.25253,65.71962,55.184006,0.0,0.9,0.0,-2.5540598e-24,0.0,75.96475,65.249626,65.07698,66.23636,69.67662
2018-01-01 21:12:00,-1.6323781999999998e-25,0.0,65.71962,357730.44,0.75,0.0,29.156025,1.1619784e-06,0.25,1.0,68.43897,0.0,0.0,0.0,-8.759531e-24,3.6500899e-06,0.005004883,-400.25253,65.71962,55.184006,0.0,0.9,0.0,-7.750903e-25,0.0,75.96443,65.24858,65.07637,66.23471,69.670746
2018-01-01 21:13:00,-3.9214997999999998e-25,0.0,65.71962,357730.44,0.75,0.0,29.173986,3.4859352e-06,0.25,1.0,68.43706,0.0,0.0,0.0,-6.0127874000000005e-24,-3.0370095e-06,0.005004883,-400.25253,65.71962,55.184006,0.0,0.9,0.0,-4.5831499999999996e-27,0.0,75.964096,65.24754,65.07577,66.23302,69.66487
2018-01-01 21:14:00,-3.0094017000000003e-26,0.0,65.71962,357730.44,0.75,0.0,29.192005,-2.3239568e-06,0.25,1.0,68.435135,0.0,0.0,0.0,-1.19271335e-23,1.2949166e-06,0.005004883,-400.25253,65.71962,55.184006,0.0,0.9,0.0,-3.8819096e-24,0.0,75.96377,65.24649,65.0751,66.23131,69.65899
2018-01-01 21:15:00,4.315491e-28,0.0,65.71962,357730.44,0.75,0.0,29.210022,0.0,0.25,1.0,68.43322,0.0,0.0,0.0,-2.856872e-23,7.839407e-06,0.005004883,-400.25253,65.71962,55.184006,0.0,0.9,0.0,-1.3513047e-24,0.0,75.96344,65.24545,65.07451,66.22961,69.65311
2018-01-01 21:16:00,-2.9727571999999997e-25,0.0,65.71962,357730.44,0.75,0.0,29.227985,0.0,0.25,1.0,68.431274,0.0,0.0,0.0,-1.2982423500000001e-23,2.1827297e-07,0.005004883,-400.25253,65.71962,55.184006,0.0,0.9,0.0,-1.6406344e-24,0.0,75.96306,65.244354,65.073845,66.227905,69.64723
2018-01-01 21:17:00,-6.91915e-27,0.0,65.71962,357730.44,0.75,0.0,29.246002,1.1619784e-06,0.25,1.0,68.42934,0.0,0.0,0.0,-8.848295e-24,7.2434837e-06,0.005004883,-400.25253,65.71962,55.184006,0.0,0.9,0.0,-1.6626456e-24,0.0,75.96272,65.24331,65.07318,66.2262,69.6413
2018-01-01 21:18:00,-1.3591526000000002e-26,0.0,65.71962,357730.44,0.75,0.0,29.264019,0.0,0.25,1.0,68.42741,0.0,0.0,0.0,-1.2478908e-23,1.6089148e-06,0.005004883,-400.25253,65.71962,55.184006,0.0,0.9,0.0,-2.526835e-24,0.0,75.962395,65.24221,65.072525,66.2245,69.63537
2018-01-01 21:19:00,2.955114e-26,0.0,65.71962,357730.44,0.75,0.0,29.282038,-1.1619784e-06,0.25,1.0,68.42544,0.0,0.0,0.0,-5.8874927e-26,-4.9629243e-06,0.005004883,-400.25253,65.71962,55.184006,0.0,0.9,0.0,-2.0562058000000002e-24,0.0,75.96207,65.24111,65.07181,66.22274,69.62944
2018-01-01 21:20:00,1.6709691999999998e-25,0.0,65.71962,357730.44,0.75,0.0,29.3,1.1619784e-06,0.25,1.0,68.42347,0.0,0.0,0.0,-1.1845121e-23,-4.4918243e-06,0.005004883,-400.25253,65.71962,55.184006,0.0,0.9,0.0,-1.1974565e-25,0.0,75.96173,65.24001,65.0711,66.22098,69.623505
2018-01-01 21:21:00,-9.374522e-26,0.0,65.71962,357730.44,0.75,0.0,29.318018,-3.4859352e-06,0.25,1.0,68.421486,0.0,0.0,0.0,-6.1278108e-24,2.7130404e-06,0.005004883,-400.25253,65.71962,55.184006,0.0,0.9,0.0,-2.139617e-24,0.0,75.96141,65.23886,65.07039,66.21922,69.61757
2018-01-01 21:22:00,-3.696763e-26,0.0,65.71962,357730.44,0.75,0.0,29.336035,1.1619784e-06,0.25,1.0,68.41951,0.0,0.0,0.0,-4.1593597e-23,-3.6217248e-06,0.005004883,-400.25253,65.71962,55.184006,0.0,0.9,0.0,-3.1705270000000002e-25,0.0,75.961075,65.23776,65.06967,66.21747,69.61159
2018-01-01 21:23:00,1.5280438e-25,0.0,65.71962,357730.44,0.75,0.0,29.353998,-1.1619784e-06,0.25,1.0,68.41753,0.0,0.0,0.0,-4.8243543e-25,2.818157e-07,0.005004883,-400.25253,65.71962,55.184006,0.0,0.9,0.0,-9.5861835e-26,0.0,75.96075,65.2366,65.0689,66.21571,69.60565
2018-01-01 21:24:00,8.642510000000001e-26,0.0,65.71962,357730.44,0.75,0.0,29.372015,1.1619784e-06,0.25,1.0,68.41551,0.0,0.0,0.0,-7.242173e-24,-6.701847e-07,0.005004883,-400.25253,65.71962,55.184006,0.0,0.9,0.0,-4.2159705e-24,0.0,75.96042,65.23546,65.06813,66.2139,69.59966
2018-01-01 21:25:00,-3.0771837e-26,0.0,65.71962,357730.44,0.75,0.0,29.390034,1.1619784e-06,0.25,1.0,68.41349,0.0,0.0,0.0,-1.0568439e-23,5.7649027e-06,0.005004883,-400.25253,65.71962,55.184006,0.0,0.9,0.0,-1.0620304e-25,0.0,75.96004,65.234245,65.06737,66.21214,69.59367
2018-01-01 21:26:00,-1.2699681400000001e-26,0.0,65.71962,357730.44,0.75,0.0,29.407995,1.1619784e-06,0.25,1.0,68.411476,0.0,0.0,0.0,-4.3603826e-23,3.0225333e-06,0.005004883,-400.25253,65.71962,55.184006,0.0,0.9,0.0,-9.346914e-25,0.0,75.9597,65.23309,65.06654,66.21033,69.58769
2018-01-01 21:27:00,8.256930999999999e-26,0.0,65.71962,357730.44,0.75,0.0,29.426014,0.0,0.25,1.0,68.409424,0.0,0.0,0.0,-4.2145613e-23,1.5590321e-06,0.005004883,-400.25253,65.71962,55.184006,0.0,0.9,0.0,-6.2436185999999995e-25,0.0,75.95937,65.23189,65.06572,66.20851,69.58165
2018-01-01 21:28:00,-2.6166655e-26,0.0,65.71962,357730.44,0.75,0.0,29.44403,-1.1619784e-06,0.25,1.0,68.407394,0.0,0.0,0.0,-9.684654999999999e-24,-1.5847161e-05,0.005004883,-400.25253,65.71962,55.184006,0.0,0.9,0.0,-2.3843504e-24,0.0,75.959045,65.23073,65.064896,66.20665,69.57565
2018-01-01 21:29:00,-6.140457e-25,0.0,65.71962,357730.44,0.75,0.0,29.461994,1.1619784e-06,0.25,1.0,68.40534,0.0,0.0,0.0,-8.7130255e-24,-1.605979e-06,0.005004883,-400.25253,65.71962,55.184006,0.0,0.9,0.0,-1.3468388000000001e-24,0.0,75.95871,65.22952,65.06401,66.204834,69.56961
2018-01-01 21:30:00,-1.5864148e-26,0.0,65.71962,357730.44,0.75,0.0,29.480011,1.1619784e-06,0.25,1.0,68.403275,0.0,0.0,0.0,-1.00495144e-23,-1.9258703e-06,0.005004883,-400.25253,65.71962,55.184006,0.0,0.9,0.0,-1.5005356999999998e-25,0.0,75.95839,65.22832,65.06313,66.202965,69.56357
2018-01-01 21:31:00,-1.4550313e-26,0.0,65.71962,357730.44,0.75,0.0,29.498028,1.1619784e-06,0.25,1.0,68.40122,0.0,0.0,0.0,-1.8387397e-24,2.9991766e-06,0.005004883,-400.25253,65.71962,55.184006,0.0,0.9,0.0,-2.5259075e-25,0.0,75.958,65.22705,65.062256,66.201096,69.55769
2018-01-01 21:32:00,-2.6652655e-26,0.0,65.71962,357730.44,0.75,0.0,29.515991,-1.1619784e-06,0.25,1.0,68.39917,0.0,0.0,0.0,-1.950665e-24,3.437892e-07,0.005004883,-400.25253,65.71962,55.184006,0.0,0.9,0.0,-8.178281e-25,0.0,75.95767,65.225845,65.061325,66.199234,69.55176
2018-01-01 21:33:00,-6.834044999999999e-26,0.0,65.71962,357730.44,0.75,0.0,29.534008,-1.1619784e-06,0.25,1.0,68.39711,0.0,0.0,0.0,-1.1243687e-23,-6.116274e-06,0.005004883,-400.25253,65.71962,55.184006,0.0,0.9,0.0,-4.0780093e-25,0.0,75.95734,65.22458,65.06039,66.19731,69.54588
2018-01-01 21:34:00,1.0090194999999999e-25,0.0,65.71962,357730.44,0.75,0.0,29.552027,1.1619784e-06,0.25,1.0,68.395035,0.0,0.0,0.0,-1.31232155e-23,-3.6611436e-06,0.005004883,-400.25253,65.71962,55.184006,0.0,0.9,0.0,-4.1200008999999996e-25,0.0,75.957016,65.22331,65.05945,66.195435,69.53995
2018-01-01 21:35:00,1.8479488e-25,0.0,65.71962,357730.44,0.75,0.0,29.569988,-1.1619784e-06,0.25,1.0,68.39294,0.0,0.0,0.0,-5.235277e-24,1.5732298e-06,0.005004883,-400.25253,65.71962,55.184006,0.0,0.9,0.0,-1.8497457e-24,0.0,75.95663,65.222046,65.058464,66.19351,69.53402
2018-01-01 21:36:00,6.9378714e-27,0.0,65.71962,357730.44,0.75,0.0,29.588007,0.0,0.25,1.0,68.39085,0.0,0.0,0.0,-3.2388963e-23,-3.6633386e-07,0.005004883,-400.25253,65.71962,55.184006,0.0,0.9,0.0,-1.6460596000000002e-24,0.0,75.9563,65.22079,65.057526,66.19159,69.52803
2018-01-01 21:37:00,1.9371182000000002e-27,0.0,65.71962,357730.44,0.75,0.0,29.606024,0.0,0.25,1.0,68.38873,0.0,0.0,0.0,-1.0922527e-23,5.727444e-08,0.005004883,-400.25253,65.71962,55.184006,0.0,0.9,0.0,-2.241662e-24,0.0,75.95596,65.21953,65.05649,66.18967,69.52205
2018-01-01 21:38:00,-1.2501179000000001e-26,0.0,65.71962,357730.44,0.75,0.0,29.623987,1.1619784e-06,0.25,1.0,68.386635,0.0,0.0,0.0,-3.0845812e-23,-2.2199185e-07,0.005004883,-400.25253,65.71962,55.184006,0.0,0.9,0.0,-1.4180752e-24,0.0,75.95564,65.2182,65.0555,66.1877,69.51611
2018-01-01 21:39:00,1.2767599e-25,0.0,65.71962,357730.44,0.75,0.0,29.642004,-1.1619784e-06,0.25,1.0,68.38448,0.0,0.0,0.0,-7.063099e-24,-7.3297333e-06,0.005004883,-400.25253,65.71962,55.184006,0.0,0.9,0.0,-8.011792e-26,0.0,75.95525,65.21694,65.054344,66.185776,69.510124
2018-01-01 21:40:00,1.0654315e-25,0.0,65.71962,357730.44,0.75,0.0,29.660023,1.1619784e-06,0.25,1.0,68.382324,0.0,0.0,0.0,-1.0849908e-22,-2.3073908e-06,0.005004883,-400.25253,65.71962,55.184006,0.0,0.9,0.0,-7.4089385e-27,0.0,75.954926,65.21562,65.05319,66.18379,69.50408
2018-01-01 21:41:00,3.4667827e-26,0.0,65.71962,357730.44,0.75,0.0,29.677984,3.4859352e-06,0.25,1.0,68.380165,0.0,0.0,0.0,-1.0287504e-23,-2.3796936e-06,0.005004883,-400.25253,65.71962,55.184006,0.0,0.9,0.0,-3.417763e-26,0.0,75.95459,65.21431,65.05203,66.181816,69.49809
2018-01-01 21:42:00,8.1003296e-27,0.0,65.71962,357730.44,0.75,0.0,29.696003,-1.1619784e-06,0.25,1.0,68.37797,0.0,0.0,0.0,-8.8209906e-24,-3.171597e-07,0.005004883,-400.25253,65.71962,55.184006,0.0,0.9,0.0,-4.5168666e-26,0.0,75.95421,65.21298,65.05083,66.17978,69.49205
2018-01-01 21:43:00,-3.3229444e-26,0.0,65.71962,357730.44,0.75,0.0,29.71402,1.1619784e-06,0.25,1.0,68.37582,0.0,0.0,0.0,-1.9649815e-23,-5.841028e-06,0.005004883,-400.25253,65.71962,55.184006,0.0,0.9,0.0,-3.7252363e-24,0.0,75.95388,65.21167,65.049675,66.17781,69.48601
2018-01-01 21:44:00,3.65333e-26,0.0,65.71962,357730.44,0.75,0.0,29.732037,1.1619784e-06,0.25,1.0,68.37361,0.0,0.0,0.0,-1.915498e-23,4.3298555e-06,0.005004883,-400.25253,65.71962,55.184006,0.0,0.9,0.0,-1.385195e-24,0.0,75.95355,65.2103,65.04846,66.17577,69.479965
2018-01-01 21:45:00,4.9811143e-26,0.0,65.71962,357730.44,0.75,0.0,29.75,-2.3239568e-06,0.25,1.0,68.371414,0.0,0.0,0.0,-5.732808000000001e-23,4.6534096e-06,0.005004883,-400.25253,65.71962,55.184006,0.0,0.9,0.0,-4.3565953e-25,0.0,75.95317,65.20898,65.04726,66.17374,69.47392
2018-01-01 21:46:00,4.578118e-26,0.0,65.71962,357730.44,0.75,0.0,29.768017,-2.3239568e-06,0.25,1.0,68.3692,0.0,0.0,0.0,-5.0777087e-24,-5.788597e-06,0.005004883,-400.25253,65.71962,55.184006,0.0,0.9,0.0,-3.5330362e-24,0.0,75.952835,65.2076,65.04605,66.17171,69.46783
2018-01-01 21:47:00,4.535362e-25,0.0,65.71962,357730.44,0.75,0.0,29.786036,-2.3239568e-06,0.25,1.0,68.36701,0.0,0.0,0.0,-4.7982607e-24,-6.2954073e-06,0.005004883,-400.25253,65.71962,55.184006,0.0,0.9,0.0,-2.0321883000000002e-24,0.0,75.95245,65.20628,65.044846,66.16968,69.461784
2018-01-01 21:48:00,1.6914594e-26,0.0,65.71962,357730.44,0.75,0.0,29.803997,1.1619784e-06,0.25,1.0,68.36478,0.0,0.0,0.0,-1.8842244e-23,2.5386466e-06,0.005004883,-400.25253,65.71962,55.184006,0.0,0.9,0.0,-4.622152499999999e-25,0.0,75.95212,65.20491,65.04358,66.16759,69.45569
2018-01-01 21:49:00,4.6935976000000005e-26,0.0,65.71962,357730.44,0.75,0.0,29.822016,1.1619784e-06,0.25,1.0,68.36253,0.0,0.0,0.0,-9.335802e-24,-8.851273e-06,0.005004883,-400.25253,65.71962,55.184006,0.0,0.9,0.0,-3.0508635000000002e-27,0.0,75.95174,65.20354,65.04231,66.1655,69.449585
2018-01-01 21:50:00,6.1090227e-26,0.0,65.71962,357730.44,0.75,0.0,29.840033,1.1619784e-06,0.25,1.0,68.36029,0.0,0.0,0.0,-9.962563e-24,6.657202e-06,0.005004883,-400.25253,65.71962,55.184006,0.0,0.9,0.0,-9.8953954e-26,0.0,75.95141,65.20216,65.041046,66.163414,69.443436
2018-01-01 21:51:00,-4.4351727e-25,0.0,65.71962,357730.44,0.75,0.0,29.857996,1.1619784e-06,0.25,1.0,68.35805,0.0,0.0,0.0,-5.093827e-24,2.7362537e-07,0.005004883,-400.25253,65.71962,55.184006,0.0,0.9,0.0,-5.4816406e-25,0.0,75.95102,65.20074,65.03979,66.16133,69.43734
2018-01-01 21:52:00,-5.978815e-26,0.0,65.71962,357730.44,0.75,0.0,29.876013,1.1619784e-06,0.25,1.0,68.355804,0.0,0.0,0.0,-7.086566e-24,-1.3971138e-06,0.005004883,-400.25253,65.71962,55.184006,0.0,0.9,0.0,-3.068693e-26,0.0,75.9507,65.19936,65.03853,66.15924,69.43118
2018-01-01 21:53:00,9.132566e-27,0.0,65.71962,357730.44,0.75,0.0,29.894032,0.0,0.25,1.0,68.35353,0.0,0.0,0.0,-6.299376e-25,2.255356e-06,0.005004883,-400.25253,65.71962,55.184006,0.0,0.9,0.0,-9.992501e-25,0.0,75.95031,65.19794,65.0372,66.15715,69.42503
2018-01-01 21:54:00,1.0169066600000001e-25,0.0,65.71962,357730.44,0.75,0.0,29.911993,1.1619784e-06,0.25,1.0,68.35128,0.0,0.0,0.0,-2.6447576e-24,-6.955324e-06,0.005004883,-400.25253,65.71962,55.184006,0.0,0.9,0.0,-2.4758496e-24,0.0,75.94998,65.19656,65.03594,66.155014,69.418884
2018-01-01 21:55:00,4.2063774e-26,0.0,65.71962,357730.44,0.75,0.0,29.930012,0.0,0.25,1.0,68.34898,0.0,0.0,0.0,-5.164522e-24,-7.3376356e-07,0.005004883,-400.25253,65.71962,55.184006,0.0,0.9,0.0,-3.4446893e-25,0.0,75.9496,65.19513,65.03462,66.15286,69.412735
2018-01-01 21:56:00,-7.5750325e-26,0.0,65.71962,357730.44,0.75,0.0,29.948029,3.4859352e-06,0.25,1.0,68.346725,0.0,0.0,0.0,-3.3302655000000005e-24,-3.5942574e-07,0.005004883,-400.25253,65.71962,55.184006,0.0,0.9,0.0,-6.563710999999999e-26,0.0,75.949265,65.19371,65.03331,66.15073,69.40658
2018-01-01 21:57:00,-2.1592729999999998e-26,0.0,65.71962,357730.44,0.75,0.0,29.965992,-1.1619784e-06,0.25,1.0,68.34442,0.0,0.0,0.0,-9.488857e-25,-6.8812337e-06,0.005004883,-400.25253,65.71962,55.184006,0.0,0.9,0.0,-1.9395271e-24,0.0,75.94888,65.192276,65.03198,66.14858,69.400375
2018-01-01 21:58:00,-4.3783110000000006e-27,0.0,65.71962,357730.44,0.75,0.0,29.984009,-2.3239568e-06,0.25,1.0,68.3421,0.0,0.0,0.0,-5.351676e-24,4.7085687e-06,0.005004883,-400.25253,65.71962,55.184006,0.0,0.9,0.0,-1.8311414e-24,0.0,75.9485,65.19085,65.03061,66.146385,69.394165
2018-01-01 21:59:00,-1.9484599999999999e-25,0.0,65.71962,357730.44,0.75,0.0,30.002026,-1.1619784e-06,0.25,1.0,68.3398,0.0,0.0,0.0,-1.3829265000000001e-24,4.0472805e-06,0.005004883,-400.25253,65.71962,55.184006,0.0,0.9,0.0,-2.5712468e-25,0.0,75.94811,65.18942,65.0293,66.14419,69.387955
2018-01-01 22:00:00,-1.0885584e-25,0.0,65.71962,357730.44,0.75,0.0,30.019989,1.1619784e-06,0.25,1.0,68.337494,0.0,0.0,0.0,-7.124050000000001e-24,-2.5171246e-06,0.005004883,-400.25253,65.71962,55.184006,0.0,0.9,0.0,-4.642438e-25,0.0,75.947784,65.18799,65.02792,66.142044,69.381744
2018-01-01 22:01:00,4.1130317e-26,0.0,65.71962,357730.44,0.75,0.0,30.002026,0.0,0.25,1.0,68.33518,0.0,0.0,0.0,-5.2937340000000004e-23,-1.12469215e-05,0.005004883,-400.25253,65.71962,55.184006,0.0,0.9,0.0,-2.3094392e-24,0.0,75.9474,65.18651,65.0266,66.13985,69.37554
2018-01-01 22:02:00,8.170243999999999e-26,0.0,65.71962,357730.44,0.75,0.0,29.984009,0.0,0.25,1.0,68.33286,0.0,0.0,0.0,-9.531886e-24,1.6216757e-06,0.005004883,-400.25253,65.71962,55.184006,0.0,0.9,0.0,-1.4229188000000001e-24,0.0,75.947014,65.18508,65.02523,66.13765,69.36934
2018-01-01 22:03:00,3.0666798e-26,0.0,65.71962,357730.44,0.75,0.0,29.965992,3.4859352e-06,0.25,1.0,68.33051,0.0,0.0,0.0,-1.0265798e-23,-8.52693e-06,0.005004883,-400.25253,65.71962,55.184006,0.0,0.9,0.0,-2.4295424e-26,0.0,75.946625,65.18359,65.02386,66.1354,69.36307
2018-01-01 22:04:00,7.34753e-26,0.0,65.71962,357730.44,0.75,0.0,29.948029,1.1619784e-06,0.25,1.0,68.32817,0.0,0.0,0.0,-5.507349e-23,1.6651597e-08,0.005004883,-400.25253,65.71962,55.184006,0.0,0.9,0.0,-1.4040457e-28,0.0,75.94624,65.18211,65.02243,66.1332,69.356865
2018-01-01 22:05:00,9.597728000000001e-27,0.0,65.71962,357730.44,0.75,0.0,29.930012,-2.3239568e-06,0.25,1.0,68.32583,0.0,0.0,0.0,-2.5530379e-23,2.1665464e-06,0.005004883,-400.25253,65.71962,55.184006,0.0,0.9,0.0,-7.9092860000000005e-25,0.0,75.945915,65.18063,65.02106,66.13095,69.3506
2018-01-01 22:06:00,-3.137419e-26,0.0,65.71962,357730.44,0.75,0.0,29.911993,1.1619784e-06,0.25,1.0,68.32347,0.0,0.0,0.0,-5.9874775000000005e-24,8.252814e-06,0.005004883,-400.25253,65.71962,55.184006,0.0,0.9,0.0,-3.1397912000000002e-24,0.0,75.945526,65.17915,65.01962,66.12869,69.344345
2018-01-01 22:07:00,-1.7545224e-25,0.0,65.71962,357730.44,0.75,0.0,29.894032,-1.1619784e-06,0.25,1.0,68.32113,0.0,0.0,0.0,-7.281768e-23,-6.558228e-06,0.005004883,-400.25253,65.71962,55.184006,0.0,0.9,0.0,-2.7305495000000002e-24,0.0,75.945145,65.177666,65.0182,66.126495,69.338135
2018-01-01 22:08:00,1.430427e-25,0.0,65.71962,357730.44,0.75,0.0,29.876013,1.1619784e-06,0.25,1.0,68.31874,0.0,0.0,0.0,-1.4930261999999998e-23,-4.601619e-09,0.005004883,-400.25253,65.71962,55.184006,0.0,0.9,0.0,-2.0782739999999998e-26,0.0,75.94476,65.17613,65.016716,66.12425,69.33187
2018-01-01 22:09:00,5.9606324e-26,0.0,65.71962,357730.44,0.75,0.0,29.857996,-1.1619784e-06,0.25,1.0,68.31637,0.0,0.0,0.0,-2.0737252e-23,-7.715506e-06,0.005004883,-400.25253,65.71962,55.184006,0.0,0.9,0.0,-3.3774725000000005e-24,0.0,75.94438,65.174644,65.01529,66.12194,69.32561
2018-01-01 22:10:00,-1.3598351e-25,0.0,65.71962,357730.44,0.75,0.0,29.840033,1.1619784e-06,0.25,1.0,68.31399,0.0,0.0,0.0,-1.4838098e-23,-6.553885e-06,0.005004883,-400.25253,65.71962,55.184006,0.0,0.9,0.0,-1.3363902e-23,0.0,75.94399,65.17311,65.01381,66.11969,69.31935
2018-01-01 22:11:00,4.8489119999999995e-26,0.0,65.71962,357730.44,0.75,0.0,29.822016,-2.3239568e-06,0.25,1.0,68.311584,0.0,0.0,0.0,-1.6961523e-24,1.2424353e-05,0.005004883,-400.25253,65.71962,55.184006,0.0,0.9,0.0,-2.1930625e-24,0.0,75.9436,65.17157,65.01232,66.117386,69.313034
2018-01-01 22:12:00,2.9775158e-25,0.0,65.71962,357730.44,0.75,0.0,29.803997,-1.1619784e-06,0.25,1.0,68.30919,0.0,0.0,0.0,-1.8655910000000003e-23,-1.8400264e-07,0.005004883,-400.25253,65.71962,55.184006,0.0,0.9,0.0,-1.0544332e-28,0.0,75.94322,65.17003,65.01083,66.11513,69.30676
2018-01-01 22:13:00,-4.5426484e-26,0.0,65.71962,357730.44,0.75,0.0,29.786036,1.1619784e-06,0.25,1.0,68.30679,0.0,0.0,0.0,-2.6617007e-24,3.2008868e-06,0.005004883,-400.25253,65.71962,55.184006,0.0,0.9,0.0,-3.7510236999999997e-25,0.0,75.94284,65.16849,65.0093,66.11282,69.30051
2018-01-01 22:14:00,-1.2061178e-26,0.0,65.71962,357730.44,0.75,0.0,29.768017,3.4859352e-06,0.25,1.0,68.304375,0.0,0.0,0.0,-1.4774148e-23,-2.9108375e-07,0.005004883,-400.25253,65.71962,55.184006,0.0,0.9,0.0,-4.268001e-24,0.0,75.94246,65.1669,65.00781,66.11052,69.29419
2018-01-01 22:15:00,-1.5373694e-26,0.0,65.71962,357730.44,0.75,0.0,29.75,1.1619784e-06,0.25,1.0,68.30197,0.0,0.0,0.0,-1.4404597e-23,9.611456e-07,0.005004883,-400.25253,65.71962,55.184006,0.0,0.9,0.0,-1.0823807000000001e-24,0.0,75.94207,65.16536,65.00628,66.10821,69.287926
2018-01-01 22:16:00,1.3155581999999999e-25,0.0,65.71962,357730.44,0.75,0.0,29.732037,-1.1619784e-06,0.25,1.0,68.299545,0.0,0.0,0.0,-9.949833e-24,3.599632e-07,0.005004883,-400.25253,65.71962,55.184006,0.0,0.9,0.0,-3.1503333e-26,0.0,75.94168,65.16377,65.004745,66.105896,69.28161
2018-01-01 22:17:00,-4.8726465000000005e-26,0.0,65.71962,357730.44,0.75,0.0,29.71402,3.4859352e-06,0.25,1.0,68.297104,0.0,0.0,0.0,-4.0265464000000004e-24,-2.0393416e-06,0.005004883,-400.25253,65.71962,55.184006,0.0,0.9,0.0,-7.335953400000001e-26,0.0,75.9413,65.16217,65.003204,66.10354,69.27529
2018-01-01 22:18:00,1.4769494e-25,0.0,65.71962,357730.44,0.75,0.0,29.696003,1.1619784e-06,0.25,1.0,68.294655,0.0,0.0,0.0,-3.2489662e-24,4.546622e-06,0.005004883,-400.25253,65.71962,55.184006,0.0,0.9,0.0,-1.3169865e-25,0.0,75.94086,65.16058,65.00161,66.10123,69.268974
2018-01-01 22:19:00,-3.4626079999999996e-26,0.0,65.71962,357730.44,0.75,0.0,29.677984,-3.4859352e-06,0.25,1.0,68.2922,0.0,0.0,0.0,-5.216525e-25,-5.7260336e-06,0.005004883,-400.25253,65.71962,55.184006,0.0,0.9,0.0,-1.381885e-24,0.0,75.940475,65.15899,65.000015,66.09887,69.26266
2018-01-01 22:20:00,-3.4690757e-25,0.0,65.71962,357730.44,0.75,0.0,29.660023,0.0,0.25,1.0,68.28975,0.0,0.0,0.0,-7.705689e-24,1.138107e-06,0.005004883,-400.25253,65.71962,55.184006,0.0,0.9,0.0,-1.0767752000000001e-24,0.0,75.940094,65.15734,64.99843,66.09651,69.25634
2018-01-01 22:21:00,-3.8926708e-30,0.0,65.71962,357730.44,0.75,0.0,29.642004,-1.1619784e-06,0.25,1.0,68.28729,0.0,0.0,0.0,-1.4289092e-23,-8.700912e-06,0.005004883,-400.25253,65.71962,55.184006,0.0,0.9,0.0,-3.1158445e-25,0.0,75.93971,65.15575,64.996826,66.09415,69.25002
2018-01-01 22:22:00,1.1301155e-25,0.0,65.71962,357730.44,0.75,0.0,29.623987,1.1619784e-06,0.25,1.0,68.28482,0.0,0.0,0.0,-5.0722720000000006e-23,-6.0940165e-06,0.005004883,-400.25253,65.71962,55.184006,0.0,0.9,0.0,-2.4736373000000003e-24,0.0,75.93927,65.1541,64.99524,66.09178,69.243706
2018-01-01 22:23:00,-8.162704e-27,0.0,65.71962,357730.44,0.75,0.0,29.606024,-1.1619784e-06,0.25,1.0,68.28235,0.0,0.0,0.0,-8.100367e-25,-2.1941228e-06,0.005004883,-400.25253,65.71962,55.184006,0.0,0.9,0.0,-3.5466176e-25,0.0,75.93889,65.15245,64.99359,66.08942,69.23739
2018-01-01 22:24:00,1.3362218e-26,0.0,65.71962,357730.44,0.75,0.0,29.588007,0.0,0.25,1.0,68.279854,0.0,0.0,0.0,-9.5621775e-24,2.6781852e-06,0.005004883,-400.25253,65.71962,55.184006,0.0,0.9,0.0,-8.715572e-25,0.0,75.9385,65.1508,64.99194,66.087006,69.23102
2018-01-01 22:25:00,-3.6622954000000004e-26,0.0,65.71962,357730.44,0.75,0.0,29.569988,-2.3239568e-06,0.25,1.0,68.277374,0.0,0.0,0.0,-5.171815e-24,6.306381e-07,0.005004883,-400.25253,65.71962,55.184006,0.0,0.9,0.0,-2.7293882000000003e-26,0.0,75.938065,65.149155,64.990295,66.08464,69.2247
2018-01-01 22:26:00,1.5002059e-26,0.0,65.71962,357730.44,0.75,0.0,29.552027,0.0,0.25,1.0,68.27488,0.0,0.0,0.0,-4.5040905e-24,-7.970336e-07,0.005004883,-400.25253,65.71962,55.184006,0.0,0.9,0.0,-2.0872721e-24,0.0,75.937675,65.14751,64.98865,66.08223,69.21832
2018-01-01 22:27:00,8.055688e-26,0.0,65.71962,357730.44,0.75,0.0,29.534008,-2.3239568e-06,0.25,1.0,68.27238,0.0,0.0,0.0,-6.948193e-26,-1.951469e-06,0.005004883,-400.25253,65.71962,55.184006,0.0,0.9,0.0,-2.0427066000000002e-24,0.0,75.93729,65.145805,64.987,66.0798,69.21196
2018-01-01 22:28:00,-1.9114941e-26,0.0,65.71962,357730.44,0.75,0.0,29.515991,-1.1619784e-06,0.25,1.0,68.26985,0.0,0.0,0.0,-1.1711068e-24,1.3749107e-06,0.005004883,-400.25253,65.71962,55.184006,0.0,0.9,0.0,-3.2117563e-26,0.0,75.93685,65.14416,64.98529,66.07739,69.20558
2018-01-01 22:29:00,-1.7419956e-26,0.0,65.71962,357730.44,0.75,0.0,29.498028,0.0,0.25,1.0,68.26735,0.0,0.0,0.0,-3.9156402e-23,6.970256e-07,0.005004883,-400.25253,65.71962,55.184006,0.0,0.9,0.0,-1.7776227e-24,0.0,75.93646,65.142456,64.9836,66.074974,69.199265
2018-01-01 22:30:00,3.9285966e-26,0.0,65.71962,357730.44,0.75,0.0,29.480011,1.1619784e-06,0.25,1.0,68.264824,0.0,0.0,0.0,-4.3456965e-23,3.18771e-06,0.005004883,-400.25253,65.71962,55.184006,0.0,0.9,0.0,-1.305721e-24,0.0,75.93603,65.14075,64.98189,66.072556,69.192894
2018-01-01 22:31:00,8.641294999999999e-26,0.0,65.71962,357730.44,0.75,0.0,29.461994,1.1619784e-06,0.25,1.0,68.262276,0.0,0.0,0.0,-5.7650075e-23,-3.4385116e-06,0.005004883,-400.25253,65.71962,55.184006,0.0,0.9,0.0,-6.857456e-25,0.0,75.93564,65.13899,64.98013,66.07008,69.18652
2018-01-01 22:32:00,5.387959e-28,0.0,65.71962,357730.44,0.75,0.0,29.44403,0.0,0.25,1.0,68.25974,0.0,0.0,0.0,-1.5243224e-23,-3.9868266e-07,0.005004883,-400.25253,65.71962,55.184006,0.0,0.9,0.0,-1.7006274e-25,0.0,75.9352,65.13729,64.978424,66.06767,69.1801
2018-01-01 22:33:00,6.085504e-26,0.0,65.71962,357730.44,0.75,0.0,29.426014,-2.3239568e-06,0.25,1.0,68.25719,0.0,0.0,0.0,-3.5323446e-23,-6.5688428e-06,0.005004883,-400.25253,65.71962,55.184006,0.0,0.9,0.0,-8.854961e-25,0.0,75.934814,65.13553,64.97667,66.0652,69.17372
2018-01-01 22:34:00,-1.3327558e-26,0.0,65.71962,357730.44,0.75,0.0,29.407995,-1.1619784e-06,0.25,1.0,68.25462,0.0,0.0,0.0,-1.6995280000000003e-23,6.132203e-07,0.005004883,-400.25253,65.71962,55.184006,0.0,0.9,0.0,-1.1072654e-25,0.0,75.93438,65.13377,64.974915,66.06273,69.16735
2018-01-01 22:35:00,-7.896695500000001e-26,0.0,65.71962,357730.44,0.75,0.0,29.390034,0.0,0.25,1.0,68.25207,0.0,0.0,0.0,-1.2174606000000001e-24,7.4060536e-06,0.005004883,-400.25253,65.71962,55.184006,0.0,0.9,0.0,-2.3192828000000003e-24,0.0,75.93399,65.13202,64.97316,66.06026,69.16092
2018-01-01 22:36:00,-3.009314e-25,0.0,65.71962,357730.44,0.75,0.0,29.372015,1.1619784e-06,0.25,1.0,68.24951,0.0,0.0,0.0,-1.8314580000000002e-23,-1.4301767e-06,0.005004883,-400.25253,65.71962,55.184006,0.0,0.9,0.0,-6.240472e-26,0.0,75.933556,65.130264,64.9714,66.057785,69.15456
2018-01-01 22:37:00,8.446521e-27,0.0,65.71962,357730.44,0.75,0.0,29.353998,-1.1619784e-06,0.25,1.0,68.246925,0.0,0.0,0.0,-1.08855816e-23,-5.481051e-06,0.005004883,-400.25253,65.71962,55.184006,0.0,0.9,0.0,-3.1580003e-24,0.0,75.93312,65.12845,64.96959,66.05531,69.148125
2018-01-01 22:38:00,-2.454997e-26,0.0,65.71962,357730.44,0.75,0.0,29.336035,1.1619784e-06,0.25,1.0,68.24433,0.0,0.0,0.0,-4.0262956000000005e-24,-9.14108e-07,0.005004883,-400.25253,65.71962,55.184006,0.0,0.9,0.0,-9.654229000000001e-27,0.0,75.93273,65.12663,64.96777,66.05278,69.141754
2018-01-01 22:39:00,-6.716025e-26,0.0,65.71962,357730.44,0.75,0.0,29.318018,1.1619784e-06,0.25,1.0,68.241745,0.0,0.0,0.0,-1.6656866999999999e-23,2.1538642e-06,0.005004883,-400.25253,65.71962,55.184006,0.0,0.9,0.0,-4.9033754000000003e-26,0.0,75.9323,65.12488,64.96596,66.05031,69.13533
2018-01-01 22:40:00,3.1172779e-27,0.0,65.71962,357730.44,0.75,0.0,29.3,1.1619784e-06,0.25,1.0,68.23915,0.0,0.0,0.0,-1.7238935e-23,4.36235e-06,0.005004883,-400.25253,65.71962,55.184006,0.0,0.9,0.0,-2.1315123e-25,0.0,75.931854,65.12306,64.96414,66.04778,69.1289
2018-01-01 22:41:00,-1.246968e-25,0.0,65.71962,357730.44,0.75,0.0,29.282038,-1.1619784e-06,0.25,1.0,68.23654,0.0,0.0,0.0,-1.0482606e-23,2.2961221e-06,0.005004883,-400.25253,65.71962,55.184006,0.0,0.9,0.0,-9.374072e-26,0.0,75.93141,65.12125,64.96233,66.04526,69.12247
2018-01-01 22:42:00,-9.8235326e-26,0.0,65.71962,357730.44,0.75,0.0,29.264019,-1.1619784e-06,0.25,1.0,68.23393,0.0,0.0,0.0,-1.22410576e-23,6.631413e-06,0.005004883,-400.25253,65.71962,55.184006,0.0,0.9,0.0,-4.9082527e-24,0.0,75.93103,65.11944,64.960464,66.042725,69.11604
2018-01-01 22:43:00,2.2075081999999997e-25,0.0,65.71962,357730.44,0.75,0.0,29.246002,-1.1619784e-06,0.25,1.0,68.231316,0.0,0.0,0.0,-1.0621685500000001e-23,-6.8407344e-06,0.005004883,-400.25253,65.71962,55.184006,0.0,0.9,0.0,-1.7705543e-24,0.0,75.93059,65.11757,64.9586,66.04021,69.10962
2018-01-01 22:44:00,8.507501999999999e-26,0.0,65.71962,357730.44,0.75,0.0,29.227985,0.0,0.25,1.0,68.2287,0.0,0.0,0.0,-4.1613360000000006e-23,-5.247243e-06,0.005004883,-400.25253,65.71962,55.184006,0.0,0.9,0.0,-3.022239e-24,0.0,75.930145,65.11575,64.956726,66.037674,69.103195
2018-01-01 22:45:00,-1.01381205e-25,0.0,65.71962,357730.44,0.75,0.0,29.210022,-1.1619784e-06,0.25,1.0,68.22607,0.0,0.0,0.0,-9.128168e-24,1.1348827e-06,0.005004883,-400.25253,65.71962,55.184006,0.0,0.9,0.0,-3.2459378e-24,0.0,75.92971,65.11389,64.954865,66.035095,69.09676
2018-01-01 22:46:00,-8.7121373e-26,0.0,65.71962,357730.44,0.75,0.0,29.192005,0.0,0.25,1.0,68.22341,0.0,0.0,0.0,-2.975226e-24,-4.0108644e-06,0.005004883,-400.25253,65.71962,55.184006,0.0,0.9,0.0,-6.451357000000001e-25,0.0,75.929276,65.11202,64.95294,66.03256,69.09029
2018-01-01 22:47:00,1.6680031e-25,0.0,65.71962,357730.44,0.75,0.0,29.173986,-1.1619784e-06,0.25,1.0,68.22079,0.0,0.0,0.0,-1.7134270000000002e-23,1.7943436e-06,0.005004883,-400.25253,65.71962,55.184006,0.0,0.9,0.0,-4.0124729999999996e-26,0.0,75.92889,65.11015,64.95107,66.02998,69.083855
2018-01-01 22:48:00,4.0069454e-27,0.0,65.71962,357730.44,0.75,0.0,29.156025,1.1619784e-06,0.25,1.0,68.21814,0.0,0.0,0.0,-5.6829906e-24,-6.9221132e-06,0.005004883,-400.25253,65.71962,55.184006,0.0,0.9,0.0,-1.6029864e-25,0.0,75.92845,65.10829,64.94915,66.027405,69.07738
2018-01-01 22:49:00,-2.1371949999999998e-26,0.0,65.71962,357730.44,0.75,0.0,29.138006,1.1619784e-06,0.25,1.0,68.215485,0.0,0.0,0.0,-6.018773e-24,-4.114646e-06,0.005004883,-400.25253,65.71962,55.184006,0.0,0.9,0.0,-1.1225011e-24,0.0,75.92801,65.106415,64.94723,66.024826,69.070946
2018-01-01 22:50:00,1.6731642e-25,0.0,65.71962,357730.44,0.75,0.0,29.11999,0.0,0.25,1.0,68.212814,0.0,0.0,0.0,-5.0987668e-23,8.619153e-06,0.005004883,-400.25253,65.71962,55.184006,0.0,0.9,0.0,-3.8504652e-26,0.0,75.92757,65.10449,64.945305,66.02224,69.06447
2018-01-01 22:51:00,-2.7768144999999997e-25,0.0,65.71962,357730.44,0.75,0.0,29.102026,0.0,0.25,1.0,68.210144,0.0,0.0,0.0,-6.0022983e-24,7.639614e-06,0.005004883,-400.25253,65.71962,55.184006,0.0,0.9,0.0,-1.855782e-24,0.0,75.927124,65.10263,64.94333,66.01965,69.05798
2018-01-01 22:52:00,-7.0733404e-26,0.0,65.71962,357730.44,0.75,0.0,29.08401,1.1619784e-06,0.25,1.0,68.20747,0.0,0.0,0.0,-6.332758e-24,4.6241403e-06,0.005004883,-400.25253,65.71962,55.184006,0.0,0.9,0.0,-1.702575e-24,0.0,75.92669,65.10071,64.94141,66.01702,69.0515
2018-01-01 22:53:00,-8.305567600000001e-26,0.0,65.71962,357730.44,0.75,0.0,29.06599,-2.3239568e-06,0.25,1.0,68.20478,0.0,0.0,0.0,-1.0276819e-28,-1.452321e-06,0.005004883,-400.25253,65.71962,55.184006,0.0,0.9,0.0,-3.241962e-27,0.0,75.926254,65.098785,64.93942,66.014435,69.04501
2018-01-01 22:54:00,8.069655999999999e-26,0.0,65.71962,357730.44,0.75,0.0,29.048029,1.1619784e-06,0.25,1.0,68.202095,0.0,0.0,0.0,-6.275064000000001e-23,-7.2489042e-06,0.005004883,-400.25253,65.71962,55.184006,0.0,0.9,0.0,-4.4550659999999995e-26,0.0,75.92581,65.09686,64.937454,66.0118,69.038536
2018-01-01 22:55:00,4.0094906e-26,0.0,65.71962,357730.44,0.75,0.0,29.03001,1.1619784e-06,0.25,1.0,68.19939,0.0,0.0,0.0,-1.1351339e-23,1.2828509e-06,0.005004883,-400.25253,65.71962,55.184006,0.0,0.9,0.0,-9.056386000000001e-25,0.0,75.92537,65.09494,64.93542,66.00917,69.03206
2018-01-01 22:56:00,2.132796e-26,0.0,65.71962,357730.44,0.75,0.0,29.011993,1.1619784e-06,0.25,1.0,68.19669,0.0,0.0,0.0,-4.0846358e-24,-6.0530965e-06,0.005004883,-400.25253,65.71962,55.184006,0.0,0.9,0.0,-6.0976403999999995e-25,0.0,75.92488,65.09302,64.93344,66.00653,69.02557
2018-01-01 22:57:00,-1.2220915e-25,0.0,65.71962,357730.44,0.75,0.0,28.99403,-1.1619784e-06,0.25,1.0,68.19397,0.0,0.0,0.0,-2.0332503e-23,-1.2578093e-06,0.005004883,-400.25253,65.71962,55.184006,0.0,0.9,0.0,-2.365118e-29,0.0,75.92444,65.091034,64.93141,66.00389,69.01909
2018-01-01 22:58:00,1.3106793e-26,0.0,65.71962,357730.44,0.75,0.0,28.976013,0.0,0.25,1.0,68.19127,0.0,0.0,0.0,-3.0264877e-24,-2.3052112e-06,0.005004883,-400.25253,65.71962,55.184006,0.0,0.9,0.0,-6.1669053e-25,0.0,75.923996,65.08911,64.92943,66.00125,69.01256
2018-01-01 22:59:00,1.4111289000000002e-26,0.0,65.71962,357730.44,0.75,0.0,28.957996,1.1619784e-06,0.25,1.0,68.188545,0.0,0.0,0.0,-1.5005214e-23,-3.6481415e-06,0.005004883,-400.25253,65.71962,55.184006,0.0,0.9,0.0,-3.610937e-24,0.0,75.92355,65.08714,64.9274,65.998566,69.00607
2018-01-01 23:00:00,-8.6193864e-26,0.0,65.71962,357730.44,0.75,0.0,28.940033,3.4859352e-06,0.25,1.0,68.18581,0.0,0.0,0.0,-1.7282866e-23,-5.2012397e-06,0.005004883,-400.25253,65.71962,55.184006,0.0,0.9,0.0,-1.9006838e-24,0.0,75.92312,65.08516,64.92531,65.995926,68.999535
2018-01-01 23:01:00,-4.6338703e-27,0.0,65.71962,357730.44,0.75,0.0,28.940033,3.4859352e-06,0.25,1.0,68.18308,0.0,0.0,0.0,-1.7610992e-23,1.3103966e-06,0.005004883,-400.25253,65.71962,55.184006,0.0,0.9,0.0,-8.704818e-25,0.0,75.92268,65.08318,64.92328,65.99324,68.99306
2018-01-01 23:02:00,3.885545e-27,0.0,65.71962,357730.44,0.75,0.0,28.940033,2.3239568e-06,0.25,1.0,68.18032,0.0,0.0,0.0,-3.2288515e-23,-1.0403124e-06,0.005004883,-400.25253,65.71962,55.184006,0.0,0.9,0.0,-4.072894e-26,0.0,75.92218,65.08121,64.92119,65.99054,68.98651
2018-01-01 23:03:00,-2.3204283e-26,0.0,65.71962,357730.44,0.75,0.0,28.940033,1.1619784e-06,0.25,1.0,68.17762,0.0,0.0,0.0,-1.4775478e-23,2.4544156e-06,0.005004883,-400.25253,65.71962,55.184006,0.0,0.9,0.0,-7.7181500000000005e-28,0.0,75.921745,65.07922,64.91916,65.98791,68.980034
2018-01-01 23:04:00,-1.6697639999999998e-26,0.0,65.71962,357730.44,0.75,0.0,28.940033,-1.1619784e-06,0.25,1.0,68.17485,0.0,0.0,0.0,-1.2992834e-23,-3.2276398e-06,0.005004883,-400.25253,65.71962,55.184006,0.0,0.9,0.0,-2.5257094e-24,0.0,75.92131,65.077194,64.91707,65.985214,68.973495
2018-01-01 23:05:00,-5.0979698e-26,0.0,65.71962,357730.44,0.75,0.0,28.940033,-1.1619784e-06,0.25,1.0,68.17213,0.0,0.0,0.0,-1.1786845e-23,-2.9422736e-06,0.005004883,-400.25253,65.71962,55.184006,0.0,0.9,0.0,-2.4988787000000002e-26,0.0,75.92081,65.07522,64.91504,65.98253,68.96701
2018-01-01 23:06:00,-7.1095915e-29,0.0,65.71962,357730.44,0.75,0.0,28.940033,-1.1619784e-06,0.25,1.0,68.16939,0.0,0.0,0.0,-2.2544216999999998e-23,1.0421992e-06,0.005004883,-400.25253,65.71962,55.184006,0.0,0.9,0.0,-1.6672053e-25,0.0,75.92037,65.07324,64.91295,65.97983,68.96053
2018-01-01 23:07:00,7.78837e-27,0.0,65.71962,357730.44,0.75,0.0,28.940033,-1.1619784e-06,0.25,1.0,68.16667,0.0,0.0,0.0,-1.8337884e-23,-5.666999e-06,0.005004883,-400.25253,65.71962,55.184006,0.0,0.9,0.0,-3.8408765e-25,0.0,75.91994,65.07126,64.91092,65.977196,68.954056
2018-01-01 23:08:00,2.574245e-25,0.0,65.71962,357730.44,0.75,0.0,28.940033,3.4859352e-06,0.25,1.0,68.16392,0.0,0.0,0.0,-4.1906761999999997e-23,-4.7162866e-06,0.005004883,-400.25253,65.71962,55.184006,0.0,0.9,0.0,-7.951525e-25,0.0,75.91943,65.06923,64.90883,65.9745,68.94757
2018-01-01 23:09:00,9.542798e-26,0.0,65.71962,357730.44,0.75,0.0,28.940033,1.1619784e-06,0.25,1.0,68.161194,0.0,0.0,0.0,-2.0828821e-23,-1.1926544e-05,0.005004883,-400.25253,65.71962,55.184006,0.0,0.9,0.0,-2.5656786e-24,0.0,75.919,65.06725,64.9068,65.97182,68.941086
2018-01-01 23:10:00,-2.0914354e-25,0.0,65.71962,357730.44,0.75,0.0,28.940033,3.4859352e-06,0.25,1.0,68.15844,0.0,0.0,0.0,-6.1871544000000004e-24,2.848821e-06,0.005004883,-400.25253,65.71962,55.184006,0.0,0.9,0.0,-2.2843223e-25,0.0,75.9185,65.06528,64.90471,65.96912,68.9346
2018-01-01 23:11:00,1.4571309e-26,0.0,65.71962,357730.44,0.75,0.0,28.940033,1.1619784e-06,0.25,1.0,68.155716,0.0,0.0,0.0,-1.06624665e-23,-1.2600797e-05,0.005004883,-400.25253,65.71962,55.184006,0.0,0.9,0.0,-2.4479407e-24,0.0,75.91806,65.06329,64.90268,65.96643,68.92812
2018-01-01 23:12:00,2.724446e-25,0.0,65.71962,357730.44,0.75,0.0,28.940033,1.1619784e-06,0.25,1.0,68.15298,0.0,0.0,0.0,-7.986182e-24,-1.6574194e-06,0.005004883,-400.25253,65.71962,55.184006,0.0,0.9,0.0,-3.7455417e-25,0.0,75.91757,65.061264,64.90059,65.96379,68.92169
2018-01-01 23:13:00,7.587370000000001e-26,0.0,65.71962,357730.44,0.75,0.0,28.940033,3.4859352e-06,0.25,1.0,68.15025,0.0,0.0,0.0,-1.6242286e-23,-7.473422e-06,0.005004883,-400.25253,65.71962,55.184006,0.0,0.9,0.0,-2.8465075e-24,0.0,75.91713,65.05929,64.89856,65.961105,68.915215
2018-01-01 23:14:00,-4.0514761999999997e-25,0.0,65.71962,357730.44,0.75,0.0,28.940033,-1.1619784e-06,0.25,1.0,68.14751,0.0,0.0,0.0,-4.947984e-25,-2.9504995e-06,0.005004883,-400.25253,65.71962,55.184006,0.0,0.9,0.0,-2.5409251e-24,0.0,75.91664,65.05725,64.89647,65.958405,68.90878
2018-01-01 23:15:00,-2.5094041000000002e-26,0.0,65.71962,357730.44,0.75,0.0,28.940033,1.1619784e-06,0.25,1.0,68.1448,0.0,0.0,0.0,-1.1935675e-23,-1.9444508e-06,0.005004883,-400.25253,65.71962,55.184006,0.0,0.9,0.0,-4.132915e-26,0.0,75.9162,65.05528,64.89444,65.95572,68.90236
2018-01-01 23:16:00,-7.8519925e-27,0.0,65.71962,357730.44,0.75,0.0,28.940033,-1.1619784e-06,0.25,1.0,68.142044,0.0,0.0,0.0,-1.1639756e-23,1.1669333e-05,0.005004883,-400.25253,65.71962,55.184006,0.0,0.9,0.0,-3.1888144e-24,0.0,75.9157,65.0533,64.89235,65.953026,68.895874
2018-01-01 23:17:00,-2.9299104999999997e-25,0.0,65.71962,357730.44,0.75,0.0,28.940033,0.0,0.25,1.0,68.13932,0.0,0.0,0.0,-5.493649e-23,-4.8727895e-07,0.005004883,-400.25253,65.71962,55.184006,0.0,0.9,0.0,-1.4085375e-25,0.0,75.91527,65.05127,64.89026,65.95033,68.88945
2018-01-01 23:18:00,-2.4291136e-27,0.0,65.71962,357730.44,0.75,0.0,28.940033,1.1619784e-06,0.25,1.0,68.13659,0.0,0.0,0.0,-4.517033e-24,7.561175e-06,0.005004883,-400.25253,65.71962,55.184006,0.0,0.9,0.0,-2.2921647e-24,0.0,75.914764,65.049286,64.88823,65.94765,68.883026
2018-01-01 23:19:00,1.500937e-26,0.0,65.71962,357730.44,0.75,0.0,28.940033,-1.1619784e-06,0.25,1.0,68.133835,0.0,0.0,0.0,-6.5446696e-23,8.8126575e-07,0.005004883,-400.25253,65.71962,55.184006,0.0,0.9,0.0,-3.5556395e-27,0.0,75.914276,65.04726,64.88614,65.94495,68.8766
2018-01-01 23:20:00,-3.908978e-26,0.0,65.71962,357730.44,0.75,0.0,28.940033,-1.1619784e-06,0.25,1.0,68.13115,0.0,0.0,0.0,-2.2186867e-24,-7.5666944e-06,0.005004883,-400.25253,65.71962,55.184006,0.0,0.9,0.0,-7.900945399999999e-25,0.0,75.91383,65.04528,64.88411,65.942314,68.870224
2018-01-01 23:21:00,-7.899752e-27,0.0,65.71962,357730.44,0.75,0.0,28.940033,-1.1619784e-06,0.25,1.0,68.1284,0.0,0.0,0.0,-9.067167e-24,2.477211e-06,0.005004883,-400.25253,65.71962,55.184006,0.0,0.9,0.0,-1.01488546e-25,0.0,75.913345,65.04324,64.88202,65.93962,68.8638
2018-01-01 23:22:00,-4.9641276000000005e-26,0.0,65.71962,357730.44,0.75,0.0,28.940033,1.1619784e-06,0.25,1.0,68.125656,0.0,0.0,0.0,-2.5941402e-23,-1.4412319e-06,0.005004883,-400.25253,65.71962,55.184006,0.0,0.9,0.0,-4.9457265e-26,0.0,75.91284,65.041214,64.87994,65.936935,68.857376
2018-01-01 23:23:00,-6.318863e-26,0.0,65.71962,357730.44,0.75,0.0,28.940033,1.1619784e-06,0.25,1.0,68.12296,0.0,0.0,0.0,-5.5331205e-24,-9.557438e-08,0.005004883,-400.25253,65.71962,55.184006,0.0,0.9,0.0,-9.469031000000001e-25,0.0,75.91241,65.03924,64.8779,65.934235,68.851
2018-01-01 23:24:00,3.1658905000000004e-26,0.0,65.71962,357730.44,0.75,0.0,28.940033,0.0,0.25,1.0,68.12021,0.0,0.0,0.0,-1.4372258e-23,2.3312055e-06,0.005004883,-400.25253,65.71962,55.184006,0.0,0.9,0.0,-9.980629e-25,0.0,75.91191,65.0372,64.87582,65.93155,68.844574
2018-01-01 23:25:00,-8.293470300000001e-26,0.0,65.71962,357730.44,0.75,0.0,28.940033,2.3239568e-06,0.25,1.0,68.1175,0.0,0.0,0.0,-5.3896933e-23,5.5133423e-06,0.005004883,-400.25253,65.71962,55.184006,0.0,0.9,0.0,-6.088738599999999e-25,0.0,75.91142,65.03523,64.87378,65.928856,68.838196
2018-01-01 23:26:00,-9.724394999999999e-26,0.0,65.71962,357730.44,0.75,0.0,28.940033,0.0,0.25,1.0,68.11477,0.0,0.0,0.0,-1.1126669e-23,1.244249e-05,0.005004883,-400.25253,65.71962,55.184006,0.0,0.9,0.0,-1.6215094999999999e-25,0.0,75.91092,65.033195,64.8717,65.92616,68.83183
2018-01-01 23:27:00,4.917572e-25,0.0,65.71962,357730.44,0.75,0.0,28.940033,1.1619784e-06,0.25,1.0,68.11204,0.0,0.0,0.0,-1.3243910000000003e-23,-5.364695e-07,0.005004883,-400.25253,65.71962,55.184006,0.0,0.9,0.0,-1.8137307999999998e-25,0.0,75.910484,65.03116,64.86961,65.92348,68.825455
2018-01-01 23:28:00,-1.9828355e-26,0.0,65.71962,357730.44,0.75,0.0,28.940033,-1.1619784e-06,0.25,1.0,68.10933,0.0,0.0,0.0,-1.276805e-23,-6.370708e-06,0.005004883,-400.25253,65.71962,55.184006,0.0,0.9,0.0,-7.5329536e-26,0.0,75.90999,65.02919,64.86758,65.92078,68.819084
2018-01-01 23:29:00,-4.8463154e-27,0.0,65.71962,357730.44,0.75,0.0,28.940033,-3.4859352e-06,0.25,1.0,68.10658,0.0,0.0,0.0,-1.9132114e-23,-3.1271836e-06,0.005004883,-400.25253,65.71962,55.184006,0.0,0.9,0.0,-4.1632982e-24,0.0,75.9095,65.02715,64.86549,65.91809,68.81271
2018-01-01 23:30:00,-1.8043766e-25,0.0,65.71962,357730.44,0.75,0.0,28.940033,-2.3239568e-06,0.25,1.0,68.10387,0.0,0.0,0.0,-1.7862141e-23,-1.0434687e-06,0.005004883,-400.25253,65.71962,55.184006,0.0,0.9,0.0,-3.1140772e-25,0.0,75.909,65.025116,64.86346,65.9154,68.806335
2018-01-01 23:31:00,-8.698739e-27,0.0,65.71962,357730.44,0.75,0.0,28.940033,-2.3239568e-06,0.25,1.0,68.10115,0.0,0.0,0.0,-5.6862104e-24,2.3078653e-06,0.005004883,-400.25253,65.71962,55.184006,0.0,0.9,0.0,-7.070021e-26,0.0,75.90851,65.02315,64.861374,65.912704,68.79997
2018-01-01 23:32:00,-1.0413396000000001e-26,0.0,65.71962,357730.44,0.75,0.0,28.940033,-1.1619784e-06,0.25,1.0,68.098434,0.0,0.0,0.0,-1.5960717e-23,6.0366337e-06,0.005004883,-400.25253,65.71962,55.184006,0.0,0.9,0.0,-1.5415624e-25,0.0,75.908066,65.02111,64.85934,65.91002,68.793655
2018-01-01 23:33:00,-1.7292196e-25,0.0,65.71962,357730.44,0.75,0.0,28.940033,1.1619784e-06,0.25,1.0,68.0957,0.0,0.0,0.0,-1.0099682e-24,6.2408094e-06,0.005004883,-400.25253,65.71962,55.184006,0.0,0.9,0.0,-2.5911113e-25,0.0,75.90758,65.01907,64.857254,65.90732,68.78728
2018-01-01 23:34:00,3.2583259e-25,0.0,65.71962,357730.44,0.75,0.0,28.940033,1.1619784e-06,0.25,1.0,68.09297,0.0,0.0,0.0,-8.738957e-24,-5.713359e-06,0.005004883,-400.25253,65.71962,55.184006,0.0,0.9,0.0,-1.4358346e-24,0.0,75.907074,65.017044,64.85516,65.90463,68.78096
2018-01-01 23:35:00,1.4329844e-25,0.0,65.71962,357730.44,0.75,0.0,28.940033,-1.1619784e-06,0.25,1.0,68.09026,0.0,0.0,0.0,-3.9940588e-24,4.032167e-06,0.005004883,-400.25253,65.71962,55.184006,0.0,0.9,0.0,-1.3103447e-24,0.0,75.906586,65.01507,64.853134,65.90194,68.77459
2018-01-01 23:36:00,-9.190535999999999e-26,0.0,65.71962,357730.44,0.75,0.0,28.940033,-1.1619784e-06,0.25,1.0,68.08754,0.0,0.0,0.0,-3.3578465e-27,-2.4111839e-07,0.005004883,-400.25253,65.71962,55.184006,0.0,0.9,0.0,-1.6315428e-26,0.0,75.90609,65.01303,64.85104,65.89925,68.76827
2018-01-01 23:37:00,4.1923566000000003e-26,0.0,65.71962,357730.44,0.75,0.0,28.940033,1.1619784e-06,0.25,1.0,68.08482,0.0,0.0,0.0,-2.0176596e-23,1.202083e-06,0.005004883,-400.25253,65.71962,55.184006,0.0,0.9,0.0,-1.7036202999999999e-25,0.0,75.905594,65.011,64.849014,65.89656,68.761955
2018-01-01 23:38:00,6.1764943e-26,0.0,65.71962,357730.44,0.75,0.0,28.940033,-1.1619784e-06,0.25,1.0,68.0821,0.0,0.0,0.0,-5.7147533e-24,-2.943948e-06,0.005004883,-400.25253,65.71962,55.184006,0.0,0.9,0.0,-3.3738114000000005e-24,0.0,75.905106,65.00897,64.846924,65.89386,68.75564
2018-01-01 23:39:00,1.5726392e-26,0.0,65.71962,357730.44,0.75,0.0,28.940033,-1.1619784e-06,0.25,1.0,68.07939,0.0,0.0,0.0,-3.801427e-25,-1.7307747e-06,0.005004883,-400.25253,65.71962,55.184006,0.0,0.9,0.0,-1.297832e-25,0.0,75.9046,65.00699,64.844894,65.891174,68.74932
2018-01-01 23:40:00,3.6835888000000005e-26,0.0,65.71962,357730.44,0.75,0.0,28.940033,3.4859352e-06,0.25,1.0,68.076675,0.0,0.0,0.0,-5.514946e-23,1.3021123e-06,0.005004883,-400.25253,65.71962,55.184006,0.0,0.9,0.0,-2.1181278e-25,0.0,75.90411,65.00496,64.842804,65.88848,68.743004
2018-01-01 23:41:00,-1.0524389999999999e-26,0.0,65.71962,357730.44,0.75,0.0,28.940033,3.4859352e-06,0.25,1.0,68.073975,0.0,0.0,0.0,-2.93592e-23,1.7058907e-06,0.005004883,-400.25253,65.71962,55.184006,0.0,0.9,0.0,-3.1291842e-25,0.0,75.90362,65.00293,64.840775,65.88579,68.73674
2018-01-01 23:42:00,-1.3136936e-26,0.0,65.71962,357730.44,0.75,0.0,28.940033,-1.1619784e-06,0.25,1.0,68.07124,0.0,0.0,0.0,-6.966210000000001e-24,-9.617111e-07,0.005004883,-400.25253,65.71962,55.184006,0.0,0.9,0.0,-7.924606299999999e-25,0.0,75.90312,65.0009,64.838684,65.8831,68.73042
2018-01-01 23:43:00,2.2524051e-27,0.0,65.71962,357730.44,0.75,0.0,28.940033,1.1619784e-06,0.25,1.0,68.06853,0.0,0.0,0.0,-1.1523878e-23,-2.5203728e-06,0.005004883,-400.25253,65.71962,55.184006,0.0,0.9,0.0,-7.435878999999999e-26,0.0,75.90268,64.99886,64.83659,65.8804,68.724106
2018-01-01 23:44:00,4.4023769999999997e-26,0.0,65.71962,357730.44,0.75,0.0,28.940033,1.1619784e-06,0.25,1.0,68.065834,0.0,0.0,0.0,-8.6121356e-26,5.706878e-06,0.005004883,-400.25253,65.71962,55.184006,0.0,0.9,0.0,-3.3553020000000002e-25,0.0,75.90219,64.996826,64.834564,65.877716,68.71785
2018-01-01 23:45:00,-2.6819302e-26,0.0,65.71962,357730.44,0.75,0.0,28.940033,1.1619784e-06,0.25,1.0,68.0631,0.0,0.0,0.0,-5.9764126000000005e-24,-8.271109e-06,0.005004883,-400.25253,65.71962,55.184006,0.0,0.9,0.0,-2.845857e-24,0.0,75.90164,64.9948,64.83247,65.87502,68.71158
2018-01-01 23:46:00,1.4664767e-26,0.0,65.71962,357730.44,0.75,0.0,28.940033,-1.1619784e-06,0.25,1.0,68.0604,0.0,0.0,0.0,-9.909567e-23,-6.717549e-06,0.005004883,-400.25253,65.71962,55.184006,0.0,0.9,0.0,-6.250085999999999e-26,0.0,75.901146,64.99282,64.830444,65.87233,68.70526
2018-01-01 23:47:00,-4.688986299999999e-25,0.0,65.71962,357730.44,0.75,0.0,28.940033,-1.1619784e-06,0.25,1.0,68.057686,0.0,0.0,0.0,-7.429669e-24,-1.1106425e-06,0.005004883,-400.25253,65.71962,55.184006,0.0,0.9,0.0,-6.989293400000001e-26,0.0,75.90065,64.99078,64.828354,65.869644,68.699005
2018-01-01 23:48:00,3.3841356000000003e-26,0.0,65.71962,357730.44,0.75,0.0,28.940033,1.1619784e-06,0.25,1.0,68.054985,0.0,0.0,0.0,-1.6680263e-24,-5.371129e-06,0.005004883,-400.25253,65.71962,55.184006,0.0,0.9,0.0,-1.6650758e-25,0.0,75.90016,64.988754,64.826324,65.86694,68.69274
2018-01-01 23:49:00,6.7612775e-26,0.0,65.71962,357730.44,0.75,0.0,28.940033,3.4859352e-06,0.25,1.0,68.05227,0.0,0.0,0.0,-1.1599016e-23,-4.4437006e-06,0.005004883,-400.25253,65.71962,55.184006,0.0,0.9,0.0,-7.3337445e-25,0.0,75.89966,64.986725,64.824234,65.86426,68.68648
2018-01-01 23:50:00,1.6525347999999999e-25,0.0,65.71962,357730.44,0.75,0.0,28.940033,3.4859352e-06,0.25,1.0,68.04956,0.0,0.0,0.0,-3.9262617e-23,-1.6214797e-06,0.005004883,-400.25253,65.71962,55.184006,0.0,0.9,0.0,-8.096195299999999e-25,0.0,75.89917,64.984695,64.822205,65.86151,68.68022
2018-01-01 23:51:00,1.5959625e-26,0.0,65.71962,357730.44,0.75,0.0,28.940033,1.1619784e-06,0.25,1.0,68.04686,0.0,0.0,0.0,-2.0808234e-23,4.8743254e-06,0.005004883,-400.25253,65.71962,55.184006,0.0,0.9,0.0,-1.0228243999999999e-25,0.0,75.898674,64.98266,64.820114,65.85882,68.67401
2018-01-01 23:52:00,-2.1253040000000002e-25,0.0,65.71962,357730.44,0.75,0.0,28.940033,1.1619784e-06,0.25,1.0,68.04415,0.0,0.0,0.0,-8.817082e-24,-2.387801e-06,0.005004883,-400.25253,65.71962,55.184006,0.0,0.9,0.0,-2.1302467e-24,0.0,75.89818,64.98062,64.818085,65.856125,68.66775
2018-01-01 23:53:00,-1.4417878000000002e-26,0.0,65.71962,357730.44,0.75,0.0,28.940033,1.1619784e-06,0.25,1.0,68.04144,0.0,0.0,0.0,-5.6849857e-24,-1.3178988e-06,0.005004883,-400.25253,65.71962,55.184006,0.0,0.9,0.0,-1.5176234e-24,0.0,75.89769,64.97859,64.815994,65.85344,68.66148
2018-01-01 23:54:00,-5.0562702e-27,0.0,65.71962,357730.44,0.75,0.0,28.940033,1.1619784e-06,0.25,1.0,68.03874,0.0,0.0,0.0,-2.5679785999999998e-23,4.0431271e-07,0.005004883,-400.25253,65.71962,55.184006,0.0,0.9,0.0,-5.7145104e-25,0.0,75.89719,64.97656,64.813965,65.85074,68.65527
2018-01-01 23:55:00,5.0152325000000003e-26,0.0,65.71962,357730.44,0.75,0.0,28.940033,1.1619784e-06,0.25,1.0,68.03605,0.0,0.0,0.0,-2.6977051e-24,-1.7715115e-06,0.005004883,-400.25253,65.71962,55.184006,0.0,0.9,0.0,-1.3739275e-24,0.0,75.8967,64.97453,64.811874,65.84805,68.64907
2018-01-01 23:56:00,2.2583587000000002e-26,0.0,65.71962,357730.44,0.75,0.0,28.940033,-2.3239568e-06,0.25,1.0,68.03334,0.0,0.0,0.0,-2.6260659e-24,7.719959e-06,0.005004883,-400.25253,65.71962,55.184006,0.0,0.9,0.0,-8.3130565e-24,0.0,75.8962,64.972496,64.809845,65.84536,68.64281
2018-01-01 23:57:00,2.9942549999999997e-26,0.0,65.71962,357730.44,0.75,0.0,28.940033,1.1619784e-06,0.25,1.0,68.030624,0.0,0.0,0.0,-3.0152043e-23,1.2938151e-06,0.005004883,-400.25253,65.71962,55.184006,0.0,0.9,0.0,-3.434138e-26,0.0,75.89565,64.97046,64.807755,65.84267,68.6366
2018-01-01 23:58:00,5.80817e-26,0.0,65.71962,357730.44,0.75,0.0,28.940033,-1.1619784e-06,0.25,1.0,68.02794,0.0,0.0,0.0,-7.678103e-24,-4.0831287e-06,0.005004883,-400.25253,65.71962,55.184006,0.0,0.9,0.0,-3.5131147e-24,0.0,75.89516,64.96843,64.805725,65.83998,68.630394
2018-01-01 23:59:00,5.963138999999999e-26,0.0,65.71962,357730.44,0.75,0.0,28.940033,1.1619784e-06,0.25,1.0,68.025246,0.0,0.0,0.0,-5.2675307000000005e-24,6.2938035e-08,0.005004883,-400.25253,65.71962,55.184006,0.0,0.9,0.0,-3.7133288e-25,0.0,75.89467,64.9664,64.803696,65.83728,68.62419
2018-01-02 00:00:00,2.4735142000000003e-26,0.0,65.71962,357730.44,0.75,0.0,28.940033,1.1619784e-06,0.25,1.0,68.022545,0.0,0.0,0.0,-4.7926976e-23,5.879525e-07,0.005004883,-400.25253,65.71962,55.184006,0.0,0.9,0.0,-8.708566e-26,0.0,75.894165,64.96437,64.801605,65.834595,68.61798
2018-01-02 00:01:00,3.8349644e-26,0.0,65.71962,357730.44,0.75,0.0,28.874004,3.4859352e-06,0.25,1.0,68.01985,0.0,0.0,0.0,-2.3599593e-23,-5.648107e-06,0.005004883,-400.25253,65.71962,55.184006,0.0,0.9,0.0,-1.7523063e-26,0.0,75.89368,64.96233,64.799576,65.8319,68.61177
2018-01-02 00:02:00,-4.3286024e-26,0.0,65.71962,357730.44,0.75,0.0,28.808033,2.3239568e-06,0.25,1.0,68.01897,0.0,0.0,0.0,-5.423968e-25,1.5641188e-08,0.005004883,-400.25253,65.71962,55.184006,0.0,0.9,0.0,-2.2401517e-25,0.0,75.89966,64.9608,64.79831,65.829704,68.606384
2018-01-02 00:03:00,-1.9959241000000002e-26,0.0,65.71962,357730.44,0.75,0.0,28.742004,-1.1619784e-06,0.25,1.0,68.01766,0.0,0.0,0.0,-2.0824394e-23,-1.4653638e-06,0.005004883,-400.25253,65.71962,55.184006,0.0,0.9,0.0,-8.409664e-25,0.0,75.903564,64.95926,64.79704,65.82751,68.60095
2018-01-02 00:04:00,5.2240904000000006e-27,0.0,65.71962,357730.44,0.75,0.0,28.676031,1.1619784e-06,0.25,1.0,68.01648,0.0,0.0,0.0,-3.5107174000000005e-24,-5.7508196e-06,0.005004883,-400.25253,65.71962,55.184006,0.0,0.9,0.0,-2.7250000000000003e-26,0.0,75.90813,64.95772,64.79573,65.82531,68.59551
2018-01-02 00:05:00,2.0052053e-25,0.0,65.71962,357730.44,0.75,0.0,28.610004,-1.1619784e-06,0.25,1.0,68.01522,0.0,0.0,0.0,-9.260616400000001e-24,4.3242667e-06,0.005004883,-400.25253,65.71962,55.184006,0.0,0.9,0.0,-1.7693953e-26,0.0,75.91235,64.95618,64.7944,65.82311,68.59007
2018-01-02 00:06:00,5.6249197e-26,0.0,65.71962,357730.44,0.75,0.0,28.544031,-2.3239568e-06,0.25,1.0,68.01398,0.0,0.0,0.0,-4.282976e-26,3.998294e-06,0.005004883,-400.25253,65.71962,55.184006,0.0,0.9,0.0,-1.8176495e-24,0.0,75.91658,64.95464,64.79309,65.820915,68.58464
2018-01-02 00:07:00,2.6645377e-25,0.0,65.71962,357730.44,0.75,0.0,28.478003,-1.1619784e-06,0.25,1.0,68.01269,0.0,0.0,0.0,-8.081633e-24,-3.5805767e-06,0.005004883,-400.25253,65.71962,55.184006,0.0,0.9,0.0,-4.254906e-24,0.0,75.92076,64.95305,64.79177,65.818665,68.57919
2018-01-02 00:08:00,1.1640571000000001e-27,0.0,65.71962,357730.44,0.75,0.0,28.41203,3.4859352e-06,0.25,1.0,68.01139,0.0,0.0,0.0,-1.6424568e-23,-5.0866342e-06,0.005004883,-400.25253,65.71962,55.184006,0.0,0.9,0.0,-8.46939e-25,0.0,75.92488,64.95151,64.7904,65.81647,68.5737
2018-01-02 00:09:00,-2.07928e-27,0.0,65.71962,357730.44,0.75,0.0,28.346003,-1.1619784e-06,0.25,1.0,68.01006,0.0,0.0,0.0,-2.0666193e-23,-5.6796466e-07,0.005004883,-400.25253,65.71962,55.184006,0.0,0.9,0.0,-9.86887e-28,0.0,75.92889,64.94992,64.78908,65.81421,68.56821
2018-01-02 00:10:00,-4.2785619999999996e-26,0.0,65.71962,357730.44,0.75,0.0,28.28003,-2.3239568e-06,0.25,1.0,68.00871,0.0,0.0,0.0,-3.2450967e-24,-6.3403354e-06,0.005004883,-400.25253,65.71962,55.184006,0.0,0.9,0.0,-4.852065e-25,0.0,75.932846,64.948326,64.78765,65.811966,68.562775
2018-01-02 00:11:00,5.397663e-25,0.0,65.71962,357730.44,0.75,0.0,28.214,-1.1619784e-06,0.25,1.0,68.007355,0.0,0.0,0.0,-3.9062735e-24,1.4577337e-06,0.005004883,-400.25253,65.71962,55.184006,0.0,0.9,0.0,-9.536542e-28,0.0,75.9368,64.94673,64.78628,65.80971,68.55728
2018-01-02 00:12:00,-3.7945812000000004e-26,0.0,65.71962,357730.44,0.75,0.0,28.14803,0.0,0.25,1.0,68.00593,0.0,0.0,0.0,-1.6696198e-23,-1.6865343e-06,0.005004883,-400.25253,65.71962,55.184006,0.0,0.9,0.0,-9.966622499999999e-25,0.0,75.94058,64.94508,64.78485,65.8074,68.55173
2018-01-02 00:13:00,2.0365332e-26,0.0,65.71962,357730.44,0.75,0.0,28.082,-1.1619784e-06,0.25,1.0,68.00453,0.0,0.0,0.0,-6.0039403000000004e-24,5.6998297e-06,0.005004883,-400.25253,65.71962,55.184006,0.0,0.9,0.0,-1.8647909e-25,0.0,75.94438,64.9435,64.78342,65.805145,68.546234
2018-01-02 00:14:00,2.6784022e-26,0.0,65.71962,357730.44,0.75,0.0,28.016027,-2.3239568e-06,0.25,1.0,68.0031,0.0,0.0,0.0,-1.29248596e-23,3.5023197e-06,0.005004883,-400.25253,65.71962,55.184006,0.0,0.9,0.0,-1.4162865e-25,0.0,75.94811,64.94185,64.782,65.80284,68.540695
2018-01-02 00:15:00,9.110185999999999e-26,0.0,65.71962,357730.44,0.75,0.0,27.95,-1.1619784e-06,0.25,1.0,68.00163,0.0,0.0,0.0,-8.802438e-25,2.3749085e-06,0.005004883,-400.25253,65.71962,55.184006,0.0,0.9,0.0,-4.4459923e-26,0.0,75.95174,64.9402,64.78051,65.80054,68.5352
2018-01-02 00:16:00,1.5484177999999999e-25,0.0,65.71962,357730.44,0.75,0.0,27.884027,-1.1619784e-06,0.25,1.0,68.00017,0.0,0.0,0.0,-2.5551305e-24,-5.1102575e-06,0.005004883,-400.25253,65.71962,55.184006,0.0,0.9,0.0,-2.4684594e-24,0.0,75.95537,64.93855,64.77902,65.79823,68.52965
2018-01-02 00:17:00,5.1211238000000003e-26,0.0,65.71962,357730.44,0.75,0.0,27.817999,1.1619784e-06,0.25,1.0,67.99866,0.0,0.0,0.0,-1.4000770999999998e-23,3.9227243e-06,0.005004883,-400.25253,65.71962,55.184006,0.0,0.9,0.0,-8.069311e-27,0.0,75.95888,64.936844,64.77754,65.79592,68.5241
2018-01-02 00:18:00,2.6467892999999996e-25,0.0,65.71962,357730.44,0.75,0.0,27.752026,-1.1619784e-06,0.25,1.0,67.997116,0.0,0.0,0.0,-1.5518071e-23,-1.4072494e-06,0.005004883,-400.25253,65.71962,55.184006,0.0,0.9,0.0,-3.313363e-29,0.0,75.96234,64.935196,64.776,65.793564,68.51849
2018-01-02 00:19:00,7.158915e-26,0.0,65.71962,357730.44,0.75,0.0,27.685999,-1.1619784e-06,0.25,1.0,67.99558,0.0,0.0,0.0,-1.1112259e-23,3.308981e-06,0.005004883,-400.25253,65.71962,55.184006,0.0,0.9,0.0,-2.8191443e-25,0.0,75.965744,64.933495,64.77447,65.79125,68.512955
2018-01-02 00:20:00,-2.0527205000000002e-26,0.0,65.71962,357730.44,0.75,0.0,27.620026,0.0,0.25,1.0,67.99401,0.0,0.0,0.0,-1.2232295e-23,-2.50941e-06,0.005004883,-400.25253,65.71962,55.184006,0.0,0.9,0.0,-2.2664526e-24,0.0,75.9691,64.93179,64.772934,65.788895,68.50735
2018-01-02 00:21:00,7.295434e-27,0.0,65.71962,357730.44,0.75,0.0,27.553997,-1.1619784e-06,0.25,1.0,67.992424,0.0,0.0,0.0,-7.9264072999999995e-25,-5.2636215e-06,0.005004883,-400.25253,65.71962,55.184006,0.0,0.9,0.0,-1.7080552000000002e-24,0.0,75.9724,64.930084,64.77133,65.78653,68.5018
2018-01-02 00:22:00,-3.044074e-25,0.0,65.71962,357730.44,0.75,0.0,27.488026,1.1619784e-06,0.25,1.0,67.99082,0.0,0.0,0.0,-6.166519e-24,2.1164874e-06,0.005004883,-400.25253,65.71962,55.184006,0.0,0.9,0.0,-2.1903267000000002e-24,0.0,75.97563,64.92833,64.769745,65.784164,68.4962
2018-01-02 00:23:00,3.2063082000000004e-26,0.0,65.71962,357730.44,0.75,0.0,27.421997,3.4859352e-06,0.25,1.0,67.98918,0.0,0.0,0.0,-4.4996052e-23,2.1945255e-06,0.005004883,-400.25253,65.71962,55.184006,0.0,0.9,0.0,-1.5603222999999999e-25,0.0,75.97882,64.92663,64.76815,65.78175,68.49054
2018-01-02 00:24:00,6.1007976e-26,0.0,65.71962,357730.44,0.75,0.0,27.356024,-1.1619784e-06,0.25,1.0,67.987526,0.0,0.0,0.0,-6.731225000000001e-23,2.996224e-06,0.005004883,-400.25253,65.71962,55.184006,0.0,0.9,0.0,-3.5339786000000005e-27,0.0,75.98195,64.924866,64.7665,65.77939,68.48494
2018-01-02 00:25:00,2.4150089e-26,0.0,65.71962,357730.44,0.75,0.0,27.289997,-1.1619784e-06,0.25,1.0,67.985855,0.0,0.0,0.0,-1.0010043e-23,-2.6587986e-06,0.005004883,-400.25253,65.71962,55.184006,0.0,0.9,0.0,-7.98223e-26,0.0,75.98497,64.92311,64.76491,65.77697,68.47933
2018-01-02 00:26:00,2.9271030000000003e-25,0.0,65.71962,357730.44,0.75,0.0,27.224024,3.4859352e-06,0.25,1.0,67.98415,0.0,0.0,0.0,-4.8422703e-23,-8.962547e-07,0.005004883,-400.25253,65.71962,55.184006,0.0,0.9,0.0,-1.859706e-25,0.0,75.98799,64.92136,64.76321,65.77455,68.47368
2018-01-02 00:27:00,1.8762684000000002e-26,0.0,65.71962,357730.44,0.75,0.0,27.157995,3.4859352e-06,0.25,1.0,67.982445,0.0,0.0,0.0,-9.560143e-24,-5.9785843e-06,0.005004883,-400.25253,65.71962,55.184006,0.0,0.9,0.0,-2.446418e-25,0.0,75.99096,64.91954,64.76156,65.77214,68.46802
2018-01-02 00:28:00,4.1423397000000005e-26,0.0,65.71962,357730.44,0.75,0.0,27.092022,0.0,0.25,1.0,67.9807,0.0,0.0,0.0,-1.5583157999999998e-23,1.9706347e-06,0.005004883,-400.25253,65.71962,55.184006,0.0,0.9,0.0,-2.2324947e-24,0.0,75.993866,64.917786,64.75986,65.76967,68.46236
2018-01-02 00:29:00,2.0077754999999998e-25,0.0,65.71962,357730.44,0.75,0.0,27.025995,1.1619784e-06,0.25,1.0,67.97896,0.0,0.0,0.0,-6.846522e-24,-1.3648597e-06,0.005004883,-400.25253,65.71962,55.184006,0.0,0.9,0.0,-1.1043369e-25,0.0,75.99673,64.91597,64.75815,65.76724,68.456696
2018-01-02 00:30:00,-1.0335048e-26,0.0,65.71962,357730.44,0.75,0.0,26.960022,-1.1619784e-06,0.25,1.0,67.977165,0.0,0.0,0.0,-4.1304757e-24,6.0586644e-06,0.005004883,-400.25253,65.71962,55.184006,0.0,0.9,0.0,-4.565646e-25,0.0,75.99953,64.914154,64.75639,65.76477,68.45099
2018-01-02 00:31:00,4.9129163e-27,0.0,65.71962,357730.44,0.75,0.0,26.893993,1.1619784e-06,0.25,1.0,67.97539,0.0,0.0,0.0,-2.6577400000000004e-24,3.2058956e-06,0.005004883,-400.25253,65.71962,55.184006,0.0,0.9,0.0,-1.6190180000000002e-29,0.0,76.002335,64.912346,64.75469,65.7623,68.445274
2018-01-02 00:32:00,-1.9693751e-25,0.0,65.71962,357730.44,0.75,0.0,26.828022,2.3239568e-06,0.25,1.0,67.97357,0.0,0.0,0.0,-3.0716672e-23,1.4149248e-06,0.005004883,-400.25253,65.71962,55.184006,0.0,0.9,0.0,-1.6738232e-24,0.0,76.00502,64.91048,64.75293,65.75983,68.43962
2018-01-02 00:33:00,-8.956001e-26,0.0,65.71962,357730.44,0.75,0.0,26.761993,0.0,0.25,1.0,67.971725,0.0,0.0,0.0,-1.0361768500000001e-23,-8.1593544e-07,0.005004883,-400.25253,65.71962,55.184006,0.0,0.9,0.0,-5.6930836e-27,0.0,76.00766,64.908615,64.75112,65.757355,68.4339
2018-01-02 00:34:00,5.2167270000000004e-27,0.0,65.71962,357730.44,0.75,0.0,26.69602,-1.1619784e-06,0.25,1.0,67.96989,0.0,0.0,0.0,-8.11368e-23,-1.0484099e-06,0.005004883,-400.25253,65.71962,55.184006,0.0,0.9,0.0,-4.8153295e-28,0.0,76.0103,64.9068,64.74936,65.75484,68.42813
2018-01-02 00:35:00,3.19889e-26,0.0,65.71962,357730.44,0.75,0.0,26.629993,1.1619784e-06,0.25,1.0,67.968,0.0,0.0,0.0,-1.1757265e-23,-9.068105e-06,0.005004883,-400.25253,65.71962,55.184006,0.0,0.9,0.0,-1.2446469400000001e-26,0.0,76.01288,64.90493,64.7475,65.752304,68.422424
2018-01-02 00:36:00,3.0964375999999997e-25,0.0,65.71962,357730.44,0.75,0.0,26.56402,3.4859352e-06,0.25,1.0,67.96612,0.0,0.0,0.0,-1.7844783e-23,5.9493264e-06,0.005004883,-400.25253,65.71962,55.184006,0.0,0.9,0.0,-3.7393415e-25,0.0,76.0154,64.90301,64.74568,65.74983,68.41666
2018-01-02 00:37:00,-7.133142e-27,0.0,65.71962,357730.44,0.75,0.0,26.497992,-1.1619784e-06,0.25,1.0,67.96422,0.0,0.0,0.0,-1.4644524e-23,-3.1432567e-06,0.005004883,-400.25253,65.71962,55.184006,0.0,0.9,0.0,-6.239975e-25,0.0,76.017876,64.90114,64.74382,65.74731,68.41094
2018-01-02 00:38:00,-1.447348e-26,0.0,65.71962,357730.44,0.75,0.0,26.432018,1.1619784e-06,0.25,1.0,67.96229,0.0,0.0,0.0,-5.1936890000000007e-23,-2.171527e-06,0.005004883,-400.25253,65.71962,55.184006,0.0,0.9,0.0,-5.649617999999999e-26,0.0,76.020294,64.899216,64.742004,65.74472,68.405174
2018-01-02 00:39:00,4.6693204e-26,0.0,65.71962,357730.44,0.75,0.0,26.365992,1.1619784e-06,0.25,1.0,67.96034,0.0,0.0,0.0,-2.0670544e-23,5.940036e-06,0.005004883,-400.25253,65.71962,55.184006,0.0,0.9,0.0,-1.8838602e-24,0.0,76.022705,64.89729,64.74008,65.7422,68.39941
2018-01-02 00:40:00,4.25827e-26,0.0,65.71962,357730.44,0.75,0.0,26.300018,-1.1619784e-06,0.25,1.0,67.95836,0.0,0.0,0.0,-6.0495846e-24,-2.3630773e-06,0.005004883,-400.25253,65.71962,55.184006,0.0,0.9,0.0,-9.768902e-26,0.0,76.02502,64.89537,64.73821,65.73962,68.393585
2018-01-02 00:41:00,-2.3002945e-26,0.0,65.71962,357730.44,0.75,0.0,26.23399,-1.1619784e-06,0.25,1.0,67.95638,0.0,0.0,0.0,-6.784846600000001e-26,2.8209045e-06,0.005004883,-400.25253,65.71962,55.184006,0.0,0.9,0.0,-3.4482592e-26,0.0,76.02733,64.89345,64.73629,65.73703,68.38782
2018-01-02 00:42:00,3.655221e-25,0.0,65.71962,357730.44,0.75,0.0,26.168018,1.1619784e-06,0.25,1.0,67.954384,0.0,0.0,0.0,-6.3035437000000006e-24,-8.3384606e-07,0.005004883,-400.25253,65.71962,55.184006,0.0,0.9,0.0,-7.797867e-27,0.0,76.02963,64.891525,64.734314,65.73445,68.38199
2018-01-02 00:43:00,1.2592719e-26,0.0,65.71962,357730.44,0.75,0.0,26.10199,1.1619784e-06,0.25,1.0,67.95237,0.0,0.0,0.0,-1.9795153e-23,3.5908574e-06,0.005004883,-400.25253,65.71962,55.184006,0.0,0.9,0.0,-5.276732e-26,0.0,76.03183,64.88955,64.73239,65.73187,68.376175
2018-01-02 00:44:00,-6.204861e-26,0.0,65.71962,357730.44,0.75,0.0,26.036016,-2.3239568e-06,0.25,1.0,67.95033,0.0,0.0,0.0,-9.9747467e-23,4.198115e-06,0.005004883,-400.25253,65.71962,55.184006,0.0,0.9,0.0,-8.2635606e-25,0.0,76.03403,64.88757,64.73041,65.729294,68.370346
2018-01-02 00:45:00,1.4484098e-27,0.0,65.71962,357730.44,0.75,0.0,25.96999,-2.3239568e-06,0.25,1.0,67.94827,0.0,0.0,0.0,-1.4910205e-23,3.3141669e-06,0.005004883,-400.25253,65.71962,55.184006,0.0,0.9,0.0,-8.631382e-27,0.0,76.03616,64.88559,64.72844,65.726654,68.364525
2018-01-02 00:46:00,-4.0942522e-26,0.0,65.71962,357730.44,0.75,0.0,25.904016,1.1619784e-06,0.25,1.0,67.946205,0.0,0.0,0.0,-5.185316e-24,9.0037685e-07,0.005004883,-400.25253,65.71962,55.184006,0.0,0.9,0.0,-1.5828075e-25,0.0,76.03825,64.88362,64.7264,65.724014,68.3587
2018-01-02 00:47:00,-4.9270388000000006e-27,0.0,65.71962,357730.44,0.75,0.0,25.837988,1.1619784e-06,0.25,1.0,67.944115,0.0,0.0,0.0,-1.6944775e-23,-6.80829e-06,0.005004883,-400.25253,65.71962,55.184006,0.0,0.9,0.0,-3.7783254000000005e-24,0.0,76.040344,64.881584,64.72443,65.721375,68.35283
2018-01-02 00:48:00,-4.0481963e-26,0.0,65.71962,357730.44,0.75,0.0,25.772015,1.1619784e-06,0.25,1.0,67.94202,0.0,0.0,0.0,-1.07929685e-23,-6.729589e-07,0.005004883,-400.25253,65.71962,55.184006,0.0,0.9,0.0,-3.3067127e-27,0.0,76.04237,64.87961,64.7224,65.71874,68.34695
2018-01-02 00:49:00,-2.824495e-26,0.0,65.71962,357730.44,0.75,0.0,25.705988,0.0,0.25,1.0,67.93988,0.0,0.0,0.0,-2.889598e-23,-6.6319944e-06,0.005004883,-400.25253,65.71962,55.184006,0.0,0.9,0.0,-1.9909469e-24,0.0,76.04436,64.87758,64.72031,65.71611,68.341064
2018-01-02 00:50:00,1.5374354e-25,0.0,65.71962,357730.44,0.75,0.0,25.640015,-1.1619784e-06,0.25,1.0,67.937744,0.0,0.0,0.0,-1.4565138e-23,2.5546512e-06,0.005004883,-400.25253,65.71962,55.184006,0.0,0.9,0.0,-3.8875445e-25,0.0,76.046326,64.87554,64.718216,65.71341,68.33519
2018-01-02 00:51:00,1.2582965500000001e-26,0.0,65.71962,357730.44,0.75,0.0,25.573986,1.1619784e-06,0.25,1.0,67.93558,0.0,0.0,0.0,-8.377158e-24,-1.343976e-06,0.005004883,-400.25253,65.71962,55.184006,0.0,0.9,0.0,-1.3430412e-24,0.0,76.04825,64.87346,64.716125,65.710724,68.329315
2018-01-02 00:52:00,-7.117383000000001e-27,0.0,65.71962,357730.44,0.75,0.0,25.508015,1.1619784e-06,0.25,1.0,67.933395,0.0,0.0,0.0,-4.7289407000000005e-24,8.733467e-07,0.005004883,-400.25253,65.71962,55.184006,0.0,0.9,0.0,-1.2543854e-27,0.0,76.050125,64.87142,64.71404,65.70803,68.32338
2018-01-02 00:53:00,-6.122247e-27,0.0,65.71962,357730.44,0.75,0.0,25.441986,1.1619784e-06,0.25,1.0,67.93121,0.0,0.0,0.0,-3.1119938e-23,3.2844268e-06,0.005004883,-400.25253,65.71962,55.184006,0.0,0.9,0.0,-3.214483e-25,0.0,76.05199,64.86934,64.7119,65.70534,68.317505
2018-01-02 00:54:00,-1.5647397e-25,0.0,65.71962,357730.44,0.75,0.0,25.376013,2.3239568e-06,0.25,1.0,67.929,0.0,0.0,0.0,-1.6077601000000001e-24,-7.559721e-06,0.005004883,-400.25253,65.71962,55.184006,0.0,0.9,0.0,-4.5070403e-26,0.0,76.0538,64.86725,64.70976,65.70265,68.31157
2018-01-02 00:55:00,-5.125473000000001e-25,0.0,65.71962,357730.44,0.75,0.0,25.309986,1.1619784e-06,0.25,1.0,67.92679,0.0,0.0,0.0,-1.5044035e-23,-7.2789453e-07,0.005004883,-400.25253,65.71962,55.184006,0.0,0.9,0.0,-1.0436782999999999e-25,0.0,76.05562,64.86516,64.70761,65.699905,68.30563
2018-01-02 00:56:00,2.6311605e-26,0.0,65.71962,357730.44,0.75,0.0,25.244013,0.0,0.25,1.0,67.92455,0.0,0.0,0.0,-1.0217447e-23,1.3482717e-06,0.005004883,-400.25253,65.71962,55.184006,0.0,0.9,0.0,-1.1500876e-24,0.0,76.05737,64.86307,64.705475,65.69716,68.299706
2018-01-02 00:57:00,4.5392266000000005e-27,0.0,65.71962,357730.44,0.75,0.0,25.177984,1.1619784e-06,0.25,1.0,67.92229,0.0,0.0,0.0,-5.4783129999999995e-24,1.6365325e-06,0.005004883,-400.25253,65.71962,55.184006,0.0,0.9,0.0,-3.9314094e-24,0.0,76.059074,64.86093,64.70328,65.69446,68.29372
2018-01-02 00:58:00,3.1420558e-26,0.0,65.71962,357730.44,0.75,0.0,25.112011,1.1619784e-06,0.25,1.0,67.92003,0.0,0.0,0.0,-8.3477734e-24,4.0284726e-06,0.005004883,-400.25253,65.71962,55.184006,0.0,0.9,0.0,-3.4030864e-24,0.0,76.060776,64.85884,64.70108,65.691666,68.28778
2018-01-02 00:59:00,-2.6827753999999997e-25,0.0,65.71962,357730.44,0.75,0.0,25.045984,1.1619784e-06,0.25,1.0,67.91774,0.0,0.0,0.0,-6.100748e-24,3.928729e-06,0.005004883,-400.25253,65.71962,55.184006,0.0,0.9,0.0,-8.1204893e-25,0.0,76.06242,64.856705,64.69882,65.68892,68.2818
2018-01-02 01:00:00,-1.9973439999999998e-26,0.0,65.71962,357730.44,0.75,0.0,24.980011,0.0,0.25,1.0,67.91544,0.0,0.0,0.0,-5.4523877e-24,-5.560863e-07,0.005004883,-400.25253,65.71962,55.184006,0.0,0.9,0.0,-5.293404e-26,0.0,76.06407,64.85455,64.69658,65.68617,68.27581
2018-01-02 01:01:00,-1.4178555e-26,0.0,65.71962,357730.44,0.75,0.0,25.013025,3.4859352e-06,0.25,1.0,67.91311,0.0,0.0,0.0,-2.994086e-24,2.4937683e-06,0.005004883,-400.25253,65.71962,55.184006,0.0,0.9,0.0,-3.6992082e-24,0.0,76.06567,64.852356,64.69432,65.683365,68.26982
2018-01-02 01:02:00,1.0720704999999998e-25,0.0,65.71962,357730.44,0.75,0.0,25.045984,-1.1619784e-06,0.25,1.0,67.91079,0.0,0.0,0.0,-8.813263000000001e-25,-5.0945864e-06,0.005004883,-400.25253,65.71962,55.184006,0.0,0.9,0.0,-9.936059e-25,0.0,76.06726,64.85022,64.69207,65.680565,68.26384
2018-01-02 01:03:00,1.9624955e-26,0.0,65.71962,357730.44,0.75,0.0,25.078999,1.1619784e-06,0.25,1.0,67.90847,0.0,0.0,0.0,-1.6393584e-23,4.5140127e-06,0.005004883,-400.25253,65.71962,55.184006,0.0,0.9,0.0,-5.0334473e-25,0.0,76.0688,64.848076,64.68982,65.67782,68.25784
2018-01-02 01:04:00,-1.1874695e-26,0.0,65.71962,357730.44,0.75,0.0,25.112011,0.0,0.25,1.0,67.906136,0.0,0.0,0.0,-1.693336e-23,-1.6058849e-06,0.005004883,-400.25253,65.71962,55.184006,0.0,0.9,0.0,-1.3738333e-26,0.0,76.07028,64.84588,64.68762,65.67502,68.25186
2018-01-02 01:05:00,2.6223564000000003e-27,0.0,65.71962,357730.44,0.75,0.0,25.145025,1.1619784e-06,0.25,1.0,67.90381,0.0,0.0,0.0,-1.0003801e-24,4.109285e-06,0.005004883,-400.25253,65.71962,55.184006,0.0,0.9,0.0,-6.3926256e-25,0.0,76.07176,64.843735,64.68536,65.67227,68.245926
2018-01-02 01:06:00,-1.462992e-26,0.0,65.71962,357730.44,0.75,0.0,25.177984,1.1619784e-06,0.25,1.0,67.901474,0.0,0.0,0.0,-1.6894946999999998e-23,-5.4344873e-06,0.005004883,-400.25253,65.71962,55.184006,0.0,0.9,0.0,-2.5899713999999997e-25,0.0,76.07324,64.8416,64.68317,65.669464,68.239944
2018-01-02 01:07:00,7.4967023e-26,0.0,65.71962,357730.44,0.75,0.0,25.210999,1.1619784e-06,0.25,1.0,67.899155,0.0,0.0,0.0,-1.9388837000000002e-26,-2.753924e-06,0.005004883,-400.25253,65.71962,55.184006,0.0,0.9,0.0,-9.922488e-25,0.0,76.07468,64.83945,64.68092,65.66672,68.23401
2018-01-02 01:08:00,-7.755921400000001e-26,0.0,65.71962,357730.44,0.75,0.0,25.244013,1.1619784e-06,0.25,1.0,67.896835,0.0,0.0,0.0,-1.8433942e-23,8.686788e-06,0.005004883,-400.25253,65.71962,55.184006,0.0,0.9,0.0,-3.4110175e-25,0.0,76.0761,64.83731,64.67873,65.66397,68.22807
2018-01-02 01:09:00,-5.334793999999999e-26,0.0,65.71962,357730.44,0.75,0.0,25.277027,-1.1619784e-06,0.25,1.0,67.8945,0.0,0.0,0.0,-5.627207e-24,1.447719e-06,0.005004883,-400.25253,65.71962,55.184006,0.0,0.9,0.0,-3.811098e-24,0.0,76.07748,64.83517,64.67653,65.66118,68.22214
2018-01-02 01:10:00,7.668436999999999e-26,0.0,65.71962,357730.44,0.75,0.0,25.309986,1.1619784e-06,0.25,1.0,67.89217,0.0,0.0,0.0,-4.1779805e-24,-1.0089661e-06,0.005004883,-400.25253,65.71962,55.184006,0.0,0.9,0.0,-2.4243563e-26,0.0,76.07885,64.83302,64.67433,65.65843,68.21626
2018-01-02 01:11:00,5.680200300000001e-26,0.0,65.71962,357730.44,0.75,0.0,25.342999,1.1619784e-06,0.25,1.0,67.88985,0.0,0.0,0.0,-6.5049833e-24,-1.2508867e-06,0.005004883,-400.25253,65.71962,55.184006,0.0,0.9,0.0,-4.7655053000000005e-27,0.0,76.08017,64.83089,64.67218,65.655685,68.21033
2018-01-02 01:12:00,-2.6512903e-26,0.0,65.71962,357730.44,0.75,0.0,25.376013,-1.1619784e-06,0.25,1.0,67.88753,0.0,0.0,0.0,-5.959567e-24,-5.852511e-06,0.005004883,-400.25253,65.71962,55.184006,0.0,0.9,0.0,-2.2489943e-24,0.0,76.08148,64.828735,64.66998,65.65294,68.20445
2018-01-02 01:13:00,-1.0839611e-25,0.0,65.71962,357730.44,0.75,0.0,25.409027,0.0,0.25,1.0,67.885185,0.0,0.0,0.0,-2.0137325e-23,-2.2516074e-06,0.005004883,-400.25253,65.71962,55.184006,0.0,0.9,0.0,-8.730997e-25,0.0,76.08275,64.82665,64.66785,65.65019,68.19852
2018-01-02 01:14:00,8.562083600000001e-26,0.0,65.71962,357730.44,0.75,0.0,25.441986,-2.3239568e-06,0.25,1.0,67.88285,0.0,0.0,0.0,-1.6869426000000002e-24,1.9464705e-06,0.005004883,-400.25253,65.71962,55.184006,0.0,0.9,0.0,-3.1060057e-24,0.0,76.084015,64.82451,64.66565,65.647446,68.19264
2018-01-02 01:15:00,6.448375e-26,0.0,65.71962,357730.44,0.75,0.0,25.475,-1.1619784e-06,0.25,1.0,67.880516,0.0,0.0,0.0,-4.5323968000000005e-24,-1.1945112e-05,0.005004883,-400.25253,65.71962,55.184006,0.0,0.9,0.0,-5.1140855e-24,0.0,76.08522,64.82237,64.663506,65.6447,68.18677
2018-01-02 01:16:00,-3.4202604999999997e-25,0.0,65.71962,357730.44,0.75,0.0,25.508015,1.1619784e-06,0.25,1.0,67.87819,0.0,0.0,0.0,-4.7432700000000006e-24,-4.8453467e-07,0.005004883,-400.25253,65.71962,55.184006,0.0,0.9,0.0,-1.6339328e-25,0.0,76.086426,64.82028,64.66136,65.64195,68.18094
2018-01-02 01:17:00,1.1206949e-25,0.0,65.71962,357730.44,0.75,0.0,25.541027,-1.1619784e-06,0.25,1.0,67.875854,0.0,0.0,0.0,-8.457678e-24,-2.3086504e-06,0.005004883,-400.25253,65.71962,55.184006,0.0,0.9,0.0,-1.4239571000000001e-24,0.0,76.08764,64.81814,64.659225,65.639206,68.175064
2018-01-02 01:18:00,3.8524022000000003e-26,0.0,65.71962,357730.44,0.75,0.0,25.573986,1.1619784e-06,0.25,1.0,67.873535,0.0,0.0,0.0,-2.2133613e-25,-2.4258813e-06,0.005004883,-400.25253,65.71962,55.184006,0.0,0.9,0.0,-2.6039509999999997e-26,0.0,76.08879,64.816055,64.657135,65.63646,68.16924
2018-01-02 01:19:00,6.2354925000000004e-27,0.0,65.71962,357730.44,0.75,0.0,25.607,1.1619784e-06,0.25,1.0,67.87119,0.0,0.0,0.0,-4.555789e-23,-6.5370987e-06,0.005004883,-400.25253,65.71962,55.184006,0.0,0.9,0.0,-8.521326e-24,0.0,76.08995,64.8139,64.65499,65.63376,68.16336
2018-01-02 01:20:00,-1.1511160000000001e-25,0.0,65.71962,357730.44,0.75,0.0,25.640015,1.1619784e-06,0.25,1.0,67.86887,0.0,0.0,0.0,-5.983362e-23,-1.4332575e-06,0.005004883,-400.25253,65.71962,55.184006,0.0,0.9,0.0,-2.9960352e-26,0.0,76.091095,64.81182,64.65291,65.63101,68.15755
2018-01-02 01:21:00,-2.3099773e-26,0.0,65.71962,357730.44,0.75,0.0,25.673029,1.1619784e-06,0.25,1.0,67.86658,0.0,0.0,0.0,-2.510292e-23,1.806126e-06,0.005004883,-400.25253,65.71962,55.184006,0.0,0.9,0.0,-9.593180300000001e-26,0.0,76.09219,64.80974,64.65082,65.62833,68.15178
2018-01-02 01:22:00,1.3101782e-25,0.0,65.71962,357730.44,0.75,0.0,25.705988,1.1619784e-06,0.25,1.0,67.86422,0.0,0.0,0.0,-2.3809506e-25,-2.120992e-06,0.005004883,-400.25253,65.71962,55.184006,0.0,0.9,0.0,-8.435079e-25,0.0,76.09325,64.80759,64.64873,65.62558,68.14595
2018-01-02 01:23:00,-2.4297457000000003e-26,0.0,65.71962,357730.44,0.75,0.0,25.739002,0.0,0.25,1.0,67.8619,0.0,0.0,0.0,-4.1083347e-24,-6.623608e-08,0.005004883,-400.25253,65.71962,55.184006,0.0,0.9,0.0,-2.4836605e-24,0.0,76.094345,64.805504,64.64664,65.62289,68.14013
2018-01-02 01:24:00,2.6729732000000004e-26,0.0,65.71962,357730.44,0.75,0.0,25.772015,-2.3239568e-06,0.25,1.0,67.85959,0.0,0.0,0.0,-4.300875e-24,-5.088232e-06,0.005004883,-400.25253,65.71962,55.184006,0.0,0.9,0.0,-2.9416345e-24,0.0,76.09538,64.80342,64.644554,65.62019,68.13436
2018-01-02 01:25:00,-3.4150696e-25,0.0,65.71962,357730.44,0.75,0.0,25.805029,-1.1619784e-06,0.25,1.0,67.857254,0.0,0.0,0.0,-1.7384713e-23,4.699992e-07,0.005004883,-400.25253,65.71962,55.184006,0.0,0.9,0.0,-3.6386943e-26,0.0,76.096375,64.80133,64.64252,65.61745,68.12859
2018-01-02 01:26:00,-2.0513223e-26,0.0,65.71962,357730.44,0.75,0.0,25.837988,-1.1619784e-06,0.25,1.0,67.854935,0.0,0.0,0.0,-7.052028e-26,4.3930263e-06,0.005004883,-400.25253,65.71962,55.184006,0.0,0.9,0.0,-6.6555030000000005e-25,0.0,76.09741,64.79924,64.640434,65.61476,68.122826
2018-01-02 01:27:00,5.499744e-26,0.0,65.71962,357730.44,0.75,0.0,25.871002,-1.1619784e-06,0.25,1.0,67.852615,0.0,0.0,0.0,-9.2086655e-23,3.492919e-06,0.005004883,-400.25253,65.71962,55.184006,0.0,0.9,0.0,-4.1346902e-25,0.0,76.098404,64.79715,64.6384,65.61206,68.11706
2018-01-02 01:28:00,3.3335394e-26,0.0,65.71962,357730.44,0.75,0.0,25.904016,-1.1619784e-06,0.25,1.0,67.850296,0.0,0.0,0.0,-8.850035e-24,1.0200773e-05,0.005004883,-400.25253,65.71962,55.184006,0.0,0.9,0.0,-1.7957413e-24,0.0,76.099335,64.79507,64.63637,65.609375,68.11134
2018-01-02 01:29:00,8.941842e-26,0.0,65.71962,357730.44,0.75,0.0,25.93703,-1.1619784e-06,0.25,1.0,67.847984,0.0,0.0,0.0,-4.879114e-24,4.0812874e-06,0.005004883,-400.25253,65.71962,55.184006,0.0,0.9,0.0,-1.0076831999999999e-25,0.0,76.10033,64.79303,64.63434,65.60668,68.105576
2018-01-02 01:30:00,4.4520675000000004e-26,0.0,65.71962,357730.44,0.75,0.0,25.96999,-3.4859352e-06,0.25,1.0,67.84568,0.0,0.0,0.0,-1.0758337e-23,-6.620243e-06,0.005004883,-400.25253,65.71962,55.184006,0.0,0.9,0.0,-1.8199778e-24,0.0,76.10126,64.79095,64.632355,65.60399,68.09987
2018-01-02 01:31:00,-6.808496000000001e-27,0.0,65.71962,357730.44,0.75,0.0,26.003002,0.0,0.25,1.0,67.84335,0.0,0.0,0.0,-3.3862186e-24,-2.2027455e-06,0.005004883,-400.25253,65.71962,55.184006,0.0,0.9,0.0,-3.9122611999999998e-25,0.0,76.10214,64.788864,64.630325,65.6013,68.09415
2018-01-02 01:32:00,-5.0599810000000005e-27,0.0,65.71962,357730.44,0.75,0.0,26.036016,1.1619784e-06,0.25,1.0,67.84107,0.0,0.0,0.0,-6.991565e-24,3.9958263e-07,0.005004883,-400.25253,65.71962,55.184006,0.0,0.9,0.0,-1.5819854e-25,0.0,76.10307,64.78683,64.62835,65.59866,68.08844
2018-01-02 01:33:00,4.669979e-27,0.0,65.71962,357730.44,0.75,0.0,26.06903,-1.1619784e-06,0.25,1.0,67.83876,0.0,0.0,0.0,-5.8889192e-24,7.73249e-06,0.005004883,-400.25253,65.71962,55.184006,0.0,0.9,0.0,-2.0350389e-24,0.0,76.10396,64.784744,64.62637,65.59597,68.082726
2018-01-02 01:34:00,-1.2189783999999998e-25,0.0,65.71962,357730.44,0.75,0.0,26.10199,-1.1619784e-06,0.25,1.0,67.83647,0.0,0.0,0.0,-1.40953e-23,-5.061671e-07,0.005004883,-400.25253,65.71962,55.184006,0.0,0.9,0.0,-2.8123828e-25,0.0,76.10483,64.78271,64.62439,65.59334,68.07707
2018-01-02 01:35:00,-1.1017806e-25,0.0,65.71962,357730.44,0.75,0.0,26.135004,-2.3239568e-06,0.25,1.0,67.83415,0.0,0.0,0.0,-3.0940061999999997e-23,-1.025339e-06,0.005004883,-400.25253,65.71962,55.184006,0.0,0.9,0.0,-7.9780407e-25,0.0,76.10565,64.78067,64.62242,65.59064,68.07141
2018-01-02 01:36:00,8.011657e-26,0.0,65.71962,357730.44,0.75,0.0,26.168018,-1.1619784e-06,0.25,1.0,67.83184,0.0,0.0,0.0,-2.2201103e-23,1.2655044e-05,0.005004883,-400.25253,65.71962,55.184006,0.0,0.9,0.0,-2.9159562999999998e-25,0.0,76.106476,64.77859,64.62044,65.588005,68.0657
2018-01-02 01:37:00,-7.26944e-26,0.0,65.71962,357730.44,0.75,0.0,26.20103,-1.1619784e-06,0.25,1.0,67.82955,0.0,0.0,0.0,-3.1262804e-25,-6.2880267e-06,0.005004883,-400.25253,65.71962,55.184006,0.0,0.9,0.0,-1.641481e-24,0.0,76.1073,64.77655,64.618515,65.58531,68.06009
2018-01-02 01:38:00,-6.4273382e-27,0.0,65.71962,357730.44,0.75,0.0,26.23399,3.4859352e-06,0.25,1.0,67.827255,0.0,0.0,0.0,-5.541904000000001e-23,-7.2907806e-06,0.005004883,-400.25253,65.71962,55.184006,0.0,0.9,0.0,-4.8735732999999995e-25,0.0,76.10812,64.77452,64.61654,65.58267,68.054436
2018-01-02 01:39:00,1.5179396e-27,0.0,65.71962,357730.44,0.75,0.0,26.267004,1.1619784e-06,0.25,1.0,67.82497,0.0,0.0,0.0,-3.3483154000000005e-24,1.14183285e-05,0.005004883,-400.25253,65.71962,55.184006,0.0,0.9,0.0,-1.2296876000000001e-24,0.0,76.1089,64.77249,64.61462,65.58004,68.04878
2018-01-02 01:40:00,-5.8610005e-26,0.0,65.71962,357730.44,0.75,0.0,26.300018,-2.3239568e-06,0.25,1.0,67.822685,0.0,0.0,0.0,-7.923746e-25,1.0737699e-08,0.005004883,-400.25253,65.71962,55.184006,0.0,0.9,0.0,-1.3773542e-25,0.0,76.109665,64.77046,64.61269,65.57741,68.043175
2018-01-02 01:41:00,2.6438971e-28,0.0,65.71962,357730.44,0.75,0.0,26.333033,-2.3239568e-06,0.25,1.0,67.820404,0.0,0.0,0.0,-3.5125000000000004e-24,-5.9287754e-06,0.005004883,-400.25253,65.71962,55.184006,0.0,0.9,0.0,-7.0840825e-26,0.0,76.110435,64.768425,64.610825,65.57477,68.03757
2018-01-02 01:42:00,-4.0066107000000003e-26,0.0,65.71962,357730.44,0.75,0.0,26.365992,3.4859352e-06,0.25,1.0,67.81814,0.0,0.0,0.0,-5.3337146e-24,-5.05884e-06,0.005004883,-400.25253,65.71962,55.184006,0.0,0.9,0.0,-2.2974962e-24,0.0,76.111206,64.76645,64.6089,65.57219,68.03197
2018-01-02 01:43:00,-1.4721299999999999e-25,0.0,65.71962,357730.44,0.75,0.0,26.399006,1.1619784e-06,0.25,1.0,67.81586,0.0,0.0,0.0,-9.807279e-24,-4.7684644e-06,0.005004883,-400.25253,65.71962,55.184006,0.0,0.9,0.0,-6.900595e-25,0.0,76.11192,64.76442,64.60698,65.5696,68.02637
2018-01-02 01:44:00,-1.2441944e-25,0.0,65.71962,357730.44,0.75,0.0,26.432018,-1.1619784e-06,0.25,1.0,67.81358,0.0,0.0,0.0,-7.541973000000001e-25,7.316871e-07,0.005004883,-400.25253,65.71962,55.184006,0.0,0.9,0.0,-1.8118942e-25,0.0,76.11263,64.76238,64.60512,65.56702,68.02077
2018-01-02 01:45:00,-1.3287248e-26,0.0,65.71962,357730.44,0.75,0.0,26.465033,1.1619784e-06,0.25,1.0,67.811325,0.0,0.0,0.0,-1.21666885e-23,6.3206558e-06,0.005004883,-400.25253,65.71962,55.184006,0.0,0.9,0.0,-2.609003e-24,0.0,76.11334,64.76041,64.60324,65.56444,68.01521
2018-01-02 01:46:00,2.5848245e-25,0.0,65.71962,357730.44,0.75,0.0,26.497992,-2.3239568e-06,0.25,1.0,67.80907,0.0,0.0,0.0,-1.4071695e-26,-7.502597e-06,0.005004883,-400.25253,65.71962,55.184006,0.0,0.9,0.0,-3.5008503e-27,0.0,76.11406,64.75838,64.60138,65.56186,68.00967
2018-01-02 01:47:00,1.217027e-25,0.0,65.71962,357730.44,0.75,0.0,26.531006,0.0,0.25,1.0,67.80682,0.0,0.0,0.0,-2.1137392e-23,-2.192477e-06,0.005004883,-400.25253,65.71962,55.184006,0.0,0.9,0.0,-9.366213e-25,0.0,76.114716,64.75639,64.59956,65.559326,68.00412
2018-01-02 01:48:00,2.1674744000000002e-26,0.0,65.71962,357730.44,0.75,0.0,26.56402,3.4859352e-06,0.25,1.0,67.80455,0.0,0.0,0.0,-5.7044629999999996e-24,3.3487165e-06,0.005004883,-400.25253,65.71962,55.184006,0.0,0.9,0.0,-4.1224674999999996e-25,0.0,76.11538,64.754364,64.5977,65.55675,67.998566
2018-01-02 01:49:00,9.962961e-27,0.0,65.71962,357730.44,0.75,0.0,26.597034,1.1619784e-06,0.25,1.0,67.80232,0.0,0.0,0.0,-2.2975248999999998e-23,5.140925e-06,0.005004883,-400.25253,65.71962,55.184006,0.0,0.9,0.0,-7.9931533e-25,0.0,76.11604,64.75238,64.59589,65.55422,67.99307
2018-01-02 01:50:00,7.4893050000000005e-28,0.0,65.71962,357730.44,0.75,0.0,26.629993,3.4859352e-06,0.25,1.0,67.80007,0.0,0.0,0.0,-6.244247e-24,1.9590075e-07,0.005004883,-400.25253,65.71962,55.184006,0.0,0.9,0.0,-6.4825675e-25,0.0,76.1167,64.75041,64.59402,65.5517,67.98753
2018-01-02 01:51:00,-3.168494e-26,0.0,65.71962,357730.44,0.75,0.0,26.663006,-1.1619784e-06,0.25,1.0,67.79783,0.0,0.0,0.0,-6.7640386e-23,-3.800041e-06,0.005004883,-400.25253,65.71962,55.184006,0.0,0.9,0.0,-2.0829994000000002e-24,0.0,76.1173,64.74843,64.59221,65.549164,67.98204
2018-01-02 01:52:00,5.2995885e-26,0.0,65.71962,357730.44,0.75,0.0,26.69602,1.1619784e-06,0.25,1.0,67.795616,0.0,0.0,0.0,-1.8180877e-23,1.8300302e-06,0.005004883,-400.25253,65.71962,55.184006,0.0,0.9,0.0,-1.5604321e-24,0.0,76.117966,64.74645,64.59045,65.546646,67.97655
2018-01-02 01:53:00,4.8091589999999997e-26,0.0,65.71962,357730.44,0.75,0.0,26.729034,1.1619784e-06,0.25,1.0,67.79337,0.0,0.0,0.0,-1.8120398e-23,-6.985076e-06,0.005004883,-400.25253,65.71962,55.184006,0.0,0.9,0.0,-1.6006774e-24,0.0,76.11856,64.74448,64.58864,65.54411,67.971054
2018-01-02 01:54:00,-1.799943e-25,0.0,65.71962,357730.44,0.75,0.0,26.761993,1.1619784e-06,0.25,1.0,67.79114,0.0,0.0,0.0,-3.3411162000000004e-24,-6.444943e-06,0.005004883,-400.25253,65.71962,55.184006,0.0,0.9,0.0,-7.5856884e-25,0.0,76.11917,64.74249,64.58682,65.54159,67.96561
2018-01-02 01:55:00,-2.5766492e-25,0.0,65.71962,357730.44,0.75,0.0,26.795008,1.1619784e-06,0.25,1.0,67.78891,0.0,0.0,0.0,-1.2842535e-23,2.8089562e-06,0.005004883,-400.25253,65.71962,55.184006,0.0,0.9,0.0,-1.007642e-25,0.0,76.11972,64.74057,64.58507,65.53906,67.96011
2018-01-02 01:56:00,4.3556394e-26,0.0,65.71962,357730.44,0.75,0.0,26.828022,0.0,0.25,1.0,67.7867,0.0,0.0,0.0,-7.359183e-24,4.349439e-06,0.005004883,-400.25253,65.71962,55.184006,0.0,0.9,0.0,-1.0726737e-24,0.0,76.12032,64.7386,64.583305,65.53659,67.95468
2018-01-02 01:57:00,-1.0607257999999999e-25,0.0,65.71962,357730.44,0.75,0.0,26.861034,1.1619784e-06,0.25,1.0,67.78448,0.0,0.0,0.0,-7.668136e-26,3.6464485e-06,0.005004883,-400.25253,65.71962,55.184006,0.0,0.9,0.0,-1.5358893000000001e-24,0.0,76.12087,64.73668,64.58154,65.53406,67.94924
2018-01-02 01:58:00,7.6209023e-26,0.0,65.71962,357730.44,0.75,0.0,26.893993,0.0,0.25,1.0,67.78225,0.0,0.0,0.0,-2.7401736e-24,8.554186e-06,0.005004883,-400.25253,65.71962,55.184006,0.0,0.9,0.0,-5.6520434e-25,0.0,76.12142,64.734695,64.57979,65.531586,67.9438
2018-01-02 01:59:00,-4.3320785e-25,0.0,65.71962,357730.44,0.75,0.0,26.927008,-2.3239568e-06,0.25,1.0,67.780075,0.0,0.0,0.0,-6.0535344000000005e-24,-1.3048691e-06,0.005004883,-400.25253,65.71962,55.184006,0.0,0.9,0.0,-8.183804e-26,0.0,76.12197,64.73277,64.57809,65.52911,67.938416
2018-01-02 02:00:00,-3.6746756e-26,0.0,65.71962,357730.44,0.75,0.0,26.960022,-1.1619784e-06,0.25,1.0,67.777855,0.0,0.0,0.0,-1.8107986e-26,5.182853e-06,0.005004883,-400.25253,65.71962,55.184006,0.0,0.9,0.0,-4.2014279999999996e-24,0.0,76.12252,64.7308,64.576324,65.52664,67.93298
2018-01-02 02:01:00,-8.694335999999999e-26,0.0,65.71962,357730.44,0.75,0.0,26.945026,0.0,0.25,1.0,67.77566,0.0,0.0,0.0,-4.4277736999999997e-23,9.4884024e-07,0.005004883,-400.25253,65.71962,55.184006,0.0,0.9,0.0,-1.0313374e-25,0.0,76.12302,64.728874,64.57463,65.52417,67.9276
2018-01-02 02:02:00,3.8191126e-26,0.0,65.71962,357730.44,0.75,0.0,26.930029,0.0,0.25,1.0,67.77347,0.0,0.0,0.0,-2.8791296e-23,-6.623429e-07,0.005004883,-400.25253,65.71962,55.184006,0.0,0.9,0.0,-1.6802317e-24,0.0,76.123566,64.72695,64.57292,65.5217,67.92221
2018-01-02 02:03:00,3.2434912999999996e-25,0.0,65.71962,357730.44,0.75,0.0,26.915033,3.4859352e-06,0.25,1.0,67.77128,0.0,0.0,0.0,-2.674445e-24,5.04872e-06,0.005004883,-400.25253,65.71962,55.184006,0.0,0.9,0.0,-3.3397933e-25,0.0,76.124054,64.72503,64.57122,65.519226,67.91683
2018-01-02 02:04:00,-4.40416e-26,0.0,65.71962,357730.44,0.75,0.0,26.900036,-1.1619784e-06,0.25,1.0,67.76909,0.0,0.0,0.0,-4.5020694e-24,8.290522e-06,0.005004883,-400.25253,65.71962,55.184006,0.0,0.9,0.0,-4.1690803e-26,0.0,76.12456,64.72311,64.56952,65.516815,67.91145
2018-01-02 02:05:00,-1.3979341e-26,0.0,65.71962,357730.44,0.75,0.0,26.884985,1.1619784e-06,0.25,1.0,67.76689,0.0,0.0,0.0,-3.879474e-24,4.0366263e-06,0.005004883,-400.25253,65.71962,55.184006,0.0,0.9,0.0,-2.3513318e-25,0.0,76.125046,64.72118,64.567764,65.51434,67.90612
2018-01-02 02:06:00,6.248635600000001e-26,0.0,65.71962,357730.44,0.75,0.0,26.86999,-3.4859352e-06,0.25,1.0,67.76469,0.0,0.0,0.0,-1.1645295e-23,-1.8206581e-06,0.005004883,-400.25253,65.71962,55.184006,0.0,0.9,0.0,-1.2775218e-24,0.0,76.12549,64.71926,64.566055,65.51187,67.90074
2018-01-02 02:07:00,-3.978263e-27,0.0,65.71962,357730.44,0.75,0.0,26.854992,1.1619784e-06,0.25,1.0,67.762474,0.0,0.0,0.0,-2.0432488e-25,3.0487863e-06,0.005004883,-400.25253,65.71962,55.184006,0.0,0.9,0.0,-2.6653449000000003e-24,0.0,76.12598,64.717285,64.564354,65.5094,67.895355
2018-01-02 02:08:00,-5.9768304e-28,0.0,65.71962,357730.44,0.75,0.0,26.839996,-2.3239568e-06,0.25,1.0,67.76028,0.0,0.0,0.0,-1.0877988e-23,6.2311738e-06,0.005004883,-400.25253,65.71962,55.184006,0.0,0.9,0.0,-3.1809929e-24,0.0,76.12642,64.71536,64.56265,65.50693,67.89003
2018-01-02 02:09:00,2.7634986e-25,0.0,65.71962,357730.44,0.75,0.0,26.825,1.1619784e-06,0.25,1.0,67.75807,0.0,0.0,0.0,-2.6898582e-23,2.1972894e-06,0.005004883,-400.25253,65.71962,55.184006,0.0,0.9,0.0,-2.4356603e-26,0.0,76.12686,64.71344,64.5609,65.504456,67.8847
2018-01-02 02:10:00,-5.33031e-26,0.0,65.71962,357730.44,0.75,0.0,26.810003,0.0,0.25,1.0,67.75586,0.0,0.0,0.0,-1.4118330000000003e-23,9.206834e-07,0.005004883,-400.25253,65.71962,55.184006,0.0,0.9,0.0,-4.980927e-26,0.0,76.127304,64.71152,64.55919,65.50198,67.87932
2018-01-02 02:11:00,1.3233285e-25,0.0,65.71962,357730.44,0.75,0.0,26.795008,0.0,0.25,1.0,67.75368,0.0,0.0,0.0,-3.1364406e-24,6.0068455e-06,0.005004883,-400.25253,65.71962,55.184006,0.0,0.9,0.0,-5.683253e-25,0.0,76.12774,64.709595,64.55749,65.499565,67.873985
2018-01-02 02:12:00,-1.20858444e-26,0.0,65.71962,357730.44,0.75,0.0,26.78001,-2.3239568e-06,0.25,1.0,67.75148,0.0,0.0,0.0,-1.3704658e-23,4.8411252e-06,0.005004883,-400.25253,65.71962,55.184006,0.0,0.9,0.0,-1.0205649e-24,0.0,76.128174,64.70767,64.555786,65.49709,67.86865
2018-01-02 02:13:00,4.2184544e-28,0.0,65.71962,357730.44,0.75,0.0,26.765015,-1.1619784e-06,0.25,1.0,67.74925,0.0,0.0,0.0,-1.5658090000000002e-23,9.3047976e-07,0.005004883,-400.25253,65.71962,55.184006,0.0,0.9,0.0,-9.5206945e-26,0.0,76.12856,64.70575,64.55403,65.49462,67.86333
2018-01-02 02:14:00,-1.7544736000000002e-26,0.0,65.71962,357730.44,0.75,0.0,26.75002,-1.1619784e-06,0.25,1.0,67.74705,0.0,0.0,0.0,-6.3944675e-25,6.816263e-07,0.005004883,-400.25253,65.71962,55.184006,0.0,0.9,0.0,-4.730435e-25,0.0,76.129,64.703766,64.55232,65.49215,67.858
2018-01-02 02:15:00,-4.002995e-26,0.0,65.71962,357730.44,0.75,0.0,26.735022,0.0,0.25,1.0,67.74485,0.0,0.0,0.0,-3.8366253e-23,5.3973855e-07,0.005004883,-400.25253,65.71962,55.184006,0.0,0.9,0.0,-1.01185654e-25,0.0,76.12939,64.70184,64.55062,65.48968,67.85268
2018-01-02 02:16:00,-2.8145029e-25,0.0,65.71962,357730.44,0.75,0.0,26.720026,-2.3239568e-06,0.25,1.0,67.74263,0.0,0.0,0.0,-4.669314499999999e-25,-8.27166e-06,0.005004883,-400.25253,65.71962,55.184006,0.0,0.9,0.0,-2.6866900000000003e-24,0.0,76.129776,64.69992,64.54886,65.487206,67.8474
2018-01-02 02:17:00,2.3896843000000002e-26,0.0,65.71962,357730.44,0.75,0.0,26.705029,-1.1619784e-06,0.25,1.0,67.740425,0.0,0.0,0.0,-8.029632e-24,8.130217e-06,0.005004883,-400.25253,65.71962,55.184006,0.0,0.9,0.0,-2.884609e-24,0.0,76.13016,64.698,64.547165,65.48473,67.84207
2018-01-02 02:18:00,-1.0142539000000001e-26,0.0,65.71962,357730.44,0.75,0.0,26.690033,0.0,0.25,1.0,67.73823,0.0,0.0,0.0,-3.315861e-24,-1.4524594e-06,0.005004883,-400.25253,65.71962,55.184006,0.0,0.9,0.0,-2.5383125000000002e-26,0.0,76.13054,64.696075,64.545456,65.48226,67.83679
2018-01-02 02:19:00,7.508032e-27,0.0,65.71962,357730.44,0.75,0.0,26.675037,0.0,0.25,1.0,67.73601,0.0,0.0,0.0,-5.997566e-24,4.582688e-06,0.005004883,-400.25253,65.71962,55.184006,0.0,0.9,0.0,-6.8229906e-25,0.0,76.13092,64.69415,64.5437,65.47979,67.83147
2018-01-02 02:20:00,-6.722074999999999e-26,0.0,65.71962,357730.44,0.75,0.0,26.659985,1.1619784e-06,0.25,1.0,67.73381,0.0,0.0,0.0,-1.9969354e-23,1.1089629e-06,0.005004883,-400.25253,65.71962,55.184006,0.0,0.9,0.0,-2.8811536000000002e-27,0.0,76.131256,64.69223,64.54199,65.47737,67.826195
2018-01-02 02:21:00,8.198463400000001e-27,0.0,65.71962,357730.44,0.75,0.0,26.644989,1.1619784e-06,0.25,1.0,67.73161,0.0,0.0,0.0,-1.7479214e-23,2.963599e-06,0.005004883,-400.25253,65.71962,55.184006,0.0,0.9,0.0,-2.4159223000000002e-26,0.0,76.13164,64.69031,64.5403,65.4749,67.82092
2018-01-02 02:22:00,-2.150407e-26,0.0,65.71962,357730.44,0.75,0.0,26.629993,0.0,0.25,1.0,67.729385,0.0,0.0,0.0,-7.526823e-24,3.5700975e-06,0.005004883,-400.25253,65.71962,55.184006,0.0,0.9,0.0,-9.784392e-25,0.0,76.13197,64.68834,64.538536,65.47243,67.8156
2018-01-02 02:23:00,-1.2176922e-25,0.0,65.71962,357730.44,0.75,0.0,26.614996,-1.1619784e-06,0.25,1.0,67.72716,0.0,0.0,0.0,-7.707864e-24,4.283268e-06,0.005004883,-400.25253,65.71962,55.184006,0.0,0.9,0.0,-2.2269853e-24,0.0,76.13229,64.68642,64.536835,65.469955,67.81032
2018-01-02 02:24:00,-1.8546681e-25,0.0,65.71962,357730.44,0.75,0.0,26.6,-1.1619784e-06,0.25,1.0,67.72495,0.0,0.0,0.0,-9.284776e-24,2.0082666e-06,0.005004883,-400.25253,65.71962,55.184006,0.0,0.9,0.0,-3.5018526e-27,0.0,76.13263,64.684494,64.53508,65.46748,67.805046
2018-01-02 02:25:00,1.1263792e-26,0.0,65.71962,357730.44,0.75,0.0,26.585003,1.1619784e-06,0.25,1.0,67.72275,0.0,0.0,0.0,-1.0250141e-23,-4.669313e-06,0.005004883,-400.25253,65.71962,55.184006,0.0,0.9,0.0,-8.329862e-25,0.0,76.13296,64.68257,64.53337,65.46501,67.79983
2018-01-02 02:26:00,5.8015426e-26,0.0,65.71962,357730.44,0.75,0.0,26.570007,-1.1619784e-06,0.25,1.0,67.720535,0.0,0.0,0.0,-6.506935e-24,-6.9316975e-06,0.005004883,-400.25253,65.71962,55.184006,0.0,0.9,0.0,-2.4809401e-24,0.0,76.133286,64.68065,64.53162,65.46254,67.794556
2018-01-02 02:27:00,-1.8564216e-26,0.0,65.71962,357730.44,0.75,0.0,26.555012,-1.1619784e-06,0.25,1.0,67.718315,0.0,0.0,0.0,-2.116404e-25,-5.161073e-07,0.005004883,-400.25253,65.71962,55.184006,0.0,0.9,0.0,-1.6156763e-26,0.0,76.13362,64.67873,64.52991,65.46007,67.789276
2018-01-02 02:28:00,-3.1395066000000003e-27,0.0,65.71962,357730.44,0.75,0.0,26.540014,0.0,0.25,1.0,67.7161,0.0,0.0,0.0,-2.0645484e-23,-1.8616624e-06,0.005004883,-400.25253,65.71962,55.184006,0.0,0.9,0.0,-1.7776448e-24,0.0,76.133896,64.6768,64.52815,65.457596,67.78406
2018-01-02 02:29:00,1.1059388e-26,0.0,65.71962,357730.44,0.75,0.0,26.525019,-1.1619784e-06,0.25,1.0,67.71389,0.0,0.0,0.0,-5.654698399999999e-25,-2.568157e-06,0.005004883,-400.25253,65.71962,55.184006,0.0,0.9,0.0,-4.4698067e-26,0.0,76.13422,64.67488,64.52645,65.455124,67.77879
2018-01-02 02:30:00,9.933734999999999e-26,0.0,65.71962,357730.44,0.75,0.0,26.510021,1.1619784e-06,0.25,1.0,67.71167,0.0,0.0,0.0,-2.0722654e-24,2.3531509e-06,0.005004883,-400.25253,65.71962,55.184006,0.0,0.9,0.0,-7.7420425999999995e-25,0.0,76.13449,64.67296,64.52469,65.45265,67.773575
2018-01-02 02:31:00,-4.1209468000000005e-26,0.0,65.71962,357730.44,0.75,0.0,26.495026,-1.1619784e-06,0.25,1.0,67.709435,0.0,0.0,0.0,-8.030981699999999e-25,3.1249099e-06,0.005004883,-400.25253,65.71962,55.184006,0.0,0.9,0.0,-7.9781723999999995e-25,0.0,76.134766,64.670975,64.522995,65.45013,67.768295
2018-01-02 02:32:00,-8.7930375e-26,0.0,65.71962,357730.44,0.75,0.0,26.48003,0.0,0.25,1.0,67.70723,0.0,0.0,0.0,-3.8673306000000004e-24,4.418145e-07,0.005004883,-400.25253,65.71962,55.184006,0.0,0.9,0.0,-3.3569406e-26,0.0,76.1351,64.66905,64.52123,65.447655,67.76308
2018-01-02 02:33:00,-9.442666e-26,0.0,65.71962,357730.44,0.75,0.0,26.465033,2.3239568e-06,0.25,1.0,67.705,0.0,0.0,0.0,-3.260431e-23,-2.045013e-06,0.005004883,-400.25253,65.71962,55.184006,0.0,0.9,0.0,-5.286038e-25,0.0,76.135376,64.66713,64.51953,65.44513,67.75786
2018-01-02 02:34:00,3.2721448e-26,0.0,65.71962,357730.44,0.75,0.0,26.450037,-1.1619784e-06,0.25,1.0,67.70276,0.0,0.0,0.0,-8.711038e-24,-9.392781e-07,0.005004883,-400.25253,65.71962,55.184006,0.0,0.9,0.0,-5.4139524e-26,0.0,76.13559,64.66521,64.51778,65.4426,67.75264
2018-01-02 02:35:00,-3.3887394000000005e-26,0.0,65.71962,357730.44,0.75,0.0,26.434986,0.0,0.25,1.0,67.70054,0.0,0.0,0.0,-3.7550532000000004e-24,4.909683e-07,0.005004883,-400.25253,65.71962,55.184006,0.0,0.9,0.0,-5.1910474e-26,0.0,76.135864,64.663284,64.516014,65.44008,67.74742
2018-01-02 02:36:00,-1.5056255000000001e-26,0.0,65.71962,357730.44,0.75,0.0,26.419989,1.1619784e-06,0.25,1.0,67.698326,0.0,0.0,0.0,-5.998863000000001e-23,-6.961251e-07,0.005004883,-400.25253,65.71962,55.184006,0.0,0.9,0.0,-2.0096333999999999e-25,0.0,76.13614,64.66136,64.51431,65.43761,67.7422
2018-01-02 02:37:00,1.5894125000000002e-26,0.0,65.71962,357730.44,0.75,0.0,26.404993,2.3239568e-06,0.25,1.0,67.69608,0.0,0.0,0.0,-6.6024453e-25,3.2233609e-06,0.005004883,-400.25253,65.71962,55.184006,0.0,0.9,0.0,-1.775827e-26,0.0,76.13637,64.65944,64.51256,65.435074,67.736984
2018-01-02 02:38:00,-4.7849437000000003e-26,0.0,65.71962,357730.44,0.75,0.0,26.389996,-1.1619784e-06,0.25,1.0,67.69387,0.0,0.0,0.0,-1.9867129e-23,-6.780194e-06,0.005004883,-400.25253,65.71962,55.184006,0.0,0.9,0.0,-5.194934000000001e-25,0.0,76.13664,64.65752,64.51085,65.43255,67.73183
2018-01-02 02:39:00,-1.8727166e-25,0.0,65.71962,357730.44,0.75,0.0,26.375,-2.3239568e-06,0.25,1.0,67.691635,0.0,0.0,0.0,-7.862275e-24,-6.8874183e-06,0.005004883,-400.25253,65.71962,55.184006,0.0,0.9,0.0,-1.629895e-24,0.0,76.136856,64.655594,64.509094,65.43002,67.72661
2018-01-02 02:40:00,1.0325447999999999e-25,0.0,65.71962,357730.44,0.75,0.0,26.360004,0.0,0.25,1.0,67.689415,0.0,0.0,0.0,-1.9327490000000003e-23,4.4525477e-06,0.005004883,-400.25253,65.71962,55.184006,0.0,0.9,0.0,-1.3235657e-24,0.0,76.13708,64.65367,64.50734,65.42755,67.721436
2018-01-02 02:41:00,-1.3188295e-25,0.0,65.71962,357730.44,0.75,0.0,26.345007,0.0,0.25,1.0,67.68718,0.0,0.0,0.0,-1.5355643e-23,2.9150608e-06,0.005004883,-400.25253,65.71962,55.184006,0.0,0.9,0.0,-1.5155774e-24,0.0,76.1373,64.651695,64.50563,65.42502,67.71622
2018-01-02 02:42:00,2.9452088e-26,0.0,65.71962,357730.44,0.75,0.0,26.330011,-1.1619784e-06,0.25,1.0,67.68495,0.0,0.0,0.0,-1.3889761e-23,-2.3483963e-06,0.005004883,-400.25253,65.71962,55.184006,0.0,0.9,0.0,-3.3285627000000004e-24,0.0,76.13751,64.64977,64.503876,65.4225,67.71106
2018-01-02 02:43:00,-8.665141000000001e-27,0.0,65.71962,357730.44,0.75,0.0,26.315014,-1.1619784e-06,0.25,1.0,67.68272,0.0,0.0,0.0,-1.2591869e-23,-6.6966927e-06,0.005004883,-400.25253,65.71962,55.184006,0.0,0.9,0.0,-2.404603e-24,0.0,76.13774,64.64785,64.50212,65.41997,67.705894
2018-01-02 02:44:00,4.731684e-25,0.0,65.71962,357730.44,0.75,0.0,26.300018,3.4859352e-06,0.25,1.0,67.68048,0.0,0.0,0.0,-2.7306714e-23,-1.8504243e-06,0.005004883,-400.25253,65.71962,55.184006,0.0,0.9,0.0,-6.661667e-25,0.0,76.137955,64.64593,64.50036,65.417496,67.700676
2018-01-02 02:45:00,-4.210062e-26,0.0,65.71962,357730.44,0.75,0.0,26.285023,1.1619784e-06,0.25,1.0,67.67826,0.0,0.0,0.0,-2.428976e-24,8.261538e-07,0.005004883,-400.25253,65.71962,55.184006,0.0,0.9,0.0,-2.1723966999999997e-25,0.0,76.138176,64.644005,64.49866,65.41497,67.69551
2018-01-02 02:46:00,-7.2633936e-26,0.0,65.71962,357730.44,0.75,0.0,26.270025,1.1619784e-06,0.25,1.0,67.67604,0.0,0.0,0.0,-1.12461186e-23,-8.252975e-06,0.005004883,-400.25253,65.71962,55.184006,0.0,0.9,0.0,-2.1804374e-25,0.0,76.1384,64.64208,64.4969,65.412445,67.69035
2018-01-02 02:47:00,-4.839738000000001e-25,0.0,65.71962,357730.44,0.75,0.0,26.25503,1.1619784e-06,0.25,1.0,67.67381,0.0,0.0,0.0,-3.1918550000000005e-23,2.1818556e-07,0.005004883,-400.25253,65.71962,55.184006,0.0,0.9,0.0,-3.2241355e-28,0.0,76.138565,64.64016,64.49514,65.40997,67.68524
2018-01-02 02:48:00,4.677705e-26,0.0,65.71962,357730.44,0.75,0.0,26.240032,1.1619784e-06,0.25,1.0,67.671585,0.0,0.0,0.0,-7.2018105e-25,2.4503381e-06,0.005004883,-400.25253,65.71962,55.184006,0.0,0.9,0.0,-1.7728775e-24,0.0,76.13878,64.63824,64.49338,65.40744,67.68008
2018-01-02 02:49:00,9.7485135e-27,0.0,65.71962,357730.44,0.75,0.0,26.225037,-1.1619784e-06,0.25,1.0,67.66935,0.0,0.0,0.0,-1.27419685e-23,-2.2879155e-07,0.005004883,-400.25253,65.71962,55.184006,0.0,0.9,0.0,-1.3021711e-24,0.0,76.13895,64.636314,64.49162,65.40492,67.67491
2018-01-02 02:50:00,-1.948728e-27,0.0,65.71962,357730.44,0.75,0.0,26.209986,1.1619784e-06,0.25,1.0,67.66713,0.0,0.0,0.0,-1.5265471e-23,-5.54708e-06,0.005004883,-400.25253,65.71962,55.184006,0.0,0.9,0.0,-2.4559020000000003e-25,0.0,76.139114,64.63439,64.48987,65.40245,67.6698
2018-01-02 02:51:00,1.5499417000000002e-26,0.0,65.71962,357730.44,0.75,0.0,26.194988,0.0,0.25,1.0,67.664894,0.0,0.0,0.0,-3.1355585999999996e-23,-5.599949e-07,0.005004883,-400.25253,65.71962,55.184006,0.0,0.9,0.0,-5.4121035e-26,0.0,76.139275,64.63247,64.48816,65.39992,67.66464
2018-01-02 02:52:00,-1.7636588999999999e-25,0.0,65.71962,357730.44,0.75,0.0,26.179993,-1.1619784e-06,0.25,1.0,67.662674,0.0,0.0,0.0,-1.6004378e-23,-8.360393e-07,0.005004883,-400.25253,65.71962,55.184006,0.0,0.9,0.0,-6.790191e-26,0.0,76.139496,64.63055,64.486404,65.39739,67.65953
2018-01-02 02:53:00,-6.2689266e-27,0.0,65.71962,357730.44,0.75,0.0,26.164997,3.4859352e-06,0.25,1.0,67.660446,0.0,0.0,0.0,-3.4792832e-24,-8.397084e-06,0.005004883,-400.25253,65.71962,55.184006,0.0,0.9,0.0,-6.608532299999999e-25,0.0,76.13966,64.628624,64.48465,65.39492,67.65437
2018-01-02 02:54:00,5.4957073e-26,0.0,65.71962,357730.44,0.75,0.0,26.15,-2.3239568e-06,0.25,1.0,67.658195,0.0,0.0,0.0,-7.83553e-24,-4.0846903e-06,0.005004883,-400.25253,65.71962,55.184006,0.0,0.9,0.0,-3.1964504e-24,0.0,76.13977,64.62665,64.482895,65.392395,67.64926
2018-01-02 02:55:00,1.6590623999999999e-25,0.0,65.71962,357730.44,0.75,0.0,26.135004,1.1619784e-06,0.25,1.0,67.65596,0.0,0.0,0.0,-9.5010007e-26,-5.5820337e-06,0.005004883,-400.25253,65.71962,55.184006,0.0,0.9,0.0,-8.222423e-25,0.0,76.13994,64.624725,64.48113,65.38986,67.64415
2018-01-02 02:56:00,-2.166087e-25,0.0,65.71962,357730.44,0.75,0.0,26.120007,0.0,0.25,1.0,67.65374,0.0,0.0,0.0,-6.3057664e-24,-6.5108393e-06,0.005004883,-400.25253,65.71962,55.184006,0.0,0.9,0.0,-4.2049584000000005e-24,0.0,76.1401,64.6228,64.47937,65.38739,67.63904
2018-01-02 02:57:00,4.3948663999999995e-25,0.0,65.71962,357730.44,0.75,0.0,26.105011,1.1619784e-06,0.25,1.0,67.65151,0.0,0.0,0.0,-4.364173e-24,-1.2811549e-06,0.005004883,-400.25253,65.71962,55.184006,0.0,0.9,0.0,-3.726136e-24,0.0,76.14026,64.62088,64.477615,65.38487,67.633934
2018-01-02 02:58:00,5.3969574e-26,0.0,65.71962,357730.44,0.75,0.0,26.090015,1.1619784e-06,0.25,1.0,67.64929,0.0,0.0,0.0,-1.2339371999999999e-23,-7.034021e-06,0.005004883,-400.25253,65.71962,55.184006,0.0,0.9,0.0,-3.6496203e-27,0.0,76.14037,64.61896,64.47586,65.3824,67.62883
2018-01-02 02:59:00,2.7120022e-25,0.0,65.71962,357730.44,0.75,0.0,26.075018,-1.1619784e-06,0.25,1.0,67.64705,0.0,0.0,0.0,-2.7500773e-25,-4.0519853e-07,0.005004883,-400.25253,65.71962,55.184006,0.0,0.9,0.0,-1.969368e-24,0.0,76.14053,64.617035,64.474106,65.37987,67.62372
2018-01-02 03:00:00,2.1331825e-26,0.0,65.71962,357730.44,0.75,0.0,26.060022,3.4859352e-06,0.25,1.0,67.64481,0.0,0.0,0.0,-1.10550344e-23,-4.3117598e-06,0.005004883,-400.25253,65.71962,55.184006,0.0,0.9,0.0,-3.1505547e-24,0.0,76.14065,64.61511,64.47234,65.37734,67.61861
2018-01-02 03:01:00,5.2143923e-25,0.0,65.71962,357730.44,0.75,0.0,26.075018,0.0,0.25,1.0,67.6426,0.0,0.0,0.0,-2.813727e-24,1.1744673e-07,0.005004883,-400.25253,65.71962,55.184006,0.0,0.9,0.0,-1.5727626e-24,0.0,76.14081,64.61319,64.47058,65.37487,67.613556
2018-01-02 03:02:00,-6.795992000000001e-28,0.0,65.71962,357730.44,0.75,0.0,26.090015,1.1619784e-06,0.25,1.0,67.64038,0.0,0.0,0.0,-6.657441e-24,5.1628017e-06,0.005004883,-400.25253,65.71962,55.184006,0.0,0.9,0.0,-3.8160998e-25,0.0,76.14092,64.61127,64.46883,65.372345,67.608505
2018-01-02 03:03:00,3.8300547000000004e-26,0.0,65.71962,357730.44,0.75,0.0,26.105011,1.1619784e-06,0.25,1.0,67.63817,0.0,0.0,0.0,-1.5869103e-23,-3.456708e-07,0.005004883,-400.25253,65.71962,55.184006,0.0,0.9,0.0,-6.411708999999999e-26,0.0,76.14104,64.609344,64.467125,65.36987,67.60345
2018-01-02 03:04:00,-5.0290910000000006e-27,0.0,65.71962,357730.44,0.75,0.0,26.120007,0.0,0.25,1.0,67.635956,0.0,0.0,0.0,-1.0533293e-23,3.3797284e-07,0.005004883,-400.25253,65.71962,55.184006,0.0,0.9,0.0,-4.4021104000000003e-26,0.0,76.14114,64.607475,64.46536,65.3674,67.59839
2018-01-02 03:05:00,3.7517354000000004e-27,0.0,65.71962,357730.44,0.75,0.0,26.135004,1.1619784e-06,0.25,1.0,67.63374,0.0,0.0,0.0,-1.4477622e-23,-5.8185205e-06,0.005004883,-400.25253,65.71962,55.184006,0.0,0.9,0.0,-3.0791449999999998e-24,0.0,76.14125,64.60555,64.46367,65.36493,67.59334
2018-01-02 03:06:00,-3.5313334e-26,0.0,65.71962,357730.44,0.75,0.0,26.15,0.0,0.25,1.0,67.63156,0.0,0.0,0.0,-8.930336e-24,-2.5052325e-06,0.005004883,-400.25253,65.71962,55.184006,0.0,0.9,0.0,-4.023332e-26,0.0,76.14136,64.60368,64.46196,65.36246,67.58834
2018-01-02 03:07:00,7.579231e-26,0.0,65.71962,357730.44,0.75,0.0,26.164997,1.1619784e-06,0.25,1.0,67.6294,0.0,0.0,0.0,-1.1848703e-23,3.566591e-06,0.005004883,-400.25253,65.71962,55.184006,0.0,0.9,0.0,-1.8417273999999998e-25,0.0,76.14147,64.60182,64.46026,65.36004,67.5834
2018-01-02 03:08:00,7.94532e-26,0.0,65.71962,357730.44,0.75,0.0,26.179993,-2.3239568e-06,0.25,1.0,67.62722,0.0,0.0,0.0,-1.4559274e-23,-5.199368e-06,0.005004883,-400.25253,65.71962,55.184006,0.0,0.9,0.0,-7.509812e-25,0.0,76.14159,64.599945,64.45861,65.35757,67.5784
2018-01-02 03:09:00,-7.245732e-26,0.0,65.71962,357730.44,0.75,0.0,26.194988,1.1619784e-06,0.25,1.0,67.62507,0.0,0.0,0.0,-9.4449464e-24,2.258552e-06,0.005004883,-400.25253,65.71962,55.184006,0.0,0.9,0.0,-2.6797567e-24,0.0,76.14169,64.59808,64.45696,65.35515,67.573456
2018-01-02 03:10:00,1.650794e-27,0.0,65.71962,357730.44,0.75,0.0,26.209986,1.1619784e-06,0.25,1.0,67.62293,0.0,0.0,0.0,-6.101663000000001e-25,5.470883e-06,0.005004883,-400.25253,65.71962,55.184006,0.0,0.9,0.0,-5.6874214e-25,0.0,76.1418,64.59627,64.455315,65.35274,67.56851
2018-01-02 03:11:00,-5.0881729999999997e-26,0.0,65.71962,357730.44,0.75,0.0,26.225037,-1.1619784e-06,0.25,1.0,67.62077,0.0,0.0,0.0,-4.7499145e-24,-4.7918625e-06,0.005004883,-400.25253,65.71962,55.184006,0.0,0.9,0.0,-3.8487434e-25,0.0,76.14186,64.594406,64.45367,65.35031,67.56362
2018-01-02 03:12:00,1.8818862e-26,0.0,65.71962,357730.44,0.75,0.0,26.240032,1.1619784e-06,0.25,1.0,67.61865,0.0,0.0,0.0,-2.0281521e-24,-7.5880104e-07,0.005004883,-400.25253,65.71962,55.184006,0.0,0.9,0.0,-1.8346877e-26,0.0,76.14197,64.59259,64.45202,65.34795,67.55873
2018-01-02 03:13:00,3.8705393e-26,0.0,65.71962,357730.44,0.75,0.0,26.25503,1.1619784e-06,0.25,1.0,67.616516,0.0,0.0,0.0,-3.968574e-24,-2.0771702e-06,0.005004883,-400.25253,65.71962,55.184006,0.0,0.9,0.0,-2.2526921e-24,0.0,76.14202,64.590775,64.450424,65.345535,67.55385
2018-01-02 03:14:00,2.7323683e-26,0.0,65.71962,357730.44,0.75,0.0,26.270025,-1.1619784e-06,0.25,1.0,67.61443,0.0,0.0,0.0,-6.052511e-24,3.9287193e-06,0.005004883,-400.25253,65.71962,55.184006,0.0,0.9,0.0,-1.3681026e-24,0.0,76.142136,64.58902,64.44884,65.34317,67.54901
2018-01-02 03:15:00,-1.186083e-26,0.0,65.71962,357730.44,0.75,0.0,26.285023,0.0,0.25,1.0,67.612305,0.0,0.0,0.0,-4.0392285e-23,4.2771258e-06,0.005004883,-400.25253,65.71962,55.184006,0.0,0.9,0.0,-1.4337462e-24,0.0,76.14218,64.587204,64.447235,65.34076,67.54412
2018-01-02 03:16:00,4.4348447e-26,0.0,65.71962,357730.44,0.75,0.0,26.300018,-1.1619784e-06,0.25,1.0,67.610214,0.0,0.0,0.0,-1.2892470000000001e-23,-1.1784862e-06,0.005004883,-400.25253,65.71962,55.184006,0.0,0.9,0.0,-1.0974038e-25,0.0,76.14224,64.58545,64.44565,65.338394,67.53934
2018-01-02 03:17:00,-7.725148000000001e-27,0.0,65.71962,357730.44,0.75,0.0,26.315014,1.1619784e-06,0.25,1.0,67.60814,0.0,0.0,0.0,-5.5556358e-24,-5.4046755e-08,0.005004883,-400.25253,65.71962,55.184006,0.0,0.9,0.0,-6.0746605e-31,0.0,76.14235,64.58363,64.44411,65.33609,67.53451
2018-01-02 03:18:00,8.387877e-26,0.0,65.71962,357730.44,0.75,0.0,26.330011,-2.3239568e-06,0.25,1.0,67.60606,0.0,0.0,0.0,-1.684024e-23,1.7982943e-06,0.005004883,-400.25253,65.71962,55.184006,0.0,0.9,0.0,-1.5332749e-25,0.0,76.14241,64.58188,64.44252,65.333725,67.529724
2018-01-02 03:19:00,1.1558793e-26,0.0,65.71962,357730.44,0.75,0.0,26.345007,-1.1619784e-06,0.25,1.0,67.60398,0.0,0.0,0.0,-5.5296285e-25,9.818372e-07,0.005004883,-400.25253,65.71962,55.184006,0.0,0.9,0.0,-4.368844e-28,0.0,76.142456,64.580124,64.44098,65.33136,67.52495
2018-01-02 03:20:00,-2.5665707e-27,0.0,65.71962,357730.44,0.75,0.0,26.360004,-1.1619784e-06,0.25,1.0,67.60192,0.0,0.0,0.0,-1.3659273e-23,-2.1351099e-07,0.005004883,-400.25253,65.71962,55.184006,0.0,0.9,0.0,-8.923556e-27,0.0,76.14252,64.57836,64.43944,65.329056,67.520226
2018-01-02 03:21:00,-1.4170868e-26,0.0,65.71962,357730.44,0.75,0.0,26.375,0.0,0.25,1.0,67.59988,0.0,0.0,0.0,-4.4241686e-24,-1.200676e-06,0.005004883,-400.25253,65.71962,55.184006,0.0,0.9,0.0,-7.658065399999999e-25,0.0,76.14257,64.57666,64.43796,65.32675,67.51544
2018-01-02 03:22:00,-2.2419196000000002e-26,0.0,65.71962,357730.44,0.75,0.0,26.389996,-2.3239568e-06,0.25,1.0,67.59784,0.0,0.0,0.0,-9.275595e-23,-5.1776074e-06,0.005004883,-400.25253,65.71962,55.184006,0.0,0.9,0.0,-1.7392744e-26,0.0,76.142624,64.574905,64.43648,65.32445,67.51073
2018-01-02 03:23:00,4.8484516000000005e-26,0.0,65.71962,357730.44,0.75,0.0,26.404993,0.0,0.25,1.0,67.5958,0.0,0.0,0.0,-2.0471518e-23,-1.6801782e-06,0.005004883,-400.25253,65.71962,55.184006,0.0,0.9,0.0,-9.181124400000001e-26,0.0,76.142685,64.5732,64.43494,65.322136,67.50606
2018-01-02 03:24:00,-2.0085411e-26,0.0,65.71962,357730.44,0.75,0.0,26.419989,1.1619784e-06,0.25,1.0,67.593796,0.0,0.0,0.0,-9.154112000000001e-25,5.498331e-06,0.005004883,-400.25253,65.71962,55.184006,0.0,0.9,0.0,-7.5235173e-25,0.0,76.14273,64.571495,64.4335,65.319885,67.50139
2018-01-02 03:25:00,1.7664938999999999e-25,0.0,65.71962,357730.44,0.75,0.0,26.434986,1.1619784e-06,0.25,1.0,67.59178,0.0,0.0,0.0,-5.1171892e-23,1.9473863e-07,0.005004883,-400.25253,65.71962,55.184006,0.0,0.9,0.0,-3.1036916e-24,0.0,76.14279,64.56979,64.43202,65.31758,67.49672
2018-01-02 03:26:00,7.498473000000001e-27,0.0,65.71962,357730.44,0.75,0.0,26.450037,-1.1619784e-06,0.25,1.0,67.58978,0.0,0.0,0.0,-5.04842e-24,1.48255e-06,0.005004883,-400.25253,65.71962,55.184006,0.0,0.9,0.0,-1.898812e-27,0.0,76.142845,64.568085,64.430595,65.31532,67.49205
2018-01-02 03:27:00,7.968351e-27,0.0,65.71962,357730.44,0.75,0.0,26.465033,1.1619784e-06,0.25,1.0,67.58778,0.0,0.0,0.0,-4.4894819999999995e-24,2.8240564e-07,0.005004883,-400.25253,65.71962,55.184006,0.0,0.9,0.0,-1.01616486e-26,0.0,76.1429,64.56639,64.42911,65.31307,67.48743
2018-01-02 03:28:00,1.3510036e-25,0.0,65.71962,357730.44,0.75,0.0,26.48003,0.0,0.25,1.0,67.585785,0.0,0.0,0.0,-5.1714783e-23,-3.5564426e-07,0.005004883,-400.25253,65.71962,55.184006,0.0,0.9,0.0,-1.401969e-24,0.0,76.1429,64.56468,64.42769,65.31082,67.48282
2018-01-02 03:29:00,1.0053091999999999e-25,0.0,65.71962,357730.44,0.75,0.0,26.495026,-2.3239568e-06,0.25,1.0,67.58382,0.0,0.0,0.0,-1.7089444e-23,1.4296443e-06,0.005004883,-400.25253,65.71962,55.184006,0.0,0.9,0.0,-7.2612930000000005e-25,0.0,76.14296,64.563034,64.426315,65.30856,67.4782
2018-01-02 03:30:00,-7.700519e-27,0.0,65.71962,357730.44,0.75,0.0,26.510021,-1.1619784e-06,0.25,1.0,67.58186,0.0,0.0,0.0,-8.016755e-24,1.0391175e-06,0.005004883,-400.25253,65.71962,55.184006,0.0,0.9,0.0,-1.9542485999999998e-25,0.0,76.143005,64.561386,64.42488,65.306366,67.47365
2018-01-02 03:31:00,-4.4932812e-27,0.0,65.71962,357730.44,0.75,0.0,26.525019,-1.1619784e-06,0.25,1.0,67.57989,0.0,0.0,0.0,-1.7572459e-23,4.0290374e-06,0.005004883,-400.25253,65.71962,55.184006,0.0,0.9,0.0,-2.6803273000000002e-24,0.0,76.143005,64.55974,64.42351,65.30412,67.469086
2018-01-02 03:32:00,6.093935399999999e-29,0.0,65.71962,357730.44,0.75,0.0,26.540014,-1.1619784e-06,0.25,1.0,67.57796,0.0,0.0,0.0,-1.1863601e-24,3.177935e-06,0.005004883,-400.25253,65.71962,55.184006,0.0,0.9,0.0,-2.1088165e-25,0.0,76.14307,64.55809,64.422134,65.301926,67.46452
2018-01-02 03:33:00,-1.0500037e-25,0.0,65.71962,357730.44,0.75,0.0,26.555012,-1.1619784e-06,0.25,1.0,67.576004,0.0,0.0,0.0,-1.2129952999999999e-23,-6.5918084e-06,0.005004883,-400.25253,65.71962,55.184006,0.0,0.9,0.0,-3.5797497e-25,0.0,76.14307,64.55644,64.42076,65.29973,67.46002
2018-01-02 03:34:00,2.081923e-25,0.0,65.71962,357730.44,0.75,0.0,26.570007,1.1619784e-06,0.25,1.0,67.57407,0.0,0.0,0.0,-2.4404422e-23,4.1520784e-06,0.005004883,-400.25253,65.71962,55.184006,0.0,0.9,0.0,-4.5532323e-27,0.0,76.14312,64.554794,64.41939,65.29753,67.45552
2018-01-02 03:35:00,3.702897e-26,0.0,65.71962,357730.44,0.75,0.0,26.585003,1.1619784e-06,0.25,1.0,67.57216,0.0,0.0,0.0,-2.9165358e-23,-2.6177384e-08,0.005004883,-400.25253,65.71962,55.184006,0.0,0.9,0.0,-2.0179218e-24,0.0,76.14312,64.55321,64.418076,65.29538,67.45101
2018-01-02 03:36:00,6.721475e-26,0.0,65.71962,357730.44,0.75,0.0,26.6,1.1619784e-06,0.25,1.0,67.57026,0.0,0.0,0.0,-8.865648e-23,1.7271749e-06,0.005004883,-400.25253,65.71962,55.184006,0.0,0.9,0.0,-1.7991117999999998e-25,0.0,76.14317,64.551605,64.41675,65.29318,67.44656
2018-01-02 03:37:00,6.944218e-27,0.0,65.71962,357730.44,0.75,0.0,26.614996,3.4859352e-06,0.25,1.0,67.568344,0.0,0.0,0.0,-2.881085e-23,3.3311985e-06,0.005004883,-400.25253,65.71962,55.184006,0.0,0.9,0.0,-1.85137e-26,0.0,76.14317,64.54996,64.415436,65.291046,67.44211
2018-01-02 03:38:00,3.8102575000000004e-27,0.0,65.71962,357730.44,0.75,0.0,26.629993,1.1619784e-06,0.25,1.0,67.566444,0.0,0.0,0.0,-1.9087129e-23,-1.77714e-06,0.005004883,-400.25253,65.71962,55.184006,0.0,0.9,0.0,-5.7329924e-25,0.0,76.14317,64.54837,64.414116,65.2889,67.43767
2018-01-02 03:39:00,-4.4855657e-26,0.0,65.71962,357730.44,0.75,0.0,26.644989,-1.1619784e-06,0.25,1.0,67.564575,0.0,0.0,0.0,-2.2678969999999998e-26,2.9317964e-06,0.005004883,-400.25253,65.71962,55.184006,0.0,0.9,0.0,-1.2160157000000001e-24,0.0,76.14317,64.54683,64.41286,65.28676,67.43327
2018-01-02 03:40:00,1.6293728e-26,0.0,65.71962,357730.44,0.75,0.0,26.659985,0.0,0.25,1.0,67.562706,0.0,0.0,0.0,-1.19314455e-23,2.4343303e-06,0.005004883,-400.25253,65.71962,55.184006,0.0,0.9,0.0,-3.1859679999999996e-30,0.0,76.143234,64.54524,64.41159,65.28462,67.42882
2018-01-02 03:41:00,-2.943427e-26,0.0,65.71962,357730.44,0.75,0.0,26.675037,-1.1619784e-06,0.25,1.0,67.56083,0.0,0.0,0.0,-1.3286718e-23,-1.3684337e-06,0.005004883,-400.25253,65.71962,55.184006,0.0,0.9,0.0,-5.7841155e-26,0.0,76.143234,64.54364,64.410324,65.28247,67.424484
2018-01-02 03:42:00,6.153422e-27,0.0,65.71962,357730.44,0.75,0.0,26.690033,1.1619784e-06,0.25,1.0,67.558975,0.0,0.0,0.0,-1.5906845e-23,5.883195e-07,0.005004883,-400.25253,65.71962,55.184006,0.0,0.9,0.0,-7.130259e-27,0.0,76.143234,64.54211,64.40906,65.28039,67.42009
2018-01-02 03:43:00,1.1436985e-26,0.0,65.71962,357730.44,0.75,0.0,26.705029,-1.1619784e-06,0.25,1.0,67.55714,0.0,0.0,0.0,-1.1541138e-23,-7.5427374e-06,0.005004883,-400.25253,65.71962,55.184006,0.0,0.9,0.0,-2.4302592e-24,0.0,76.143234,64.54057,64.4078,65.278305,67.41574
2018-01-02 03:44:00,-2.5560514000000002e-26,0.0,65.71962,357730.44,0.75,0.0,26.720026,-2.3239568e-06,0.25,1.0,67.55529,0.0,0.0,0.0,-8.3980436e-24,7.847266e-06,0.005004883,-400.25253,65.71962,55.184006,0.0,0.9,0.0,-3.2960775e-26,0.0,76.143234,64.53903,64.406586,65.276215,67.41141
2018-01-02 03:45:00,-5.413784e-26,0.0,65.71962,357730.44,0.75,0.0,26.735022,0.0,0.25,1.0,67.55347,0.0,0.0,0.0,-9.365795000000001e-25,3.603112e-07,0.005004883,-400.25253,65.71962,55.184006,0.0,0.9,0.0,-2.619823e-24,0.0,76.143234,64.53749,64.40538,65.274124,67.40712
2018-01-02 03:46:00,-1.8300179000000002e-26,0.0,65.71962,357730.44,0.75,0.0,26.75002,1.1619784e-06,0.25,1.0,67.55165,0.0,0.0,0.0,-4.9348006e-24,5.8437276e-06,0.005004883,-400.25253,65.71962,55.184006,0.0,0.9,0.0,-2.9768031e-24,0.0,76.14328,64.53595,64.404175,65.27203,67.40279
2018-01-02 03:47:00,2.2241522e-25,0.0,65.71962,357730.44,0.75,0.0,26.765015,1.1619784e-06,0.25,1.0,67.54985,0.0,0.0,0.0,-5.8932946e-24,-1.5333621e-06,0.005004883,-400.25253,65.71962,55.184006,0.0,0.9,0.0,-6.1725915e-25,0.0,76.14328,64.53442,64.40297,65.270004,67.39855
2018-01-02 03:48:00,4.753995e-27,0.0,65.71962,357730.44,0.75,0.0,26.78001,-1.1619784e-06,0.25,1.0,67.548035,0.0,0.0,0.0,-2.7017774e-25,-1.8647851e-06,0.005004883,-400.25253,65.71962,55.184006,0.0,0.9,0.0,-5.508845e-28,0.0,76.143234,64.53293,64.40181,65.267914,67.39427
2018-01-02 03:49:00,-2.114498e-27,0.0,65.71962,357730.44,0.75,0.0,26.795008,-3.4859352e-06,0.25,1.0,67.54625,0.0,0.0,0.0,-1.5748757e-24,5.4965644e-06,0.005004883,-400.25253,65.71962,55.184006,0.0,0.9,0.0,-3.534832e-24,0.0,76.143234,64.53145,64.400604,65.265884,67.39004
2018-01-02 03:50:00,-3.9732942e-26,0.0,65.71962,357730.44,0.75,0.0,26.810003,-1.1619784e-06,0.25,1.0,67.54446,0.0,0.0,0.0,-1.0727270000000001e-23,-5.8845612e-06,0.005004883,-400.25253,65.71962,55.184006,0.0,0.9,0.0,-1.1766490499999999e-24,0.0,76.143234,64.52997,64.399445,65.263855,67.3858
2018-01-02 03:51:00,3.5089396e-26,0.0,65.71962,357730.44,0.75,0.0,26.825,0.0,0.25,1.0,67.5427,0.0,0.0,0.0,-8.864871e-24,1.6716579e-06,0.005004883,-400.25253,65.71962,55.184006,0.0,0.9,0.0,-4.7844764e-25,0.0,76.143234,64.52849,64.398346,65.261826,67.38158
2018-01-02 03:52:00,-7.41931e-26,0.0,65.71962,357730.44,0.75,0.0,26.839996,3.4859352e-06,0.25,1.0,67.54094,0.0,0.0,0.0,-1.9143392e-23,2.9960115e-06,0.005004883,-400.25253,65.71962,55.184006,0.0,0.9,0.0,-2.0842624e-27,0.0,76.143234,64.527,64.3972,65.25984,67.3774
2018-01-02 03:53:00,-5.623342999999999e-26,0.0,65.71962,357730.44,0.75,0.0,26.854992,1.1619784e-06,0.25,1.0,67.53918,0.0,0.0,0.0,-1.5744673e-23,1.6382609e-06,0.005004883,-400.25253,65.71962,55.184006,0.0,0.9,0.0,-4.363171e-25,0.0,76.143234,64.52551,64.3961,65.25781,67.37323
2018-01-02 03:54:00,1.4258264e-27,0.0,65.71962,357730.44,0.75,0.0,26.86999,3.4859352e-06,0.25,1.0,67.537445,0.0,0.0,0.0,-1.6028543e-23,1.1439932e-06,0.005004883,-400.25253,65.71962,55.184006,0.0,0.9,0.0,-1.8956032999999998e-25,0.0,76.143234,64.52409,64.395004,65.25583,67.36905
2018-01-02 03:55:00,-8.913349999999999e-27,0.0,65.71962,357730.44,0.75,0.0,26.884985,1.1619784e-06,0.25,1.0,67.535706,0.0,0.0,0.0,-7.623165e-24,-1.7334434e-06,0.005004883,-400.25253,65.71962,55.184006,0.0,0.9,0.0,-2.613551e-25,0.0,76.143234,64.522606,64.393906,65.25386,67.36493
2018-01-02 03:56:00,1.6712499999999999e-25,0.0,65.71962,357730.44,0.75,0.0,26.900036,-1.1619784e-06,0.25,1.0,67.533966,0.0,0.0,0.0,-6.856267e-24,-2.623525e-06,0.005004883,-400.25253,65.71962,55.184006,0.0,0.9,0.0,-1.0417693000000001e-24,0.0,76.14317,64.52118,64.39281,65.25188,67.36081
2018-01-02 03:57:00,1.3511780000000002e-25,0.0,65.71962,357730.44,0.75,0.0,26.915033,-2.3239568e-06,0.25,1.0,67.53225,0.0,0.0,0.0,-3.4160012e-23,-8.792843e-06,0.005004883,-400.25253,65.71962,55.184006,0.0,0.9,0.0,-1.3859702000000001e-24,0.0,76.14317,64.519745,64.391754,65.2499,67.35669
2018-01-02 03:58:00,-3.4764328e-25,0.0,65.71962,357730.44,0.75,0.0,26.930029,-1.1619784e-06,0.25,1.0,67.530556,0.0,0.0,0.0,-1.0408247000000001e-22,-5.720533e-06,0.005004883,-400.25253,65.71962,55.184006,0.0,0.9,0.0,-2.5480115000000002e-24,0.0,76.14317,64.518326,64.390656,65.24798,67.35263
2018-01-02 03:59:00,-1.5414214e-25,0.0,65.71962,357730.44,0.75,0.0,26.945026,2.3239568e-06,0.25,1.0,67.52886,0.0,0.0,0.0,-2.4206844999999998e-23,6.701622e-06,0.005004883,-400.25253,65.71962,55.184006,0.0,0.9,0.0,-1.7963566e-24,0.0,76.14317,64.51689,64.38962,65.246056,67.348564
2018-01-02 04:00:00,-2.8224504e-25,0.0,65.71962,357730.44,0.75,0.0,26.960022,-1.1619784e-06,0.25,1.0,67.52716,0.0,0.0,0.0,-1.9935392e-23,-6.9135167e-06,0.005004883,-400.25253,65.71962,55.184006,0.0,0.9,0.0,-4.9786136e-25,0.0,76.14312,64.51552,64.388626,65.24408,67.3445
2018-01-02 04:01:00,-2.629027e-25,0.0,65.71962,357730.44,0.75,0.0,27.010998,-1.1619784e-06,0.25,1.0,67.525475,0.0,0.0,0.0,-1.4754837e-23,-1.0556101e-06,0.005004883,-400.25253,65.71962,55.184006,0.0,0.9,0.0,-1.1742842e-24,0.0,76.14312,64.51409,64.38759,65.24216,67.34044
2018-01-02 04:02:00,-3.529828e-26,0.0,65.71962,357730.44,0.75,0.0,27.06203,0.0,0.25,1.0,67.52382,0.0,0.0,0.0,-1.99763e-23,-4.147988e-06,0.005004883,-400.25253,65.71962,55.184006,0.0,0.9,0.0,-1.491181e-24,0.0,76.14312,64.51272,64.3866,65.240234,67.336426
2018-01-02 04:03:00,4.675298e-27,0.0,65.71962,357730.44,0.75,0.0,27.113007,-3.4859352e-06,0.25,1.0,67.522156,0.0,0.0,0.0,-1.5584775e-24,-5.2234573e-06,0.005004883,-400.25253,65.71962,55.184006,0.0,0.9,0.0,-2.310026e-24,0.0,76.14307,64.511345,64.38555,65.238365,67.33241
2018-01-02 04:04:00,-3.41824e-26,0.0,65.71962,357730.44,0.75,0.0,27.164038,3.4859352e-06,0.25,1.0,67.5205,0.0,0.0,0.0,-1.3670906e-23,2.065123e-06,0.005004883,-400.25253,65.71962,55.184006,0.0,0.9,0.0,-4.914744e-25,0.0,76.14307,64.50997,64.38461,65.23644,67.3284
2018-01-02 04:05:00,-2.9787530000000003e-27,0.0,65.71962,357730.44,0.75,0.0,27.215015,1.1619784e-06,0.25,1.0,67.518845,0.0,0.0,0.0,-4.315056e-24,5.742052e-06,0.005004883,-400.25253,65.71962,55.184006,0.0,0.9,0.0,-6.8331599999999995e-25,0.0,76.143005,64.5086,64.38363,65.23457,67.324394
2018-01-02 04:06:00,6.6339424e-26,0.0,65.71962,357730.44,0.75,0.0,27.265991,1.1619784e-06,0.25,1.0,67.5172,0.0,0.0,0.0,-9.688018e-24,-1.2585051e-06,0.005004883,-400.25253,65.71962,55.184006,0.0,0.9,0.0,-1.9216435e-24,0.0,76.143005,64.50728,64.382645,65.23265,67.320435
2018-01-02 04:07:00,3.9154427e-26,0.0,65.71962,357730.44,0.75,0.0,27.317022,-1.1619784e-06,0.25,1.0,67.515564,0.0,0.0,0.0,-1.6523518e-23,2.4534626e-07,0.005004883,-400.25253,65.71962,55.184006,0.0,0.9,0.0,-3.2068026e-27,0.0,76.14296,64.505905,64.38171,65.23079,67.31648
2018-01-02 04:08:00,-1.1944352e-26,0.0,65.71962,357730.44,0.75,0.0,27.368,-1.1619784e-06,0.25,1.0,67.51394,0.0,0.0,0.0,-1.8678055e-23,-3.8553944e-06,0.005004883,-400.25253,65.71962,55.184006,0.0,0.9,0.0,-5.066392e-25,0.0,76.14296,64.50459,64.38077,65.22891,67.31247
2018-01-02 04:09:00,1.2732385e-25,0.0,65.71962,357730.44,0.75,0.0,27.419031,1.1619784e-06,0.25,1.0,67.512344,0.0,0.0,0.0,-9.676746000000001e-23,-4.607679e-06,0.005004883,-400.25253,65.71962,55.184006,0.0,0.9,0.0,-1.8514226e-24,0.0,76.14296,64.503265,64.37984,65.22705,67.30858
2018-01-02 04:10:00,4.2937536000000004e-26,0.0,65.71962,357730.44,0.75,0.0,27.470007,1.1619784e-06,0.25,1.0,67.51071,0.0,0.0,0.0,-2.889351e-27,-3.4665802e-06,0.005004883,-400.25253,65.71962,55.184006,0.0,0.9,0.0,-3.917414e-24,0.0,76.1429,64.50195,64.37891,65.22518,67.30462
2018-01-02 04:11:00,-2.3578269999999998e-26,0.0,65.71962,357730.44,0.75,0.0,27.520985,1.1619784e-06,0.25,1.0,67.509094,0.0,0.0,0.0,-1.3883886999999998e-23,1.8945037e-06,0.005004883,-400.25253,65.71962,55.184006,0.0,0.9,0.0,-8.2492040000000005e-25,0.0,76.142845,64.50063,64.37802,65.22331,67.30066
2018-01-02 04:12:00,1.6938636e-26,0.0,65.71962,357730.44,0.75,0.0,27.572016,1.1619784e-06,0.25,1.0,67.50751,0.0,0.0,0.0,-7.405324e-24,3.194628e-06,0.005004883,-400.25253,65.71962,55.184006,0.0,0.9,0.0,-3.211582e-25,0.0,76.142845,64.49931,64.37715,65.22145,67.29677
2018-01-02 04:13:00,4.372067e-27,0.0,65.71962,357730.44,0.75,0.0,27.622992,1.1619784e-06,0.25,1.0,67.505905,0.0,0.0,0.0,-6.603043e-24,1.8424606e-07,0.005004883,-400.25253,65.71962,55.184006,0.0,0.9,0.0,-4.0494332999999997e-25,0.0,76.14279,64.49805,64.37627,65.219574,67.29286
2018-01-02 04:14:00,-4.9970166000000003e-26,0.0,65.71962,357730.44,0.75,0.0,27.674023,1.1619784e-06,0.25,1.0,67.50433,0.0,0.0,0.0,-7.108627e-24,-4.4697076e-06,0.005004883,-400.25253,65.71962,55.184006,0.0,0.9,0.0,-2.0688234e-24,0.0,76.14279,64.496735,64.37539,65.217766,67.28896
2018-01-02 04:15:00,-1.6319797000000002e-26,0.0,65.71962,357730.44,0.75,0.0,27.725,-1.1619784e-06,0.25,1.0,67.50275,0.0,0.0,0.0,-2.6605535000000002e-24,-1.1401479e-06,0.005004883,-400.25253,65.71962,55.184006,0.0,0.9,0.0,-8.617033e-26,0.0,76.14273,64.49547,64.37451,65.21596,67.285065
2018-01-02 04:16:00,2.0060526999999998e-25,0.0,65.71962,357730.44,0.75,0.0,27.776031,1.1619784e-06,0.25,1.0,67.501175,0.0,0.0,0.0,-8.4114085e-24,9.539626e-07,0.005004883,-400.25253,65.71962,55.184006,0.0,0.9,0.0,-2.13758e-26,0.0,76.142685,64.4942,64.37369,65.21408,67.28122
2018-01-02 04:17:00,6.836384999999999e-26,0.0,65.71962,357730.44,0.75,0.0,27.827007,1.1619784e-06,0.25,1.0,67.499626,0.0,0.0,0.0,-3.4090614e-25,6.3211496e-06,0.005004883,-400.25253,65.71962,55.184006,0.0,0.9,0.0,-5.9141186e-26,0.0,76.142685,64.49294,64.37286,65.21227,67.277374
2018-01-02 04:18:00,-1.0884225e-25,0.0,65.71962,357730.44,0.75,0.0,27.877985,-1.1619784e-06,0.25,1.0,67.49806,0.0,0.0,0.0,-7.432571e-24,-3.0882475e-07,0.005004883,-400.25253,65.71962,55.184006,0.0,0.9,0.0,-1.0255592999999999e-25,0.0,76.142624,64.491684,64.37204,65.210464,67.27353
2018-01-02 04:19:00,-5.1213285e-27,0.0,65.71962,357730.44,0.75,0.0,27.929016,-2.3239568e-06,0.25,1.0,67.49651,0.0,0.0,0.0,-7.220450000000001e-23,5.74214e-06,0.005004883,-400.25253,65.71962,55.184006,0.0,0.9,0.0,-5.1709477e-25,0.0,76.14257,64.49047,64.371216,65.20865,67.269684
2018-01-02 04:20:00,1.0727049e-25,0.0,65.71962,357730.44,0.75,0.0,27.979992,-3.4859352e-06,0.25,1.0,67.49499,0.0,0.0,0.0,-3.4267846e-23,-2.526279e-06,0.005004883,-400.25253,65.71962,55.184006,0.0,0.9,0.0,-4.1060070000000003e-25,0.0,76.14257,64.48921,64.370445,65.206894,67.26584
2018-01-02 04:21:00,1.9677332000000003e-27,0.0,65.71962,357730.44,0.75,0.0,28.031025,-1.1619784e-06,0.25,1.0,67.49346,0.0,0.0,0.0,-1.0248470000000001e-23,3.4234638e-06,0.005004883,-400.25253,65.71962,55.184006,0.0,0.9,0.0,-1.278757e-24,0.0,76.14252,64.488,64.369675,65.20508,67.26205
2018-01-02 04:22:00,1.1167088000000001e-26,0.0,65.71962,357730.44,0.75,0.0,28.082,1.1619784e-06,0.25,1.0,67.49193,0.0,0.0,0.0,-6.4336233e-24,-9.768729e-07,0.005004883,-400.25253,65.71962,55.184006,0.0,0.9,0.0,-3.6825642e-25,0.0,76.142456,64.486786,64.36891,65.20326,67.2582
2018-01-02 04:23:00,1.6081188e-26,0.0,65.71962,357730.44,0.75,0.0,28.133032,1.1619784e-06,0.25,1.0,67.49042,0.0,0.0,0.0,-1.39947e-23,-1.2360007e-05,0.005004883,-400.25253,65.71962,55.184006,0.0,0.9,0.0,-1.6258507000000001e-24,0.0,76.142456,64.48558,64.36813,65.20151,67.25441
2018-01-02 04:24:00,3.9481236e-25,0.0,65.71962,357730.44,0.75,0.0,28.18401,3.4859352e-06,0.25,1.0,67.488914,0.0,0.0,0.0,-4.8950732e-24,2.2711238e-06,0.005004883,-400.25253,65.71962,55.184006,0.0,0.9,0.0,-2.9485158e-25,0.0,76.14241,64.484375,64.36737,65.19975,67.25067
2018-01-02 04:25:00,3.7305035000000004e-26,0.0,65.71962,357730.44,0.75,0.0,28.234985,1.1619784e-06,0.25,1.0,67.48742,0.0,0.0,0.0,-5.406938e-23,-5.8795554e-06,0.005004883,-400.25253,65.71962,55.184006,0.0,0.9,0.0,-1.5676325000000001e-27,0.0,76.14235,64.483215,64.36665,65.19799,67.24689
2018-01-02 04:26:00,-4.2920477000000003e-26,0.0,65.71962,357730.44,0.75,0.0,28.286016,-1.1619784e-06,0.25,1.0,67.48592,0.0,0.0,0.0,-1.9752735e-23,6.336782e-06,0.005004883,-400.25253,65.71962,55.184006,0.0,0.9,0.0,-2.9826584e-24,0.0,76.142296,64.48201,64.36594,65.19623,67.24315
2018-01-02 04:27:00,-1.5719255e-26,0.0,65.71962,357730.44,0.75,0.0,28.336994,1.1619784e-06,0.25,1.0,67.484436,0.0,0.0,0.0,-4.931848e-23,-6.4613782e-06,0.005004883,-400.25253,65.71962,55.184006,0.0,0.9,0.0,-2.9708494e-24,0.0,76.14224,64.48086,64.36523,65.19447,67.239365
2018-01-02 04:28:00,-5.2829725e-26,0.0,65.71962,357730.44,0.75,0.0,28.388025,1.1619784e-06,0.25,1.0,67.48297,0.0,0.0,0.0,-1.5566671e-23,1.7428492e-06,0.005004883,-400.25253,65.71962,55.184006,0.0,0.9,0.0,-1.2272863e-25,0.0,76.14224,64.479706,64.36456,65.19272,67.23563
2018-01-02 04:29:00,1.787246e-26,0.0,65.71962,357730.44,0.75,0.0,28.439001,1.1619784e-06,0.25,1.0,67.48149,0.0,0.0,0.0,-1.4213333e-23,3.92913e-06,0.005004883,-400.25253,65.71962,55.184006,0.0,0.9,0.0,-2.1201312e-25,0.0,76.14218,64.478546,64.36385,65.19096,67.23195
2018-01-02 04:30:00,-9.7540124e-27,0.0,65.71962,357730.44,0.75,0.0,28.490032,1.1619784e-06,0.25,1.0,67.48004,0.0,0.0,0.0,-4.2918695e-24,4.3893297e-06,0.005004883,-400.25253,65.71962,55.184006,0.0,0.9,0.0,-2.2087869e-24,0.0,76.142136,64.4774,64.36319,65.189255,67.22821
2018-01-02 04:31:00,-5.0302535e-26,0.0,65.71962,357730.44,0.75,0.0,28.54101,-1.1619784e-06,0.25,1.0,67.4786,0.0,0.0,0.0,-1.492229e-24,-6.4850183e-06,0.005004883,-400.25253,65.71962,55.184006,0.0,0.9,0.0,-8.601731000000001e-25,0.0,76.142075,64.4763,64.36253,65.18755,67.22453
2018-01-02 04:32:00,1.7514136e-26,0.0,65.71962,357730.44,0.75,0.0,28.591986,0.0,0.25,1.0,67.477135,0.0,0.0,0.0,-2.0160192e-23,-5.9931026e-06,0.005004883,-400.25253,65.71962,55.184006,0.0,0.9,0.0,-2.2241129e-24,0.0,76.14202,64.47514,64.36188,65.18579,67.22085
2018-01-02 04:33:00,6.482737999999999e-26,0.0,65.71962,357730.44,0.75,0.0,28.643017,-1.1619784e-06,0.25,1.0,67.47571,0.0,0.0,0.0,-7.870035e-24,1.1644275e-05,0.005004883,-400.25253,65.71962,55.184006,0.0,0.9,0.0,-2.4522735e-24,0.0,76.14197,64.474045,64.36127,65.1841,67.21716
2018-01-02 04:34:00,2.1628658e-25,0.0,65.71962,357730.44,0.75,0.0,28.693995,0.0,0.25,1.0,67.47428,0.0,0.0,0.0,-5.3211565e-23,6.1227697e-06,0.005004883,-400.25253,65.71962,55.184006,0.0,0.9,0.0,-7.2533264e-26,0.0,76.14191,64.472946,64.36067,65.18239,67.213486
2018-01-02 04:35:00,1.1706051e-25,0.0,65.71962,357730.44,0.75,0.0,28.745026,-1.1619784e-06,0.25,1.0,67.47288,0.0,0.0,0.0,-4.1804737e-25,-1.2769327e-07,0.005004883,-400.25253,65.71962,55.184006,0.0,0.9,0.0,-6.481945600000001e-26,0.0,76.14186,64.47185,64.36006,65.18074,67.20986
2018-01-02 04:36:00,2.3534006e-26,0.0,65.71962,357730.44,0.75,0.0,28.796001,-2.3239568e-06,0.25,1.0,67.47147,0.0,0.0,0.0,-1.0475728e-24,-8.259952e-06,0.005004883,-400.25253,65.71962,55.184006,0.0,0.9,0.0,-3.1831186e-24,0.0,76.1418,64.47081,64.35946,65.17904,67.20624
2018-01-02 04:37:00,6.013662e-26,0.0,65.71962,357730.44,0.75,0.0,28.847034,1.1619784e-06,0.25,1.0,67.47008,0.0,0.0,0.0,-2.021364e-23,4.9712467e-06,0.005004883,-400.25253,65.71962,55.184006,0.0,0.9,0.0,-4.972583e-25,0.0,76.1418,64.46971,64.35886,65.17739,67.20261
2018-01-02 04:38:00,7.142036999999999e-26,0.0,65.71962,357730.44,0.75,0.0,28.89801,1.1619784e-06,0.25,1.0,67.46867,0.0,0.0,0.0,-1.3403958e-23,3.7840016e-06,0.005004883,-400.25253,65.71962,55.184006,0.0,0.9,0.0,-1.3251802e-24,0.0,76.14175,64.46866,64.35831,65.17569,67.19899
2018-01-02 04:39:00,3.7800406000000004e-26,0.0,65.71962,357730.44,0.75,0.0,28.948986,-1.1619784e-06,0.25,1.0,67.4673,0.0,0.0,0.0,-7.339018e-23,5.8323626e-06,0.005004883,-400.25253,65.71962,55.184006,0.0,0.9,0.0,-1.3930998e-24,0.0,76.14169,64.46756,64.35776,65.17404,67.19542
2018-01-02 04:40:00,8.159878e-27,0.0,65.71962,357730.44,0.75,0.0,29.00002,-2.3239568e-06,0.25,1.0,67.465904,0.0,0.0,0.0,-4.098475e-24,1.6837755e-06,0.005004883,-400.25253,65.71962,55.184006,0.0,0.9,0.0,-1.7818300999999998e-25,0.0,76.14163,64.46652,64.35721,65.17239,67.19179
2018-01-02 04:41:00,-1.1338362999999999e-25,0.0,65.71962,357730.44,0.75,0.0,29.050995,1.1619784e-06,0.25,1.0,67.46456,0.0,0.0,0.0,-7.578434e-24,1.804619e-06,0.005004883,-400.25253,65.71962,55.184006,0.0,0.9,0.0,-1.1932309e-24,0.0,76.14159,64.46553,64.35671,65.170746,67.18822
2018-01-02 04:42:00,1.1627726e-25,0.0,65.71962,357730.44,0.75,0.0,29.102026,-1.1619784e-06,0.25,1.0,67.463196,0.0,0.0,0.0,-7.610104e-24,5.784635e-06,0.005004883,-400.25253,65.71962,55.184006,0.0,0.9,0.0,-2.1852972e-24,0.0,76.141525,64.46449,64.35616,65.1691,67.18471
2018-01-02 04:43:00,-1.3536778999999998e-25,0.0,65.71962,357730.44,0.75,0.0,29.153004,-1.1619784e-06,0.25,1.0,67.46184,0.0,0.0,0.0,-9.240011e-24,2.7924261e-06,0.005004883,-400.25253,65.71962,55.184006,0.0,0.9,0.0,-4.2598607e-25,0.0,76.14147,64.46344,64.35567,65.16745,67.18114
2018-01-02 04:44:00,-5.248578e-26,0.0,65.71962,357730.44,0.75,0.0,29.204035,1.1619784e-06,0.25,1.0,67.460495,0.0,0.0,0.0,-2.0859630999999998e-23,-5.304143e-06,0.005004883,-400.25253,65.71962,55.184006,0.0,0.9,0.0,-1.7788159e-24,0.0,76.14142,64.4624,64.35518,65.165855,67.17761
2018-01-02 04:45:00,-1.6353655000000002e-26,0.0,65.71962,357730.44,0.75,0.0,29.25501,1.1619784e-06,0.25,1.0,67.459145,0.0,0.0,0.0,-1.2952010000000001e-23,-2.070431e-06,0.005004883,-400.25253,65.71962,55.184006,0.0,0.9,0.0,-4.341583e-26,0.0,76.14136,64.4613,64.35474,65.16421,67.1741
2018-01-02 04:46:00,7.318071e-26,0.0,65.71962,357730.44,0.75,0.0,29.305988,1.1619784e-06,0.25,1.0,67.45779,0.0,0.0,0.0,-9.521212e-24,3.4096413e-06,0.005004883,-400.25253,65.71962,55.184006,0.0,0.9,0.0,-1.3188472e-24,0.0,76.14125,64.46026,64.35424,65.16261,67.170586
2018-01-02 04:47:00,-1.0817917e-25,0.0,65.71962,357730.44,0.75,0.0,29.35702,1.1619784e-06,0.25,1.0,67.45646,0.0,0.0,0.0,-9.751717000000001e-23,4.5529302e-07,0.005004883,-400.25253,65.71962,55.184006,0.0,0.9,0.0,-9.267532e-25,0.0,76.1412,64.45921,64.353806,65.161026,67.16707
2018-01-02 04:48:00,-9.127789000000001e-27,0.0,65.71962,357730.44,0.75,0.0,29.407995,1.1619784e-06,0.25,1.0,67.45515,0.0,0.0,0.0,-7.536760000000001e-24,1.6834999e-06,0.005004883,-400.25253,65.71962,55.184006,0.0,0.9,0.0,-1.1202154e-24,0.0,76.14114,64.458176,64.35336,65.159424,67.163605
2018-01-02 04:49:00,6.166931e-26,0.0,65.71962,357730.44,0.75,0.0,29.459026,1.1619784e-06,0.25,1.0,67.453835,0.0,0.0,0.0,-5.8911186000000006e-24,-1.0843012e-06,0.005004883,-400.25253,65.71962,55.184006,0.0,0.9,0.0,-9.375808500000001e-26,0.0,76.14108,64.45712,64.35298,65.15784,67.16015
2018-01-02 04:50:00,8.4337995e-26,0.0,65.71962,357730.44,0.75,0.0,29.510004,1.1619784e-06,0.25,1.0,67.45253,0.0,0.0,0.0,-1.6142981e-23,7.68325e-07,0.005004883,-400.25253,65.71962,55.184006,0.0,0.9,0.0,-2.9167286000000003e-24,0.0,76.14104,64.456085,64.35254,65.156296,67.15669
2018-01-02 04:51:00,2.9939401e-27,0.0,65.71962,357730.44,0.75,0.0,29.561035,2.3239568e-06,0.25,1.0,67.45123,0.0,0.0,0.0,-5.485415599999999e-23,-2.5741147e-06,0.005004883,-400.25253,65.71962,55.184006,0.0,0.9,0.0,-1.3131659e-24,0.0,76.140976,64.45509,64.35216,65.15471,67.15323
2018-01-02 04:52:00,-1.8478124e-26,0.0,65.71962,357730.44,0.75,0.0,29.612011,-3.4859352e-06,0.25,1.0,67.44995,0.0,0.0,0.0,-1.3385050000000002e-23,5.5084215e-06,0.005004883,-400.25253,65.71962,55.184006,0.0,0.9,0.0,-4.5379263e-25,0.0,76.14092,64.454056,64.35177,65.15317,67.149826
2018-01-02 04:53:00,-1.2872393e-25,0.0,65.71962,357730.44,0.75,0.0,29.662989,1.1619784e-06,0.25,1.0,67.448654,0.0,0.0,0.0,-3.4158218e-24,4.5053656e-07,0.005004883,-400.25253,65.71962,55.184006,0.0,0.9,0.0,-2.1422839999999998e-26,0.0,76.14087,64.453064,64.35138,65.15163,67.14636
2018-01-02 04:54:00,-1.5084597000000002e-26,0.0,65.71962,357730.44,0.75,0.0,29.71402,-1.1619784e-06,0.25,1.0,67.4474,0.0,0.0,0.0,-1.2155222400000001e-23,2.469434e-06,0.005004883,-400.25253,65.71962,55.184006,0.0,0.9,0.0,-2.5426251e-24,0.0,76.14081,64.45207,64.35106,65.150085,67.14296
2018-01-02 04:55:00,1.7167287000000002e-26,0.0,65.71962,357730.44,0.75,0.0,29.764996,1.1619784e-06,0.25,1.0,67.446144,0.0,0.0,0.0,-4.7669287e-23,3.0319197e-06,0.005004883,-400.25253,65.71962,55.184006,0.0,0.9,0.0,-1.7368691999999998e-25,0.0,76.14076,64.45108,64.35072,65.14855,67.1396
2018-01-02 04:56:00,-1.5997977999999999e-25,0.0,65.71962,357730.44,0.75,0.0,29.816029,-1.1619784e-06,0.25,1.0,67.44487,0.0,0.0,0.0,-4.7407227000000005e-24,-5.357127e-06,0.005004883,-400.25253,65.71962,55.184006,0.0,0.9,0.0,-1.7628799000000002e-24,0.0,76.14065,64.450096,64.350395,65.14702,67.1362
2018-01-02 04:57:00,6.9537885e-26,0.0,65.71962,357730.44,0.75,0.0,29.867004,1.1619784e-06,0.25,1.0,67.44362,0.0,0.0,0.0,-2.8798125e-23,-1.8080956e-07,0.005004883,-400.25253,65.71962,55.184006,0.0,0.9,0.0,-2.5548046e-27,0.0,76.140594,64.44911,64.35007,65.14548,67.13284
2018-01-02 04:58:00,-3.4669525000000004e-26,0.0,65.71962,357730.44,0.75,0.0,29.918036,0.0,0.25,1.0,67.4424,0.0,0.0,0.0,-9.611974e-24,4.4227027e-06,0.005004883,-400.25253,65.71962,55.184006,0.0,0.9,0.0,-8.18491e-27,0.0,76.14053,64.44812,64.34979,65.144,67.1295
2018-01-02 04:59:00,-1.2970152999999998e-25,0.0,65.71962,357730.44,0.75,0.0,29.969013,-1.1619784e-06,0.25,1.0,67.44116,0.0,0.0,0.0,-4.4414892e-24,-2.7326928e-07,0.005004883,-400.25253,65.71962,55.184006,0.0,0.9,0.0,-1.4125356e-25,0.0,76.14049,64.44719,64.34946,65.14251,67.126144
2018-01-02 05:00:00,-1.3285801e-26,0.0,65.71962,357730.44,0.75,0.0,30.019989,-1.1619784e-06,0.25,1.0,67.43994,0.0,0.0,0.0,-1.0535156e-23,5.7323257e-07,0.005004883,-400.25253,65.71962,55.184006,0.0,0.9,0.0,-1.0964774e-24,0.0,76.14043,64.44625,64.34918,65.14102,67.12285
2018-01-02 05:01:00,3.1050865000000003e-27,0.0,65.71962,357730.44,0.75,0.0,30.019989,2.3239568e-06,0.25,1.0,67.43874,0.0,0.0,0.0,-3.0299067999999997e-23,-6.7681685e-06,0.005004883,-400.25253,65.71962,55.184006,0.0,0.9,0.0,-1.0077119999999999e-26,0.0,76.14037,64.44527,64.34897,65.13954,67.11955
2018-01-02 05:02:00,9.5033195e-27,0.0,65.71962,357730.44,0.75,0.0,30.019989,1.1619784e-06,0.25,1.0,67.43798,0.0,0.0,0.0,-3.5108845e-23,2.6586354e-06,0.005004883,-400.25253,65.71962,55.184006,0.0,0.9,0.0,-1.5966924e-25,0.0,76.1418,64.44449,64.34891,65.138275,67.116425
2018-01-02 05:03:00,-8.9316785e-26,0.0,65.71962,357730.44,0.75,0.0,30.019989,1.1619784e-06,0.25,1.0,67.43718,0.0,0.0,0.0,-4.0268233e-24,2.8931577e-06,0.005004883,-400.25253,65.71962,55.184006,0.0,0.9,0.0,-7.631757e-25,0.0,76.14296,64.443665,64.34886,65.13707,67.11334
2018-01-02 05:04:00,2.609072e-26,0.0,65.71962,357730.44,0.75,0.0,30.019989,-2.3239568e-06,0.25,1.0,67.436424,0.0,0.0,0.0,-1.4737198e-23,2.1028777e-07,0.005004883,-400.25253,65.71962,55.184006,0.0,0.9,0.0,-1.6204273999999998e-25,0.0,76.14427,64.4429,64.34886,65.1358,67.110275
2018-01-02 05:05:00,-4.6741557000000004e-27,0.0,65.71962,357730.44,0.75,0.0,30.019989,1.1619784e-06,0.25,1.0,67.435684,0.0,0.0,0.0,-5.411536599999999e-23,-4.1699705e-06,0.005004883,-400.25253,65.71962,55.184006,0.0,0.9,0.0,-4.5340096e-25,0.0,76.14554,64.44213,64.34886,65.1346,67.107254
2018-01-02 05:06:00,-4.6137578000000005e-26,0.0,65.71962,357730.44,0.75,0.0,30.019989,2.3239568e-06,0.25,1.0,67.43492,0.0,0.0,0.0,-1.3082594e-24,3.7857685e-06,0.005004883,-400.25253,65.71962,55.184006,0.0,0.9,0.0,-4.701969399999999e-25,0.0,76.14685,64.44136,64.34886,65.13339,67.10417
2018-01-02 05:07:00,7.408898e-26,0.0,65.71962,357730.44,0.75,0.0,30.019989,0.0,0.25,1.0,67.434204,0.0,0.0,0.0,-2.8217848e-24,-2.892314e-06,0.005004883,-400.25253,65.71962,55.184006,0.0,0.9,0.0,-1.1055829999999999e-24,0.0,76.14818,64.4406,64.34886,65.13223,67.10115
2018-01-02 05:08:00,9.910923000000001e-27,0.0,65.71962,357730.44,0.75,0.0,30.019989,-1.1619784e-06,0.25,1.0,67.43349,0.0,0.0,0.0,-3.783764e-24,3.3988129e-06,0.005004883,-400.25253,65.71962,55.184006,0.0,0.9,0.0,-9.546507e-25,0.0,76.14955,64.43982,64.34886,65.13103,67.09813
2018-01-02 05:09:00,-1.4542338e-25,0.0,65.71962,357730.44,0.75,0.0,30.019989,-1.1619784e-06,0.25,1.0,67.43278,0.0,0.0,0.0,-3.132835e-24,3.5021283e-06,0.005004883,-400.25253,65.71962,55.184006,0.0,0.9,0.0,-8.705617e-25,0.0,76.15086,64.43911,64.34886,65.129875,67.09517
2018-01-02 05:10:00,-2.225825e-26,0.0,65.71962,357730.44,0.75,0.0,30.019989,-2.3239568e-06,0.25,1.0,67.432045,0.0,0.0,0.0,-6.746509e-24,1.1600791e-06,0.005004883,-400.25253,65.71962,55.184006,0.0,0.9,0.0,-3.6621136000000004e-24,0.0,76.15218,64.43834,64.34891,65.12866,67.09215
2018-01-02 05:11:00,3.4038045000000003e-26,0.0,65.71962,357730.44,0.75,0.0,30.019989,0.0,0.25,1.0,67.43137,0.0,0.0,0.0,-8.722252e-24,5.3006363e-07,0.005004883,-400.25253,65.71962,55.184006,0.0,0.9,0.0,-8.658685e-27,0.0,76.15356,64.43762,64.34897,65.12752,67.08917
2018-01-02 05:12:00,-3.3605173e-26,0.0,65.71962,357730.44,0.75,0.0,30.019989,1.1619784e-06,0.25,1.0,67.43067,0.0,0.0,0.0,-1.574322e-23,3.856288e-07,0.005004883,-400.25253,65.71962,55.184006,0.0,0.9,0.0,-5.0537363e-26,0.0,76.15488,64.43691,64.34897,65.12636,67.08621
2018-01-02 05:13:00,-5.0137784e-26,0.0,65.71962,357730.44,0.75,0.0,30.019989,0.0,0.25,1.0,67.42996,0.0,0.0,0.0,-6.5643147000000005e-24,-6.2130634e-06,0.005004883,-400.25253,65.71962,55.184006,0.0,0.9,0.0,-2.3864634e-24,0.0,76.15619,64.43614,64.34902,65.125206,67.083244
2018-01-02 05:14:00,2.7353498e-25,0.0,65.71962,357730.44,0.75,0.0,30.019989,1.1619784e-06,0.25,1.0,67.42928,0.0,0.0,0.0,-1.9424923e-25,-4.978204e-06,0.005004883,-400.25253,65.71962,55.184006,0.0,0.9,0.0,-1.1267159e-24,0.0,76.15756,64.435425,64.349075,65.124054,67.08034
2018-01-02 05:15:00,1.1396087e-25,0.0,65.71962,357730.44,0.75,0.0,30.019989,0.0,0.25,1.0,67.4286,0.0,0.0,0.0,-2.6754588e-24,8.26098e-06,0.005004883,-400.25253,65.71962,55.184006,0.0,0.9,0.0,-3.0280238e-24,0.0,76.15889,64.434715,64.34914,65.122894,67.07736
2018-01-02 05:16:00,-1.9697280000000001e-25,0.0,65.71962,357730.44,0.75,0.0,30.019989,1.1619784e-06,0.25,1.0,67.42793,0.0,0.0,0.0,-6.774630999999999e-24,-1.7384415e-06,0.005004883,-400.25253,65.71962,55.184006,0.0,0.9,0.0,-1.4074673e-24,0.0,76.1602,64.43405,64.34918,65.12175,67.074455
2018-01-02 05:17:00,1.2955583e-25,0.0,65.71962,357730.44,0.75,0.0,30.019989,1.1619784e-06,0.25,1.0,67.42726,0.0,0.0,0.0,-1.5224006e-23,-5.1844463e-06,0.005004883,-400.25253,65.71962,55.184006,0.0,0.9,0.0,-1.3892648e-23,0.0,76.16152,64.43334,64.3493,65.12059,67.07155
2018-01-02 05:18:00,-3.8398578e-26,0.0,65.71962,357730.44,0.75,0.0,30.019989,3.4859352e-06,0.25,1.0,67.42659,0.0,0.0,0.0,-4.8935530000000006e-23,-7.561231e-06,0.005004883,-400.25253,65.71962,55.184006,0.0,0.9,0.0,-3.4935635e-25,0.0,76.16284,64.43263,64.34935,65.11949,67.068634
2018-01-02 05:19:00,-3.5757493e-26,0.0,65.71962,357730.44,0.75,0.0,30.019989,2.3239568e-06,0.25,1.0,67.42592,0.0,0.0,0.0,-5.591118e-23,-1.0239156e-06,0.005004883,-400.25253,65.71962,55.184006,0.0,0.9,0.0,-3.2668006000000002e-24,0.0,76.164154,64.43197,64.34941,65.11834,67.06572
2018-01-02 05:20:00,-2.4215315e-26,0.0,65.71962,357730.44,0.75,0.0,30.019989,1.1619784e-06,0.25,1.0,67.42528,0.0,0.0,0.0,-9.566017e-24,6.192274e-07,0.005004883,-400.25253,65.71962,55.184006,0.0,0.9,0.0,-2.8553363e-24,0.0,76.16548,64.43126,64.34952,65.11724,67.06287
2018-01-02 05:21:00,-3.5899975e-26,0.0,65.71962,357730.44,0.75,0.0,30.019989,2.3239568e-06,0.25,1.0,67.42458,0.0,0.0,0.0,-3.8967596e-23,1.201244e-05,0.005004883,-400.25253,65.71962,55.184006,0.0,0.9,0.0,-1.6168684e-26,0.0,76.16674,64.430595,64.34957,65.11609,67.05995
2018-01-02 05:22:00,1.5824582e-25,0.0,65.71962,357730.44,0.75,0.0,30.019989,0.0,0.25,1.0,67.42394,0.0,0.0,0.0,-4.8516514e-23,-4.057829e-07,0.005004883,-400.25253,65.71962,55.184006,0.0,0.9,0.0,-1.5691516999999998e-25,0.0,76.16806,64.429886,64.349686,65.11499,67.0571
2018-01-02 05:23:00,-4.3237448000000003e-26,0.0,65.71962,357730.44,0.75,0.0,30.019989,1.1619784e-06,0.25,1.0,67.423294,0.0,0.0,0.0,-3.1145915e-24,-6.44588e-06,0.005004883,-400.25253,65.71962,55.184006,0.0,0.9,0.0,-2.6384056000000002e-24,0.0,76.16933,64.42922,64.34979,65.11389,67.054245
2018-01-02 05:24:00,-9.8606954e-26,0.0,65.71962,357730.44,0.75,0.0,30.019989,1.1619784e-06,0.25,1.0,67.422646,0.0,0.0,0.0,-6.2283110000000004e-27,-6.262466e-06,0.005004883,-400.25253,65.71962,55.184006,0.0,0.9,0.0,-8.192323499999999e-25,0.0,76.170586,64.42856,64.3499,65.11279,67.051384
2018-01-02 05:25:00,-9.310333000000001e-27,0.0,65.71962,357730.44,0.75,0.0,30.019989,-2.3239568e-06,0.25,1.0,67.42198,0.0,0.0,0.0,-3.3564836e-24,-4.606971e-07,0.005004883,-400.25253,65.71962,55.184006,0.0,0.9,0.0,-4.1631336e-25,0.0,76.171844,64.4279,64.34996,65.111694,67.04852
2018-01-02 05:26:00,-3.6991595000000005e-27,0.0,65.71962,357730.44,0.75,0.0,30.019989,0.0,0.25,1.0,67.42135,0.0,0.0,0.0,-8.819201400000001e-24,-2.6139742e-06,0.005004883,-400.25253,65.71962,55.184006,0.0,0.9,0.0,-1.3774881e-27,0.0,76.17311,64.427246,64.35007,65.110596,67.04573
2018-01-02 05:27:00,3.2712444e-27,0.0,65.71962,357730.44,0.75,0.0,30.019989,-1.1619784e-06,0.25,1.0,67.4207,0.0,0.0,0.0,-3.6629177999999996e-25,-4.7727494e-06,0.005004883,-400.25253,65.71962,55.184006,0.0,0.9,0.0,-4.248916e-26,0.0,76.17438,64.42659,64.350174,65.1095,67.04287
2018-01-02 05:28:00,2.7782387e-25,0.0,65.71962,357730.44,0.75,0.0,30.019989,-1.1619784e-06,0.25,1.0,67.42005,0.0,0.0,0.0,-1.2479738e-23,-8.84644e-06,0.005004883,-400.25253,65.71962,55.184006,0.0,0.9,0.0,-4.1474634e-24,0.0,76.17558,64.42593,64.35028,65.1084,67.04007
2018-01-02 05:29:00,2.1393735e-25,0.0,65.71962,357730.44,0.75,0.0,30.019989,1.1619784e-06,0.25,1.0,67.41942,0.0,0.0,0.0,-9.47555e-24,-2.1182913e-07,0.005004883,-400.25253,65.71962,55.184006,0.0,0.9,0.0,-4.9876525e-25,0.0,76.17679,64.42526,64.350395,65.10735,67.03726
2018-01-02 05:30:00,-1.1795507400000001e-26,0.0,65.71962,357730.44,0.75,0.0,30.019989,-3.4859352e-06,0.25,1.0,67.418785,0.0,0.0,0.0,-2.91253e-23,-1.4545302e-06,0.005004883,-400.25253,65.71962,55.184006,0.0,0.9,0.0,-6.807245e-27,0.0,76.178,64.42467,64.350555,65.106255,67.03447
2018-01-02 05:31:00,4.3167526000000004e-26,0.0,65.71962,357730.44,0.75,0.0,30.019989,1.1619784e-06,0.25,1.0,67.41815,0.0,0.0,0.0,-5.1908834000000005e-24,-1.8068963e-07,0.005004883,-400.25253,65.71962,55.184006,0.0,0.9,0.0,-4.6954899999999995e-25,0.0,76.179214,64.424,64.35067,65.10521,67.03166
2018-01-02 05:32:00,7.455872e-26,0.0,65.71962,357730.44,0.75,0.0,30.019989,-1.1619784e-06,0.25,1.0,67.41752,0.0,0.0,0.0,-1.5565278e-23,-6.075382e-06,0.005004883,-400.25253,65.71962,55.184006,0.0,0.9,0.0,-1.2842157999999999e-25,0.0,76.18042,64.4234,64.350784,65.10411,67.02886
2018-01-02 05:33:00,-1.3878982e-25,0.0,65.71962,357730.44,0.75,0.0,30.019989,-1.1619784e-06,0.25,1.0,67.41689,0.0,0.0,0.0,-5.4852690000000005e-25,3.248457e-06,0.005004883,-400.25253,65.71962,55.184006,0.0,0.9,0.0,-3.4815385e-28,0.0,76.181625,64.422745,64.35089,65.10307,67.026115
2018-01-02 05:34:00,3.0555045e-26,0.0,65.71962,357730.44,0.75,0.0,30.019989,1.1619784e-06,0.25,1.0,67.41625,0.0,0.0,0.0,-2.3963094e-23,4.10925e-06,0.005004883,-400.25253,65.71962,55.184006,0.0,0.9,0.0,-1.5110764e-25,0.0,76.182785,64.422134,64.35106,65.101974,67.023315
2018-01-02 05:35:00,-2.4507246e-25,0.0,65.71962,357730.44,0.75,0.0,30.019989,2.3239568e-06,0.25,1.0,67.41563,0.0,0.0,0.0,-1.096179e-22,-1.0679847e-07,0.005004883,-400.25253,65.71962,55.184006,0.0,0.9,0.0,-1.2932059e-25,0.0,76.18393,64.42153,64.351166,65.10092,67.02057
2018-01-02 05:36:00,-1.2757433e-27,0.0,65.71962,357730.44,0.75,0.0,30.019989,-2.3239568e-06,0.25,1.0,67.41499,0.0,0.0,0.0,-1.1983937e-24,6.767816e-07,0.005004883,-400.25253,65.71962,55.184006,0.0,0.9,0.0,-1.1337319000000001e-26,0.0,76.18509,64.42087,64.35127,65.099884,67.01782
2018-01-02 05:37:00,-3.0000174e-26,0.0,65.71962,357730.44,0.75,0.0,30.019989,-1.1619784e-06,0.25,1.0,67.414375,0.0,0.0,0.0,-3.6914908e-24,3.907346e-06,0.005004883,-400.25253,65.71962,55.184006,0.0,0.9,0.0,-1.1205346e-24,0.0,76.18624,64.42027,64.35144,65.09884,67.015076
2018-01-02 05:38:00,-1.7221966e-26,0.0,65.71962,357730.44,0.75,0.0,30.019989,1.1619784e-06,0.25,1.0,67.41376,0.0,0.0,0.0,-8.953287e-24,-2.2458444e-07,0.005004883,-400.25253,65.71962,55.184006,0.0,0.9,0.0,-3.1880146000000003e-26,0.0,76.18739,64.41966,64.35161,65.09779,67.01233
2018-01-02 05:39:00,3.8996747000000005e-26,0.0,65.71962,357730.44,0.75,0.0,30.019989,1.1619784e-06,0.25,1.0,67.413124,0.0,0.0,0.0,-1.4194684e-23,-6.708544e-06,0.005004883,-400.25253,65.71962,55.184006,0.0,0.9,0.0,-7.7160004e-25,0.0,76.18849,64.41906,64.351715,65.096756,67.00958
2018-01-02 05:40:00,-1.6642597e-25,0.0,65.71962,357730.44,0.75,0.0,30.019989,3.4859352e-06,0.25,1.0,67.412506,0.0,0.0,0.0,-2.9254462e-23,-5.919289e-06,0.005004883,-400.25253,65.71962,55.184006,0.0,0.9,0.0,-3.4402575e-24,0.0,76.18959,64.41846,64.35188,65.0957,67.00689
2018-01-02 05:41:00,-1.0744142999999998e-25,0.0,65.71962,357730.44,0.75,0.0,30.019989,1.1619784e-06,0.25,1.0,67.411865,0.0,0.0,0.0,-2.1280495e-23,6.6360494e-06,0.005004883,-400.25253,65.71962,55.184006,0.0,0.9,0.0,-3.9603377e-24,0.0,76.19069,64.41785,64.35199,65.094666,67.00414
2018-01-02 05:42:00,-5.0559787000000005e-26,0.0,65.71962,357730.44,0.75,0.0,30.019989,1.1619784e-06,0.25,1.0,67.41127,0.0,0.0,0.0,-9.442274e-25,8.239971e-07,0.005004883,-400.25253,65.71962,55.184006,0.0,0.9,0.0,-1.2084393e-25,0.0,76.19179,64.4173,64.35216,65.09362,67.00145
2018-01-02 05:43:00,-8.414008000000001e-27,0.0,65.71962,357730.44,0.75,0.0,30.019989,-1.1619784e-06,0.25,1.0,67.41066,0.0,0.0,0.0,-7.474253e-24,-4.6300724e-07,0.005004883,-400.25253,65.71962,55.184006,0.0,0.9,0.0,-1.4964583e-24,0.0,76.19289,64.4167,64.35232,65.092575,66.998764
2018-01-02 05:44:00,4.2836102e-27,0.0,65.71962,357730.44,0.75,0.0,30.019989,1.1619784e-06,0.25,1.0,67.41002,0.0,0.0,0.0,-1.4984184e-23,-2.1197209e-06,0.005004883,-400.25253,65.71962,55.184006,0.0,0.9,0.0,-6.6273487e-25,0.0,76.193985,64.41609,64.35248,65.09154,66.99602
2018-01-02 05:45:00,-2.4001421e-26,0.0,65.71962,357730.44,0.75,0.0,30.019989,0.0,0.25,1.0,67.40943,0.0,0.0,0.0,-8.795751e-24,-7.691026e-06,0.005004883,-400.25253,65.71962,55.184006,0.0,0.9,0.0,-2.047245e-24,0.0,76.19503,64.41554,64.352646,65.090546,66.99338
2018-01-02 05:46:00,-5.8722406e-25,0.0,65.71962,357730.44,0.75,0.0,30.019989,-1.1619784e-06,0.25,1.0,67.4088,0.0,0.0,0.0,-2.3363404000000002e-27,-1.3990325e-07,0.005004883,-400.25253,65.71962,55.184006,0.0,0.9,0.0,-4.2038425000000006e-27,0.0,76.196075,64.41494,64.35275,65.0895,66.990685
2018-01-02 05:47:00,-1.406411e-26,0.0,65.71962,357730.44,0.75,0.0,30.019989,-1.1619784e-06,0.25,1.0,67.40819,0.0,0.0,0.0,-9.7734426e-23,-1.4969702e-07,0.005004883,-400.25253,65.71962,55.184006,0.0,0.9,0.0,-1.666063e-24,0.0,76.19711,64.41439,64.35292,65.08852,66.98799
2018-01-02 05:48:00,-1.7819395e-25,0.0,65.71962,357730.44,0.75,0.0,30.019989,1.1619784e-06,0.25,1.0,67.407555,0.0,0.0,0.0,-4.808314e-24,3.196378e-06,0.005004883,-400.25253,65.71962,55.184006,0.0,0.9,0.0,-3.440634e-25,0.0,76.198166,64.41379,64.35309,65.08746,66.985306
2018-01-02 05:49:00,-7.4162126e-26,0.0,65.71962,357730.44,0.75,0.0,30.019989,-2.3239568e-06,0.25,1.0,67.40697,0.0,0.0,0.0,-1.5654396e-23,2.011256e-06,0.005004883,-400.25253,65.71962,55.184006,0.0,0.9,0.0,-3.6151049999999997e-26,0.0,76.1992,64.41324,64.35326,65.08648,66.982666
2018-01-02 05:50:00,-4.2654615000000005e-26,0.0,65.71962,357730.44,0.75,0.0,30.019989,1.1619784e-06,0.25,1.0,67.40636,0.0,0.0,0.0,-1.9042614999999998e-23,-2.2994168e-06,0.005004883,-400.25253,65.71962,55.184006,0.0,0.9,0.0,-4.658284e-25,0.0,76.200195,64.41269,64.35342,65.085434,66.98003
2018-01-02 05:51:00,-4.9410500000000004e-26,0.0,65.71962,357730.44,0.75,0.0,30.019989,-1.1619784e-06,0.25,1.0,67.40573,0.0,0.0,0.0,-5.4317747e-24,-8.109004e-07,0.005004883,-400.25253,65.71962,55.184006,0.0,0.9,0.0,-4.317249e-25,0.0,76.20119,64.41208,64.35358,65.08444,66.97739
2018-01-02 05:52:00,-1.918567e-26,0.0,65.71962,357730.44,0.75,0.0,30.019989,0.0,0.25,1.0,67.405136,0.0,0.0,0.0,-2.8724666e-24,-2.8568454e-06,0.005004883,-400.25253,65.71962,55.184006,0.0,0.9,0.0,-1.1007135000000001e-24,0.0,76.20217,64.41153,64.353806,65.08346,66.9747
2018-01-02 05:53:00,-1.7385131e-26,0.0,65.71962,357730.44,0.75,0.0,30.019989,1.1619784e-06,0.25,1.0,67.40454,0.0,0.0,0.0,-4.36837e-23,5.115602e-07,0.005004883,-400.25253,65.71962,55.184006,0.0,0.9,0.0,-1.0333667e-25,0.0,76.203156,64.41098,64.353966,65.08247,66.97212
2018-01-02 05:54:00,2.4535891000000002e-26,0.0,65.71962,357730.44,0.75,0.0,30.019989,1.1619784e-06,0.25,1.0,67.40393,0.0,0.0,0.0,-2.5634802e-24,-7.686107e-06,0.005004883,-400.25253,65.71962,55.184006,0.0,0.9,0.0,-6.179517e-26,0.0,76.20415,64.41043,64.354126,65.08148,66.96948
2018-01-02 05:55:00,1.4216786999999998e-25,0.0,65.71962,357730.44,0.75,0.0,30.019989,1.1619784e-06,0.25,1.0,67.403336,0.0,0.0,0.0,-1.0517622e-23,-6.982211e-06,0.005004883,-400.25253,65.71962,55.184006,0.0,0.9,0.0,-1.3116319e-25,0.0,76.20514,64.40988,64.354294,65.08049,66.96684
2018-01-02 05:56:00,-9.4463665e-26,0.0,65.71962,357730.44,0.75,0.0,30.019989,1.1619784e-06,0.25,1.0,67.4027,0.0,0.0,0.0,-6.622916e-24,2.7445274e-06,0.005004883,-400.25253,65.71962,55.184006,0.0,0.9,0.0,-3.8139474000000003e-26,0.0,76.20607,64.40933,64.35446,65.07945,66.9642
2018-01-02 05:57:00,-1.45830905e-27,0.0,65.71962,357730.44,0.75,0.0,30.019989,2.3239568e-06,0.25,1.0,67.40212,0.0,0.0,0.0,-5.352182e-23,-1.0927363e-06,0.005004883,-400.25253,65.71962,55.184006,0.0,0.9,0.0,-8.1810970000000005e-25,0.0,76.20706,64.40878,64.35463,65.078514,66.961624
2018-01-02 05:58:00,-1.7587956e-26,0.0,65.71962,357730.44,0.75,0.0,30.019989,-1.1619784e-06,0.25,1.0,67.401535,0.0,0.0,0.0,-6.2041474e-23,-1.3316808e-06,0.005004883,-400.25253,65.71962,55.184006,0.0,0.9,0.0,-3.2772117e-26,0.0,76.20799,64.408295,64.35484,65.07753,66.959045
2018-01-02 05:59:00,1.4216253e-26,0.0,65.71962,357730.44,0.75,0.0,30.019989,-2.3239568e-06,0.25,1.0,67.40092,0.0,0.0,0.0,-2.230114e-23,3.5268013e-06,0.005004883,-400.25253,65.71962,55.184006,0.0,0.9,0.0,-1.0699638e-26,0.0,76.20888,64.407745,64.35501,65.07654,66.956406
2018-01-02 06:00:00,-1.2007898e-25,0.0,65.71962,357730.44,0.75,0.0,30.019989,-2.3239568e-06,0.25,1.0,67.400314,0.0,0.0,0.0,-1.7417117e-22,-3.3247557e-06,0.005004883,-400.25253,65.71962,55.184006,0.0,0.9,0.0,-6.023207e-25,0.0,76.20981,64.407196,64.35518,65.07555,66.95383
2018-01-02 06:01:00,-1.0266543e-25,0.0,65.71962,357730.44,0.75,0.1,30.034985,3.4859352e-06,0.25,0.9,67.39972,0.0,0.0,1.0,-9.668123999999999e-24,-1.1819476e-06,0.005004883,-400.25253,65.71962,55.184006,0.0,0.9,1.0,-2.4891721999999997e-25,1.0,76.21074,64.40665,64.35539,65.074554,66.95125
2018-01-02 06:02:00,0.24350804,0.3456945,65.412384,357730.44,0.75,0.1,30.050037,24477.654,0.25,0.9,66.03691,0.031040842,0.031040842,1.0,0.028990297,24612.922,0.0068969727,-400.25253,62.49398,55.184006,0.03951506,0.9,1.0,0.09145802,1.0,86.211655,62.65812,62.618347,65.89969,66.08794
2018-01-02 06:03:00,0.23619197,0.104732074,60.815765,357730.44,0.75,0.1,30.065033,56348.633,0.25,0.9,66.09766,0.06575907,0.06575907,1.0,0.18109336,56615.375,0.012756348,-400.25253,54.90567,55.184006,0.07794528,0.9,1.0,0.6338923,1.0,79.10712,62.775284,62.780834,64.91075,66.63445
2018-01-02 06:04:00,0.027955731,0.0,52.9189,357730.44,0.75,0.1,30.080029,88528.23,0.25,0.9,66.302,0.099484034,0.099484034,1.0,0.4607516,88906.33,0.022277832,-400.25253,52.78306,55.184006,0.11527623,0.9,1.0,1.8582902,1.0,82.3638,62.817913,62.81231,64.1282,67.90816
2018-01-02 06:05:00,0.0010778931,0.0,46.80001,357730.44,0.75,0.1,30.095026,119933.23,0.25,0.9,66.716965,0.13221763,0.13221763,1.0,0.9679981,120412.17,0.035095215,-400.25253,52.634026,55.184006,0.15150501,0.9,1.0,4.434558,1.0,79.83876,62.86499,62.844498,64.18198,67.79818
2018-01-02 06:06:00,3.2328124e-05,0.0,43.6304,357730.44,0.75,0.1,30.110022,150393.6,0.25,0.9,67.28935,0.16395451,0.16395451,1.0,1.8697935,150964.48,0.05090332,-400.25253,52.24346,55.184006,0.18662567,0.9,1.0,8.343625,1.0,80.602036,62.918274,62.88081,64.19659,67.80191
2018-01-02 06:07:00,8.704227e-07,0.0,42.523033,357730.44,0.75,0.1,30.12502,179845.77,0.25,0.9,67.95952,0.19469292,0.19469292,1.0,3.0607479,180498.62,0.06945801,-400.25253,51.688652,55.184006,0.22063717,0.9,1.0,13.834719,1.0,79.28999,62.9737,62.920853,64.214325,67.79999
2018-01-02 06:08:00,2.203783e-08,0.0,42.381477,357730.44,0.75,0.1,30.140015,208370.38,0.25,0.9,68.64044,0.22443779,0.22443779,1.0,4.611828,209095.17,0.09048462,-400.25253,51.31303,55.184006,0.25354597,0.9,1.0,21.036873,1.0,79.216324,63.02704,62.963593,64.23471,67.80054
2018-01-02 06:09:00,5.341755e-10,0.0,42.560936,357730.44,0.75,0.1,30.15501,235957.8,0.25,0.9,69.29913,0.25319993,0.25319993,1.0,6.539923,236746.19,0.11367798,-400.25253,51.147743,55.184006,0.28536445,0.9,1.0,30.032824,1.0,78.302704,63.0745,63.00699,64.25772,67.80285
2018-01-02 06:10:00,1.2664502e-11,0.0,42.805603,357730.44,0.75,0.1,30.170008,262598.22,0.25,0.9,69.893875,0.28099054,0.28099054,1.0,8.85453,263442.28,0.13879395,-400.25253,51.103683,55.184006,0.3161052,0.9,1.0,40.865692,1.0,77.871704,63.113007,63.04879,64.28294,67.806366
2018-01-02 06:11:00,2.9447904e-13,0.0,43.036755,357730.44,0.75,0.1,30.185003,288282.84,0.25,0.9,70.41391,0.3078231,0.3078231,1.0,11.559487,289175.5,0.16555786,-400.25253,51.116814,55.184006,0.3457835,0.9,1.0,53.54613,1.0,77.079926,63.140087,63.086586,64.309525,67.81021
2018-01-02 06:12:00,6.7252125e-15,0.0,43.23462,357730.44,0.75,0.1,30.2,313002.1,0.25,0.9,70.839035,0.33371297,0.33371297,1.0,14.654709,313937.1,0.19378662,-400.25253,51.153893,55.184006,0.37441677,0.9,1.0,68.059326,1.0,76.469574,63.153984,63.11872,64.33595,67.81301
2018-01-02 06:13:00,1.5106797e-16,0.0,43.394142,357730.44,0.75,0.1,30.214996,336691.62,0.25,0.9,71.16582,0.35866955,0.35866955,1.0,18.144714,337658.9,0.22329712,-400.25253,51.196575,55.184006,0.4020115,0.9,1.0,84.38842,1.0,75.698395,63.15371,63.14399,64.36067,67.81317
2018-01-02 06:14:00,3.3281162999999996e-18,0.0,43.51422,357730.44,0.75,0.1,30.229992,359179.5,0.25,0.9,71.38434,0.3826804,0.3826804,1.0,22.051718,360167.0,0.2539978,-400.25253,51.233986,55.184006,0.4285568,0.9,1.0,102.531944,1.0,74.99071,63.13833,63.16162,64.38214,67.80928
2018-01-02 06:15:00,7.6002415e-20,0.0,43.594036,357730.44,0.75,0.1,30.24499,380567.53,0.25,0.9,71.493546,0.40576634,0.40576634,1.0,26.357933,381566.22,0.28570557,-400.25253,51.258923,55.184006,0.45407724,0.9,1.0,122.39374,1.0,74.21019,63.10724,63.171124,64.39896,67.79983
2018-01-02 06:16:00,1.7713196e-21,0.0,43.634083,357730.44,0.75,0.1,30.259985,400865.78,0.25,0.9,71.493706,0.4279437,0.4279437,1.0,31.056385,401868.72,0.31826782,-400.25253,51.267105,55.184006,0.47859013,0.9,1.0,143.89217,1.0,73.47081,63.060326,63.17206,64.409996,67.7839
2018-01-02 06:17:00,3.6192335000000004e-22,0.0,43.636555,357730.44,0.75,0.1,30.275036,420055.16,0.25,0.9,71.39412,0.4492266,0.4492266,1.0,36.145912,421056.66,0.35150146,-400.25253,51.256615,55.184006,0.5021112,0.9,1.0,166.94826,1.0,72.72395,62.997757,63.16453,64.41455,67.76071
2018-01-02 06:18:00,1.0740722000000001e-21,0.0,43.605354,357730.44,0.75,0.1,30.290033,438108.47,0.25,0.9,71.20575,0.46962965,0.46962965,1.0,41.62998,439104.1,0.38531494,-400.25253,51.227394,55.184006,0.52465665,0.9,1.0,191.48354,1.0,72.01654,62.919975,63.148544,64.41225,67.72995
2018-01-02 06:19:00,3.9322452000000004e-22,0.0,43.545586,357730.44,0.75,0.1,30.305029,455014.6,0.25,0.9,70.94384,0.48916128,0.48916128,1.0,47.50602,455997.62,0.4196167,-400.25253,51.18103,55.184006,0.54623425,0.9,1.0,217.39348,1.0,71.33237,62.827744,63.12449,64.40297,67.69145
2018-01-02 06:20:00,5.0117760000000003e-23,0.0,43.462532,357730.44,0.75,0.1,30.320026,470783.94,0.25,0.9,70.62288,0.5078234,0.5078234,1.0,53.758636,471738.47,0.4543457,-400.25253,51.11978,55.184006,0.5668452,0.9,1.0,244.5382,1.0,70.692474,62.72162,63.09246,64.386536,67.64514
2018-01-02 06:21:00,-4.74505e-22,0.0,43.362007,357730.44,0.75,0.1,30.335022,485431.28,0.25,0.9,70.25873,0.52563065,0.52563065,1.0,60.377537,486351.75,0.48934937,-400.25253,51.046555,55.184006,0.58651286,0.9,1.0,272.76794,1.0,70.09091,62.603405,63.05247,64.362755,67.59065
2018-01-02 06:22:00,-1.1286376000000002e-22,0.0,43.24588,357730.44,0.75,0.1,30.350018,501169.44,0.25,0.9,69.86987,0.54307765,0.54307765,1.0,66.81124,502259.16,0.52182007,-400.25253,50.962234,55.184006,0.6059647,0.9,1.0,300.92755,1.0,69.530174,62.477886,63.005447,64.33177,67.52835
2018-01-02 06:23:00,4.7691560000000006e-23,0.0,43.127666,357730.44,0.75,0.1,30.365015,517885.75,0.25,0.9,69.48079,0.5600745,0.5600745,1.0,72.79121,518903.12,0.5541382,-400.25253,50.87034,55.184006,0.6246533,0.9,1.0,329.20456,1.0,68.96328,62.35572,62.957275,64.29936,67.4648
2018-01-02 06:24:00,-3.4668243000000003e-22,0.0,43.010498,357730.44,0.75,0.1,30.38001,532852.44,0.25,0.9,69.09029,0.5762044,0.5762044,1.0,79.24381,533830.44,0.58673096,-400.25253,50.77739,55.184006,0.6424771,0.9,1.0,358.4501,1.0,68.440445,62.232506,62.905693,64.26399,67.398056
2018-01-02 06:25:00,4.656305e-22,0.0,42.892944,357730.44,0.75,0.1,30.395008,546938.6,0.25,0.9,68.701645,0.591649,0.591649,1.0,85.897964,547887.6,0.6191101,-400.25253,50.68214,55.184006,0.6595409,0.9,1.0,388.2751,1.0,67.949905,62.109184,62.850815,64.22548,67.32791
2018-01-02 06:26:00,-7.87902e-22,0.0,42.776875,357730.44,0.75,0.1,30.410004,560197.94,0.25,0.9,68.319916,0.6064234,0.6064234,1.0,92.719955,561115.3,0.6512451,-400.25253,50.586174,55.184006,0.67586255,0.9,1.0,418.55203,1.0,67.509674,61.986465,62.7927,64.18384,67.25436
2018-01-02 06:27:00,-5.733775e-22,0.0,42.664154,357730.44,0.75,0.1,30.425,572651.5,0.25,0.9,67.950836,0.62054586,0.62054586,1.0,99.695724,573534.6,0.68310547,-400.25253,50.490868,55.184006,0.6914624,0.9,1.0,449.18158,1.0,67.110435,61.86485,62.73123,64.13902,67.17723
2018-01-02 06:28:00,1.9681036000000003e-22,0.0,42.55654,357730.44,0.75,0.1,30.439997,584301.56,0.25,0.9,67.598724,0.6340205,0.6340205,1.0,106.80748,585141.0,0.7146301,-400.25253,50.397705,55.184006,0.7063417,0.9,1.0,480.04968,1.0,66.75558,61.744823,62.66652,64.091,67.09654
2018-01-02 06:29:00,8.7228244e-23,0.0,42.45536,357730.44,0.75,0.1,30.454992,595152.75,0.25,0.9,67.267265,0.64686006,0.64686006,1.0,114.04595,595946.44,0.7458801,-400.25253,50.30778,55.184006,0.7205186,0.9,1.0,511.0497,1.0,66.43764,61.62661,62.599285,64.0396,67.012054
2018-01-02 06:30:00,-6.7299754e-21,0.0,42.361317,357730.44,0.75,0.1,30.46999,605224.1,0.25,0.9,66.958664,0.65907806,0.65907806,1.0,121.39449,605969.8,0.77679443,-400.25253,50.221924,55.184006,0.7340061,0.9,1.0,542.0717,1.0,66.15495,61.51065,62.530014,63.98466,66.92372
2018-01-02 06:31:00,-9.362457e-21,0.0,42.275185,357730.44,0.75,0.1,30.484985,614534.44,0.25,0.9,66.674164,0.67068595,0.67068595,1.0,128.83392,615229.8,0.8073425,-400.25253,50.1409,55.184006,0.7468178,0.9,1.0,572.99786,1.0,65.901,61.39727,62.45932,63.92605,66.83127
2018-01-02 06:32:00,-7.512608999999999e-21,0.0,42.197124,357730.44,0.75,0.1,30.500036,623104.8,0.25,0.9,66.41379,0.6816986,0.6816986,1.0,136.34729,623748.4,0.8374939,-400.25253,50.065094,55.184006,0.75897044,0.9,1.0,603.72015,1.0,65.67123,61.286858,62.387856,63.863537,66.73459
2018-01-02 06:33:00,-1.1842909e-22,0.0,42.126923,357730.44,0.75,0.1,30.515034,630958.6,0.25,0.9,66.17671,0.6921317,0.6921317,1.0,143.91693,631549.3,0.86724854,-400.25253,49.994614,55.184006,0.7704812,0.9,1.0,634.1323,1.0,65.46056,61.179688,62.316055,63.79707,66.633575
2018-01-02 06:34:00,7.343056e-21,0.0,42.06408,357730.44,0.75,0.1,30.53003,638122.06,0.25,0.9,65.961426,0.7020006,0.7020006,1.0,151.52275,638660.06,0.8965454,-400.25253,49.929466,55.184006,0.78136706,0.9,1.0,664.1414,1.0,65.27034,61.07614,62.24459,63.726646,66.52821
2018-01-02 06:35:00,5.7584756e-22,0.0,42.00827,357730.44,0.75,0.1,30.545025,644622.25,0.25,0.9,65.76703,0.71131897,0.71131897,1.0,159.1411,645108.06,0.92541504,-400.25253,49.869537,55.184006,0.79164344,0.9,1.0,693.65784,1.0,65.098785,60.97644,62.17384,63.652267,66.41846
2018-01-02 06:36:00,6.993354700000001e-22,0.0,41.959053,357730.44,0.75,0.1,30.560022,650489.25,0.25,0.9,65.59218,0.72010344,0.72010344,1.0,166.74974,650923.75,0.95376587,-400.25253,49.81466,55.184006,0.80132914,0.9,1.0,722.5921,1.0,64.945526,60.88086,62.104294,63.57399,66.304474
2018-01-02 06:37:00,7.019546e-23,0.0,41.915985,357730.44,0.75,0.1,30.575018,655755.4,0.25,0.9,65.43573,0.7283719,0.7283719,1.0,174.3259,656140.06,0.9815979,-400.25253,49.764565,55.184006,0.81044406,0.9,1.0,750.8616,1.0,64.80946,60.78962,62.0364,63.49198,66.18637
2018-01-02 06:38:00,-7.5782815e-22,0.0,41.878742,357730.44,0.75,0.1,30.590015,660455.06,0.25,0.9,65.29648,0.73614323,0.73614323,1.0,181.8463,660792.0,1.0089111,-400.25253,49.71913,55.184006,0.81900936,0.9,1.0,778.3915,1.0,64.68965,60.702934,61.97043,63.406395,66.06442
2018-01-02 06:39:00,-4.6052998e-21,0.0,41.846825,357730.44,0.75,0.1,30.605011,664624.4,0.25,0.9,65.17316,0.74343705,0.74343705,1.0,189.28767,664916.0,1.0356445,-400.25253,49.677933,55.184006,0.82704705,0.9,1.0,805.11554,1.0,64.585175,60.620922,61.90676,63.317574,65.9389
2018-01-02 06:40:00,-1.5096715000000001e-21,0.0,41.819965,357730.44,0.75,0.1,30.620007,668300.0,0.25,0.9,65.06456,0.7502733,0.7502733,1.0,196.62628,668549.1,1.0617371,-400.25253,49.64091,55.184006,0.8345792,0.9,1.0,830.97437,1.0,64.49509,60.543743,61.845566,63.22578,65.81015
2018-01-02 06:41:00,-4.91804e-22,0.0,41.797554,357730.44,0.75,0.1,30.635004,671520.6,0.25,0.9,64.96942,0.7566738,0.7566738,1.0,203.84044,671730.3,1.0871887,-400.25253,49.60762,55.184006,0.84163034,0.9,1.0,855.92377,1.0,64.41818,60.47145,61.787064,63.131355,65.67848
2018-01-02 06:42:00,3.5367388000000002e-22,0.0,41.77937,357730.44,0.75,0.1,30.65,674266.06,0.25,0.9,64.88653,0.7625876,0.7625876,1.0,210.84267,674415.06,1.1123657,-400.25253,49.57785,55.184006,0.8481189,0.9,1.0,879.7084,1.0,64.35353,60.40416,61.731365,63.034508,65.54422
2018-01-02 06:43:00,4.0995113e-23,0.0,41.765198,357730.44,0.75,0.1,30.664997,676462.56,0.25,0.9,64.81457,0.76793754,0.76793754,1.0,217.546,676542.06,1.1375122,-400.25253,49.551483,55.184006,0.85398734,0.9,1.0,901.9494,1.0,64.30013,60.341595,61.6783,62.935577,65.40783
2018-01-02 06:44:00,-5.978861000000001e-22,0.0,41.754265,357730.44,0.75,0.1,30.679993,678149.0,0.25,0.9,64.75217,0.7727534,0.7727534,1.0,223.93661,678160.4,1.1625671,-400.25253,49.528084,55.184006,0.8592616,0.9,1.0,922.62524,1.0,64.25696,60.283806,61.627876,62.835274,65.2699
2018-01-02 06:45:00,3.1174172e-22,0.0,41.746246,357730.44,0.75,0.1,30.694988,679335.9,0.25,0.9,64.69823,0.77702916,0.77702916,1.0,229.96777,679277.25,1.1875305,-400.25253,49.507317,55.184006,0.86393493,0.9,1.0,941.6101,1.0,64.22339,60.23069,61.580086,62.73403,65.131134
2018-01-02 06:46:00,1.7695328e-21,0.0,41.740807,357730.44,0.75,0.1,30.709986,680031.3,0.25,0.9,64.65175,0.7807596,0.7807596,1.0,235.59682,679900.7,1.2124329,-400.25253,49.488968,55.184006,0.86800164,0.9,1.0,958.7872,1.0,64.19835,60.182182,61.534874,62.63241,64.99211
2018-01-02 06:47:00,-6.8641753e-23,0.0,41.73768,357730.44,0.75,0.1,30.725037,680243.25,0.25,0.9,64.61182,0.78394085,0.78394085,1.0,240.78464,680039.06,1.2372742,-400.25253,49.472656,55.184006,0.8714578,0.9,1.0,974.053,1.0,64.18093,60.138184,61.492195,62.531006,64.85335
2018-01-02 06:48:00,2.8080204000000003e-22,0.0,41.73647,357730.44,0.75,0.1,30.740032,679980.9,0.25,0.9,64.577484,0.78657174,0.78657174,1.0,245.49706,679702.5,1.2621155,-400.25253,49.458263,55.184006,0.8743026,0.9,1.0,987.3235,1.0,64.17027,60.098522,61.45198,62.43026,64.71547
2018-01-02 06:49:00,6.503696000000001e-22,0.0,41.73696,357730.44,0.75,0.1,30.75503,679256.25,0.25,0.9,64.54793,0.78865546,0.78865546,1.0,249.70663,678904.0,1.2868958,-400.25253,49.44552,55.184006,0.8765403,0.9,1.0,998.54034,1.0,64.16555,60.06309,61.414192,62.330727,64.57907
2018-01-02 06:50:00,1.1096729000000001e-21,0.0,41.738884,357730.44,0.75,0.1,30.770025,678085.6,0.25,0.9,64.52255,0.7902008,0.7902008,1.0,253.39462,677661.4,1.3116455,-400.25253,49.434204,55.184006,0.87818146,0.9,1.0,1007.678,1.0,64.16588,60.031723,61.378704,62.23278,64.4446
2018-01-02 06:51:00,1.2362458e-21,0.0,41.741905,357730.44,0.75,0.1,30.785023,676491.25,0.25,0.9,64.50063,0.79122454,0.79122454,1.0,256.55316,675998.4,1.3361816,-400.25253,49.424095,55.184006,0.8792459,0.9,1.0,1014.7514,1.0,64.17093,60.004257,61.34547,62.136925,64.31265
2018-01-02 06:52:00,5.438328e-22,0.0,41.74597,357730.44,0.75,0.1,30.800018,674499.75,0.25,0.9,64.4818,0.7917474,0.7917474,1.0,259.18082,673943.75,1.3605347,-400.25253,49.415142,55.184006,0.8797577,0.9,1.0,1019.8016,1.0,64.179886,59.980583,61.31449,62.043594,64.183624
2018-01-02 06:53:00,2.7664004000000003e-22,0.0,41.750916,357730.44,0.75,0.1,30.815014,672146.6,0.25,0.9,64.46553,0.79180175,0.79180175,1.0,261.2915,671534.6,1.3845215,-400.25253,49.40712,55.184006,0.87975395,0.9,1.0,1022.9251,1.0,64.19203,59.960533,61.285652,61.953125,64.058
2018-01-02 06:54:00,6.397061e-22,0.0,41.75652,357730.44,0.75,0.1,30.830011,669472.9,0.25,0.9,64.451584,0.79142576,0.79142576,1.0,262.90778,668813.5,1.4080505,-400.25253,49.39987,55.184006,0.879278,0.9,1.0,1024.2506,1.0,64.206696,59.943947,61.258896,61.86589,63.936047
2018-01-02 06:55:00,-5.5624090000000005e-22,0.0,41.76278,357730.44,0.75,0.1,30.845007,666524.6,0.25,0.9,64.439545,0.79066366,0.79066366,1.0,264.0609,665827.8,1.4309387,-400.25253,49.393333,55.184006,0.87837964,0.9,1.0,1023.9382,1.0,64.22334,59.930763,61.23429,61.78212,63.818108
2018-01-02 06:56:00,2.2968602e-21,0.0,41.76948,357730.44,0.75,0.1,30.860004,663351.94,0.25,0.9,64.429276,0.78956366,0.78956366,1.0,264.7892,662628.06,1.453064,-400.25253,49.38746,55.184006,0.87711304,0.9,1.0,1022.17065,1.0,64.24141,59.92082,61.21171,61.70214,63.70451
2018-01-02 06:57:00,8.383999999999999e-22,0.0,41.776623,357730.44,0.75,0.1,30.875,660006.3,0.25,0.9,64.42055,0.7881765,0.7881765,1.0,265.1356,659266.3,1.4742737,-400.25253,49.382072,55.184006,0.87553453,0.9,1.0,1019.14526,1.0,64.26086,59.91395,61.191223,61.626114,63.595413
2018-01-02 06:58:00,2.1471491000000003e-22,0.0,41.78415,357730.44,0.75,0.1,30.889996,656539.4,0.25,0.9,64.41324,0.78655285,0.78655285,1.0,265.14557,655793.75,1.4944153,-400.25253,49.37713,55.184006,0.8737006,0.9,1.0,1015.063,1.0,64.28107,59.910164,61.17282,61.554153,63.490936
2018-01-02 06:59:00,-2.5085646e-22,0.0,41.792114,357730.44,0.75,0.1,30.904993,653000.7,0.25,0.9,64.40725,0.7847422,0.7847422,1.0,264.8653,652259.0,1.5134583,-400.25253,49.372734,55.184006,0.8716655,0.9,1.0,1010.12177,1.0,64.30173,59.909225,61.156395,61.48637,63.391125
2018-01-02 07:00:00,-3.4443037e-21,0.0,41.8003,357730.44,0.75,0.1,30.919989,649436.0,0.25,0.9,64.402466,0.78279054,0.78279054,1.0,264.33957,648707.0,1.5312195,-400.25253,49.368614,55.184006,0.8694802,0.9,1.0,1004.50775,1.0,64.32243,59.911148,61.14206,61.42276,63.295982
2018-01-02 07:01:00,-2.5543806000000003e-22,0.0,41.808758,357730.44,0.75,0.1,30.919989,645886.6,0.25,0.9,64.39879,0.78074,0.78074,1.0,263.61093,645177.75,1.547699,-400.25253,49.364822,55.184006,0.8671907,0.9,1.0,998.39197,1.0,64.342926,59.915817,61.129646,61.36338,63.205566
2018-01-02 07:02:00,-1.235174e-22,0.0,41.807606,357730.44,0.75,0.1,30.919989,642387.56,0.25,0.9,64.397415,0.7786279,0.7786279,1.0,262.719,641704.75,1.5628662,-400.25253,49.3573,55.184006,0.86483765,0.9,1.0,991.9273,1.0,64.38846,59.924995,61.122173,61.309982,63.12262
2018-01-02 07:03:00,8.54253e-23,0.0,41.807495,357730.44,0.75,0.1,30.919989,638970.25,0.25,0.9,64.3994,0.7764866,0.7764866,1.0,261.70013,638318.06,1.5766907,-400.25253,49.349937,55.184006,0.8624565,0.9,1.0,985.24536,1.0,64.416916,59.936806,61.11668,61.26082,63.04423
2018-01-02 07:04:00,6.3601023e-24,0.0,41.808044,357730.44,0.75,0.1,30.919989,635661.3,0.25,0.9,64.40329,0.77434456,0.77434456,1.0,260.59473,635042.6,1.5891724,-400.25253,49.342964,55.184006,0.8600782,0.9,1.0,978.46204,1.0,64.45268,59.95103,61.113052,61.215614,62.970184
2018-01-02 07:05:00,-1.2310484e-25,0.0,41.809196,357730.44,0.75,0.1,30.919989,632479.6,0.25,0.9,64.40895,0.77222466,0.77222466,1.0,259.4301,631896.9,1.6003723,-400.25253,49.336372,55.184006,0.8577275,0.9,1.0,971.6714,1.0,64.48086,59.967567,61.111244,61.174248,62.90031
2018-01-02 07:06:00,-2.0899810000000003e-23,0.0,41.81079,357730.44,0.75,0.1,30.919989,629439.25,0.25,0.9,64.415764,0.77014506,0.77014506,1.0,258.22778,628893.75,1.6103516,-400.25253,49.33011,55.184006,0.85542375,0.9,1.0,964.9487,1.0,64.510635,59.98635,61.111187,61.136513,62.834335
2018-01-02 07:07:00,7.0609475e-25,0.0,41.812714,357730.44,0.75,0.1,30.919989,626549.94,0.25,0.9,64.423454,0.76812005,0.76812005,1.0,257.00565,626042.2,1.6191101,-400.25253,49.32412,55.184006,0.8531824,0.9,1.0,958.35406,1.0,64.536285,60.00728,61.112724,61.10234,62.772156
2018-01-02 07:08:00,6.678301e-25,0.0,41.814857,357730.44,0.75,0.1,30.919989,623817.8,0.25,0.9,64.43175,0.7661605,0.7661605,1.0,255.77858,623347.7,1.62677,-400.25253,49.318462,55.184006,0.85101515,0.9,1.0,951.9339,1.0,64.561386,60.03035,61.115967,61.071526,62.713543
2018-01-02 07:09:00,-7.246911000000001e-25,0.0,41.81716,357730.44,0.75,0.1,30.919989,621245.8,0.25,0.9,64.44048,0.7642746,0.7642746,1.0,254.55872,620812.7,1.6333618,-400.25253,49.313026,55.184006,0.8489308,0.9,1.0,945.7235,1.0,64.58413,60.0554,61.12069,61.043953,62.658337
2018-01-02 07:10:00,-2.9234137e-25,0.0,41.81958,357730.44,0.75,0.1,30.919989,618834.5,0.25,0.9,64.44949,0.76246816,0.76246816,1.0,253.35588,618437.1,1.6390381,-400.25253,49.307808,55.184006,0.8469353,0.9,1.0,939.74854,1.0,64.60571,60.082428,61.126953,61.01945,62.606316
2018-01-02 07:11:00,1.7183328e-23,0.0,41.822105,357730.44,0.75,0.1,30.919989,616582.25,0.25,0.9,64.458725,0.76074487,0.76074487,1.0,252.17792,616219.2,1.6437683,-400.25253,49.30275,55.184006,0.8450326,0.9,1.0,934.0268,1.0,64.62544,60.111374,61.134644,60.997917,62.557373
2018-01-02 07:12:00,-6.446279e-25,0.0,41.824688,357730.44,0.75,0.1,30.919989,614485.7,0.25,0.9,64.46806,0.75910693,0.75910693,1.0,251.0309,614155.4,1.6477051,-400.25253,49.297863,55.184006,0.8432249,0.9,1.0,928.56964,1.0,64.64395,60.142193,61.14376,60.979187,62.51123
2018-01-02 07:13:00,1.129112e-24,0.0,41.827324,357730.44,0.75,0.1,30.919989,612540.5,0.25,0.9,64.47745,0.7575551,0.7575551,1.0,249.91957,612241.1,1.6509094,-400.25253,49.293194,55.184006,0.841513,0.9,1.0,923.38324,1.0,64.66092,60.174877,61.154198,60.963146,62.467888
2018-01-02 07:14:00,6.569299e-25,0.0,41.829964,357730.44,0.75,0.1,30.919989,610741.25,0.25,0.9,64.48685,0.75608927,0.75608927,1.0,248.84738,610470.9,1.6534119,-400.25253,49.288635,55.184006,0.83989644,0.9,1.0,918.4694,1.0,64.676636,60.20932,61.1659,60.949745,62.427017
2018-01-02 07:15:00,3.7063201999999997e-25,0.0,41.832653,357730.44,0.75,0.1,30.919989,609081.6,0.25,0.9,64.49624,0.75470823,0.75470823,1.0,247.81688,608838.4,1.655365,-400.25253,49.28424,55.184006,0.83837396,0.9,1.0,913.8269,1.0,64.6913,60.245575,61.178917,60.93876,62.388622
2018-01-02 07:16:00,4.3622e-25,0.0,41.8354,357730.44,0.75,0.1,30.919989,607555.1,0.25,0.9,64.50563,0.75341034,0.75341034,1.0,246.82971,607337.1,1.6567383,-400.25253,49.279953,55.184006,0.83694357,0.9,1.0,909.4518,1.0,64.704865,60.28353,61.193146,60.93013,62.35253
2018-01-02 07:17:00,-1.2754267e-26,0.0,41.838093,357730.44,0.75,0.1,30.919989,606154.9,0.25,0.9,64.51503,0.7521934,0.7521934,1.0,245.88689,605960.25,1.6576538,-400.25253,49.275833,55.184006,0.83560276,0.9,1.0,905.33813,1.0,64.71745,60.323193,61.20858,60.923813,62.31864
2018-01-02 07:18:00,4.6761508000000003e-26,0.0,41.84084,357730.44,0.75,0.1,30.919989,604873.9,0.25,0.9,64.524475,0.7510548,0.7510548,1.0,244.98885,604700.9,1.6581421,-400.25253,49.271828,55.184006,0.8343486,0.9,1.0,901.47845,1.0,64.72915,60.364502,61.22517,60.919693,62.28678
2018-01-02 07:19:00,1.5688892e-26,0.0,41.84364,357730.44,0.75,0.1,30.919989,603705.1,0.25,0.9,64.53392,0.74999166,0.74999166,1.0,244.13556,603551.94,1.6582642,-400.25253,49.267925,55.184006,0.83317786,0.9,1.0,897.86444,1.0,64.739975,60.407513,61.24286,60.917664,62.256844
2018-01-02 07:20:00,2.7906383e-26,0.0,41.846443,357730.44,0.75,0.1,30.919989,602641.56,0.25,0.9,64.543365,0.7490009,0.7490009,1.0,243.32668,602506.56,1.658081,-400.25253,49.26419,55.184006,0.83208716,0.9,1.0,894.48663,1.0,64.75008,60.452225,61.2617,60.917717,62.22883
2018-01-02 07:21:00,-1.2543373500000001e-23,0.0,41.849297,357730.44,0.75,0.1,30.919989,601676.3,0.25,0.9,64.55293,0.7480794,0.7480794,1.0,242.56145,601558.06,1.6576233,-400.25253,49.260567,55.184006,0.8310729,0.9,1.0,891.33527,1.0,64.75952,60.498535,61.281532,60.919693,62.202568
2018-01-02 07:22:00,8.290625e-26,0.0,41.85221,357730.44,0.75,0.1,30.919989,600802.94,0.25,0.9,64.56259,0.7472239,0.7472239,1.0,241.83902,600699.8,1.6569214,-400.25253,49.257103,55.184006,0.83013153,0.9,1.0,888.40027,1.0,64.768425,60.546432,61.302513,60.923595,62.178017
2018-01-02 07:23:00,3.9973105e-24,0.0,41.85512,357730.44,0.75,0.1,30.919989,600014.9,0.25,0.9,64.57243,0.7464311,0.7464311,1.0,241.1583,599925.56,1.6560059,-400.25253,49.253754,55.184006,0.82925934,0.9,1.0,885.6715,1.0,64.77678,60.595985,61.324486,60.92942,62.155106
2018-01-02 07:24:00,-6.855363e-24,0.0,41.858143,357730.44,0.75,0.1,30.919989,599306.0,0.25,0.9,64.58237,0.7456978,0.7456978,1.0,240.51799,599229.2,1.6549377,-400.25253,49.25051,55.184006,0.82845277,0.9,1.0,883.1384,1.0,64.784744,60.64718,61.34745,60.936996,62.13374
2018-01-02 07:25:00,4.8350172e-24,0.0,41.861217,357730.44,0.75,0.1,30.919989,598670.44,0.25,0.9,64.59253,0.74502075,0.74502075,1.0,239.91678,598605.0,1.6537476,-400.25253,49.247383,55.184006,0.8277083,0.9,1.0,880.791,1.0,64.79227,60.699913,61.371452,60.946392,62.113853
2018-01-02 07:26:00,2.75749e-22,0.0,41.864403,357730.44,0.75,0.1,30.919989,598102.56,0.25,0.9,64.60292,0.74439675,0.74439675,1.0,239.35321,598047.3,1.6524658,-400.25253,49.244415,55.184006,0.8270223,0.9,1.0,878.6192,1.0,64.79941,60.754295,61.3965,60.957542,62.09545
2018-01-02 07:27:00,-9.6960756e-24,0.0,41.867645,357730.44,0.75,0.1,30.919989,597597.1,0.25,0.9,64.61352,0.7438228,0.7438228,1.0,238.82584,597551.0,1.651062,-400.25253,49.241615,55.184006,0.8263915,0.9,1.0,876.6132,1.0,64.80633,60.810436,61.422707,60.970505,62.078697
2018-01-02 07:28:00,2.0726301999999997e-25,0.0,41.870995,357730.44,0.75,0.1,30.919989,597149.06,0.25,0.9,64.624504,0.74329585,0.74329585,1.0,238.33311,597111.2,1.6495972,-400.25253,49.238922,55.184006,0.82581246,0.9,1.0,874.7635,1.0,64.81308,60.86817,61.449898,60.98523,62.063316
2018-01-02 07:29:00,8.787335999999999e-26,0.0,41.87451,357730.44,0.75,0.1,30.919989,596753.7,0.25,0.9,64.635765,0.74281305,0.74281305,1.0,237.87352,596723.25,1.6481018,-400.25253,49.236397,55.184006,0.8252821,0.9,1.0,873.06067,1.0,64.81967,60.927498,61.478073,61.0016,62.049255
2018-01-02 07:30:00,1.3302076e-25,0.0,41.878136,357730.44,0.75,0.1,30.919989,596406.56,0.25,0.9,64.64746,0.74237156,0.74237156,1.0,237.44551,596382.7,1.6465759,-400.25253,49.23398,55.184006,0.8247973,0.9,1.0,871.49585,1.0,64.82616,60.988415,61.507244,61.01956,62.036453
2018-01-02 07:31:00,2.6055666e-26,0.0,41.881874,357730.44,0.75,0.1,30.919989,596103.5,0.25,0.9,64.659546,0.74196875,0.74196875,1.0,237.04758,596085.44,1.644989,-400.25253,49.231728,55.184006,0.82435507,0.9,1.0,870.06055,1.0,64.832535,61.050926,61.5374,61.03917,62.024918
2018-01-02 07:32:00,-5.4611468e-24,0.0,41.885773,357730.44,0.75,0.1,30.919989,595840.7,0.25,0.9,64.67202,0.74160206,0.74160206,1.0,236.67819,595827.8,1.6434631,-400.25253,49.229637,55.184006,0.82395256,0.9,1.0,868.74646,1.0,64.83885,61.115032,61.568493,61.060375,62.01465
2018-01-02 07:33:00,-6.630403999999999e-26,0.0,41.889782,357730.44,0.75,0.1,30.919989,595614.44,0.25,0.9,64.68498,0.741269,0.741269,1.0,236.3359,595606.1,1.6418762,-400.25253,49.227715,55.184006,0.8235871,0.9,1.0,867.5458,1.0,64.845276,61.180733,61.600628,61.08317,62.00553
2018-01-02 07:34:00,1.1461309e-24,0.0,41.894012,357730.44,0.75,0.1,30.919989,595421.44,0.25,0.9,64.69839,0.74096733,0.74096733,1.0,236.01923,595417.06,1.6403503,-400.25253,49.225903,55.184006,0.8232562,0.9,1.0,866.4509,1.0,64.8517,61.248077,61.633698,61.10756,61.997673
2018-01-02 07:35:00,3.5173134e-23,0.0,41.898354,357730.44,0.75,0.1,30.919989,595258.5,0.25,0.9,64.71234,0.7406947,0.7406947,1.0,235.72676,595257.6,1.6388245,-400.25253,49.224255,55.184006,0.8229573,0.9,1.0,865.45465,1.0,64.85824,61.316963,61.667755,61.133545,61.990974
2018-01-02 07:36:00,-1.5244538e-23,0.0,41.902912,357730.44,0.75,0.1,30.919989,595122.6,0.25,0.9,64.72684,0.740449,0.740449,1.0,235.45712,595124.75,1.6373596,-400.25253,49.222824,55.184006,0.822688,0.9,1.0,864.5502,1.0,64.86488,61.387436,61.7028,61.161064,61.985424
2018-01-02 07:37:00,-6.02268e-24,0.0,41.907635,357730.44,0.75,0.1,30.919989,595011.2,0.25,0.9,64.7419,0.74022835,0.74022835,1.0,235.20895,595015.94,1.6359253,-400.25253,49.221508,55.184006,0.8224462,0.9,1.0,863.73096,1.0,64.87164,61.45951,61.73884,61.190178,61.98103
2018-01-02 07:38:00,-7.538932e-24,0.0,41.91258,357730.44,0.75,0.1,30.919989,594921.75,0.25,0.9,64.75755,0.7400307,0.7400307,1.0,234.981,594928.7,1.6345215,-400.25253,49.220352,55.184006,0.8222298,0.9,1.0,862.99097,1.0,64.87862,61.53312,61.77586,61.220886,61.977734
2018-01-02 07:39:00,-9.333686e-24,0.0,41.917686,357730.44,0.75,0.1,30.919989,594851.9,0.25,0.9,64.77376,0.73985445,0.73985445,1.0,234.77199,594860.75,1.6331482,-400.25253,49.21942,55.184006,0.82203686,0.9,1.0,862.32434,1.0,64.88576,61.608376,61.813873,61.253075,61.975594
2018-01-02 07:40:00,-1.1927207e-23,0.0,41.923016,357730.44,0.75,0.1,30.919989,594799.56,0.25,0.9,64.79062,0.7396978,0.7396978,1.0,234.58078,594809.94,1.6318359,-400.25253,49.218597,55.184006,0.8218655,0.9,1.0,861.7256,1.0,64.89317,61.685165,61.85293,61.286858,61.97455
2018-01-02 07:41:00,-2.757498e-24,0.0,41.928566,357730.44,0.75,0.1,30.919989,594762.75,0.25,0.9,64.808136,0.7395592,0.7395592,1.0,234.40619,594774.44,1.6305847,-400.25253,49.217995,55.184006,0.8217139,0.9,1.0,861.1895,1.0,64.90081,61.763557,61.89292,61.32218,61.9746
2018-01-02 07:42:00,9.068267999999999e-24,0.0,41.934334,357730.44,0.75,0.1,30.919989,594739.7,0.25,0.9,64.826324,0.7394371,0.7394371,1.0,234.24712,594752.5,1.629364,-400.25253,49.217552,55.184006,0.8215805,0.9,1.0,860.71136,1.0,64.908775,61.843483,61.933952,61.359093,61.975754
2018-01-02 07:43:00,1.6058272e-23,0.0,41.94032,357730.44,0.75,0.1,30.919989,594728.8,0.25,0.9,64.84517,0.73933023,0.73933023,1.0,234.10255,594742.44,1.6282043,-400.25253,49.217278,55.184006,0.8214639,0.9,1.0,860.28644,1.0,64.91696,61.925,61.975975,61.39749,61.97795
2018-01-02 07:44:00,3.598858e-24,0.0,41.946526,357730.44,0.75,0.1,30.919989,594728.5,0.25,0.9,64.864716,0.7392372,0.7392372,1.0,233.9715,594742.75,1.6271057,-400.25253,49.21717,55.184006,0.8213624,0.9,1.0,859.91046,1.0,64.925415,62.008003,62.019043,61.43748,61.981247
2018-01-02 07:45:00,-8.234992999999999e-24,0.0,41.952953,357730.44,0.75,0.1,30.919989,594737.44,0.25,0.9,64.88493,0.73915684,0.73915684,1.0,233.85298,594752.25,1.6260376,-400.25253,49.217224,55.184006,0.8212748,0.9,1.0,859.57935,1.0,64.934265,62.092598,62.06304,61.478954,61.98564
2018-01-02 07:46:00,7.949954e-24,0.0,41.959602,357730.44,0.75,0.1,30.919989,594754.4,0.25,0.9,64.90587,0.73908794,0.73908794,1.0,233.74612,594769.5,1.6250305,-400.25253,49.2175,55.184006,0.82119983,0.9,1.0,859.2894,1.0,64.943436,62.178726,62.10814,61.52202,61.99108
2018-01-02 07:47:00,2.7355970000000003e-23,0.0,41.96647,357730.44,0.75,0.1,30.919989,594778.1,0.25,0.9,64.92757,0.7390295,0.7390295,1.0,233.65005,594793.44,1.6240845,-400.25253,49.217937,55.184006,0.8211363,0.9,1.0,859.03705,1.0,64.95294,62.266342,62.15423,61.566628,61.997566
2018-01-02 07:48:00,-7.726831e-24,0.0,41.97361,357730.44,0.75,0.1,30.919989,594807.75,0.25,0.9,64.949974,0.73898053,0.73898053,1.0,233.56398,594823.06,1.623169,-400.25253,49.218544,55.184006,0.8210832,0.9,1.0,858.8189,1.0,64.96283,62.355446,62.201363,61.61277,62.00509
2018-01-02 07:49:00,1.1478361e-23,0.0,41.981026,357730.44,0.75,0.1,30.919989,594842.25,0.25,0.9,64.9731,0.7389401,0.7389401,1.0,233.48714,594857.56,1.6223145,-400.25253,49.21931,55.184006,0.8210394,0.9,1.0,858.63196,1.0,64.973045,62.446083,62.24948,61.660446,62.013714
2018-01-02 07:50:00,-1.4624160000000002e-23,0.0,41.98866,357730.44,0.75,0.1,30.919989,594880.8,0.25,0.9,64.997055,0.73890734,0.73890734,1.0,233.41881,594896.0,1.621521,-400.25253,49.2203,55.184006,0.82100403,0.9,1.0,858.47327,1.0,64.98364,62.538147,62.2987,61.709667,62.023384
2018-01-02 07:51:00,-3.5677390000000004e-23,0.0,41.996513,357730.44,0.75,0.1,30.919989,594922.6,0.25,0.9,65.02166,0.73888147,0.73888147,1.0,233.35829,594937.6,1.620758,-400.25253,49.22145,55.184006,0.82097626,0.9,1.0,858.3403,1.0,64.99463,62.631752,62.348907,61.76042,62.034096
2018-01-02 07:52:00,2.2868680000000003e-22,0.0,42.004646,357730.44,0.75,0.1,30.919989,594967.06,0.25,0.9,65.04709,0.7388618,0.7388618,1.0,233.30498,594981.75,1.6200562,-400.25253,49.222824,55.184006,0.82095516,0.9,1.0,858.23035,1.0,65.006004,62.726727,62.400158,61.81272,62.045906
2018-01-02 07:53:00,-1.2157837500000001e-23,0.0,42.012993,357730.44,0.75,0.1,30.919989,595013.5,0.25,0.9,65.073296,0.7388476,0.7388476,1.0,233.25824,595027.9,1.6193848,-400.25253,49.22431,55.184006,0.82094014,0.9,1.0,858.14124,1.0,65.017815,62.82313,62.452454,61.866554,62.058758
2018-01-02 07:54:00,-2.382638e-24,0.0,42.021618,357730.44,0.75,0.1,30.919989,595061.3,0.25,0.9,65.10021,0.73883826,0.73883826,1.0,233.21754,595075.3,1.6187744,-400.25253,49.226013,55.184006,0.8209304,0.9,1.0,858.07086,1.0,65.02995,62.920967,62.50579,61.921978,62.0726
2018-01-02 07:55:00,3.0522476999999997e-23,0.0,42.030464,357730.44,0.75,0.1,30.919989,595110.2,0.25,0.9,65.12795,0.73883325,0.73883325,1.0,233.18236,595123.75,1.6181946,-400.25253,49.227936,55.184006,0.8209254,0.9,1.0,858.01715,1.0,65.042534,63.02012,62.560173,61.978832,62.08754
2018-01-02 07:56:00,5.0175656e-23,0.0,42.03958,357730.44,0.75,0.1,30.919989,595159.6,0.25,0.9,65.15646,0.738832,0.738832,1.0,233.15215,595172.7,1.6176453,-400.25253,49.229965,55.184006,0.8209246,0.9,1.0,857.97833,1.0,65.0555,63.120644,62.6156,62.037277,62.103527
2018-01-02 07:57:00,6.746693e-24,0.0,42.048973,357730.44,0.75,0.1,30.919989,595209.1,0.25,0.9,65.185684,0.7388341,0.7388341,1.0,233.12651,595221.75,1.617157,-400.25253,49.23222,55.184006,0.82092726,0.9,1.0,857.9528,1.0,65.068954,63.22254,62.67207,62.09721,62.120613
2018-01-02 07:58:00,9.106775999999999e-24,0.0,42.058586,357730.44,0.75,0.1,30.919989,595258.56,0.25,0.9,65.21573,0.73883903,0.73883903,1.0,233.105,595270.7,1.6166687,-400.25253,49.234634,55.184006,0.82093316,0.9,1.0,857.93884,1.0,65.08275,63.3257,62.729637,62.158676,62.138683
2018-01-02 07:59:00,2.7327363e-24,0.0,42.068474,357730.44,0.75,0.1,30.919989,595307.5,0.25,0.9,65.24655,0.7388464,0.7388464,1.0,233.0872,595319.2,1.6162415,-400.25253,49.237274,55.184006,0.8209417,0.9,1.0,857.93524,1.0,65.09697,63.430126,62.788193,62.221687,62.157852
2018-01-02 08:00:00,-5.5053676e-24,0.0,42.078583,357730.44,0.75,0.1,30.919989,595355.8,0.25,0.9,65.27814,0.7388559,0.7388559,1.0,233.07274,595366.94,1.6158142,-400.25253,49.24002,55.184006,0.82095253,0.9,1.0,857.9405,1.0,65.11163,63.535812,62.847794,62.286175,62.17807
2018-01-02 08:01:00,1.05855265e-23,0.0,42.088966,357730.44,0.75,0.1,30.938007,595403.2,0.25,0.9,65.310486,0.73886716,0.73886716,1.0,233.06131,595413.8,1.6154785,-400.25253,49.24299,55.184006,0.8209653,0.9,1.0,857.95355,1.0,65.12669,63.64271,62.908493,62.352093,62.199326
2018-01-02 08:02:00,-5.382038e-21,0.0,42.112476,357730.44,0.75,0.1,30.956024,595449.5,0.25,0.9,65.35219,0.7388799,0.7388799,1.0,233.05257,595459.6,1.6151428,-400.25253,49.251114,55.184006,0.8209796,0.9,1.0,857.9733,1.0,65.32175,63.764275,62.99183,62.433666,62.244152
2018-01-02 08:03:00,-3.3232244000000003e-21,0.0,42.141533,357730.44,0.75,0.1,30.973988,595494.56,0.25,0.9,65.4108,0.73889387,0.73889387,1.0,233.04623,595504.2,1.6148071,-400.25253,49.261826,55.184006,0.8209953,0.9,1.0,857.9988,1.0,65.38893,63.886772,63.075485,62.516613,62.28936
2018-01-02 08:04:00,2.280059e-21,0.0,42.173943,357730.44,0.75,0.1,30.992004,595538.4,0.25,0.9,65.476715,0.7389088,0.7389088,1.0,233.04202,595547.5,1.6145325,-400.25253,49.27479,55.184006,0.82101196,0.9,1.0,858.0291,1.0,65.52077,64.010254,63.159973,62.600933,62.33534
2018-01-02 08:05:00,-1.0607457e-21,0.0,42.208992,357730.44,0.75,0.1,31.010021,595580.7,0.25,0.9,65.55043,0.7389245,0.7389245,1.0,233.03972,595589.3,1.6142578,-400.25253,49.289238,55.184006,0.8210295,0.9,1.0,858.0635,1.0,65.599106,64.13463,63.24534,62.68657,62.382195
2018-01-02 08:06:00,6.491337700000001e-22,0.0,42.245575,357730.44,0.75,0.1,31.027985,595621.5,0.25,0.9,65.62744,0.7389407,0.7389407,1.0,233.03906,595629.6,1.6140442,-400.25253,49.304787,55.184006,0.8210476,0.9,1.0,858.1011,1.0,65.6994,64.25987,63.331524,62.77353,62.42982
2018-01-02 08:07:00,-2.9981937e-21,0.0,42.283314,357730.44,0.75,0.1,31.046001,595660.7,0.25,0.9,65.70732,0.73895735,0.73895735,1.0,233.03986,595668.3,1.6138306,-400.25253,49.321266,55.184006,0.8210661,0.9,1.0,858.14136,1.0,65.7756,64.38588,63.418533,62.8618,62.478325
2018-01-02 08:08:00,1.2671041e-22,0.0,42.321545,357730.44,0.75,0.1,31.06402,595698.3,0.25,0.9,65.78801,0.73897415,0.73897415,1.0,233.0419,595705.56,1.6135864,-400.25253,49.338238,55.184006,0.82108486,0.9,1.0,858.1836,1.0,65.85772,64.51272,63.506264,62.951397,62.5276
2018-01-02 08:09:00,-4.413473e-21,0.0,42.359997,357730.44,0.75,0.1,31.082037,595734.25,0.25,0.9,65.86914,0.73899114,0.73899114,1.0,233.04501,595741.0,1.6134338,-400.25253,49.355484,55.184006,0.8211037,0.9,1.0,858.2274,1.0,65.92798,64.64032,63.59481,63.04231,62.57775
2018-01-02 08:10:00,5.2209346000000004e-21,0.0,42.39845,357730.44,0.75,0.1,31.1,595768.6,0.25,0.9,65.94989,0.739008,0.739008,1.0,233.04906,595774.94,1.6132507,-400.25253,49.37301,55.184006,0.82112247,0.9,1.0,858.2722,1.0,65.998505,64.7687,63.684128,63.13443,62.628674
2018-01-02 08:11:00,-1.8761439000000002e-22,0.0,42.436684,357730.44,0.75,0.1,31.118017,595801.25,0.25,0.9,66.03009,0.7390248,0.7390248,1.0,233.05385,595807.25,1.6131287,-400.25253,49.39064,55.184006,0.82114106,0.9,1.0,858.3177,1.0,66.0625,64.897736,63.77411,63.227814,62.68042
2018-01-02 08:12:00,2.7835271e-22,0.0,42.474693,357730.44,0.75,0.1,31.136036,595832.3,0.25,0.9,66.10925,0.73904145,0.73904145,1.0,233.05931,595837.9,1.6130066,-400.25253,49.408276,55.184006,0.8211595,0.9,1.0,858.3634,1.0,66.12491,65.027374,63.86491,63.32246,62.732986
2018-01-02 08:13:00,8.9551055e-23,0.0,42.51238,357730.44,0.75,0.1,31.153997,595861.75,0.25,0.9,66.18736,0.7390577,0.7390577,1.0,233.0653,595867.0,1.6128845,-400.25253,49.425797,55.184006,0.82117754,0.9,1.0,858.4091,1.0,66.18324,65.15767,63.95637,63.418316,62.786385
2018-01-02 08:14:00,3.7962372000000003e-22,0.0,42.549732,357730.44,0.75,0.1,31.172016,595889.6,0.25,0.9,66.26427,0.7390737,0.7390737,1.0,233.07172,595894.44,1.6127625,-400.25253,49.44332,55.184006,0.82119524,0.9,1.0,858.4545,1.0,66.23961,65.28835,64.048546,63.515327,62.840652
2018-01-02 08:15:00,-2.2008535e-22,0.0,42.586647,357730.44,0.75,0.1,31.190033,595915.94,0.25,0.9,66.34007,0.73908925,0.73908925,1.0,233.07846,595920.44,1.6126404,-400.25253,49.460735,55.184006,0.8212125,0.9,1.0,858.4993,1.0,66.293106,65.419525,64.14143,63.613487,62.8957
2018-01-02 08:16:00,1.819263e-21,0.0,42.62323,357730.44,0.75,0.1,31.207996,595940.7,0.25,0.9,66.41473,0.73910433,0.73910433,1.0,233.08545,595944.8,1.6125793,-400.25253,49.47804,55.184006,0.82122916,0.9,1.0,858.5434,1.0,66.34474,65.55098,64.234985,63.712807,62.951508
2018-01-02 08:17:00,3.8877143000000003e-22,0.0,42.659485,357730.44,0.75,0.1,31.226013,595964.0,0.25,0.9,66.48822,0.73911893,0.73911893,1.0,233.09262,595967.8,1.6124878,-400.25253,49.495285,55.184006,0.8212453,0.9,1.0,858.58655,1.0,66.39429,65.68271,64.32919,63.813217,63.008194
2018-01-02 08:18:00,4.1728664000000003e-22,0.0,42.695244,357730.44,0.75,0.1,31.24403,595985.9,0.25,0.9,66.56073,0.73913306,0.73913306,1.0,233.09988,595989.4,1.6124268,-400.25253,49.512314,55.184006,0.8212609,0.9,1.0,858.62854,1.0,66.442245,65.8146,64.42406,63.914734,63.065655
2018-01-02 08:19:00,-7.6898555e-22,0.0,42.730785,357730.44,0.75,0.1,31.261993,596006.3,0.25,0.9,66.632256,0.7391466,0.7391466,1.0,233.1072,596009.56,1.6123962,-400.25253,49.5294,55.184006,0.8212759,0.9,1.0,858.6694,1.0,66.488556,65.94649,64.51947,64.017235,63.12394
2018-01-02 08:20:00,-1.3060758e-21,0.0,42.766052,357730.44,0.75,0.1,31.28001,596025.44,0.25,0.9,66.70284,0.73915964,0.73915964,1.0,233.11452,596028.44,1.6123352,-400.25253,49.54637,55.184006,0.8212903,0.9,1.0,858.70886,1.0,66.53349,66.078384,64.61549,64.12073,63.18299
2018-01-02 08:21:00,2.8743204000000003e-22,0.0,42.800934,357730.44,0.75,0.1,31.298029,596043.25,0.25,0.9,66.772606,0.7391721,0.7391721,1.0,233.12178,596046.06,1.6123047,-400.25253,49.563347,55.184006,0.8213041,0.9,1.0,858.74695,1.0,66.57705,66.210106,64.71212,64.22515,63.242752
2018-01-02 08:22:00,-2.2937069e-22,0.0,42.835594,357730.44,0.75,0.1,31.31599,596059.94,0.25,0.9,66.84166,0.73918396,0.73918396,1.0,233.12895,596062.4,1.6122742,-400.25253,49.58021,55.184006,0.8213172,0.9,1.0,858.7837,1.0,66.61951,66.34161,64.809235,64.330505,63.303345
2018-01-02 08:23:00,-2.28115e-22,0.0,42.870148,357730.44,0.75,0.1,31.33401,596075.4,0.25,0.9,66.909935,0.73919535,0.73919535,1.0,233.136,596077.7,1.6122437,-400.25253,49.59724,55.184006,0.8213297,0.9,1.0,858.8189,1.0,66.66082,66.47279,64.90685,64.43669,63.364647
2018-01-02 08:24:00,1.4961339000000002e-22,0.0,42.90437,357730.44,0.75,0.1,31.352026,596089.8,0.25,0.9,66.977615,0.7392061,0.7392061,1.0,233.1429,596091.9,1.6122131,-400.25253,49.614105,55.184006,0.82134163,0.9,1.0,858.85266,1.0,66.701195,66.60358,65.004906,64.5437,63.426666
2018-01-02 08:25:00,-4.998442300000001e-22,0.0,42.938427,357730.44,0.75,0.1,31.36999,596103.06,0.25,0.9,67.04468,0.7392163,0.7392163,1.0,233.14964,596105.0,1.6121826,-400.25253,49.630913,55.184006,0.8213529,0.9,1.0,858.8849,1.0,66.74069,66.73393,65.10351,64.651474,63.489395
2018-01-02 08:26:00,-3.0161703e-21,0.0,42.972374,357730.44,0.75,0.1,31.388006,596115.4,0.25,0.9,67.111145,0.739226,0.739226,1.0,233.15617,596117.1,1.6121826,-400.25253,49.64772,55.184006,0.82136357,0.9,1.0,858.9156,1.0,66.77942,66.86374,65.2025,64.760025,63.55284
2018-01-02 08:27:00,1.5502532000000001e-21,0.0,43.005993,357730.44,0.75,0.1,31.406025,596126.8,0.25,0.9,67.177124,0.73923516,0.73923516,1.0,233.1625,596128.3,1.6121826,-400.25253,49.66442,55.184006,0.82137364,0.9,1.0,858.9447,1.0,66.817375,66.99288,65.30197,64.86928,63.617004
2018-01-02 08:28:00,2.9324768e-21,0.0,43.0395,357730.44,0.75,0.1,31.423986,596137.25,0.25,0.9,67.24266,0.73924375,0.73924375,1.0,233.16862,596138.6,1.6121521,-400.25253,49.68107,55.184006,0.8213831,0.9,1.0,858.9724,1.0,66.854614,67.12131,65.40184,64.97914,63.681877
2018-01-02 08:29:00,-3.0878905e-21,0.0,43.072845,357730.44,0.75,0.1,31.442005,596146.8,0.25,0.9,67.307755,0.73925185,0.73925185,1.0,233.1745,596148.06,1.6121521,-400.25253,49.697765,55.184006,0.82139206,0.9,1.0,858.9986,1.0,66.891205,67.24898,65.50215,65.08966,63.747414
2018-01-02 08:30:00,-1.3980162e-20,0.0,43.106026,357730.44,0.75,0.1,31.460022,596155.6,0.25,0.9,67.372406,0.7392595,0.7392595,1.0,233.18015,596156.75,1.6121521,-400.25253,49.714462,55.184006,0.82140046,0.9,1.0,859.0234,1.0,66.92724,67.375755,65.60284,65.20074,63.81366
2018-01-02 08:31:00,1.3050338e-21,0.0,43.13909,357730.44,0.75,0.1,31.477985,596163.7,0.25,0.9,67.436676,0.7392666,0.7392666,1.0,233.18556,596164.7,1.6121521,-400.25253,49.73111,55.184006,0.8214083,0.9,1.0,859.0467,1.0,66.96278,67.50166,65.703964,65.31236,63.88051
2018-01-02 08:32:00,-4.3511962e-21,0.0,43.172108,357730.44,0.75,0.1,31.496002,596171.06,0.25,0.9,67.50061,0.73927325,0.73927325,1.0,233.19072,596171.94,1.6121521,-400.25253,49.747753,55.184006,0.82141566,0.9,1.0,859.0686,1.0,66.997826,67.62652,65.80548,65.42447,63.94802
2018-01-02 08:33:00,-1.5140737e-21,0.0,43.205067,357730.44,0.75,0.1,31.514019,596177.75,0.25,0.9,67.564224,0.73927945,0.73927945,1.0,233.19563,596178.5,1.6121521,-400.25253,49.764343,55.184006,0.8214225,0.9,1.0,859.0892,1.0,67.03238,67.75039,65.90738,65.53708,64.01625
2018-01-02 08:34:00,-2.7942208e-21,0.0,43.237804,357730.44,0.75,0.1,31.532038,596183.8,0.25,0.9,67.6275,0.7392853,0.7392853,1.0,233.2003,596184.5,1.6121521,-400.25253,49.780987,55.184006,0.8214289,0.9,1.0,859.10846,1.0,67.06649,67.87305,66.00949,65.65008,64.08513
2018-01-02 08:35:00,-5.307855500000001e-22,0.0,43.270435,357730.44,0.75,0.1,31.55,596189.3,0.25,0.9,67.69051,0.73929065,0.73929065,1.0,233.20473,596189.9,1.6121826,-400.25253,49.797577,55.184006,0.8214348,0.9,1.0,859.12646,1.0,67.10027,67.99456,66.11183,65.76351,64.15468
2018-01-02 08:36:00,-9.430286000000001e-22,0.0,43.30301,357730.44,0.75,0.1,31.568018,596194.25,0.25,0.9,67.75319,0.73929566,0.73929566,1.0,233.20894,596194.75,1.6121826,-400.25253,49.814163,55.184006,0.8214403,0.9,1.0,859.1434,1.0,67.13362,68.11486,66.21434,65.87722,64.22476
2018-01-02 08:37:00,-5.4124537e-22,0.0,43.33553,357730.44,0.75,0.1,31.586035,596198.75,0.25,0.9,67.8156,0.7393003,0.7393003,1.0,233.21289,596199.2,1.6121826,-400.25253,49.83081,55.184006,0.8214454,0.9,1.0,859.15906,1.0,67.166626,68.23379,66.31683,65.99136,64.29558
2018-01-02 08:38:00,1.6217372e-21,0.0,43.36788,357730.44,0.75,0.1,31.603998,596202.75,0.25,0.9,67.877716,0.7393046,0.7393046,1.0,233.21661,596203.1,1.6121826,-400.25253,49.847343,55.184006,0.8214501,0.9,1.0,859.1736,1.0,67.19931,68.35134,66.41945,66.10568,64.366875
2018-01-02 08:39:00,-1.984139e-21,0.0,43.400185,357730.44,0.75,0.1,31.622015,596206.3,0.25,0.9,67.939575,0.73930854,0.73930854,1.0,233.22014,596206.6,1.6122131,-400.25253,49.863934,55.184006,0.82145447,0.9,1.0,859.1872,1.0,67.23172,68.46752,66.52196,66.220215,64.438835
2018-01-02 08:40:00,4.198441e-21,0.0,43.432373,357730.44,0.75,0.1,31.640034,596209.5,0.25,0.9,68.00115,0.7393122,0.7393122,1.0,233.22343,596209.8,1.6122131,-400.25253,49.880524,55.184006,0.82145846,0.9,1.0,859.1997,1.0,67.26381,68.58217,66.624405,66.3348,64.511345
2018-01-02 08:41:00,-2.3982987000000002e-21,0.0,43.464508,357730.44,0.75,0.1,31.657995,596212.3,0.25,0.9,68.062454,0.7393155,0.7393155,1.0,233.22653,596212.56,1.6122131,-400.25253,49.897057,55.184006,0.82146215,0.9,1.0,859.21136,1.0,67.29561,68.69527,66.726685,66.44949,64.58446
2018-01-02 08:42:00,-1.6061318000000001e-21,0.0,43.496532,357730.44,0.75,0.1,31.676014,596214.8,0.25,0.9,68.12343,0.7393186,0.7393186,1.0,233.2294,596215.0,1.6122437,-400.25253,49.913647,55.184006,0.8214655,0.9,1.0,859.22205,1.0,67.32714,68.806725,66.82875,66.56414,64.658066
2018-01-02 08:43:00,-2.512208e-22,0.0,43.52845,357730.44,0.75,0.1,31.69403,596217.06,0.25,0.9,68.18413,0.7393214,0.7393214,1.0,233.2321,596217.1,1.6122437,-400.25253,49.930126,55.184006,0.8214686,0.9,1.0,859.23193,1.0,67.35845,68.91659,66.93059,66.67873,64.73222
2018-01-02 08:44:00,-3.9097875e-21,0.0,43.560253,357730.44,0.75,0.1,31.711994,596218.94,0.25,0.9,68.2445,0.739324,0.739324,1.0,233.23462,596219.0,1.6122437,-400.25253,49.946663,55.184006,0.8214714,0.9,1.0,859.24097,1.0,67.38954,69.02464,67.03221,66.79315,64.80682
2018-01-02 08:45:00,-2.4790394e-22,0.0,43.592003,357730.44,0.75,0.1,31.730011,596220.56,0.25,0.9,68.304596,0.7393263,0.7393263,1.0,233.23697,596220.6,1.6122742,-400.25253,49.963142,55.184006,0.82147396,0.9,1.0,859.24927,1.0,67.420364,69.130875,67.13345,66.9073,64.88197
2018-01-02 08:46:00,3.0239596000000003e-22,0.0,43.623646,357730.44,0.75,0.1,31.748028,596222.0,0.25,0.9,68.364365,0.7393284,0.7393284,1.0,233.23914,596222.06,1.6122742,-400.25253,49.97962,55.184006,0.8214763,0.9,1.0,859.25684,1.0,67.45096,69.235306,67.23431,67.02117,64.95755
2018-01-02 08:47:00,-8.100272000000001e-23,0.0,43.655174,357730.44,0.75,0.1,31.765991,596223.25,0.25,0.9,68.4238,0.73933035,0.73933035,1.0,233.24113,596223.25,1.6122742,-400.25253,49.996044,55.184006,0.8214784,0.9,1.0,859.2638,1.0,67.48134,69.33786,67.33472,67.13466,65.033585
2018-01-02 08:48:00,-2.385387e-21,0.0,43.686596,357730.44,0.75,0.1,31.784008,596224.25,0.25,0.9,68.48285,0.7393321,0.7393321,1.0,233.243,596224.25,1.6123047,-400.25253,50.012466,55.184006,0.8214803,0.9,1.0,859.27014,1.0,67.51149,69.43849,67.43475,67.24771,65.109985
2018-01-02 08:49:00,-1.3539202e-22,0.0,43.717854,357730.44,0.75,0.1,31.802027,596225.06,0.25,0.9,68.541565,0.7393336,0.7393336,1.0,233.24472,596225.06,1.6123047,-400.25253,50.02884,55.184006,0.821482,0.9,1.0,859.2759,1.0,67.54149,69.5372,67.53423,67.36026,65.18689
2018-01-02 08:50:00,-2.669684e-21,0.0,43.749054,357730.44,0.75,0.1,31.819988,596225.75,0.25,0.9,68.59991,0.739335,0.739335,1.0,233.24629,596225.7,1.6123047,-400.25253,50.045208,55.184006,0.82148355,0.9,1.0,859.2811,1.0,67.57126,69.63388,67.63316,67.472275,65.26413
2018-01-02 08:51:00,1.6696798e-21,0.0,43.78009,357730.44,0.75,0.1,31.838007,596226.3,0.25,0.9,68.65786,0.73933625,0.73933625,1.0,233.24774,596226.25,1.6123047,-400.25253,50.061523,55.184006,0.8214849,0.9,1.0,859.28577,1.0,67.600815,69.72853,67.73155,67.58367,65.34169
2018-01-02 08:52:00,5.951729000000001e-22,0.0,43.811016,357730.44,0.75,0.1,31.856024,596226.75,0.25,0.9,68.71542,0.7393374,0.7393374,1.0,233.24907,596226.6,1.6123352,-400.25253,50.07778,55.184006,0.8214861,0.9,1.0,859.29,1.0,67.6302,69.82115,67.82927,67.69436,65.41964
2018-01-02 08:53:00,-1.1325704e-21,0.0,43.841835,357730.44,0.75,0.1,31.873987,596227.06,0.25,0.9,68.77261,0.7393384,0.7393384,1.0,233.25029,596227.0,1.6123352,-400.25253,50.093987,55.184006,0.82148725,0.9,1.0,859.29376,1.0,67.659424,69.91173,67.92639,67.80434,65.49792
2018-01-02 08:54:00,2.1509242e-21,0.0,43.872486,357730.44,0.75,0.1,31.892004,596227.25,0.25,0.9,68.82936,0.73933923,0.73933923,1.0,233.25142,596227.1,1.6123352,-400.25253,50.11019,55.184006,0.8214882,0.9,1.0,859.29724,1.0,67.68843,70.00017,68.0228,67.913536,65.57652
2018-01-02 08:55:00,2.3402858e-21,0.0,43.902973,357730.44,0.75,0.1,31.910023,596227.4,0.25,0.9,68.885666,0.73934,0.73934,1.0,233.25241,596227.3,1.6123657,-400.25253,50.126343,55.184006,0.82148904,0.9,1.0,859.30023,1.0,67.71727,70.08652,68.11843,68.021866,65.65535
2018-01-02 08:56:00,-1.776967e-21,0.0,43.933403,357730.44,0.75,0.1,31.927984,596227.44,0.25,0.9,68.94153,0.73934066,0.73934066,1.0,233.25334,596227.3,1.6123657,-400.25253,50.142437,55.184006,0.82148975,0.9,1.0,859.3029,1.0,67.74588,70.17079,68.21335,68.1293,65.73451
2018-01-02 08:57:00,-2.2293494e-22,0.0,43.963615,357730.44,0.75,0.1,31.946003,596227.44,0.25,0.9,68.99695,0.73934126,0.73934126,1.0,233.25418,596227.3,1.6123657,-400.25253,50.158478,55.184006,0.82149035,0.9,1.0,859.3053,1.0,67.7744,70.25285,68.30745,68.23576,65.81383
2018-01-02 08:58:00,2.603448e-22,0.0,43.99372,357730.44,0.75,0.1,31.96402,596227.3,0.25,0.9,69.05188,0.7393418,0.7393418,1.0,233.25493,596227.2,1.6123657,-400.25253,50.17446,55.184006,0.82149094,0.9,1.0,859.3074,1.0,67.80269,70.33284,68.40078,68.34129,65.893425
2018-01-02 08:59:00,1.6500103e-21,0.0,44.02366,357730.44,0.75,0.1,31.982037,596227.2,0.25,0.9,69.10632,0.7393422,0.7393422,1.0,233.2556,596227.1,1.6123657,-400.25253,50.19039,55.184006,0.82149136,0.9,1.0,859.30914,1.0,67.83075,70.410614,68.49318,68.44577,65.973236
2018-01-02 09:00:00,1.5794317e-21,0.0,44.05343,357730.44,0.75,0.1,32.0,596227.06,0.25,0.9,69.160324,0.7393426,0.7393426,1.0,233.25621,596226.94,1.6123962,-400.25253,50.206215,55.184006,0.8214918,0.9,1.0,859.3107,1.0,67.85872,70.48626,68.58475,68.54915,66.05316
2018-01-02 09:01:00,-1.6621484e-21,0.0,44.08304,357730.44,0.75,0.1,32.018017,596226.8,0.25,0.9,69.21377,0.73934287,0.73934287,1.0,233.25676,596226.7,1.6123962,-400.25253,50.22203,55.184006,0.8214921,0.9,1.0,859.31213,1.0,67.88646,70.55975,68.675385,68.65138,66.133255
2018-01-02 09:02:00,-3.3185277e-23,0.0,44.11248,357730.44,0.75,0.1,32.036034,596226.56,0.25,0.9,69.26678,0.7393431,0.7393431,1.0,233.25725,596226.44,1.6123962,-400.25253,50.237854,55.184006,0.8214924,0.9,1.0,859.3133,1.0,67.91403,70.631165,68.76509,68.75246,66.21352
2018-01-02 09:03:00,5.9168146e-23,0.0,44.14176,357730.44,0.75,0.1,32.053997,596226.25,0.25,0.9,69.31918,0.7393433,0.7393433,1.0,233.25769,596226.1,1.6123962,-400.25253,50.25351,55.184006,0.8214919,0.9,1.0,859.3145,1.0,67.94139,70.70044,68.85385,68.85232,66.29388
2018-01-02 09:04:00,-5.864396e-22,0.0,44.17637,357730.44,0.75,0.1,32.072014,593038.1,0.25,0.9,69.36648,0.73723304,0.73723304,1.0,232.0861,592551.75,1.6220703,-400.25253,50.272625,55.184006,0.81894886,0.9,1.0,853.36536,1.0,67.96325,70.77712,68.93664,68.94685,66.37039
2018-01-02 09:05:00,-3.606448e-21,0.0,44.200977,357730.44,0.75,0.1,32.090034,590793.9,0.25,0.9,69.40921,0.73599225,0.73599225,1.0,231.63069,590473.0,1.6263123,-400.25253,50.287674,55.184006,0.81759894,0.9,1.0,849.782,1.0,67.98627,70.87314,69.01843,69.03881,66.44626
2018-01-02 09:06:00,-2.7098275000000003e-21,0.0,44.22608,357730.44,0.75,0.1,32.107994,588864.6,0.25,0.9,69.45068,0.73481417,0.73481417,1.0,231.07239,588583.5,1.6299744,-400.25253,50.302288,55.184006,0.81629485,0.9,1.0,846.328,1.0,68.00835,70.978836,69.09967,69.12961,66.52251
2018-01-02 09:07:00,3.8936446000000004e-21,0.0,44.25124,357730.44,0.75,0.1,32.126015,587072.2,0.25,0.9,69.49145,0.7336753,0.7336753,1.0,230.48827,586815.44,1.6331177,-400.25253,50.316845,55.184006,0.8150354,0.9,1.0,842.9521,1.0,68.03087,71.09172,69.17993,69.21899,66.59875
2018-01-02 09:08:00,8.725767e-22,0.0,44.276344,357730.44,0.75,0.1,32.14403,585396.94,0.25,0.9,69.53204,0.7325776,0.7325776,1.0,229.8937,585161.44,1.6358032,-400.25253,50.331184,55.184006,0.81382155,0.9,1.0,839.6682,1.0,68.05322,71.20993,69.25925,69.30693,66.67505
2018-01-02 09:09:00,-1.2524878e-21,0.0,44.301445,357730.44,0.75,0.1,32.161995,583829.2,0.25,0.9,69.57275,0.73152065,0.73152065,1.0,229.29456,583612.94,1.6380615,-400.25253,50.34552,55.184006,0.81265295,0.9,1.0,836.48126,1.0,68.07602,71.33209,69.33769,69.39351,66.7514
2018-01-02 09:10:00,-6.1462040000000005e-22,0.0,44.326607,357730.44,0.75,0.1,32.18001,582362.0,0.25,0.9,69.61367,0.73050445,0.73050445,1.0,228.6955,582163.4,1.6398926,-400.25253,50.35975,55.184006,0.81152964,0.9,1.0,833.3963,1.0,68.09893,71.45712,69.41525,69.47887,66.82793
2018-01-02 09:11:00,-2.9980470000000002e-22,0.0,44.351875,357730.44,0.75,0.1,32.19803,580989.75,0.25,0.9,69.65498,0.72952926,0.72952926,1.0,228.10054,580807.5,1.6414185,-400.25253,50.37403,55.184006,0.81045204,0.9,1.0,830.418,1.0,68.12216,71.58391,69.49184,69.56297,66.90456
2018-01-02 09:12:00,-9.355728e-22,0.0,44.377308,357730.44,0.75,0.1,32.215992,579707.5,0.25,0.9,69.69662,0.7285955,0.7285955,1.0,227.51321,579540.7,1.6426086,-400.25253,50.388313,55.184006,0.80942047,0.9,1.0,827.55084,1.0,68.14551,71.711784,69.56753,69.64586,66.981346
2018-01-02 09:13:00,1.8350937000000002e-21,0.0,44.40285,357730.44,0.75,0.1,32.23401,578511.25,0.25,0.9,69.73869,0.72770333,0.72770333,1.0,226.93643,578358.75,1.6435242,-400.25253,50.402596,55.184006,0.808435,0.9,1.0,824.7981,1.0,68.16913,71.839935,69.642235,69.72754,67.05825
2018-01-02 09:14:00,-9.472024e-22,0.0,44.42856,357730.44,0.75,0.1,32.252026,577396.94,0.25,0.9,69.78105,0.7268527,0.7268527,1.0,226.37263,577257.8,1.6441345,-400.25253,50.41693,55.184006,0.8074959,0.9,1.0,822.1621,1.0,68.19292,71.96782,69.716,69.80791,67.13527
2018-01-02 09:15:00,4.1502548000000005e-22,0.0,44.454376,357730.44,0.75,0.1,32.26999,576360.8,0.25,0.9,69.823784,0.72604364,0.72604364,1.0,225.82385,576234.25,1.6445618,-400.25253,50.431267,55.184006,0.8066028,0.9,1.0,819.6444,1.0,68.21681,72.09493,69.78874,69.88707,67.21245
2018-01-02 09:16:00,-2.4836225000000002e-21,0.0,44.480247,357730.44,0.75,0.1,32.288006,575399.2,0.25,0.9,69.866684,0.7252756,0.7252756,1.0,225.29172,575284.4,1.6447449,-400.25253,50.44566,55.184006,0.80575526,0.9,1.0,817.2455,1.0,68.24077,72.22084,69.86047,69.96496,67.28967
2018-01-02 09:17:00,5.2401468e-23,0.0,44.506233,357730.44,0.75,0.1,32.306023,574508.44,0.25,0.9,69.90975,0.72454816,0.72454816,1.0,224.77745,574404.6,1.6447144,-400.25253,50.460052,55.184006,0.8049527,0.9,1.0,814.96497,1.0,68.26477,72.3452,69.931175,70.041534,67.36697
2018-01-02 09:18:00,1.2742671e-21,0.0,44.53227,357730.44,0.75,0.1,32.323986,573685.06,0.25,0.9,69.95293,0.7238605,0.7238605,1.0,224.28206,573591.5,1.6445618,-400.25253,50.47444,55.184006,0.8041943,0.9,1.0,812.80194,1.0,68.28877,72.46764,70.000824,70.11679,67.444305
2018-01-02 09:19:00,4.004467e-22,0.0,44.558308,357730.44,0.75,0.1,32.342003,572925.44,0.25,0.9,69.996155,0.7232118,0.7232118,1.0,223.8062,572841.44,1.6442261,-400.25253,50.48884,55.184006,0.803479,0.9,1.0,810.7544,1.0,68.31273,72.58783,70.06933,70.190674,67.52165
2018-01-02 09:20:00,5.295729000000001e-23,0.0,44.5844,357730.44,0.75,0.1,32.360023,572226.25,0.25,0.9,70.039276,0.72260106,0.72260106,1.0,223.35033,572151.1,1.6437988,-400.25253,50.503227,55.184006,0.8028057,0.9,1.0,808.8204,1.0,68.336624,72.70566,70.13678,70.26318,67.59894
2018-01-02 09:21:00,-3.0004545e-23,0.0,44.610435,357730.44,0.75,0.1,32.377983,571584.1,0.25,0.9,70.08235,0.7220271,0.7220271,1.0,222.91472,571517.2,1.6432495,-400.25253,50.51751,55.184006,0.80217314,0.9,1.0,806.9969,1.0,68.360405,72.8208,70.20303,70.33426,67.67618
2018-01-02 09:22:00,6.2292047e-22,0.0,44.636475,357730.44,0.75,0.1,32.396004,570995.56,0.25,0.9,70.125244,0.7214888,0.7214888,1.0,222.4994,570936.25,1.6425781,-400.25253,50.531845,55.184006,0.80157995,0.9,1.0,805.281,1.0,68.384026,72.933136,70.26813,70.403915,67.75336
2018-01-02 09:23:00,-1.9546958e-21,0.0,44.662403,357730.44,0.75,0.1,32.41402,570457.5,0.25,0.9,70.16793,0.7209847,0.7209847,1.0,222.10434,570405.2,1.6418152,-400.25253,50.546074,55.184006,0.8010247,0.9,1.0,803.66925,1.0,68.40753,73.0425,70.332016,70.47209,67.830315
2018-01-02 09:24:00,1.5938365000000001e-24,0.0,44.688274,357730.44,0.75,0.1,32.432037,569966.7,0.25,0.9,70.21028,0.7205136,0.7205136,1.0,221.72932,569920.8,1.6409912,-400.25253,50.560303,55.184006,0.8005059,0.9,1.0,802.1579,1.0,68.43088,73.14874,70.394745,70.53883,67.907166
2018-01-02 09:25:00,3.8827383000000003e-22,0.0,44.714092,357730.44,0.75,0.1,32.45,569520.2,0.25,0.9,70.252365,0.7200741,0.7200741,1.0,221.37402,569480.25,1.6401672,-400.25253,50.574474,55.184006,0.80002195,0.9,1.0,800.7433,1.0,68.45401,73.25179,70.45621,70.604034,67.98385
2018-01-02 09:26:00,-1.0419836e-21,0.0,44.7398,357730.44,0.75,0.1,32.468018,569115.06,0.25,0.9,70.29405,0.7196648,0.7196648,1.0,221.03806,569080.5,1.6392517,-400.25253,50.588593,55.184006,0.79957134,0.9,1.0,799.4213,1.0,68.476974,73.35144,70.51647,70.667694,68.06026
2018-01-02 09:27:00,-1.1278031e-21,0.0,44.770123,357730.44,0.75,0.1,32.486034,567325.2,0.25,0.9,70.33508,0.71759945,0.71759945,1.0,219.20833,566624.9,1.6480408,-400.25253,50.604523,55.184006,0.79666376,0.9,1.0,793.07306,1.0,68.49966,73.447075,70.57393,70.72917,68.13304
2018-01-02 09:28:00,-3.8497483e-21,0.0,44.7966,357730.44,0.75,0.1,32.503998,563841.56,0.25,0.9,70.370575,0.71464574,0.71464574,1.0,217.07707,563328.7,1.6557617,-400.25253,50.62111,55.184006,0.79374343,0.9,1.0,783.8071,1.0,68.52031,73.53595,70.62546,70.80217,68.198135
2018-01-02 09:29:00,-3.0210795000000004e-22,0.0,44.81786,357730.44,0.75,0.1,32.522015,561447.9,0.25,0.9,70.40441,0.7125743,0.7125743,1.0,215.56949,561060.7,1.6603699,-400.25253,50.634132,55.184006,0.79146504,0.9,1.0,777.34863,1.0,68.5425,73.62247,70.677536,70.88797,68.265594
2018-01-02 09:30:00,-2.6301228e-22,0.0,44.844116,357730.44,0.75,0.1,32.54003,558028.75,0.25,0.9,70.43643,0.70950186,0.70950186,1.0,213.25688,557223.9,1.6700745,-400.25253,50.648964,55.184006,0.78776264,0.9,1.0,768.1023,1.0,68.56233,73.70438,70.72933,70.97927,68.33113
2018-01-02 09:31:00,-4.2656715e-21,0.0,44.865704,357730.44,0.75,0.1,32.557995,553955.5,0.25,0.9,70.46445,0.70635414,0.70635414,1.0,211.18852,553355.75,1.6772766,-400.25253,50.663406,55.184006,0.78444576,0.9,1.0,758.60535,1.0,68.58002,73.78029,70.79372,71.07254,68.39309
2018-01-02 09:32:00,-7.090923000000001e-23,0.0,44.885094,357730.44,0.75,0.1,32.57601,550688.25,0.25,0.9,70.49187,0.7036958,0.7036958,1.0,209.36246,550194.5,1.6822815,-400.25253,50.675766,55.184006,0.78151864,0.9,1.0,750.59674,1.0,68.59859,73.8539,70.86699,71.17131,68.45626
2018-01-02 09:33:00,1.05535503e-22,0.0,44.9052,357730.44,0.75,0.1,32.594032,547731.94,0.25,0.9,70.51894,0.70121926,0.70121926,1.0,207.62396,547300.94,1.6860657,-400.25253,50.688126,55.184006,0.7787925,0.9,1.0,743.15393,1.0,68.61589,73.92416,70.945816,71.27348,68.519485
2018-01-02 09:34:00,-1.8969614000000002e-22,0.0,44.92536,357730.44,0.75,0.1,32.61199,545035.94,0.25,0.9,70.54581,0.6989151,0.6989151,1.0,205.9863,544657.94,1.6887512,-400.25253,50.70043,55.184006,0.7762559,0.9,1.0,736.24396,1.0,68.63336,73.99101,71.02904,71.378235,68.58288
2018-01-02 09:35:00,1.3200928e-21,0.0,44.94563,357730.44,0.75,0.1,32.630013,542575.75,0.25,0.9,70.57278,0.69677037,0.69677037,1.0,204.44452,542244.25,1.6905212,-400.25253,50.71257,55.184006,0.77389467,0.9,1.0,729.82446,1.0,68.65017,74.054504,71.115555,71.48492,68.64638
2018-01-02 09:36:00,3.5738347e-22,0.0,44.965954,357730.44,0.75,0.1,32.64803,540331.25,0.25,0.9,70.59981,0.69477344,0.69477344,1.0,202.9933,540040.75,1.6914978,-400.25253,50.724655,55.184006,0.77169615,0.9,1.0,723.8577,1.0,68.66698,74.114716,71.204605,71.59286,68.710045
2018-01-02 09:37:00,6.4291846e-22,0.0,44.98639,357730.44,0.75,0.1,32.665993,538284.7,0.25,0.9,70.627,0.6929142,0.6929142,1.0,201.62778,538030.44,1.691803,-400.25253,50.73674,55.184006,0.76964927,0.9,1.0,718.3106,1.0,68.68335,74.17168,71.29535,71.70157,68.77388
2018-01-02 09:38:00,-9.659036299999999e-23,0.0,45.006935,357730.44,0.75,0.1,32.68401,536420.2,0.25,0.9,70.6544,0.69118357,0.69118357,1.0,200.34343,536198.1,1.6915283,-400.25253,50.74877,55.184006,0.76774406,0.9,1.0,713.1536,1.0,68.69966,74.22534,71.3873,71.81061,68.837814
2018-01-02 09:39:00,6.491615000000001e-22,0.0,45.027588,357730.44,0.75,0.1,32.702026,534723.5,0.25,0.9,70.68187,0.6895732,0.6895732,1.0,199.13608,534530.1,1.6907654,-400.25253,50.76075,55.184006,0.7659714,0.9,1.0,708.36017,1.0,68.7157,74.27583,71.47997,71.91954,68.90181
2018-01-02 09:40:00,2.4034629999999998e-21,0.0,45.04835,357730.44,0.75,0.1,32.71999,533181.5,0.25,0.9,70.7095,0.6880757,0.6880757,1.0,198.00179,533013.56,1.6896362,-400.25253,50.772778,55.184006,0.764323,0.9,1.0,703.9058,1.0,68.73163,74.32318,71.57292,72.02797,68.965805
2018-01-02 09:41:00,1.3432437000000001e-22,0.0,45.069115,357730.44,0.75,0.1,32.738007,531782.4,0.25,0.9,70.73718,0.6866842,0.6866842,1.0,196.93703,531637.2,1.6881409,-400.25253,50.78475,55.184006,0.76279145,0.9,1.0,699.76904,1.0,68.747284,74.36734,71.66576,72.1357,69.02963
2018-01-02 09:42:00,-2.4143725e-23,0.0,45.08999,357730.44,0.75,0.1,32.756023,530514.44,0.25,0.9,70.76488,0.68539155,0.68539155,1.0,195.93785,530389.5,1.6863708,-400.25253,50.79673,55.184006,0.7613689,0.9,1.0,695.92755,1.0,68.76283,74.40838,71.75815,72.24226,69.09335
2018-01-02 09:43:00,-1.3240393000000001e-22,0.0,45.110863,357730.44,0.75,0.1,32.773987,529367.7,0.25,0.9,70.79262,0.684192,0.684192,1.0,195.00108,529260.8,1.6843872,-400.25253,50.808594,55.184006,0.76004887,0.9,1.0,692.36285,1.0,68.77816,74.446396,71.84994,72.347565,69.1568
2018-01-02 09:44:00,-7.081033600000001e-22,0.0,45.131794,357730.44,0.75,0.1,32.792004,528332.6,0.25,0.9,70.82019,0.6830798,0.6830798,1.0,194.12346,528241.8,1.6822205,-400.25253,50.82051,55.184006,0.7588251,0.9,1.0,689.057,1.0,68.79338,74.481384,71.940735,72.451324,69.219925
2018-01-02 09:45:00,8.704372e-22,0.0,45.152668,357730.44,0.75,0.1,32.81002,527400.25,0.25,0.9,70.84771,0.68204945,0.68204945,1.0,193.30188,527323.8,1.6799011,-400.25253,50.83238,55.184006,0.7576916,0.9,1.0,685.9934,1.0,68.80837,74.51341,72.03044,72.55334,69.28271
2018-01-02 09:46:00,3.8125973e-22,0.0,45.173542,357730.44,0.75,0.1,32.827984,526562.44,0.25,0.9,70.87506,0.6810959,0.6810959,1.0,192.5334,526498.75,1.6774902,-400.25253,50.84419,55.184006,0.7566427,0.9,1.0,683.15625,1.0,68.823204,74.542465,72.11883,72.65343,69.345
2018-01-02 09:47:00,-1.1021378e-22,0.0,45.194416,357730.44,0.75,0.1,32.846,525811.5,0.25,0.9,70.90221,0.68021435,0.68021435,1.0,191.81514,525759.06,1.6750183,-400.25253,50.85594,55.184006,0.7556731,0.9,1.0,680.53076,1.0,68.837875,74.56862,72.20584,72.75142,69.40685
2018-01-02 09:48:00,5.789914000000001e-23,0.0,45.21518,357730.44,0.75,0.1,32.86402,525140.25,0.25,0.9,70.92912,0.6794002,0.6794002,1.0,191.14438,525097.75,1.6724854,-400.25253,50.867645,55.184006,0.7547778,0.9,1.0,678.1032,1.0,68.85237,74.5919,72.2912,72.847275,69.4681
2018-01-02 09:49:00,1.344626e-23,0.0,45.235943,357730.44,0.75,0.1,32.88204,524542.06,0.25,0.9,70.95581,0.6786491,0.6786491,1.0,190.51852,524508.44,1.6699219,-400.25253,50.879288,55.184006,0.75395197,0.9,1.0,675.8607,1.0,68.866714,74.6124,72.37492,72.940765,69.52869
2018-01-02 09:50:00,-1.666293e-21,0.0,45.2566,357730.44,0.75,0.1,32.9,524010.75,0.25,0.9,70.98213,0.6779571,0.6779571,1.0,189.93507,523985.0,1.6673889,-400.25253,50.89088,55.184006,0.7531912,0.9,1.0,673.79095,1.0,68.88088,74.63019,72.45677,73.031845,69.58868
2018-01-02 09:51:00,-1.3154192e-22,0.0,45.27714,357730.44,0.75,0.1,32.91802,523540.88,0.25,0.9,71.00816,0.67732036,0.67732036,1.0,189.39174,523521.9,1.6648254,-400.25253,50.902416,55.184006,0.7524913,0.9,1.0,671.88306,1.0,68.89494,74.64519,72.536804,73.120346,69.64789
2018-01-02 09:52:00,-8.415804000000001e-23,0.0,45.297577,357730.44,0.75,0.1,32.936035,523126.8,0.25,0.9,71.03381,0.67673516,0.67673516,1.0,188.88617,523113.94,1.6622925,-400.25253,50.913895,55.184006,0.75184816,0.9,1.0,670.1257,1.0,68.908844,74.65761,72.61481,73.206314,69.70639
2018-01-02 09:53:00,1.8551686e-23,0.0,45.317955,357730.44,0.75,0.1,32.954,522763.66,0.25,0.9,71.05908,0.67619807,0.67619807,1.0,188.41614,522756.1,1.6598206,-400.25253,50.92527,55.184006,0.75125796,0.9,1.0,668.5087,1.0,68.92258,74.66738,72.69083,73.28958,69.76407
2018-01-02 09:54:00,-1.3329518e-21,0.0,45.338226,357730.44,0.75,0.1,32.972015,522446.75,0.25,0.9,71.08397,0.6757056,0.6757056,1.0,187.97949,522443.78,1.6573486,-400.25253,50.936638,55.184006,0.7507169,0.9,1.0,667.0223,1.0,68.93614,74.67464,72.76477,73.37012,69.82092
2018-01-02 09:55:00,-1.0284161000000001e-21,0.0,45.35833,357730.44,0.75,0.1,32.990032,522172.03,0.25,0.9,71.10841,0.67525494,0.67525494,1.0,187.57436,522173.0,1.6549683,-400.25253,50.9479,55.184006,0.7502219,0.9,1.0,665.6578,1.0,68.94966,74.67941,72.83656,73.4479,69.87691
2018-01-02 09:56:00,-1.5877278e-21,0.0,45.378326,357730.44,0.75,0.1,33.007996,521935.47,0.25,0.9,71.132416,0.67484313,0.67484313,1.0,187.19884,521939.94,1.6526794,-400.25253,50.959053,55.184006,0.7497697,0.9,1.0,664.40686,1.0,68.963005,74.68178,72.90627,73.52288,69.932
2018-01-02 09:57:00,3.6846852000000005e-22,0.0,45.398155,357730.44,0.75,0.1,33.026012,521733.62,0.25,0.9,71.15599,0.67446744,0.67446744,1.0,186.85115,521741.0,1.6504211,-400.25253,50.970146,55.184006,0.7493572,0.9,1.0,663.2616,1.0,68.97619,74.68178,72.973724,73.59506,69.98611
2018-01-02 09:58:00,1.7505993000000002e-21,0.0,45.417877,357730.44,0.75,0.1,33.04403,521563.1,0.25,0.9,71.17906,0.6741254,0.6741254,1.0,186.5296,521572.97,1.6482544,-400.25253,50.981186,55.184006,0.7489818,0.9,1.0,662.2146,1.0,68.98932,74.67947,73.03905,73.66433,70.03934
2018-01-02 09:59:00,4.084603e-21,0.0,45.43743,357730.44,0.75,0.1,33.061993,521420.78,0.25,0.9,71.20169,0.6738144,0.6738144,1.0,186.23254,521432.75,1.6461487,-400.25253,50.99212,55.184006,0.74864054,0.9,1.0,661.25885,1.0,69.002335,74.67496,73.102104,73.7308,70.09152
2018-01-02 10:00:00,2.4410096000000002e-21,0.0,45.456825,357730.44,0.75,0.1,33.08001,521303.8,0.25,0.9,71.22377,0.67353237,0.67353237,1.0,185.95845,521317.6,1.644104,-400.25253,51.003,55.184006,0.74833107,0.9,1.0,660.3877,1.0,69.01524,74.668205,73.162964,73.79436,70.14278
2018-01-02 10:01:00,4.585542700000001e-22,0.0,45.476105,357730.44,0.75,0.1,33.113026,521209.66,0.25,0.9,71.245415,0.67327696,0.67327696,1.0,185.70584,521224.84,1.6421814,-400.25253,51.013763,55.184006,0.748051,0.9,1.0,659.5951,1.0,69.028046,74.65936,73.221634,73.854996,70.19298
2018-01-02 10:02:00,1.9014895e-21,0.0,45.505108,357730.44,0.75,0.1,33.145985,521135.8,0.25,0.9,71.26656,0.6730463,0.6730463,1.0,185.47331,521152.16,1.6403198,-400.25253,51.0281,55.184006,0.7477981,0.9,1.0,658.8751,1.0,69.04079,74.64848,73.278046,73.91284,70.2422
2018-01-02 10:03:00,-6.327787000000001e-22,0.0,45.53417,357730.44,0.75,0.1,33.178997,521080.22,0.25,0.9,71.28716,0.67283845,0.67283845,1.0,185.25955,521097.47,1.6385193,-400.25253,51.0431,55.184006,0.7475703,0.9,1.0,658.2224,1.0,69.05348,74.635635,73.33227,73.96783,70.290375
2018-01-02 10:04:00,2.4738898e-21,0.0,45.563118,357730.44,0.75,0.1,33.212013,521040.7,0.25,0.9,71.30733,0.67265165,0.67265165,1.0,185.06335,521058.66,1.6368408,-400.25253,51.058205,55.184006,0.7473656,0.9,1.0,657.63196,1.0,69.06612,74.620804,73.38429,74.02001,70.33751
2018-01-02 10:05:00,-2.2956271e-22,0.0,45.591846,357730.44,0.75,0.1,33.245026,521015.5,0.25,0.9,71.326935,0.6724842,0.6724842,1.0,184.88351,521033.94,1.6352234,-400.25253,51.073364,55.184006,0.7471822,0.9,1.0,657.0989,1.0,69.07886,74.60421,73.43411,74.069336,70.38365
2018-01-02 10:06:00,-2.4469448e-21,0.0,45.62041,357730.44,0.75,0.1,33.277985,521002.94,0.25,0.9,71.3461,0.6723346,0.6723346,1.0,184.71889,521021.7,1.6336975,-400.25253,51.088524,55.184006,0.7470184,0.9,1.0,656.6189,1.0,69.0916,74.585754,73.4818,74.11587,70.428696
2018-01-02 10:07:00,3.774503e-22,0.0,45.648865,357730.44,0.75,0.1,33.310997,521001.4,0.25,0.9,71.36478,0.6722014,0.6722014,1.0,184.56847,521020.34,1.6322021,-400.25253,51.10363,55.184006,0.7468726,0.9,1.0,656.1877,1.0,69.1044,74.56564,73.52733,74.1597,70.47275
2018-01-02 10:08:00,3.826365e-21,0.0,45.677155,357730.44,0.75,0.1,33.344013,521009.53,0.25,0.9,71.382965,0.6720832,0.6720832,1.0,184.43124,521028.53,1.6308289,-400.25253,51.118736,55.184006,0.7467433,0.9,1.0,655.8014,1.0,69.11725,74.5439,73.570724,74.20079,70.51576
2018-01-02 10:09:00,2.046618e-21,0.0,45.705334,357730.44,0.75,0.1,33.377026,521026.06,0.25,0.9,71.40071,0.6719788,0.6719788,1.0,184.30626,521044.94,1.6295166,-400.25253,51.133736,55.184006,0.7466291,0.9,1.0,655.4564,1.0,69.13016,74.52055,73.61203,74.23919,70.557785
2018-01-02 10:10:00,1.4362249e-22,0.0,45.733295,357730.44,0.75,0.1,33.409985,521049.75,0.25,0.9,71.418015,0.6718869,0.6718869,1.0,184.19264,521068.5,1.6282959,-400.25253,51.148727,55.184006,0.7465288,0.9,1.0,655.1493,1.0,69.14318,74.49572,73.651306,74.27495,70.59871
2018-01-02 10:11:00,-1.4728818e-22,0.0,45.761147,357730.44,0.75,0.1,33.443,521079.6,0.25,0.9,71.434875,0.6718065,0.6718065,1.0,184.08958,521098.06,1.6271362,-400.25253,51.163673,55.184006,0.746441,0.9,1.0,654.87695,1.0,69.156204,74.46935,73.6885,74.308075,70.63864
2018-01-02 10:12:00,2.0670555000000002e-21,0.0,45.788887,357730.44,0.75,0.1,33.476013,521114.7,0.25,0.9,71.451355,0.67173654,0.67173654,1.0,183.99628,521132.8,1.6260071,-400.25253,51.17856,55.184006,0.7463647,0.9,1.0,654.63635,1.0,69.16933,74.441666,73.723656,74.33867,70.677536
2018-01-02 10:13:00,8.171327000000001e-22,0.0,45.82003,357730.44,0.75,0.1,33.509026,520078.88,0.25,0.9,71.46712,0.67047435,0.67047435,1.0,182.97548,519536.66,1.6326294,-400.25253,51.19471,55.184006,0.7443613,0.9,1.0,651.2434,1.0,69.1823,74.41206,73.755844,74.36455,70.71483
2018-01-02 10:14:00,-8.3763104e-22,0.0,45.849804,357730.44,0.75,0.1,33.541985,516879.56,0.25,0.9,71.477776,0.66790116,0.66790116,1.0,181.34747,516467.22,1.6401367,-400.25253,51.21245,55.184006,0.7418733,0.9,1.0,644.17236,1.0,69.19284,74.37778,73.78166,74.38086,70.76262
2018-01-02 10:15:00,1.0790923e-22,0.0,45.873207,357730.44,0.75,0.1,33.575,514928.12,0.25,0.9,71.488815,0.66632605,0.66632605,1.0,180.35551,514639.9,1.6440735,-400.25253,51.226402,55.184006,0.7401496,0.9,1.0,639.8605,1.0,69.20553,74.343506,73.80748,74.39717,70.823105
2018-01-02 10:16:00,1.4740258e-21,0.0,45.89842,357730.44,0.75,0.1,33.608013,513250.22,0.25,0.9,71.50069,0.66490275,0.66490275,1.0,179.42534,513008.6,1.6470337,-400.25253,51.240738,55.184006,0.7385881,0.9,1.0,635.97076,1.0,69.2169,74.30829,73.83176,74.4114,70.89044
2018-01-02 10:17:00,-7.617605e-23,0.0,45.92402,357730.44,0.75,0.1,33.64103,511758.38,0.25,0.9,71.51266,0.66361016,0.66361016,1.0,178.56978,511552.34,1.6491699,-400.25253,51.25524,55.184006,0.7371691,0.9,1.0,632.44086,1.0,69.229034,74.27215,73.85434,74.423485,70.96329
2018-01-02 10:18:00,-2.9744562000000005e-22,0.0,45.94978,357730.44,0.75,0.1,33.67399,510423.78,0.25,0.9,71.52463,0.66243017,0.66243017,1.0,177.7798,510247.3,1.6506348,-400.25253,51.269745,55.184006,0.7358728,0.9,1.0,629.2195,1.0,69.240685,74.23507,73.87538,74.43365,71.04047
2018-01-02 10:19:00,-4.0245793000000002e-22,0.0,45.975597,357730.44,0.75,0.1,33.707,509225.47,0.25,0.9,71.53655,0.66134816,0.66134816,1.0,177.04729,509073.8,1.6515503,-400.25253,51.28419,55.184006,0.73468363,0.9,1.0,626.266,1.0,69.252655,74.19711,73.89488,74.44189,71.120995
2018-01-02 10:20:00,-3.4872193e-23,0.0,46.001415,357730.44,0.75,0.1,33.740013,508146.6,0.25,0.9,71.54831,0.6603527,0.6603527,1.0,176.36583,508016.12,1.6520386,-400.25253,51.298637,55.184006,0.73358923,0.9,1.0,623.5483,1.0,69.26442,74.158325,73.91284,74.448364,71.2041
2018-01-02 10:21:00,-1.3835325000000002e-22,0.0,46.02718,357730.44,0.75,0.1,33.77303,507173.62,0.25,0.9,71.5599,0.6594347,0.6594347,1.0,175.73041,507061.25,1.6521301,-400.25253,51.313087,55.184006,0.73257965,0.9,1.0,621.04095,1.0,69.27623,74.118835,73.92926,74.45303,71.28903
2018-01-02 10:22:00,1.9151687e-21,0.0,46.052998,357730.44,0.75,0.1,33.80599,506295.16,0.25,0.9,71.57127,0.6585865,0.6585865,1.0,175.13689,506198.44,1.651886,-400.25253,51.327477,55.184006,0.7316467,0.9,1.0,618.7232,1.0,69.28798,74.07857,73.94426,74.456055,71.37533
2018-01-02 10:23:00,7.8645585000000005e-22,0.0,46.078705,357730.44,0.75,0.1,33.839,505501.62,0.25,0.9,71.58237,0.657802,0.657802,1.0,174.58188,505418.56,1.6514587,-400.25253,51.341812,55.184006,0.73078364,0.9,1.0,616.57776,1.0,69.29979,74.03764,73.95778,74.45749,71.46245
2018-01-02 10:24:00,-1.3224985000000002e-22,0.0,46.104412,357730.44,0.75,0.1,33.872017,504784.84,0.25,0.9,71.59325,0.65707576,0.65707576,1.0,174.06255,504713.7,1.6507874,-400.25253,51.356094,55.184006,0.7299847,0.9,1.0,614.58997,1.0,69.31155,73.99606,73.96991,74.45727,71.55001
2018-01-02 10:25:00,1.227091e-21,0.0,46.130013,357730.44,0.75,0.1,33.90503,504137.72,0.25,0.9,71.60384,0.65640324,0.65640324,1.0,173.57635,504076.94,1.6499939,-400.25253,51.370377,55.184006,0.72924477,0.9,1.0,612.7472,1.0,69.32324,73.95393,73.98068,74.45557,71.63768
2018-01-02 10:26:00,2.903095e-22,0.0,46.155556,357730.44,0.75,0.1,33.93799,503553.88,0.25,0.9,71.61412,0.6557803,0.6557803,1.0,173.12115,503502.28,1.6490173,-400.25253,51.384552,55.184006,0.7285595,0.9,1.0,611.0384,1.0,69.334946,73.911194,73.990074,74.452324,71.72508
2018-01-02 10:27:00,-1.766577e-22,0.0,46.18104,357730.44,0.75,0.1,33.971,503027.8,0.25,0.9,71.62417,0.65520346,0.65520346,1.0,172.69499,502984.2,1.6479797,-400.25253,51.398724,55.184006,0.7279249,0.9,1.0,609.45374,1.0,69.34659,73.86801,73.9982,74.447655,71.81192
2018-01-02 10:28:00,-1.0547605e-21,0.0,46.20642,357730.44,0.75,0.1,34.004017,502554.38,0.25,0.9,71.633896,0.6546694,0.6546694,1.0,172.2961,502517.84,1.6468506,-400.25253,51.41284,55.184006,0.72733736,0.9,1.0,607.98444,1.0,69.358185,73.824295,74.00496,74.44156,71.898
2018-01-02 10:29:00,-2.4592845e-21,0.0,46.231743,357730.44,0.75,0.1,34.03703,502129.16,0.25,0.9,71.64334,0.6541752,0.6541752,1.0,171.9229,502098.88,1.6456604,-400.25253,51.426903,55.184006,0.7267937,0.9,1.0,606.62256,1.0,69.36972,73.780075,74.01045,74.43404,71.98315
2018-01-02 10:30:00,-1.4087003e-21,0.0,46.256958,357730.44,0.75,0.1,34.06999,501747.9,0.25,0.9,71.65251,0.6537182,0.6537182,1.0,171.57387,501723.16,1.6444092,-400.25253,51.44091,55.184006,0.726291,0.9,1.0,605.3607,1.0,69.381195,73.735466,74.01474,74.425186,72.06708
2018-01-02 10:31:00,-1.1335321000000001e-21,0.0,46.282116,357730.44,0.75,0.1,34.103004,501406.97,0.25,0.9,71.66136,0.6532958,0.6532958,1.0,171.24765,501387.06,1.6431274,-400.25253,51.454865,55.184006,0.72582644,0.9,1.0,604.19226,1.0,69.39257,73.6902,74.017815,74.41497,72.149704
2018-01-02 10:32:00,-1.8689692e-21,0.0,46.30722,357730.44,0.75,0.1,34.136017,501102.9,0.25,0.9,71.66998,0.65290576,0.65290576,1.0,170.94293,501087.25,1.6418457,-400.25253,51.46876,55.184006,0.7253975,0.9,1.0,603.111,1.0,69.403946,73.644554,74.019684,74.40349,72.230835
2018-01-02 10:33:00,-5.589409400000001e-22,0.0,46.33216,357730.44,0.75,0.1,34.16903,500832.47,0.25,0.9,71.678276,0.6525459,0.6525459,1.0,170.6585,500820.6,1.640564,-400.25253,51.482605,55.184006,0.7250018,0.9,1.0,602.1112,1.0,69.41521,73.59863,74.0204,74.39075,72.310425
2018-01-02 10:34:00,1.5386666000000001e-21,0.0,46.357098,357730.44,0.75,0.1,34.20199,500592.78,0.25,0.9,71.68624,0.6522142,0.6522142,1.0,170.39317,500584.25,1.6393127,-400.25253,51.49639,55.184006,0.7246372,0.9,1.0,601.18744,1.0,69.42635,73.55232,74.01996,74.37674,72.38838
2018-01-02 10:35:00,3.6936803e-23,0.0,46.381874,357730.44,0.75,0.1,34.235004,500381.16,0.25,0.9,71.693985,0.65190893,0.65190893,1.0,170.14594,500375.53,1.638031,-400.25253,51.510124,55.184006,0.7243016,0.9,1.0,600.3348,1.0,69.4375,73.5058,74.01848,74.36157,72.46457
2018-01-02 10:36:00,-1.995096e-21,0.0,46.406593,357730.44,0.75,0.1,34.268017,500195.2,0.25,0.9,71.7014,0.65162814,0.65162814,1.0,169.91568,500192.03,1.6367798,-400.25253,51.523857,55.184006,0.72399294,0.9,1.0,599.5484,1.0,69.44849,73.459045,74.01589,74.34526,72.538895
2018-01-02 10:37:00,2.5808857000000003e-21,0.0,46.431255,357730.44,0.75,0.1,34.301033,500032.47,0.25,0.9,71.7086,0.6513702,0.6513702,1.0,169.70146,500031.6,1.6355286,-400.25253,51.537483,55.184006,0.7237095,0.9,1.0,598.824,1.0,69.45943,73.41203,74.01227,74.32779,72.61129
2018-01-02 10:38:00,3.2302600000000003e-23,0.0,46.45581,357730.44,0.75,0.1,34.333992,499891.03,0.25,0.9,71.71547,0.65113366,0.65113366,1.0,169.50233,499892.0,1.6343384,-400.25253,51.5511,55.184006,0.7234496,0.9,1.0,598.1573,1.0,69.4703,73.36484,74.00765,74.30923,72.68176
2018-01-02 10:39:00,4.774344e-22,0.0,46.480255,357730.44,0.75,0.1,34.367004,499768.78,0.25,0.9,71.72206,0.65091693,0.65091693,1.0,169.31743,499771.4,1.6331482,-400.25253,51.564674,55.184006,0.7232115,0.9,1.0,597.54456,1.0,69.481125,73.31749,74.002045,74.289566,72.75027
2018-01-02 10:40:00,7.628057000000001e-22,0.0,46.504646,357730.44,0.75,0.1,34.400017,499664.06,0.25,0.9,71.72838,0.6507187,0.6507187,1.0,169.1459,499668.03,1.632019,-400.25253,51.578186,55.184006,0.7229938,0.9,1.0,596.98206,1.0,69.491776,73.26992,73.99545,74.26885,72.816734
2018-01-02 10:41:00,-1.2884401000000002e-22,0.0,46.528923,357730.44,0.75,0.1,34.433033,499575.1,0.25,0.9,71.73442,0.6505376,0.6505376,1.0,168.98692,499580.28,1.6309204,-400.25253,51.591644,55.184006,0.722795,0.9,1.0,596.4663,1.0,69.50243,73.22229,73.98793,74.247154,72.88112
2018-01-02 10:42:00,-1.6182762e-23,0.0,46.55315,357730.44,0.75,0.1,34.465992,499500.4,0.25,0.9,71.74019,0.65037256,0.65037256,1.0,168.83975,499506.6,1.6298523,-400.25253,51.60505,55.184006,0.72261375,0.9,1.0,595.994,1.0,69.512924,73.17456,73.97948,74.22447,72.94347
2018-01-02 10:43:00,1.96449e-21,0.0,46.577263,357730.44,0.75,0.1,34.499004,499438.62,0.25,0.9,71.74568,0.6502223,0.6502223,1.0,168.70366,499445.66,1.6288147,-400.25253,51.618393,55.184006,0.7224488,0.9,1.0,595.5623,1.0,69.52342,73.12671,73.97014,74.20085,73.00366
2018-01-02 10:44:00,-6.647598300000001e-22,0.0,46.60127,357730.44,0.75,0.1,34.53202,499388.34,0.25,0.9,71.7509,0.6500858,0.6500858,1.0,168.57794,499396.06,1.6278381,-400.25253,51.631744,55.184006,0.72229904,0.9,1.0,595.1683,1.0,69.5338,73.07881,73.95998,74.17629,73.06178
2018-01-02 10:45:00,2.9747006e-22,0.0,46.62522,357730.44,0.75,0.1,34.565033,499348.44,0.25,0.9,71.75589,0.649962,0.649962,1.0,168.46196,499356.72,1.6269226,-400.25253,51.645035,55.184006,0.72216326,0.9,1.0,594.8091,1.0,69.54407,73.03085,73.94899,74.1508,73.11781
2018-01-02 10:46:00,-1.8782455000000002e-22,0.0,46.649117,357730.44,0.75,0.1,34.597992,499317.8,0.25,0.9,71.76056,0.64984995,0.64984995,1.0,168.35509,499326.5,1.6260071,-400.25253,51.65822,55.184006,0.72204036,0.9,1.0,594.4823,1.0,69.55429,72.9829,73.93712,74.1245,73.17171
2018-01-02 10:47:00,-7.238503e-22,0.0,46.6729,357730.44,0.75,0.1,34.631004,499295.5,0.25,0.9,71.765015,0.6497488,0.6497488,1.0,168.25673,499304.5,1.6251526,-400.25253,51.67146,55.184006,0.7219295,0.9,1.0,594.18555,1.0,69.56445,72.93495,73.924545,74.09735,73.2235
2018-01-02 10:48:00,5.9492955e-23,0.0,46.696575,357730.44,0.75,0.1,34.66402,499280.44,0.25,0.9,71.76919,0.6496577,0.6496577,1.0,168.16632,499289.7,1.6242981,-400.25253,51.684586,55.184006,0.72182965,0.9,1.0,593.9165,1.0,69.574554,72.88699,73.911194,74.06945,73.27322
2018-01-02 10:49:00,-2.0066403000000001e-22,0.0,46.720196,357730.44,0.75,0.1,34.697033,499271.88,0.25,0.9,71.77315,0.6495759,0.6495759,1.0,168.08336,499281.28,1.6235046,-400.25253,51.697662,55.184006,0.72173995,0.9,1.0,593.6733,1.0,69.58456,72.839096,73.897125,74.04077,73.32085
2018-01-02 10:50:00,-2.889305e-22,0.0,46.743763,357730.44,0.75,0.1,34.729992,499269.06,0.25,0.9,71.776825,0.6495026,0.6495026,1.0,168.0073,499278.53,1.6228027,-400.25253,51.710735,55.184006,0.72165966,0.9,1.0,593.4537,1.0,69.5945,72.79119,73.88229,74.01134,73.36638
2018-01-02 10:51:00,2.0470961000000002e-21,0.0,46.76722,357730.44,0.75,0.1,34.76301,499271.22,0.25,0.9,71.78023,0.64943707,0.64943707,1.0,167.9377,499280.7,1.6220703,-400.25253,51.723755,55.184006,0.72158796,0.9,1.0,593.256,1.0,69.60433,72.7434,73.86687,73.98117,73.40988
2018-01-02 10:52:00,6.1252613e-22,0.0,46.790565,357730.44,0.75,0.1,34.79602,499277.75,0.25,0.9,71.78342,0.6493788,0.6493788,1.0,167.8741,499287.12,1.6214294,-400.25253,51.73677,55.184006,0.7215242,0.9,1.0,593.0784,1.0,69.61417,72.695724,73.85071,73.95036,73.451355
2018-01-02 10:53:00,3.6765141000000005e-22,0.0,46.81391,357730.44,0.75,0.1,34.829033,499288.03,0.25,0.9,71.78638,0.64932704,0.64932704,1.0,167.81609,499297.38,1.620758,-400.25253,51.74968,55.184006,0.7214676,0.9,1.0,592.91943,1.0,69.623886,72.648094,73.833954,73.918884,73.4908
2018-01-02 10:54:00,-5.144123e-22,0.0,46.83709,357730.44,0.75,0.1,34.86199,499301.56,0.25,0.9,71.78908,0.6492814,0.6492814,1.0,167.76326,499310.75,1.6201477,-400.25253,51.76259,55.184006,0.72141767,0.9,1.0,592.7774,1.0,69.63356,72.60063,73.816605,73.8868,73.52832
2018-01-02 10:55:00,6.684039e-22,0.0,46.86027,357730.44,0.75,0.1,34.895008,499317.8,0.25,0.9,71.791595,0.64924127,0.64924127,1.0,167.71523,499326.88,1.6195984,-400.25253,51.775444,55.184006,0.7213738,0.9,1.0,592.65106,1.0,69.64317,72.55328,73.79864,73.85412,73.563805
2018-01-02 10:56:00,1.5640249000000002e-22,0.0,46.883343,357730.44,0.75,0.1,34.92802,499336.44,0.25,0.9,71.79385,0.6492061,0.6492061,1.0,167.67165,499345.28,1.6190491,-400.25253,51.788246,55.184006,0.7213355,0.9,1.0,592.53906,1.0,69.65267,72.506096,73.78012,73.82083,73.59743
2018-01-02 10:57:00,4.0720482e-23,0.0,46.90636,357730.44,0.75,0.1,34.961037,499356.94,0.25,0.9,71.79588,0.6491756,0.6491756,1.0,167.63222,499365.56,1.6185608,-400.25253,51.80104,55.184006,0.72130215,0.9,1.0,592.4402,1.0,69.66217,72.459076,73.76106,73.78705,73.62906
2018-01-02 10:58:00,-8.1836173e-22,0.0,46.929268,357730.44,0.75,0.1,34.993996,499379.06,0.25,0.9,71.7977,0.6491492,0.6491492,1.0,167.59657,499387.4,1.6180725,-400.25253,51.81379,55.184006,0.7212734,0.9,1.0,592.3533,1.0,69.67157,72.41216,73.74151,73.75277,73.65889
2018-01-02 10:59:00,1.2305950000000002e-22,0.0,46.952118,357730.44,0.75,0.1,35.027008,499402.38,0.25,0.9,71.799286,0.6491266,0.6491266,1.0,167.56444,499410.5,1.6176453,-400.25253,51.826477,55.184006,0.7212488,0.9,1.0,592.27734,1.0,69.68091,72.365524,73.721405,73.718,73.686905
2018-01-02 11:00:00,5.831355700000001e-22,0.0,46.974915,357730.44,0.75,0.1,35.06002,499426.62,0.25,0.9,71.80066,0.6491074,0.6491074,1.0,167.53555,499434.53,1.6172485,-400.25253,51.839165,55.184006,0.721228,0.9,1.0,592.2113,1.0,69.690186,72.31905,73.70086,73.68273,73.71306
2018-01-02 11:01:00,1.3384985e-22,0.0,46.997658,357730.44,0.75,0.1,35.06002,499451.66,0.25,0.9,71.80182,0.6490913,0.6490913,1.0,167.50966,499459.25,1.6168518,-400.25253,51.8518,55.184006,0.7212105,0.9,1.0,592.15424,1.0,69.69936,72.27275,73.67987,73.64708,73.73744
2018-01-02 11:02:00,-8.429979e-24,0.0,46.99859,357730.44,0.75,0.1,35.06002,499477.16,0.25,0.9,71.80281,0.649078,0.649078,1.0,167.48653,499484.44,1.6164856,-400.25253,51.85669,55.184006,0.7211961,0.9,1.0,592.1054,1.0,69.70854,72.226715,73.65845,73.611046,73.76013
2018-01-02 11:03:00,7.253409999999999e-25,0.0,46.99892,357730.44,0.75,0.1,35.06002,499502.9,0.25,0.9,71.80357,0.6490672,0.6490672,1.0,167.4659,499509.94,1.6161499,-400.25253,51.859818,55.184006,0.72118443,0.9,1.0,592.06396,1.0,69.71749,72.18085,73.63659,73.57457,73.78111
2018-01-02 11:04:00,2.0161478e-24,0.0,46.999138,357730.44,0.75,0.1,35.06002,499528.78,0.25,0.9,71.80412,0.64905864,0.64905864,1.0,167.44757,499535.5,1.6158142,-400.25253,51.86251,55.184006,0.7211752,0.9,1.0,592.02924,1.0,69.72628,72.135254,73.61429,73.537766,73.8004
2018-01-02 11:05:00,1.2718633e-24,0.0,46.999306,357730.44,0.75,0.1,35.06002,499554.6,0.25,0.9,71.80446,0.6490521,0.6490521,1.0,167.43138,499561.0,1.6155396,-400.25253,51.86482,55.184006,0.72116816,0.9,1.0,592.00055,1.0,69.73474,72.089874,73.5916,73.50058,73.81802
2018-01-02 11:06:00,2.3858301000000002e-24,0.0,46.999413,357730.44,0.75,0.1,35.06002,499580.22,0.25,0.9,71.804565,0.64904726,0.64904726,1.0,167.41711,499586.34,1.6152649,-400.25253,51.866905,55.184006,0.72116303,0.9,1.0,591.97723,1.0,69.74292,72.04472,73.56853,73.463005,73.83407
2018-01-02 11:07:00,2.9758366e-24,0.0,46.99947,357730.44,0.75,0.1,35.06002,499605.53,0.25,0.9,71.804344,0.64904404,0.64904404,1.0,167.40462,499611.4,1.6150208,-400.25253,51.868828,55.184006,0.7211597,0.9,1.0,591.9588,1.0,69.75078,71.99979,73.545074,73.425156,73.84851
2018-01-02 11:08:00,1.5046997999999998e-25,0.0,46.99936,357730.44,0.75,0.1,35.06002,499630.47,0.25,0.9,71.80391,0.64904225,0.64904225,1.0,167.3937,499636.03,1.6147766,-400.25253,51.870644,55.184006,0.72115785,0.9,1.0,591.94464,1.0,69.7583,71.95508,73.521286,73.38698,73.861374
2018-01-02 11:09:00,4.6035382000000005e-24,0.0,46.999195,357730.44,0.75,0.1,35.06002,499654.88,0.25,0.9,71.80313,0.64904165,0.64904165,1.0,167.3843,499660.2,1.614563,-400.25253,51.872345,55.184006,0.7211574,0.9,1.0,591.9343,1.0,69.76544,71.91058,73.497116,73.348526,73.87268
2018-01-02 11:10:00,-1.1586944e-25,0.0,46.99892,357730.44,0.75,0.1,35.06002,499678.8,0.25,0.9,71.80203,0.6490421,0.6490421,1.0,167.37617,499683.78,1.6143494,-400.25253,51.87394,55.184006,0.721158,0.9,1.0,591.9275,1.0,69.77231,71.86636,73.47262,73.309746,73.88252
2018-01-02 11:11:00,-1.64946585e-24,0.0,46.998535,357730.44,0.75,0.1,35.06002,499702.03,0.25,0.9,71.80066,0.6490435,0.6490435,1.0,167.36928,499706.78,1.6141663,-400.25253,51.87542,55.184006,0.72115976,0.9,1.0,591.92365,1.0,69.778854,71.82231,73.447784,73.27069,73.89092
2018-01-02 11:12:00,-8.760071e-25,0.0,46.998096,357730.44,0.75,0.1,35.06002,499724.62,0.25,0.9,71.798965,0.6490457,0.6490457,1.0,167.36346,499729.16,1.6140137,-400.25253,51.876793,55.184006,0.7211623,0.9,1.0,591.9224,1.0,69.785,71.77853,73.42263,73.231415,73.89784
2018-01-02 11:13:00,2.5776941999999997e-25,0.0,46.99749,357730.44,0.75,0.1,35.06002,499746.53,0.25,0.9,71.79693,0.6490486,0.6490486,1.0,167.35861,499750.78,1.6138611,-400.25253,51.87806,55.184006,0.7211656,0.9,1.0,591.9235,1.0,69.79094,71.735016,73.3972,73.191864,73.9034
2018-01-02 11:14:00,-5.83596e-25,0.0,46.996834,357730.44,0.75,0.1,35.06002,499767.7,0.25,0.9,71.79457,0.64905214,0.64905214,1.0,167.35466,499771.66,1.613678,-400.25253,51.879265,55.184006,0.7211696,0.9,1.0,591.92664,1.0,69.79654,71.69168,73.37143,73.152145,73.90756
2018-01-02 11:15:00,-9.784390300000001e-26,0.0,46.99601,357730.44,0.75,0.1,35.06002,499788.03,0.25,0.9,71.79193,0.6490561,0.6490561,1.0,167.35147,499791.84,1.6135559,-400.25253,51.880363,55.184006,0.72117406,0.9,1.0,591.9315,1.0,69.80181,71.64861,73.34545,73.11215,73.91042
2018-01-02 11:16:00,-2.9789904999999997e-25,0.0,46.99513,357730.44,0.75,0.1,35.06002,499807.66,0.25,0.9,71.78891,0.6490605,0.6490605,1.0,167.34901,499811.25,1.6134338,-400.25253,51.881355,55.184006,0.72117895,0.9,1.0,591.9379,1.0,69.80687,71.60582,73.3192,73.07201,73.91196
2018-01-02 11:17:00,-4.263842e-25,0.0,46.99414,357730.44,0.75,0.1,35.06002,499826.5,0.25,0.9,71.785614,0.6490652,0.6490652,1.0,167.34718,499829.8,1.6133118,-400.25253,51.882233,55.184006,0.72118425,0.9,1.0,591.94556,1.0,69.8117,71.56331,73.29272,73.03168,73.91229
2018-01-02 11:18:00,-1.2865924000000001e-24,0.0,46.993042,357730.44,0.75,0.1,35.06002,499844.5,0.25,0.9,71.78204,0.6490702,0.6490702,1.0,167.3459,499847.66,1.6132202,-400.25253,51.883057,55.184006,0.7211898,0.9,1.0,591.95416,1.0,69.81625,71.52106,73.26596,72.991196,73.91136
2018-01-02 11:19:00,6.078316400000001e-22,0.0,46.991833,357730.44,0.75,0.1,35.06002,499861.75,0.25,0.9,71.77814,0.6490753,0.6490753,1.0,167.34512,499864.7,1.6131287,-400.25253,51.88377,55.184006,0.7211956,0.9,1.0,591.96375,1.0,69.82054,71.479095,73.239,72.95055,73.909164
2018-01-02 11:20:00,-1.4098072e-23,0.0,46.99057,357730.44,0.75,0.1,35.06002,499878.16,0.25,0.9,71.77402,0.6490807,0.6490807,1.0,167.34476,499880.94,1.6130371,-400.25253,51.884377,55.184006,0.72120154,0.9,1.0,591.97394,1.0,69.82472,71.437454,73.21185,72.90979,73.90587
2018-01-02 11:21:00,2.6935594e-24,0.0,46.989197,357730.44,0.75,0.1,35.06002,499893.88,0.25,0.9,71.76958,0.64908606,0.64908606,1.0,167.34479,499896.47,1.6129761,-400.25253,51.88487,55.184006,0.72120756,0.9,1.0,591.9848,1.0,69.82861,71.39609,73.184555,72.86892,73.901474
2018-01-02 11:22:00,-5.180712e-25,0.0,46.98777,357730.44,0.75,0.1,35.06002,499908.84,0.25,0.9,71.76491,0.64909154,0.64909154,1.0,167.34514,499911.22,1.612915,-400.25253,51.885307,55.184006,0.72121364,0.9,1.0,591.99603,1.0,69.83235,71.35506,73.157036,72.82794,73.89598
2018-01-02 11:23:00,-3.8107894e-24,0.0,46.98623,357730.44,0.75,0.1,35.06002,499923.0,0.25,0.9,71.759964,0.649097,0.649097,1.0,167.34578,499925.25,1.612854,-400.25253,51.885693,55.184006,0.7212197,0.9,1.0,592.0075,1.0,69.83592,71.314354,73.12935,72.78691,73.889435
2018-01-02 11:24:00,-1.9973577e-24,0.0,46.98458,357730.44,0.75,0.1,35.06002,499936.47,0.25,0.9,71.75479,0.6491025,0.6491025,1.0,167.34666,499938.53,1.612793,-400.25253,51.88591,55.184006,0.7212258,0.9,1.0,592.0193,1.0,69.83928,71.27398,73.101555,72.74576,73.88186
2018-01-02 11:25:00,-6.697385e-24,0.0,46.98288,357730.44,0.75,0.1,35.06002,499949.2,0.25,0.9,71.74941,0.64910793,0.64910793,1.0,167.34776,499951.12,1.6127319,-400.25253,51.88613,55.184006,0.72123176,0.9,1.0,592.0311,1.0,69.84246,71.23388,73.07359,72.70456,73.87329
2018-01-02 11:26:00,-2.7617224000000003e-24,0.0,46.98112,357730.44,0.75,0.1,35.06002,499961.25,0.25,0.9,71.743866,0.6491133,0.6491133,1.0,167.34903,499963.06,1.6127014,-400.25253,51.886242,55.184006,0.7212377,0.9,1.0,592.043,1.0,69.845535,71.194214,73.04547,72.663315,73.86373
2018-01-02 11:27:00,-3.2703087e-24,0.0,46.97931,357730.44,0.75,0.1,35.06002,499972.62,0.25,0.9,71.73804,0.64911854,0.64911854,1.0,167.35045,499974.28,1.6126099,-400.25253,51.8863,55.184006,0.72124356,0.9,1.0,592.05493,1.0,69.84845,71.15483,73.01729,72.622,73.85324
2018-01-02 11:28:00,-7.182531e-25,0.0,46.977386,357730.44,0.75,0.1,35.06002,499983.34,0.25,0.9,71.732056,0.64912367,0.64912367,1.0,167.35199,499984.88,1.6125793,-400.25253,51.886242,55.184006,0.7212493,0.9,1.0,592.06665,1.0,69.85125,71.11583,72.988945,72.58069,73.84187
2018-01-02 11:29:00,6.86691e-24,0.0,46.97541,357730.44,0.75,0.1,35.06002,499993.47,0.25,0.9,71.72591,0.64912874,0.64912874,1.0,167.35364,499994.9,1.6125488,-400.25253,51.88613,55.184006,0.7212548,0.9,1.0,592.0783,1.0,69.853836,71.07716,72.960495,72.53938,73.82962
2018-01-02 11:30:00,1.806956e-24,0.0,46.97343,357730.44,0.75,0.1,35.06002,500002.97,0.25,0.9,71.71953,0.6491336,0.6491336,1.0,167.35533,500004.28,1.6125183,-400.25253,51.886024,55.184006,0.72126025,0.9,1.0,592.08966,1.0,69.85635,71.03882,72.93198,72.49802,73.81654
2018-01-02 11:31:00,-2.6070489999999998e-24,0.0,46.971344,357730.44,0.75,0.1,35.06002,500011.9,0.25,0.9,71.71304,0.6491384,0.6491384,1.0,167.3571,500013.12,1.6124878,-400.25253,51.885803,55.184006,0.7212655,0.9,1.0,592.1008,1.0,69.85878,71.000916,72.903366,72.45671,73.80264
2018-01-02 11:32:00,1.9944192e-25,0.0,46.9692,357730.44,0.75,0.1,35.06002,500020.3,0.25,0.9,71.706406,0.649143,0.649143,1.0,167.3589,500021.44,1.6124573,-400.25253,51.88553,55.184006,0.7212706,0.9,1.0,592.1117,1.0,69.86102,70.963394,72.87469,72.41546,73.787926
2018-01-02 11:33:00,-2.1672488e-24,0.0,46.96706,357730.44,0.75,0.1,35.06002,500028.16,0.25,0.9,71.699585,0.6491474,0.6491474,1.0,167.36073,500029.22,1.6124573,-400.25253,51.8852,55.184006,0.7212755,0.9,1.0,592.1223,1.0,69.863174,70.92626,72.8459,72.37421,73.772385
2018-01-02 11:34:00,-2.3827595e-24,0.0,46.964806,357730.44,0.75,0.1,35.06002,500035.5,0.25,0.9,71.69267,0.6491517,0.6491517,1.0,167.36256,500036.47,1.6124268,-400.25253,51.88481,55.184006,0.7212802,0.9,1.0,592.1326,1.0,69.86526,70.88951,72.81706,72.33301,73.75612
2018-01-02 11:35:00,1.0888434e-24,0.0,46.962555,357730.44,0.75,0.1,35.06002,500042.38,0.25,0.9,71.68564,0.6491558,0.6491558,1.0,167.3644,500043.25,1.6124268,-400.25253,51.884377,55.184006,0.7212848,0.9,1.0,592.1426,1.0,69.86718,70.85309,72.78817,72.29181,73.73909
2018-01-02 11:36:00,-5.1700256e-24,0.0,46.960247,357730.44,0.75,0.1,35.06002,500048.78,0.25,0.9,71.67844,0.6491597,0.6491597,1.0,167.36623,500049.6,1.6123962,-400.25253,51.88388,55.184006,0.72128916,0.9,1.0,592.1522,1.0,69.86905,70.81706,72.75917,72.25072,73.721344
2018-01-02 11:37:00,-3.4289718e-25,0.0,46.95794,357730.44,0.75,0.1,35.06002,500054.8,0.25,0.9,71.671135,0.6491635,0.6491635,1.0,167.36804,500055.53,1.6123962,-400.25253,51.883385,55.184006,0.72129333,0.9,1.0,592.16144,1.0,69.870804,70.7814,72.73016,72.209625,73.702896
2018-01-02 11:38:00,3.2697392e-25,0.0,46.955524,357730.44,0.75,0.1,35.06002,500060.34,0.25,0.9,71.66377,0.6491671,0.6491671,1.0,167.36981,500061.06,1.6123962,-400.25253,51.882835,55.184006,0.72129726,0.9,1.0,592.17035,1.0,69.87245,70.746086,72.7011,72.168655,73.68378
2018-01-02 11:39:00,9.028609e-25,0.0,46.953163,357730.44,0.75,0.1,35.06002,500065.53,0.25,0.9,71.65625,0.6491705,0.6491705,1.0,167.37155,500066.12,1.6123657,-400.25253,51.882233,55.184006,0.7213011,0.9,1.0,592.1789,1.0,69.87405,70.71115,72.67204,72.12773,73.664055
2018-01-02 11:40:00,1.8862033e-24,0.0,46.95069,357730.44,0.75,0.1,35.06002,500070.34,0.25,0.9,71.64867,0.6491738,0.6491738,1.0,167.37325,500070.88,1.6123657,-400.25253,51.881573,55.184006,0.7213047,0.9,1.0,592.187,1.0,69.875534,70.6766,72.642876,72.086914,73.64368
2018-01-02 11:41:00,1.9604704e-24,0.0,46.94822,357730.44,0.75,0.1,35.06002,500074.8,0.25,0.9,71.640976,0.6491769,0.6491769,1.0,167.37491,500075.3,1.6123657,-400.25253,51.880913,55.184006,0.7213081,0.9,1.0,592.1948,1.0,69.87695,70.642426,72.61371,72.04616,73.622696
2018-01-02 11:42:00,-2.8680793e-24,0.0,46.94569,357730.44,0.75,0.1,35.06002,500078.97,0.25,0.9,71.63323,0.6491799,0.6491799,1.0,167.37653,500079.4,1.6123657,-400.25253,51.8802,55.184006,0.7213114,0.9,1.0,592.2023,1.0,69.87828,70.6086,72.58453,72.005554,73.60116
2018-01-02 11:43:00,-1.0308946000000001e-24,0.0,46.943165,357730.44,0.75,0.1,35.06002,500082.78,0.25,0.9,71.62538,0.6491827,0.6491827,1.0,167.37807,500083.16,1.6123657,-400.25253,51.879486,55.184006,0.7213145,0.9,1.0,592.20935,1.0,69.87959,70.575195,72.555374,71.96502,73.57907
2018-01-02 11:44:00,1.2308362e-24,0.0,46.940636,357730.44,0.75,0.1,35.06002,500086.3,0.25,0.9,71.61742,0.6491853,0.6491853,1.0,167.3796,500086.7,1.6123657,-400.25253,51.878716,55.184006,0.7213174,0.9,1.0,592.21606,1.0,69.88075,70.54213,72.526146,71.924644,73.55639
2018-01-02 11:45:00,-4.935356e-24,0.0,46.938057,357730.44,0.75,0.1,35.06002,500089.56,0.25,0.9,71.60945,0.6491878,0.6491878,1.0,167.38104,500089.9,1.6123657,-400.25253,51.87789,55.184006,0.72132015,0.9,1.0,592.2225,1.0,69.8819,70.509445,72.49698,71.88443,73.533264
2018-01-02 11:46:00,4.232045499999999e-25,0.0,46.935474,357730.44,0.75,0.1,35.06002,500092.56,0.25,0.9,71.60137,0.6491902,0.6491902,1.0,167.38243,500092.88,1.6123657,-400.25253,51.877068,55.184006,0.7213228,0.9,1.0,592.2285,1.0,69.88295,70.47714,72.467804,71.84433,73.50958
2018-01-02 11:47:00,-6.180823e-25,0.0,46.93284,357730.44,0.75,0.1,35.06002,500095.3,0.25,0.9,71.59329,0.6491924,0.6491924,1.0,167.38377,500095.6,1.6123657,-400.25253,51.87619,55.184006,0.7213252,0.9,1.0,592.23425,1.0,69.883934,70.445175,72.438644,71.80446,73.48541
2018-01-02 11:48:00,-3.4240458e-25,0.0,46.9302,357730.44,0.75,0.1,35.06002,500097.84,0.25,0.9,71.58511,0.6491945,0.6491945,1.0,167.38506,500098.06,1.6123657,-400.25253,51.875313,55.184006,0.7213275,0.9,1.0,592.2396,1.0,69.88487,70.413635,72.40953,71.76468,73.46081
2018-01-02 11:49:00,-1.9105960999999998e-25,0.0,46.92751,357730.44,0.75,0.1,35.06002,500100.2,0.25,0.9,71.57693,0.64919645,0.64919645,1.0,167.38628,500100.4,1.6123657,-400.25253,51.87443,55.184006,0.7213297,0.9,1.0,592.24475,1.0,69.88574,70.38249,72.38046,71.72508,73.43576
2018-01-02 11:50:00,-1.841915e-24,0.0,46.924873,357730.44,0.75,0.1,35.06002,500102.34,0.25,0.9,71.568634,0.6491983,0.6491983,1.0,167.38745,500102.5,1.6123657,-400.25253,51.873497,55.184006,0.7213317,0.9,1.0,592.2496,1.0,69.886566,70.35173,72.35141,71.68569,73.410324
2018-01-02 11:51:00,-2.1998845e-26,0.0,46.92218,357730.44,0.75,0.1,35.06002,500104.28,0.25,0.9,71.56033,0.6492,0.6492,1.0,167.38857,500104.44,1.6123657,-400.25253,51.872566,55.184006,0.7213336,0.9,1.0,592.2541,1.0,69.887344,70.32135,72.3224,71.64653,73.3844
2018-01-02 11:52:00,-4.149988e-25,0.0,46.919487,357730.44,0.75,0.1,35.06002,500106.03,0.25,0.9,71.55205,0.64920163,0.64920163,1.0,167.38963,500106.2,1.6123657,-400.25253,51.871574,55.184006,0.7213354,0.9,1.0,592.25836,1.0,69.888054,70.29141,72.29346,71.60747,73.35814
2018-01-02 11:53:00,-7.324877e-25,0.0,46.916798,357730.44,0.75,0.1,35.06002,500107.62,0.25,0.9,71.54364,0.6492032,0.6492032,1.0,167.39064,500107.8,1.6123657,-400.25253,51.870586,55.184006,0.7213371,0.9,1.0,592.2623,1.0,69.88872,70.26186,72.26456,71.56869,73.33156
2018-01-02 11:54:00,-1.0175003e-25,0.0,46.91405,357730.44,0.75,0.1,35.06002,500109.12,0.25,0.9,71.53529,0.6492046,0.6492046,1.0,167.39159,500109.25,1.6123657,-400.25253,51.8696,55.184006,0.7213386,0.9,1.0,592.2661,1.0,69.88931,70.2327,72.23578,71.530075,73.30458
2018-01-02 11:55:00,3.4602188000000003e-26,0.0,46.911358,357730.44,0.75,0.1,35.06002,500110.47,0.25,0.9,71.526886,0.6492059,0.6492059,1.0,167.39249,500110.56,1.6123657,-400.25253,51.868607,55.184006,0.72134006,0.9,1.0,592.2696,1.0,69.88986,70.203964,72.20699,71.49173,73.27728
2018-01-02 11:56:00,3.243585e-24,0.0,46.90861,357730.44,0.75,0.1,35.06002,500111.7,0.25,0.9,71.518425,0.6492071,0.6492071,1.0,167.39336,500111.72,1.6123657,-400.25253,51.867565,55.184006,0.72134143,0.9,1.0,592.2728,1.0,69.89041,70.17557,72.17827,71.45355,73.24965
2018-01-02 11:57:00,1.3691867000000001e-26,0.0,46.905865,357730.44,0.75,0.1,35.06002,500112.78,0.25,0.9,71.509964,0.64920825,0.64920825,1.0,167.39415,500112.84,1.6123657,-400.25253,51.866524,55.184006,0.7213427,0.9,1.0,592.2759,1.0,69.890854,70.147606,72.14964,71.41559,73.22174
2018-01-02 11:58:00,1.4861035e-25,0.0,46.90312,357730.44,0.75,0.1,35.06002,500113.72,0.25,0.9,71.50151,0.6492093,0.6492093,1.0,167.39491,500113.78,1.6123962,-400.25253,51.86548,55.184006,0.7213439,0.9,1.0,592.2788,1.0,69.8913,70.12009,72.12108,71.377914,73.193565
2018-01-02 11:59:00,-1.4554056e-24,0.0,46.90037,357730.44,0.75,0.1,35.06002,500114.6,0.25,0.9,71.49304,0.64921033,0.64921033,1.0,167.39563,500114.66,1.6123962,-400.25253,51.86438,55.184006,0.72134495,0.9,1.0,592.28143,1.0,69.89168,70.092896,72.092575,71.34045,73.165115
2018-01-02 12:00:00,1.7806330999999998e-25,0.0,46.897625,357730.44,0.75,0.1,35.06002,500115.44,0.25,0.9,71.48459,0.6492112,0.6492112,1.0,167.3963,500115.44,1.6123962,-400.25253,51.863335,55.184006,0.72134596,0.9,1.0,592.2839,1.0,69.89201,70.06615,72.06412,71.30321,73.13638
2018-01-02 12:01:00,2.459733e-25,0.0,46.89488,357730.44,0.75,0.1,35.06002,500116.16,0.25,0.9,71.47613,0.64921206,0.64921206,1.0,167.39693,500116.16,1.6123962,-400.25253,51.862236,55.184006,0.72134686,0.9,1.0,592.28613,1.0,69.892334,70.03972,72.03577,71.266235,73.10744
2018-01-02 12:02:00,3.4102896000000005e-22,0.0,46.891968,357730.44,0.75,0.1,35.06002,500116.75,0.25,0.9,71.46553,0.64921284,0.64921284,1.0,167.39752,500116.75,1.6123962,-400.25253,51.861137,55.184006,0.7213477,0.9,1.0,592.28827,1.0,69.84537,70.01,72.00177,71.2258,73.0726
2018-01-02 12:03:00,4.2200964000000005e-22,0.0,46.887794,357730.44,0.75,0.1,35.06002,500117.3,0.25,0.9,71.450745,0.64921355,0.64921355,1.0,167.39809,500117.3,1.6123962,-400.25253,51.859657,55.184006,0.7213485,0.9,1.0,592.2903,1.0,69.834335,69.98089,71.968315,71.18587,73.038055
2018-01-02 12:04:00,1.3976545e-24,0.0,46.882793,357730.44,0.75,0.1,35.06002,500117.8,0.25,0.9,71.43438,0.6492142,0.6492142,1.0,167.3986,500117.8,1.6123962,-400.25253,51.857677,55.184006,0.72134924,0.9,1.0,592.2921,1.0,69.804504,69.95216,71.93497,71.14615,73.00328
2018-01-02 12:05:00,-4.8321823e-23,0.0,46.877136,357730.44,0.75,0.1,35.06002,500118.25,0.25,0.9,71.41598,0.64921486,0.64921486,1.0,167.3991,500118.25,1.6123962,-400.25253,51.855423,55.184006,0.7213499,0.9,1.0,592.29376,1.0,69.79055,69.92398,71.90185,71.106766,72.96846
2018-01-02 12:06:00,6.654659e-24,0.0,46.871094,357730.44,0.75,0.1,35.06002,500118.62,0.25,0.9,71.39697,0.6492154,0.6492154,1.0,167.39954,500118.62,1.6123962,-400.25253,51.852898,55.184006,0.72135055,0.9,1.0,592.29535,1.0,69.76984,69.89624,71.868835,71.06771,72.93352
2018-01-02 12:07:00,1.4578364499999999e-24,0.0,46.86483,357730.44,0.75,0.1,35.06002,500118.97,0.25,0.9,71.377304,0.64921594,0.64921594,1.0,167.39996,500118.97,1.6123962,-400.25253,51.850204,55.184006,0.7213511,0.9,1.0,592.29675,1.0,69.75661,69.86899,71.836044,71.028984,72.89847
2018-01-02 12:08:00,-1.0055541e-24,0.0,46.85846,357730.44,0.75,0.1,35.06002,500119.25,0.25,0.9,71.35759,0.6492164,0.6492164,1.0,167.40034,500119.25,1.6124268,-400.25253,51.847404,55.184006,0.7213516,0.9,1.0,592.2981,1.0,69.74139,69.842186,71.80347,70.99053,72.86337
2018-01-02 12:09:00,1.3240921e-24,0.0,46.85203,357730.44,0.75,0.1,35.06002,500119.47,0.25,0.9,71.337975,0.64921683,0.64921683,1.0,167.40071,500119.47,1.6124268,-400.25253,51.84455,55.184006,0.7213521,0.9,1.0,592.29926,1.0,69.729904,69.81587,71.77106,70.95241,72.82827
2018-01-02 12:10:00,6.933233e-22,0.0,46.84374,357730.44,0.75,0.1,35.06002,500866.56,0.25,0.9,71.31914,0.6497606,0.6497606,1.0,167.71533,501165.25,1.6087646,-400.25253,51.840923,55.184006,0.722278,0.9,1.0,593.5395,1.0,69.718864,69.78984,71.739525,70.91516,72.79361
2018-01-02 12:11:00,-2.0129369000000002e-22,0.0,46.835278,357730.44,0.75,0.1,35.06002,503572.62,0.25,0.9,71.30293,0.6513357,0.6513357,1.0,168.3895,503884.28,1.6030579,-400.25253,51.835705,55.184006,0.7238735,0.9,1.0,597.3273,1.0,69.71463,69.75265,71.71156,70.881714,72.762405
2018-01-02 12:12:00,-6.672355e-26,0.0,46.83094,357730.44,0.75,0.1,35.06002,505577.16,0.25,0.9,71.28563,0.65248716,0.65248716,1.0,168.86543,505835.53,1.59906,-400.25253,51.832794,55.184006,0.7251497,0.9,1.0,600.101,1.0,69.70859,69.7036,71.683,70.84804,72.730545
2018-01-02 12:13:00,-4.4359337e-24,0.0,46.8255,357730.44,0.75,0.1,35.06002,507485.12,0.25,0.9,71.26782,0.65363467,0.65363467,1.0,169.37097,507730.6,1.5954895,-400.25253,51.829605,55.184006,0.726424,0.9,1.0,602.8844,1.0,69.705795,69.64592,71.654655,70.814865,72.69879
2018-01-02 12:14:00,5.963209000000001e-23,0.0,46.819897,357730.44,0.75,0.1,35.06002,509328.6,0.25,0.9,71.24986,0.65476966,0.65476966,1.0,169.88443,509561.16,1.5922852,-400.25253,51.82631,55.184006,0.7276823,0.9,1.0,605.6562,1.0,69.7025,69.580765,71.62664,70.78212,72.667206
2018-01-02 12:15:00,-4.361953e-24,0.0,46.81424,357730.44,0.75,0.1,35.06002,511092.78,0.25,0.9,71.23163,0.65588003,0.65588003,1.0,170.39912,511310.78,1.5894775,-400.25253,51.823013,55.184006,0.72891176,0.9,1.0,608.3864,1.0,69.70062,69.50914,71.598785,70.74982,72.63568
2018-01-02 12:16:00,-2.9398886e-25,0.0,46.808525,357730.44,0.75,0.1,35.06002,512766.34,0.25,0.9,71.213165,0.65695703,0.65695703,1.0,170.91075,512968.9,1.5871277,-400.25253,51.819717,55.184006,0.73010314,0.9,1.0,611.0528,1.0,69.69854,69.43212,71.571106,70.7178,72.60415
2018-01-02 12:17:00,2.4995635e-25,0.0,46.802757,357730.44,0.75,0.1,35.06002,514342.5,0.25,0.9,71.19449,0.6579944,0.6579944,1.0,171.41588,514529.25,1.585144,-400.25253,51.81642,55.184006,0.73124975,0.9,1.0,613.639,1.0,69.69701,69.35066,71.54347,70.6861,72.57251
2018-01-02 12:18:00,3.5644968e-24,0.0,46.796883,357730.44,0.75,0.1,35.06002,515818.0,0.25,0.9,71.17554,0.6589878,0.6589878,1.0,171.9118,515988.97,1.5835571,-400.25253,51.813072,55.184006,0.732347,0.9,1.0,616.1331,1.0,69.69536,69.265625,71.51595,70.654625,72.54086
2018-01-02 12:19:00,-7.107002e-25,0.0,46.790947,357730.44,0.75,0.1,35.06002,517192.1,0.25,0.9,71.15631,0.6599347,0.6599347,1.0,172.39638,517347.72,1.5823364,-400.25253,51.809776,55.184006,0.73339224,0.9,1.0,618.52716,1.0,69.69382,69.17784,71.48849,70.623314,72.50906
2018-01-02 12:20:00,2.2698393e-25,0.0,46.78485,357730.44,0.75,0.1,35.06002,518466.2,0.25,0.9,71.13681,0.6608335,0.6608335,1.0,172.86803,518607.1,1.5813904,-400.25253,51.806427,55.184006,0.73438406,0.9,1.0,620.8161,1.0,69.69211,69.08809,71.461075,70.592224,72.47714
2018-01-02 12:21:00,-1.6281771000000001e-24,0.0,46.778698,357730.44,0.75,0.1,35.06002,519643.16,0.25,0.9,71.11715,0.66168386,0.66168386,1.0,173.32549,519770.1,1.5807495,-400.25253,51.80313,55.184006,0.735322,0.9,1.0,622.99725,1.0,69.690414,68.99701,71.43367,70.561295,72.44512
2018-01-02 12:22:00,3.1730144e-23,0.0,46.77249,357730.44,0.75,0.1,35.06002,520726.84,0.25,0.9,71.09721,0.66248614,0.66248614,1.0,173.76784,520840.62,1.5804138,-400.25253,51.79978,55.184006,0.7362066,0.9,1.0,625.0698,1.0,69.6886,68.90521,71.40631,70.53048,72.41293
2018-01-02 12:23:00,-1.2181128e-24,0.0,46.766174,357730.44,0.75,0.1,35.06002,521721.7,0.25,0.9,71.07716,0.6632411,0.6632411,1.0,174.19443,521823.22,1.5802612,-400.25253,51.79643,55.184006,0.7370388,0.9,1.0,627.0342,1.0,69.68673,68.813156,71.37895,70.49977,72.38058
2018-01-02 12:24:00,-1.2876067e-24,0.0,46.759804,357730.44,0.75,0.1,35.06002,522632.56,0.25,0.9,71.05705,0.66395,0.66395,1.0,174.60481,522722.75,1.5803528,-400.25253,51.793022,55.184006,0.73782,0.9,1.0,628.8919,1.0,69.68481,68.72136,71.35187,70.469284,72.348114
2018-01-02 12:25:00,1.753565e-24,0.0,46.75343,357730.44,0.75,0.1,35.06002,523464.5,0.25,0.9,71.036835,0.66461444,0.66461444,1.0,174.99866,523544.25,1.5805969,-400.25253,51.789673,55.184006,0.73855203,0.9,1.0,630.6452,1.0,69.68277,68.63017,71.324844,70.4389,72.31548
2018-01-02 12:26:00,1.1342421e-25,0.0,46.747,357730.44,0.75,0.1,35.06002,524222.3,0.25,0.9,71.016624,0.66523594,0.66523594,1.0,175.37585,524292.5,1.5809937,-400.25253,51.786377,55.184006,0.73923653,0.9,1.0,632.2968,1.0,69.68074,68.53987,71.29782,70.40875,72.282684
2018-01-02 12:27:00,-8.438821000000001e-25,0.0,46.740578,357730.44,0.75,0.1,35.06002,524911.3,0.25,0.9,70.99652,0.6658163,0.6658163,1.0,175.73637,524972.75,1.5815735,-400.25253,51.783028,55.184006,0.73987573,0.9,1.0,633.8501,1.0,69.67865,68.45082,71.27084,70.37871,72.24979
2018-01-02 12:28:00,-4.2258337e-25,0.0,46.73415,357730.44,0.75,0.1,35.06002,525536.3,0.25,0.9,70.97647,0.6663576,0.6663576,1.0,176.08025,525589.8,1.5822449,-400.25253,51.77973,55.184006,0.74047166,0.9,1.0,635.3084,1.0,69.67662,68.363205,71.24393,70.34888,72.21677
2018-01-02 12:29:00,-8.941701e-26,0.0,46.727776,357730.44,0.75,0.1,35.06002,526101.94,0.25,0.9,70.95659,0.6668615,0.6668615,1.0,176.40765,526148.2,1.5829773,-400.25253,51.776436,55.184006,0.7410264,0.9,1.0,636.67554,1.0,69.674644,68.27718,71.21707,70.31927,72.1837
2018-01-02 12:30:00,-1.062896e-25,0.0,46.72146,357730.44,0.75,0.1,35.06002,526612.6,0.25,0.9,70.93692,0.66732997,0.66732997,1.0,176.7188,526652.4,1.5838318,-400.25253,51.773193,55.184006,0.74154204,0.9,1.0,637.955,1.0,69.67267,68.19292,71.19026,70.289825,72.15053
2018-01-02 12:31:00,-1.04393405e-24,0.0,46.7152,357730.44,0.75,0.1,35.06002,527072.7,0.25,0.9,70.91753,0.6677649,0.6677649,1.0,177.01399,527106.44,1.5847168,-400.25253,51.770004,55.184006,0.7420206,0.9,1.0,639.1508,1.0,69.67085,68.11063,71.16357,70.26065,72.11734
2018-01-02 12:32:00,-2.696073e-26,0.0,46.708992,357730.44,0.75,0.1,35.06002,527486.0,0.25,0.9,70.89836,0.6681681,0.6681681,1.0,177.29355,527514.5,1.5856628,-400.25253,51.766823,55.184006,0.74246424,0.9,1.0,640.2668,1.0,69.66904,68.03032,71.136925,70.23165,72.083725
2018-01-02 12:33:00,-2.9595985e-25,0.0,46.702892,357730.44,0.75,0.1,35.06002,527856.4,0.25,0.9,70.87952,0.6685413,0.6685413,1.0,177.55786,527880.0,1.5866699,-400.25253,51.763744,55.184006,0.74287474,0.9,1.0,641.3066,1.0,69.66739,67.9521,71.1104,70.20297,72.05016
2018-01-02 12:34:00,5.9594596e-25,0.0,46.696907,357730.44,0.75,0.1,35.06002,528187.25,0.25,0.9,70.86101,0.6688863,0.6688863,1.0,177.80737,528206.7,1.587677,-400.25253,51.760666,55.184006,0.7432542,0.9,1.0,642.27405,1.0,69.66591,67.87602,71.083916,70.17447,72.01654
2018-01-02 12:35:00,-5.37078e-26,0.0,46.69097,357730.44,0.75,0.1,35.06002,528481.9,0.25,0.9,70.84288,0.6692047,0.6692047,1.0,178.04248,528497.5,1.5886841,-400.25253,51.757645,55.184006,0.74360424,0.9,1.0,643.1728,1.0,69.66448,67.80208,71.05755,70.146286,71.982925
2018-01-02 12:36:00,5.39038e-25,0.0,46.685204,357730.44,0.75,0.1,35.06002,528743.44,0.25,0.9,70.82507,0.6694981,0.6694981,1.0,178.2637,528755.56,1.5896912,-400.25253,51.75468,55.184006,0.7439268,0.9,1.0,644.0065,1.0,69.66327,67.73039,71.031296,70.11838,71.94931
2018-01-02 12:37:00,-3.8365603999999997e-25,0.0,46.679546,357730.44,0.75,0.1,35.06002,528974.6,0.25,0.9,70.807724,0.66976804,0.66976804,1.0,178.47147,528983.7,1.5907288,-400.25253,51.75177,55.184006,0.74422354,0.9,1.0,644.7785,1.0,69.662125,67.660965,71.0052,70.09075,71.91574
2018-01-02 12:38:00,-2.4237221e-25,0.0,46.674,357730.44,0.75,0.1,35.06002,529178.06,0.25,0.9,70.79074,0.670016,0.670016,1.0,178.66634,529184.56,1.5917664,-400.25253,51.74897,55.184006,0.74449605,0.9,1.0,645.4925,1.0,69.66119,67.59378,70.97922,70.0634,71.88219
2018-01-02 12:39:00,-1.5444653e-27,0.0,46.66856,357730.44,0.75,0.1,35.06002,529356.4,0.25,0.9,70.774216,0.67024344,0.67024344,1.0,178.8488,529360.5,1.5927734,-400.25253,51.746166,55.184006,0.7447459,0.9,1.0,646.1516,1.0,69.66036,67.528854,70.95334,70.03642,71.84862
2018-01-02 12:40:00,4.254976e-25,0.0,46.66329,357730.44,0.75,0.1,35.06002,529511.8,0.25,0.9,70.75806,0.67045164,0.67045164,1.0,179.0194,529513.8,1.5937805,-400.25253,51.743477,55.184006,0.7449746,0.9,1.0,646.7592,1.0,69.6597,67.46617,70.92758,70.00973,71.81517
2018-01-02 12:41:00,-4.8592476e-26,0.0,46.658123,357730.44,0.75,0.1,35.06002,529646.44,0.25,0.9,70.742355,0.67064196,0.67064196,1.0,179.17865,529646.56,1.5947571,-400.25253,51.740837,55.184006,0.7451836,0.9,1.0,647.31836,1.0,69.65921,67.40569,70.90204,69.98336,71.78182
2018-01-02 12:42:00,-1.1186597e-25,0.0,46.653126,357730.44,0.75,0.1,35.06002,529762.1,0.25,0.9,70.72708,0.6708156,0.6708156,1.0,179.32709,529760.8,1.5957031,-400.25253,51.73826,55.184006,0.7453742,0.9,1.0,647.83203,1.0,69.658875,67.34752,70.87666,69.95732,71.74864
2018-01-02 12:43:00,2.549973e-25,0.0,46.648235,357730.44,0.75,0.1,35.06002,529860.94,0.25,0.9,70.71225,0.6709736,0.6709736,1.0,179.4652,529858.2,1.5966492,-400.25253,51.73573,55.184006,0.74554765,0.9,1.0,648.3031,1.0,69.6586,67.29149,70.851395,69.93167,71.715576
2018-01-02 12:44:00,-3.2938828e-25,0.0,46.643513,357730.44,0.75,0.1,35.06002,529944.25,0.25,0.9,70.69786,0.67111725,0.67111725,1.0,179.59354,529940.4,1.5975647,-400.25253,51.733257,55.184006,0.7457053,0.9,1.0,648.73425,1.0,69.658554,67.23772,70.8264,69.90634,71.68267
2018-01-02 12:45:00,-3.9470382e-25,0.0,46.638897,357730.44,0.75,0.1,35.06002,530013.8,0.25,0.9,70.6839,0.6712475,0.6712475,1.0,179.71259,530009.0,1.5984192,-400.25253,51.730896,55.184006,0.7458481,0.9,1.0,649.1283,1.0,69.658554,67.18608,70.80151,69.88135,71.64993
2018-01-02 12:46:00,-3.1082258999999996e-25,0.0,46.63445,357730.44,0.75,0.1,35.06002,530070.94,0.25,0.9,70.670395,0.67136526,0.67136526,1.0,179.82285,530065.25,1.5992737,-400.25253,51.72859,55.184006,0.74597734,0.9,1.0,649.4876,1.0,69.658714,67.13658,70.77685,69.85674,71.61742
2018-01-02 12:47:00,-1.3292525e-24,0.0,46.630108,357730.44,0.75,0.1,35.06002,530116.94,0.25,0.9,70.65726,0.67147154,0.67147154,1.0,179.9248,530110.56,1.6000671,-400.25253,51.726334,55.184006,0.74609387,0.9,1.0,649.81445,1.0,69.65899,67.08917,70.75235,69.83252,71.58511
2018-01-02 12:48:00,-2.5000597e-26,0.0,46.625935,357730.44,0.75,0.1,35.06002,530153.0,0.25,0.9,70.64458,0.67156726,0.67156726,1.0,180.01892,530146.1,1.6008606,-400.25253,51.724136,55.184006,0.7461987,0.9,1.0,650.1113,1.0,69.65938,67.043915,70.72801,69.80868,71.55303
2018-01-02 12:49:00,-1.9489452000000001e-22,0.0,46.61753,357730.44,0.75,0.1,35.06002,531602.6,0.25,0.9,70.63287,0.6730634,0.6730634,1.0,181.11963,532076.94,1.5941772,-400.25253,51.72029,55.184006,0.7482003,0.9,1.0,654.0747,1.0,69.66052,67.001785,70.7056,69.78517,71.52414
2018-01-02 12:50:00,7.712966500000001e-22,0.0,46.614014,357730.44,0.75,0.1,35.06002,533922.06,0.25,0.9,70.62419,0.67486864,0.67486864,1.0,182.1826,534256.3,1.5888062,-400.25253,51.716778,55.184006,0.75007176,0.9,1.0,658.99255,1.0,69.66327,66.96377,70.685715,69.75171,71.498764
2018-01-02 12:51:00,-4.0221997999999997e-23,0.0,46.61209,357730.44,0.75,0.1,35.06002,535763.94,0.25,0.9,70.61568,0.6763802,0.6763802,1.0,183.1186,536054.3,1.5846252,-400.25253,51.714855,55.184006,0.75174755,0.9,1.0,663.12854,1.0,69.66503,66.927185,70.66522,69.70892,71.47272
2018-01-02 12:52:00,-5.616244e-25,0.0,46.609673,357730.44,0.75,0.1,35.06002,537520.9,0.25,0.9,70.60733,0.6778639,0.6778639,1.0,184.06288,537793.44,1.5809937,-400.25253,51.712875,55.184006,0.7533909,0.9,1.0,667.21564,1.0,69.667725,66.89252,70.64501,69.65915,71.447174
2018-01-02 12:53:00,-1.6792212e-24,0.0,46.6072,357730.44,0.75,0.1,35.06002,539199.3,0.25,0.9,70.59903,0.6793038,0.6793038,1.0,184.99309,539453.4,1.5779114,-400.25253,51.7109,55.184006,0.7549836,0.9,1.0,671.20996,1.0,69.67003,66.85979,70.625015,69.60335,71.42202
2018-01-02 12:54:00,-3.2205946e-27,0.0,46.604786,357730.44,0.75,0.1,35.06002,540788.3,0.25,0.9,70.590744,0.68068886,0.68068886,1.0,185.9012,541022.94,1.5753174,-400.25253,51.708977,55.184006,0.7565141,0.9,1.0,675.07904,1.0,69.67272,66.82891,70.60519,69.542206,71.39714
2018-01-02 12:55:00,4.5220796e-25,0.0,46.602314,357730.44,0.75,0.1,35.06002,542280.5,0.25,0.9,70.58239,0.6820113,0.6820113,1.0,186.78163,542495.1,1.5732727,-400.25253,51.707108,55.184006,0.7579741,0.9,1.0,678.79926,1.0,69.67525,66.7998,70.585464,69.476616,71.37242
2018-01-02 12:56:00,3.0042222e-25,0.0,46.599842,357730.44,0.75,0.1,35.06002,543671.9,0.25,0.9,70.573875,0.6832663,0.6832663,1.0,187.63039,543866.7,1.5717163,-400.25253,51.7053,55.184006,0.75935864,0.9,1.0,682.3545,1.0,69.67799,66.77249,70.56591,69.40724,71.34786
2018-01-02 12:57:00,-2.3530299e-24,0.0,46.597313,357730.44,0.75,0.1,35.06002,544961.5,0.25,0.9,70.56514,0.68445116,0.68445116,1.0,188.4447,545137.0,1.5706177,-400.25253,51.703484,55.184006,0.760665,0.9,1.0,685.73444,1.0,69.68069,66.74684,70.54646,69.33489,71.323364
2018-01-02 12:58:00,1.9636819e-24,0.0,46.594734,357730.44,0.75,0.1,35.06002,546150.3,0.25,0.9,70.556244,0.68556476,0.68556476,1.0,189.22275,546307.2,1.5698853,-400.25253,51.70167,55.184006,0.7618922,0.9,1.0,688.93335,1.0,69.68343,66.72289,70.52713,69.26007,71.29897
2018-01-02 12:59:00,-6.252997699999999e-25,0.0,46.591988,357730.44,0.75,0.1,35.06002,547240.8,0.25,0.9,70.54712,0.6866075,0.6866075,1.0,189.9636,547380.1,1.5695496,-400.25253,51.699913,55.184006,0.7630408,0.9,1.0,691.94946,1.0,69.68618,66.70053,70.5078,69.18344,71.27453
2018-01-02 13:00:00,-9.031482e-24,0.0,46.58924,357730.44,0.75,0.1,35.06002,548236.0,0.25,0.9,70.53778,0.68758017,0.68758017,1.0,190.66658,548358.94,1.5695496,-400.25253,51.6981,55.184006,0.7641117,0.9,1.0,694.7824,1.0,69.68893,66.679825,70.48862,69.10555,71.250084
2018-01-02 13:01:00,1.411918e-24,0.0,46.586384,357730.44,0.75,0.1,35.00899,549142.06,0.25,0.9,70.52828,0.688486,0.688486,1.0,191.33266,549249.8,1.5698242,-400.25253,51.696342,55.184006,0.76510876,0.9,1.0,697.4388,1.0,69.69167,66.6606,70.46945,69.02678,71.22564
2018-01-02 13:02:00,2.0917033e-21,0.0,46.549854,357730.44,0.75,0.1,34.958015,549962.94,0.25,0.9,70.52087,0.68932676,0.68932676,1.0,191.96182,550056.6,1.570343,-400.25253,51.68184,55.184006,0.7660339,0.9,1.0,699.9212,1.0,69.74188,66.64697,70.45621,68.95147,71.20691
2018-01-02 13:03:00,-1.1778227000000002e-22,0.0,46.513927,357730.44,0.75,0.1,34.907036,550703.8,0.25,0.9,70.51752,0.6901055,0.6901055,1.0,192.55501,550784.7,1.5710754,-400.25253,51.665634,55.184006,0.76689047,0.9,1.0,702.2362,1.0,69.75589,66.63461,70.44259,68.87594,71.18762
2018-01-02 13:04:00,-8.046067e-22,0.0,46.47877,357730.44,0.75,0.1,34.856007,551370.25,0.25,0.9,70.5157,0.6908252,0.6908252,1.0,193.11324,551439.44,1.571991,-400.25253,51.64921,55.184006,0.767682,0.9,1.0,704.3904,1.0,69.7883,66.62352,70.42897,68.80046,71.16818
2018-01-02 13:05:00,1.157569e-21,0.0,46.44422,357730.44,0.75,0.1,34.80503,551967.4,0.25,0.9,70.51565,0.69148916,0.69148916,1.0,193.63762,552025.94,1.5730591,-400.25253,51.632675,55.184006,0.76841193,0.9,1.0,706.39105,1.0,69.8044,66.61358,70.41528,68.72531,71.14851
2018-01-02 13:06:00,1.3335584000000002e-22,0.0,46.409943,357730.44,0.75,0.1,34.753998,552500.3,0.25,0.9,70.51604,0.69210035,0.69210035,1.0,194.12941,552549.4,1.5742188,-400.25253,51.616142,55.184006,0.7690838,0.9,1.0,708.24554,1.0,69.82686,66.60484,70.40155,68.65072,71.12863
2018-01-02 13:07:00,-1.0207127000000001e-21,0.0,46.375885,357730.44,0.75,0.1,34.703022,552974.0,0.25,0.9,70.51686,0.69266206,0.69266206,1.0,194.58992,553014.56,1.5755005,-400.25253,51.599556,55.184006,0.7697011,0.9,1.0,709.9616,1.0,69.841415,66.59726,70.38777,68.576836,71.108475
2018-01-02 13:08:00,1.0122772e-23,0.0,46.341774,357730.44,0.75,0.1,34.65199,553393.3,0.25,0.9,70.51757,0.6931774,0.6931774,1.0,195.02048,553426.25,1.5768738,-400.25253,51.58291,55.184006,0.77026725,0.9,1.0,711.5467,1.0,69.85745,66.59073,70.373924,68.50383,71.08815
2018-01-02 13:09:00,1.1717524000000002e-22,0.0,46.30766,357730.44,0.75,0.1,34.601013,553762.7,0.25,0.9,70.51807,0.69364923,0.69364923,1.0,195.42241,553788.75,1.5782776,-400.25253,51.566208,55.184006,0.77078557,0.9,1.0,713.00836,1.0,69.86938,66.58529,70.36003,68.43176,71.06766
2018-01-02 13:10:00,-1.2563627e-21,0.0,46.273384,357730.44,0.75,0.1,34.550037,554086.3,0.25,0.9,70.51807,0.6940805,0.6940805,1.0,195.7971,554106.44,1.5797119,-400.25253,51.5494,55.184006,0.7712591,0.9,1.0,714.3537,1.0,69.88097,66.58084,70.34602,68.360794,71.04689
2018-01-02 13:11:00,8.363817000000001e-22,0.0,46.23894,357730.44,0.75,0.1,34.499004,554368.25,0.25,0.9,70.517624,0.6944739,0.6944739,1.0,196.14586,554383.06,1.5812073,-400.25253,51.532482,55.184006,0.77169114,0.9,1.0,715.59,1.0,69.89009,66.57744,70.332016,68.29097,71.02602
2018-01-02 13:12:00,2.584253e-22,0.0,46.204334,357730.44,0.75,0.1,34.44803,554612.3,0.25,0.9,70.516525,0.69483215,0.69483215,1.0,196.47002,554622.44,1.5826721,-400.25253,51.515396,55.184006,0.77208436,0.9,1.0,716.724,1.0,69.89833,66.57501,70.31795,68.22237,71.00493
2018-01-02 13:13:00,-1.2842864e-21,0.0,46.169506,357730.44,0.75,0.1,34.396996,554821.94,0.25,0.9,70.514824,0.6951577,0.6951577,1.0,196.77084,554827.94,1.5841064,-400.25253,51.498207,55.184006,0.77244157,0.9,1.0,717.7622,1.0,69.90492,66.57353,70.30383,68.155075,70.98372
2018-01-02 13:14:00,-8.327606500000001e-22,0.0,46.13446,357730.44,0.75,0.1,34.34602,555000.44,0.25,0.9,70.51247,0.6954529,0.6954529,1.0,197.04962,555002.8,1.5856018,-400.25253,51.480846,55.184006,0.7727654,0.9,1.0,718.71106,1.0,69.91052,66.573044,70.28972,68.08916,70.96236
2018-01-02 13:15:00,-3.9505336e-22,0.0,46.09925,357730.44,0.75,0.1,34.29499,555150.6,0.25,0.9,70.50955,0.69572,0.69572,1.0,197.30757,555150.0,1.5870361,-400.25253,51.46327,55.184006,0.77305835,0.9,1.0,719.5765,1.0,69.914856,66.57348,70.27554,68.02461,70.94087
2018-01-02 13:16:00,-2.1442663000000003e-22,0.0,46.06382,357730.44,0.75,0.1,34.24401,555275.56,0.25,0.9,70.50609,0.6959611,0.6959611,1.0,197.54587,555272.25,1.58844,-400.25253,51.44558,55.184006,0.7733227,0.9,1.0,720.36414,1.0,69.91827,66.5748,70.261314,67.96144,70.91928
2018-01-02 13:17:00,1.9237205000000002e-22,0.0,46.028168,357730.44,0.75,0.1,34.193035,555377.6,0.25,0.9,70.502075,0.6961782,0.6961782,1.0,197.76567,555372.06,1.5898438,-400.25253,51.42778,55.184006,0.7735606,0.9,1.0,721.0796,1.0,69.92074,66.576996,70.24715,67.89969,70.897644
2018-01-02 13:18:00,-2.1212746e-21,0.0,45.99235,357730.44,0.75,0.1,34.142006,555459.4,0.25,0.9,70.49752,0.69637316,0.69637316,1.0,197.96808,555451.9,1.591156,-400.25253,51.409767,55.184006,0.7737742,0.9,1.0,721.72797,1.0,69.922386,66.58007,70.23291,67.83943,70.875946
2018-01-02 13:19:00,5.661251e-22,0.0,45.95643,357730.44,0.75,0.1,34.091026,555522.8,0.25,0.9,70.49258,0.6965477,0.6965477,1.0,198.15416,555513.7,1.5924683,-400.25253,51.39164,55.184006,0.77396536,0.9,1.0,722.3142,1.0,69.92326,66.58403,70.21869,67.7806,70.85414
2018-01-02 13:20:00,-5.6744307e-22,0.0,45.920338,357730.44,0.75,0.1,34.039997,555570.1,0.25,0.9,70.48714,0.6967035,0.6967035,1.0,198.32494,555559.7,1.593689,-400.25253,51.373344,55.184006,0.7741359,0.9,1.0,722.84283,1.0,69.92343,66.588806,70.20441,67.72325,70.83233
2018-01-02 13:21:00,-1.3801803e-21,0.0,45.884083,357730.44,0.75,0.1,33.98902,555603.06,0.25,0.9,70.48143,0.6968421,0.6968421,1.0,198.48138,555591.5,1.5949097,-400.25253,51.354942,55.184006,0.7742875,0.9,1.0,723.31836,1.0,69.922935,66.594406,70.19018,67.66733,70.81047
2018-01-02 13:22:00,5.817287500000001e-22,0.0,45.847717,357730.44,0.75,0.1,33.93799,555623.3,0.25,0.9,70.47533,0.69696486,0.69696486,1.0,198.62444,555610.94,1.5960693,-400.25253,51.336376,55.184006,0.7744218,0.9,1.0,723.74475,1.0,69.92184,66.600784,70.17595,67.6129,70.788605
2018-01-02 13:23:00,6.873546000000001e-22,0.0,45.81124,357730.44,0.75,0.1,33.887012,555632.44,0.25,0.9,70.4689,0.6970733,0.6970733,1.0,198.75499,555619.44,1.597168,-400.25253,51.317757,55.184006,0.77454025,0.9,1.0,724.126,1.0,69.92019,66.607925,70.16173,67.55989,70.76674
2018-01-02 13:24:00,-8.776602e-22,0.0,45.77471,357730.44,0.75,0.1,33.836037,555631.94,0.25,0.9,70.46225,0.6971684,0.6971684,1.0,198.8739,555618.44,1.5982361,-400.25253,51.298965,55.184006,0.77464426,0.9,1.0,724.4656,1.0,69.91799,66.61589,70.14749,67.5083,70.74487
2018-01-02 13:25:00,2.7532747e-21,0.0,45.738075,357730.44,0.75,0.1,33.785004,555622.94,0.25,0.9,70.45538,0.69725156,0.69725156,1.0,198.98198,555609.1,1.5992432,-400.25253,51.28013,55.184006,0.774735,0.9,1.0,724.767,1.0,69.91536,66.624565,70.13332,67.45815,70.723015
2018-01-02 13:26:00,-7.169067e-22,0.0,45.701378,357730.44,0.75,0.1,33.734028,555606.75,0.25,0.9,70.4483,0.6973238,0.6973238,1.0,199.07997,555592.75,1.6001892,-400.25253,51.261177,55.184006,0.7748138,0.9,1.0,725.0335,1.0,69.91228,66.63396,70.119095,67.409424,70.7012
2018-01-02 13:27:00,9.501628e-23,0.0,45.66463,357730.44,0.75,0.1,33.682995,555584.3,0.25,0.9,70.4411,0.6973861,0.6973861,1.0,199.16864,555570.2,1.6011047,-400.25253,51.24211,55.184006,0.7748816,0.9,1.0,725.268,1.0,69.90877,66.64401,70.10492,67.36214,70.6794
2018-01-02 13:28:00,2.0271535000000003e-22,0.0,45.62777,357730.44,0.75,0.1,33.63202,555556.6,0.25,0.9,70.433685,0.6974394,0.6974394,1.0,199.24864,555542.56,1.6019897,-400.25253,51.223,55.184006,0.7749396,0.9,1.0,725.47327,1.0,69.90492,66.65483,70.090805,67.316154,70.657646
2018-01-02 13:29:00,-1.3064692e-21,0.0,45.59091,357730.44,0.75,0.1,33.580986,555524.56,0.25,0.9,70.42622,0.6974845,0.6974845,1.0,199.32063,555510.6,1.6027527,-400.25253,51.203773,55.184006,0.7749886,0.9,1.0,725.6519,1.0,69.90069,66.66631,70.07669,67.27161,70.635895
2018-01-02 13:30:00,-3.5550634000000005e-22,0.0,45.554054,357730.44,0.75,0.1,33.53001,555488.94,0.25,0.9,70.41864,0.6975223,0.6975223,1.0,199.38524,555475.1,1.6035461,-400.25253,51.18449,55.184006,0.7750296,0.9,1.0,725.80634,1.0,69.89613,66.67845,70.06258,67.22838,70.61425
2018-01-02 13:31:00,-6.194147e-23,0.0,45.51714,357730.44,0.75,0.1,33.479034,555450.3,0.25,0.9,70.411,0.69755346,0.69755346,1.0,199.44304,555436.7,1.6042786,-400.25253,51.165154,55.184006,0.7750634,0.9,1.0,725.93884,1.0,69.8913,66.69119,70.048454,67.18646,70.59294
2018-01-02 13:32:00,2.4967360000000003e-22,0.0,45.48017,357730.44,0.75,0.1,33.428,555409.4,0.25,0.9,70.40331,0.6975787,0.6975787,1.0,199.49455,555396.1,1.6049194,-400.25253,51.145763,55.184006,0.77509063,0.9,1.0,726.0514,1.0,69.88613,66.704544,70.03439,67.14587,70.57168
2018-01-02 13:33:00,-1.5352096e-21,0.0,45.4432,357730.44,0.75,0.1,33.377026,555366.75,0.25,0.9,70.39557,0.69759864,0.69759864,1.0,199.54033,555353.8,1.6055908,-400.25253,51.12632,55.184006,0.7751121,0.9,1.0,726.14606,1.0,69.88075,66.71855,70.020386,67.10654,70.550415
2018-01-02 13:34:00,9.400611e-22,0.0,45.40623,357730.44,0.75,0.1,33.325996,555322.8,0.25,0.9,70.38782,0.6976139,0.6976139,1.0,199.58081,555310.25,1.6061707,-400.25253,51.10682,55.184006,0.77512836,0.9,1.0,726.2244,1.0,69.87509,66.73311,70.00632,67.06853,70.52922
2018-01-02 13:35:00,5.35521e-22,0.0,45.369263,357730.44,0.75,0.1,33.275017,555278.06,0.25,0.9,70.38008,0.6976249,0.6976249,1.0,199.61644,555265.9,1.60672,-400.25253,51.08726,55.184006,0.77514005,0.9,1.0,726.2883,1.0,69.86922,66.748215,69.99231,67.03172,70.50807
2018-01-02 13:36:00,-3.7299762000000003e-22,0.0,45.332294,357730.44,0.75,0.1,33.223988,555232.8,0.25,0.9,70.37233,0.6976322,0.6976322,1.0,199.64766,555221.1,1.6072693,-400.25253,51.06765,55.184006,0.7751477,0.9,1.0,726.33923,1.0,69.86311,66.76387,69.97836,66.99618,70.48692
2018-01-02 13:37:00,-1.8543091e-22,0.0,45.295326,357730.44,0.75,0.1,33.17301,555187.44,0.25,0.9,70.364586,0.69763625,0.69763625,1.0,199.67485,555176.2,1.607727,-400.25253,51.047985,55.184006,0.7751517,0.9,1.0,726.3785,1.0,69.8568,66.780075,69.964355,66.961845,70.46582
2018-01-02 13:38:00,-1.4095291e-21,0.0,45.25841,357730.44,0.75,0.1,33.122032,555142.3,0.25,0.9,70.356895,0.69763744,0.69763744,1.0,199.69836,555131.44,1.6081543,-400.25253,51.02832,55.184006,0.7751527,0.9,1.0,726.40735,1.0,69.85037,66.79683,69.950455,66.928665,70.444786
2018-01-02 13:39:00,2.0254351000000003e-21,0.0,45.221443,357730.44,0.75,0.1,33.071003,555097.5,0.25,0.9,70.349205,0.6976361,0.6976361,1.0,199.71855,555087.2,1.6085815,-400.25253,51.0086,55.184006,0.7751509,0.9,1.0,726.4271,1.0,69.84372,66.814026,69.93628,66.8967,70.4238
2018-01-02 13:40:00,-6.570075e-22,0.0,45.18447,357730.44,0.75,0.1,33.020027,555053.44,0.25,0.9,70.34157,0.6976326,0.6976326,1.0,199.73573,555043.56,1.6089783,-400.25253,50.988823,55.184006,0.7751467,0.9,1.0,726.4387,1.0,69.836914,66.83171,69.922165,66.865875,70.40288
2018-01-02 13:41:00,4.1410447000000004e-22,0.0,45.14756,357730.44,0.75,0.1,32.968994,555010.1,0.25,0.9,70.334045,0.69762725,0.69762725,1.0,199.75018,555000.7,1.609314,-400.25253,50.969048,55.184006,0.7751405,0.9,1.0,726.4433,1.0,69.82999,66.8499,69.908104,66.83621,70.38194
2018-01-02 13:42:00,-1.0860725e-21,0.0,45.110645,357730.44,0.75,0.1,32.91802,554967.8,0.25,0.9,70.32652,0.69762033,0.69762033,1.0,199.76216,554958.9,1.6096802,-400.25253,50.94922,55.184006,0.7751326,0.9,1.0,726.44165,1.0,69.82291,66.868576,69.89404,66.80765,70.36113
2018-01-02 13:43:00,6.7353434e-22,0.0,45.073784,357730.44,0.75,0.1,32.866985,554926.56,0.25,0.9,70.319046,0.69761205,0.69761205,1.0,199.77193,554918.06,1.6099548,-400.25253,50.92939,55.184006,0.77512324,0.9,1.0,726.43463,1.0,69.815704,66.887634,69.880035,66.78024,70.3403
2018-01-02 13:44:00,-3.1753510000000003e-22,0.0,45.036926,357730.44,0.75,0.1,32.81601,554886.56,0.25,0.9,70.31169,0.6976026,0.6976026,1.0,199.77972,554878.5,1.6102295,-400.25253,50.909557,55.184006,0.7751126,0.9,1.0,726.423,1.0,69.80835,66.90719,69.86608,66.753876,70.319595
2018-01-02 13:45:00,1.2754762e-21,0.0,45.00007,357730.44,0.75,0.1,32.765034,554847.8,0.25,0.9,70.30438,0.6975923,0.6975923,1.0,199.78577,554840.2,1.6105042,-400.25253,50.88967,55.184006,0.77510107,0.9,1.0,726.40735,1.0,69.800934,66.927124,69.85219,66.72861,70.29889
2018-01-02 13:46:00,2.322254e-21,0.0,44.963264,357730.44,0.75,0.1,32.714,554810.5,0.25,0.9,70.29718,0.6975813,0.6975813,1.0,199.79019,554803.3,1.6107483,-400.25253,50.86979,55.184006,0.7750887,0.9,1.0,726.38837,1.0,69.79341,66.94745,69.83829,66.70444,70.27829
2018-01-02 13:47:00,9.141269e-22,0.0,44.92646,357730.44,0.75,0.1,32.663025,554774.5,0.25,0.9,70.29004,0.69756967,0.69756967,1.0,199.79324,554767.7,1.6109619,-400.25253,50.849846,55.184006,0.77507573,0.9,1.0,726.3666,1.0,69.78583,66.968216,69.82445,66.68126,70.257744
2018-01-02 13:48:00,-5.2662844e-22,0.0,44.88971,357730.44,0.75,0.1,32.61199,554739.94,0.25,0.9,70.28301,0.6975576,0.6975576,1.0,199.79507,554733.6,1.611145,-400.25253,50.829906,55.184006,0.7750623,0.9,1.0,726.34247,1.0,69.77814,66.98931,69.81065,66.65912,70.2372
2018-01-02 13:49:00,-2.6661194e-22,0.0,44.85252,357730.44,0.75,0.1,32.561016,554857.06,0.25,0.9,70.27609,0.6976956,0.6976956,1.0,199.91278,554972.0,1.6096802,-400.25253,50.809746,55.184006,0.7754633,0.9,1.0,726.67596,1.0,69.77045,67.010895,69.79692,66.63814,70.216934
2018-01-02 13:50:00,1.3146314e-22,0.0,44.81286,357730.44,0.75,0.1,32.509987,556638.7,0.25,0.9,70.270874,0.6990279,0.6990279,1.0,200.71529,556905.5,1.6047668,-400.25253,50.78772,55.184006,0.77682585,0.9,1.0,730.3704,1.0,69.76517,67.03551,69.77759,66.6216,70.19995
2018-01-02 13:51:00,6.392304e-22,0.0,44.77765,357730.44,0.75,0.1,32.459007,557931.1,0.25,0.9,70.26642,0.6998978,0.6998978,1.0,201.16742,558141.7,1.6018372,-400.25253,50.76767,55.184006,0.77778834,0.9,1.0,732.7926,1.0,69.75891,67.06023,69.748856,66.605835,70.18265
2018-01-02 13:52:00,-7.1480704e-22,0.0,44.742054,357730.44,0.75,0.1,32.40803,559158.7,0.25,0.9,70.26241,0.70076966,0.70076966,1.0,201.65526,559358.3,1.5991211,-400.25253,50.74762,55.184006,0.7787574,0.9,1.0,735.2352,1.0,69.75347,67.08528,69.713974,66.59111,70.16551
2018-01-02 13:53:00,-9.021439e-22,0.0,44.706512,357730.44,0.75,0.1,32.357002,560356.9,0.25,0.9,70.25873,0.70163727,0.70163727,1.0,202.15204,560547.06,1.5967102,-400.25253,50.727623,55.184006,0.7797199,0.9,1.0,737.68176,1.0,69.74759,67.11071,69.67349,66.57744,70.14859
2018-01-02 13:54:00,-3.0293525e-21,0.0,44.67103,357730.44,0.75,0.1,32.306023,561514.75,0.25,0.9,70.25516,0.7024899,0.7024899,1.0,202.64967,561694.1,1.5946045,-400.25253,50.707626,55.184006,0.7806645,0.9,1.0,740.1017,1.0,69.741936,67.13641,69.62811,66.56474,70.13179
2018-01-02 13:55:00,-2.5141323e-21,0.0,44.63554,357730.44,0.75,0.1,32.254993,562622.8,0.25,0.9,70.25154,0.70331997,0.70331997,1.0,203.14352,562790.44,1.5927734,-400.25253,50.687744,55.184006,0.7815831,0.9,1.0,742.4727,1.0,69.73595,67.1624,69.57857,66.55299,70.11508
2018-01-02 13:56:00,-3.5979287e-21,0.0,44.600056,357730.44,0.75,0.1,32.204018,563674.5,0.25,0.9,70.24774,0.7041218,0.7041218,1.0,203.63,563829.8,1.5912781,-400.25253,50.6678,55.184006,0.78246963,0.9,1.0,744.7781,1.0,69.729965,67.1886,69.52545,66.54205,70.09839
2018-01-02 13:57:00,1.1371267e-22,0.0,44.564514,357730.44,0.75,0.1,32.152985,564665.8,0.25,0.9,70.24368,0.7048915,0.7048915,1.0,204.1063,564808.6,1.5900574,-400.25253,50.64792,55.184006,0.78332,0.9,1.0,747.0055,1.0,69.723694,67.21492,69.469315,66.53189,70.08169
2018-01-02 13:58:00,2.0711340999999998e-23,0.0,44.528862,357730.44,0.75,0.1,32.10201,565594.56,0.25,0.9,70.23929,0.70562637,0.70562637,1.0,204.57018,565725.06,1.5890808,-400.25253,50.627975,55.184006,0.78413147,0.9,1.0,749.1461,1.0,69.71733,67.24133,69.4107,66.522446,70.06488
2018-01-02 13:59:00,-1.9249854e-21,0.0,44.49305,357730.44,0.75,0.1,32.051033,566460.25,0.25,0.9,70.23456,0.7063249,0.7063249,1.0,205.02005,566578.8,1.5883484,-400.25253,50.607983,55.184006,0.78490233,0.9,1.0,751.19415,1.0,69.71074,67.26787,69.35016,66.51372,70.048065
2018-01-02 14:00:00,1.0608583e-21,0.0,44.457176,357730.44,0.75,0.1,32.0,567263.7,0.25,0.9,70.229454,0.70698625,0.70698625,1.0,205.4547,567370.8,1.5878601,-400.25253,50.587933,55.184006,0.7856319,0.9,1.0,753.1462,1.0,69.70392,67.29446,69.288086,66.50564,70.03115
2018-01-02 14:01:00,1.8178313e-23,0.0,44.421143,357730.44,0.75,0.1,31.982037,568006.3,0.25,0.9,70.224014,0.7076104,0.7076104,1.0,205.87325,568102.6,1.5875854,-400.25253,50.567825,55.184006,0.78632015,0.9,1.0,755.0005,1.0,69.69701,67.3211,69.22487,66.49822,70.01412
2018-01-02 14:02:00,2.8610062e-25,0.0,44.40697,357730.44,0.75,0.1,31.96402,568690.3,0.25,0.9,70.21825,0.70819783,0.70819783,1.0,206.27513,568776.44,1.5874634,-400.25253,50.556236,55.184006,0.7869675,0.9,1.0,756.75684,1.0,69.68991,67.347855,69.16098,66.49147,69.99709
2018-01-02 14:03:00,1.644957e-23,0.0,44.392963,357730.44,0.75,0.1,31.946003,569318.06,0.25,0.9,70.21215,0.7087491,0.7087491,1.0,206.66,569394.8,1.5874939,-400.25253,50.545853,55.184006,0.787575,0.9,1.0,758.41614,1.0,69.68277,67.37471,69.09671,66.48537,69.98001
2018-01-02 14:04:00,1.0982735e-21,0.0,44.3789,357730.44,0.75,0.1,31.927984,569892.6,0.25,0.9,70.20583,0.7092653,0.7092653,1.0,207.0277,569960.5,1.587738,-400.25253,50.53586,55.184006,0.78814363,0.9,1.0,759.98004,1.0,69.67574,67.40163,69.03227,66.47998,69.962875
2018-01-02 14:05:00,-1.3758863e-21,0.0,44.364727,357730.44,0.75,0.1,31.910023,570416.75,0.25,0.9,70.199356,0.7097476,0.7097476,1.0,207.37819,570476.56,1.5880432,-400.25253,50.526077,55.184006,0.7886748,0.9,1.0,761.4508,1.0,69.66888,67.428764,68.968,66.475266,69.94573
2018-01-02 14:06:00,-3.70496e-21,0.0,44.350555,357730.44,0.75,0.1,31.892004,570893.5,0.25,0.9,70.1927,0.71019727,0.71019727,1.0,207.71158,570945.9,1.5884705,-400.25253,50.516464,55.184006,0.78916985,0.9,1.0,762.8312,1.0,69.66217,67.45601,68.90401,66.471306,69.92859
2018-01-02 14:07:00,-1.3790144e-21,0.0,44.336327,357730.44,0.75,0.1,31.873987,571325.9,0.25,0.9,70.18606,0.71061575,0.71061575,1.0,208.02806,571371.5,1.5890198,-400.25253,50.506966,55.184006,0.78963053,0.9,1.0,764.1241,1.0,69.65569,67.48342,68.84056,66.468124,69.91145
2018-01-02 14:08:00,3.3258515000000003e-21,0.0,44.322044,357730.44,0.75,0.1,31.856024,571716.75,0.25,0.9,70.17947,0.7110045,0.7110045,1.0,208.32793,571756.2,1.5895996,-400.25253,50.49746,55.184006,0.79005826,0.9,1.0,765.3329,1.0,69.64949,67.51105,68.777725,66.46565,69.89437
2018-01-02 14:09:00,-3.167942e-21,0.0,44.307873,357730.44,0.75,0.1,31.838007,572069.06,0.25,0.9,70.172874,0.71136487,0.71136487,1.0,208.61153,572102.94,1.590271,-400.25253,50.488068,55.184006,0.79045475,0.9,1.0,766.46106,1.0,69.643555,67.53885,68.71565,66.46394,69.87729
2018-01-02 14:10:00,-9.9417174e-23,0.0,44.29359,357730.44,0.75,0.1,31.819988,572385.6,0.25,0.9,70.166504,0.71169835,0.71169835,1.0,208.87923,572414.44,1.5909729,-400.25253,50.478783,55.184006,0.79082155,0.9,1.0,767.51184,1.0,69.63789,67.5668,68.65445,66.463066,69.86026
2018-01-02 14:11:00,-2.9652747000000002e-21,0.0,44.27942,357730.44,0.75,0.1,31.802027,572669.06,0.25,0.9,70.16024,0.7120064,0.7120064,1.0,209.13152,572693.2,1.5917053,-400.25253,50.469555,55.184006,0.79116035,0.9,1.0,768.489,1.0,69.63251,67.594986,68.59425,66.462906,69.843285
2018-01-02 14:12:00,2.1429354e-21,0.0,44.265358,357730.44,0.75,0.1,31.784008,572921.8,0.25,0.9,70.1542,0.7122904,0.7122904,1.0,209.3688,572941.9,1.5924988,-400.25253,50.460327,55.184006,0.7914726,0.9,1.0,769.396,1.0,69.6274,67.62338,68.535034,66.46356,69.82637
2018-01-02 14:13:00,5.1236286e-22,0.0,44.25124,357730.44,0.75,0.1,31.765991,573146.4,0.25,0.9,70.14843,0.71255183,0.71255183,1.0,209.59164,573162.7,1.5933228,-400.25253,50.45121,55.184006,0.7917599,0.9,1.0,770.2363,1.0,69.622574,67.65195,68.47686,66.46499,69.8095
2018-01-02 14:14:00,-1.7506118e-21,0.0,44.234978,357730.44,0.75,0.1,31.748028,574015.75,0.25,0.9,70.14294,0.7135944,0.7135944,1.0,210.50215,574387.75,1.5890808,-400.25253,50.441322,55.184006,0.7933079,0.9,1.0,773.32983,1.0,69.618065,67.681015,68.420555,66.46872,69.793076
2018-01-02 14:15:00,1.6981527e-20,0.0,44.219215,357730.44,0.75,0.1,31.730011,576342.8,0.25,0.9,70.140076,0.7156491,0.7156491,1.0,211.96855,576703.3,1.583374,-400.25253,50.43022,55.184006,0.7953905,0.9,1.0,779.6225,1.0,69.615204,67.71271,68.36876,66.47861,69.76924
2018-01-02 14:16:00,2.9119138000000003e-22,0.0,44.207237,357730.44,0.75,0.1,31.711994,578105.1,0.25,0.9,70.13854,0.717203,0.717203,1.0,213.07283,578406.6,1.5795288,-400.25253,50.42138,55.184006,0.79711276,0.9,1.0,784.41327,1.0,69.61153,67.74407,68.31728,66.488556,69.735565
2018-01-02 14:17:00,1.4301413e-20,0.0,44.195152,357730.44,0.75,0.1,31.69403,579785.56,0.25,0.9,70.138214,0.7187367,0.7187367,1.0,214.19946,580070.2,1.5761719,-400.25253,50.4127,55.184006,0.7988128,0.9,1.0,789.17126,1.0,69.60884,67.77566,68.267075,66.49948,69.69513
2018-01-02 14:18:00,4.746478400000001e-22,0.0,44.183125,357730.44,0.75,0.1,31.676014,581401.9,0.25,0.9,70.138596,0.72023356,0.72023356,1.0,215.31519,581669.94,1.5732727,-400.25253,50.404186,55.184006,0.80046976,0.9,1.0,793.8479,1.0,69.606094,67.8074,68.21813,66.51146,69.64871
2018-01-02 14:19:00,-4.1085446000000004e-22,0.0,44.17153,357730.44,0.75,0.1,31.657995,582943.44,0.25,0.9,70.13931,0.72168154,0.72168154,1.0,216.40948,583193.6,1.5708923,-400.25253,50.396004,55.184006,0.8020709,0.9,1.0,798.4041,1.0,69.6039,67.839325,68.17034,66.524315,69.59714
2018-01-02 14:20:00,-4.5888415e-22,0.0,44.159832,357730.44,0.75,0.1,31.640034,584402.06,0.25,0.9,70.14014,0.72307223,0.72307223,1.0,217.4756,584633.56,1.5689697,-400.25253,50.38787,55.184006,0.80360746,0.9,1.0,802.8113,1.0,69.60186,67.87135,68.1237,66.53789,69.54111
2018-01-02 14:21:00,-3.5048280000000004e-22,0.0,44.148186,357730.44,0.75,0.1,31.622015,585772.5,0.25,0.9,70.14096,0.7243999,0.7243999,1.0,218.50845,585985.1,1.5675049,-400.25253,50.379906,55.184006,0.8050733,0.9,1.0,807.0487,1.0,69.60021,67.90343,68.07817,66.552055,69.481285
2018-01-02 14:22:00,1.9952443e-21,0.0,44.136543,357730.44,0.75,0.1,31.603998,587052.4,0.25,0.9,70.14168,0.7256608,0.7256608,1.0,219.50427,587246.2,1.5664673,-400.25253,50.37194,55.184006,0.8064646,0.9,1.0,811.1019,1.0,69.59884,67.93562,68.03372,66.56677,69.41839
2018-01-02 14:23:00,-7.0918747e-23,0.0,44.124786,357730.44,0.75,0.1,31.586035,588241.1,0.25,0.9,70.14211,0.726853,0.726853,1.0,220.4605,588416.6,1.5658569,-400.25253,50.364143,55.184006,0.80777943,0.9,1.0,814.96155,1.0,69.59774,67.967865,67.99028,66.58199,69.35302
2018-01-02 14:24:00,-2.9319872e-22,0.0,44.112923,357730.44,0.75,0.1,31.568018,589339.75,0.25,0.9,70.142334,0.7279759,0.7279759,1.0,221.37532,589497.6,1.5655212,-400.25253,50.356285,55.184006,0.8090172,0.9,1.0,818.6224,1.0,69.59692,68.00017,67.94787,66.59765,69.285675
2018-01-02 14:25:00,4.828491600000001e-22,0.0,44.101,357730.44,0.75,0.1,31.55,590350.44,0.25,0.9,70.14223,0.7290298,0.7290298,1.0,222.24776,590491.56,1.5655518,-400.25253,50.348488,55.184006,0.81017834,0.9,1.0,822.0824,1.0,69.59631,68.03241,67.90651,66.61363,69.2169
2018-01-02 14:26:00,1.3951862e-21,0.0,44.08897,357730.44,0.75,0.1,31.532038,591276.1,0.25,0.9,70.14189,0.73001575,0.73001575,1.0,223.07741,591401.5,1.5658875,-400.25253,50.340683,55.184006,0.81126434,0.9,1.0,825.3424,1.0,69.59598,68.06471,67.86607,66.630005,69.14708
2018-01-02 14:27:00,6.024331000000001e-22,0.0,44.07683,357730.44,0.75,0.1,31.514019,592120.5,0.25,0.9,70.14134,0.7309356,0.7309356,1.0,223.86424,592231.1,1.5664368,-400.25253,50.332886,55.184006,0.8122771,0.9,1.0,828.405,1.0,69.59587,68.096954,67.82669,66.6467,69.0766
2018-01-02 14:28:00,-4.639468400000001e-22,0.0,44.064636,357730.44,0.75,0.1,31.496002,592887.44,0.25,0.9,70.14052,0.73179144,0.73179144,1.0,224.60872,592984.3,1.5672302,-400.25253,50.325085,55.184006,0.813219,0.9,1.0,831.2745,1.0,69.59598,68.129196,67.78829,66.66368,69.00585
2018-01-02 14:29:00,2.1042179000000001e-22,0.0,44.05233,357730.44,0.75,0.1,31.477985,593581.2,0.25,0.9,70.13953,0.7325856,0.7325856,1.0,225.31145,593665.3,1.5682068,-400.25253,50.317337,55.184006,0.8140929,0.9,1.0,833.956,1.0,69.59625,68.16144,67.750824,66.68103,68.93504
2018-01-02 14:30:00,-7.058826e-22,0.0,44.03997,357730.44,0.75,0.1,31.460022,594205.94,0.25,0.9,70.13843,0.7333208,0.7333208,1.0,225.97337,594278.5,1.5693054,-400.25253,50.30954,55.184006,0.81490153,0.9,1.0,836.4558,1.0,69.596756,68.193634,67.714355,66.69867,68.86452
2018-01-02 14:31:00,5.1727026e-22,0.0,44.027557,357730.44,0.75,0.1,31.442005,594766.2,0.25,0.9,70.13722,0.7339997,0.7339997,1.0,226.59552,594827.94,1.5705566,-400.25253,50.301796,55.184006,0.8156481,0.9,1.0,838.7806,1.0,69.59735,68.22577,67.67882,66.71669,68.79442
2018-01-02 14:32:00,4.4149205e-22,0.0,44.015144,357730.44,0.75,0.1,31.423986,595266.06,0.25,0.9,70.135956,0.73462516,0.73462516,1.0,227.17911,595318.1,1.5719299,-400.25253,50.29405,55.184006,0.81633556,0.9,1.0,840.9377,1.0,69.59813,68.25784,67.64426,66.73498,68.72499
2018-01-02 14:33:00,-4.619527e-22,0.0,44.002674,357730.44,0.75,0.1,31.406025,595709.9,0.25,0.9,70.1347,0.7351999,0.7351999,1.0,227.72542,595753.06,1.5733643,-400.25253,50.2863,55.184006,0.8169672,0.9,1.0,842.9344,1.0,69.599,68.28987,67.61064,66.75354,68.656265
2018-01-02 14:34:00,7.209699500000001e-22,0.0,43.990204,357730.44,0.75,0.1,31.388006,596101.6,0.25,0.9,70.13338,0.7357269,0.7357269,1.0,228.23582,596136.8,1.5748901,-400.25253,50.27861,55.184006,0.81754607,0.9,1.0,844.7785,1.0,69.59999,68.32179,67.57796,66.77249,68.588486
2018-01-02 14:35:00,5.539702e-22,0.0,43.97768,357730.44,0.75,0.1,31.36999,596445.4,0.25,0.9,70.13217,0.73620874,0.73620874,1.0,228.71175,596473.3,1.576416,-400.25253,50.27092,55.184006,0.81807524,0.9,1.0,846.47754,1.0,69.60109,68.35365,67.5462,66.79183,68.52168
2018-01-02 14:36:00,4.795348e-22,0.0,43.96521,357730.44,0.75,0.1,31.352026,596744.8,0.25,0.9,70.13097,0.73664826,0.73664826,1.0,229.15465,596766.3,1.5780334,-400.25253,50.263287,55.184006,0.81855774,0.9,1.0,848.0393,1.0,69.602295,68.3854,67.515396,66.81145,68.45604
2018-01-02 14:37:00,6.544444600000001e-22,0.0,43.95274,357730.44,0.75,0.1,31.33401,597003.6,0.25,0.9,70.12987,0.7370481,0.7370481,1.0,229.56601,597019.25,1.5796204,-400.25253,50.255653,55.184006,0.8189965,0.9,1.0,849.4713,1.0,69.60351,68.416985,67.485504,66.831436,68.391556
2018-01-02 14:38:00,4.2085298e-22,0.0,43.940327,357730.44,0.75,0.1,31.31599,597225.1,0.25,0.9,70.128876,0.7374107,0.7374107,1.0,229.94731,597235.6,1.5812378,-400.25253,50.24807,55.184006,0.81939435,0.9,1.0,850.7811,1.0,69.60483,68.44852,67.45656,66.85182,68.32832
2018-01-02 14:39:00,-9.177831e-22,0.0,43.92791,357730.44,0.75,0.1,31.298029,597412.56,0.25,0.9,70.12805,0.7377387,0.7377387,1.0,230.30003,597418.56,1.5828247,-400.25253,50.240547,55.184006,0.81975406,0.9,1.0,851.97595,1.0,69.60614,68.47988,67.42849,66.87258,68.26631
2018-01-02 14:40:00,-7.0182983e-22,0.0,43.91555,357730.44,0.75,0.1,31.28001,597569.2,0.25,0.9,70.12728,0.7380345,0.7380345,1.0,230.62566,597571.1,1.5844116,-400.25253,50.233017,55.184006,0.82007825,0.9,1.0,853.0631,1.0,69.60751,68.51114,67.40135,66.89373,68.20561
2018-01-02 14:41:00,-8.0862686e-23,0.0,43.90319,357730.44,0.75,0.1,31.261993,597697.75,0.25,0.9,70.12673,0.73830026,0.73830026,1.0,230.92561,597696.2,1.585968,-400.25253,50.225548,55.184006,0.8203694,0.9,1.0,854.0494,1.0,69.60889,68.54223,67.37509,66.91527,68.146286
2018-01-02 14:42:00,-5.6346324000000004e-21,0.0,43.89089,357730.44,0.75,0.1,31.24403,597800.56,0.25,0.9,70.1263,0.7385377,0.7385377,1.0,231.20094,597795.94,1.5874634,-400.25253,50.218243,55.184006,0.8206295,0.9,1.0,854.93994,1.0,69.61032,68.57321,67.34972,66.93724,68.08833
2018-01-02 14:43:00,3.9367012000000004e-22,0.0,43.87864,357730.44,0.75,0.1,31.226013,597880.7,0.25,0.9,70.12602,0.73874956,0.73874956,1.0,231.45352,597873.44,1.5889893,-400.25253,50.210827,55.184006,0.82086134,0.9,1.0,855.74304,1.0,69.611694,68.60397,67.32527,66.959595,68.0318
2018-01-02 14:44:00,-1.706065e-21,0.0,43.866444,357730.44,0.75,0.1,31.207996,597940.44,0.25,0.9,70.125854,0.7389378,0.7389378,1.0,231.68468,597931.0,1.5904236,-400.25253,50.20347,55.184006,0.8210672,0.9,1.0,856.4649,1.0,69.61307,68.63463,67.30165,66.98233,67.976654
2018-01-02 14:45:00,8.96192e-22,0.0,43.854248,357730.44,0.75,0.1,31.190033,597982.06,0.25,0.9,70.12591,0.73910415,0.73910415,1.0,231.89577,597970.75,1.5917969,-400.25253,50.196106,55.184006,0.82124907,0.9,1.0,857.1113,1.0,69.61444,68.665054,67.278854,67.00546,67.92293
2018-01-02 14:46:00,2.719228e-21,0.0,43.842163,357730.44,0.75,0.1,31.172016,598007.5,0.25,0.9,70.12613,0.73925054,0.73925054,1.0,232.08801,597994.6,1.5931702,-400.25253,50.188797,55.184006,0.821409,0.9,1.0,857.6881,1.0,69.61575,68.69533,67.25694,67.02902,67.870575
2018-01-02 14:47:00,9.385528e-22,0.0,43.83008,357730.44,0.75,0.1,31.153997,598018.75,0.25,0.9,70.12646,0.7393785,0.7393785,1.0,232.26266,598004.56,1.5944824,-400.25253,50.18155,55.184006,0.82154864,0.9,1.0,858.2005,1.0,69.61708,68.72537,67.2359,67.05298,67.81966
2018-01-02 14:48:00,2.2140545e-21,0.0,43.818104,357730.44,0.75,0.1,31.136036,598017.44,0.25,0.9,70.12701,0.7394897,0.7394897,1.0,232.42091,598002.25,1.5957336,-400.25253,50.174297,55.184006,0.82166994,0.9,1.0,858.6535,1.0,69.618286,68.7552,67.21563,67.07736,67.77005
2018-01-02 14:49:00,-1.7319207e-21,0.0,43.80613,357730.44,0.75,0.1,31.118017,598005.1,0.25,0.9,70.12767,0.7395855,0.7395855,1.0,232.56389,597989.2,1.5969238,-400.25253,50.1671,55.184006,0.82177436,0.9,1.0,859.052,1.0,69.61949,68.784805,67.19618,67.10208,67.72188
2018-01-02 14:50:00,-1.9434613e-21,0.0,43.79421,357730.44,0.75,0.1,31.1,597983.44,0.25,0.9,70.128494,0.7396675,0.7396675,1.0,232.69267,597966.9,1.598053,-400.25253,50.159958,55.184006,0.8218635,0.9,1.0,859.40045,1.0,69.62065,68.81419,67.17757,67.12724,67.67508
2018-01-02 14:51:00,2.995764e-21,0.0,43.78234,357730.44,0.75,0.1,31.082037,597953.56,0.25,0.9,70.12948,0.7397367,0.7397367,1.0,232.80827,597936.6,1.5991211,-400.25253,50.152817,55.184006,0.8219387,0.9,1.0,859.70325,1.0,69.62175,68.84337,67.15971,67.15279,67.62959
2018-01-02 14:52:00,-6.012042500000001e-22,0.0,43.77053,357730.44,0.75,0.1,31.06402,597916.8,0.25,0.9,70.13058,0.7397945,0.7397945,1.0,232.9117,597899.6,1.6001587,-400.25253,50.145733,55.184006,0.82200134,0.9,1.0,859.9643,1.0,69.62279,68.87221,67.142624,67.178665,67.585434
2018-01-02 14:53:00,1.3375431000000001e-21,0.0,43.75872,357730.44,0.75,0.1,31.046001,597874.25,0.25,0.9,70.131836,0.73984194,0.73984194,1.0,233.00388,597856.9,1.6011353,-400.25253,50.13865,55.184006,0.82205266,0.9,1.0,860.1874,1.0,69.62378,68.90082,67.126366,67.20497,67.54263
2018-01-02 14:54:00,4.422771e-21,0.0,43.74702,357730.44,0.75,0.1,31.027985,597826.8,0.25,0.9,70.13327,0.7398801,0.7398801,1.0,233.08566,597809.5,1.6020508,-400.25253,50.131615,55.184006,0.8220938,0.9,1.0,860.376,1.0,69.62466,68.92922,67.110825,67.23161,67.50105
2018-01-02 14:55:00,1.2557126e-21,0.0,43.73532,357730.44,0.75,0.1,31.010021,597775.5,0.25,0.9,70.13481,0.7399099,0.7399099,1.0,233.15791,597758.4,1.6029358,-400.25253,50.124584,55.184006,0.8221258,0.9,1.0,860.5333,1.0,69.62548,68.95729,67.09599,67.25859,67.460785
2018-01-02 14:56:00,-6.8616914e-22,0.0,43.723675,357730.44,0.75,0.1,30.992004,597721.1,0.25,0.9,70.13646,0.7399323,0.7399323,1.0,233.22142,597704.25,1.6037292,-400.25253,50.117607,55.184006,0.8221497,0.9,1.0,860.66266,1.0,69.62625,68.98503,67.081924,67.28594,67.42178
2018-01-02 14:57:00,1.1271509e-21,0.0,43.71203,357730.44,0.75,0.1,30.973988,597664.44,0.25,0.9,70.13827,0.73994803,0.73994803,1.0,233.2769,597647.8,1.6044922,-400.25253,50.110634,55.184006,0.8221663,0.9,1.0,860.76666,1.0,69.62691,69.0125,67.06857,67.31363,67.383995
2018-01-02 14:58:00,6.879896000000001e-23,0.0,43.700493,357730.44,0.75,0.1,30.956024,597606.0,0.25,0.9,70.14014,0.739958,0.739958,1.0,233.32506,597589.75,1.6052246,-400.25253,50.103653,55.184006,0.8221765,0.9,1.0,860.84796,1.0,69.62752,69.03969,67.05594,67.341644,67.34741
2018-01-02 14:59:00,-2.8687767e-21,0.0,43.688957,357730.44,0.75,0.1,30.938007,597546.5,0.25,0.9,70.142166,0.7399627,0.7399627,1.0,233.36655,597530.6,1.605896,-400.25253,50.096733,55.184006,0.8221811,0.9,1.0,860.9091,1.0,69.62807,69.0665,67.04402,67.369934,67.312035
2018-01-02 15:00:00,-2.8285795000000004e-22,0.0,43.67742,357730.44,0.75,0.1,30.919989,597486.3,0.25,0.9,70.14426,0.739963,0.739963,1.0,233.40202,597471.0,1.6065369,-400.25253,50.08976,55.184006,0.8221808,0.9,1.0,860.9524,1.0,69.6285,69.09303,67.03276,67.39855,67.27782
2018-01-02 15:01:00,1.7997944000000002e-21,0.0,43.665943,357730.44,0.75,0.1,30.956024,597426.0,0.25,0.9,70.14651,0.7399593,0.7399593,1.0,233.432,597411.2,1.6070862,-400.25253,50.082893,55.184006,0.8221762,0.9,1.0,860.97974,1.0,69.62889,69.11923,67.02222,67.427444,67.24474
2018-01-02 15:02:00,2.1681288000000002e-21,0.0,43.690662,357730.44,0.75,0.1,30.992004,597366.0,0.25,0.9,70.14882,0.7399522,0.7399522,1.0,233.45699,597351.7,1.6076355,-400.25253,50.090584,55.184006,0.8221679,0.9,1.0,860.9929,1.0,69.629166,69.14505,67.01227,67.456665,67.21277
2018-01-02 15:03:00,1.745236e-21,0.0,43.71571,357730.44,0.75,0.1,31.027985,597306.44,0.25,0.9,70.15123,0.7399422,0.7399422,1.0,233.47745,597292.75,1.6081238,-400.25253,50.10003,55.184006,0.82215637,0.9,1.0,860.99384,1.0,69.629654,69.17059,67.003044,67.486115,67.18196
2018-01-02 15:04:00,1.5537403e-21,0.0,43.740814,357730.44,0.75,0.1,31.06402,597247.9,0.25,0.9,70.15381,0.73992974,0.73992974,1.0,233.49388,597234.75,1.6086121,-400.25253,50.11019,55.184006,0.8221422,0.9,1.0,860.984,1.0,69.63037,69.1958,66.99453,67.51583,67.15224
2018-01-02 15:05:00,4.353013e-22,0.0,43.765972,357730.44,0.75,0.1,31.1,597190.4,0.25,0.9,70.156555,0.73991513,0.73991513,1.0,233.50671,597177.9,1.6090393,-400.25253,50.120796,55.184006,0.82212573,0.9,1.0,860.9649,1.0,69.63141,69.220856,66.986725,67.54593,67.12373
2018-01-02 15:06:00,1.7348595e-21,0.0,43.79113,357730.44,0.75,0.1,31.136036,597134.3,0.25,0.9,70.15953,0.73989886,0.73989886,1.0,233.51631,597122.3,1.6094666,-400.25253,50.131725,55.184006,0.8221074,0.9,1.0,860.93787,1.0,69.63284,69.24563,66.9797,67.57637,67.09631
2018-01-02 15:07:00,-3.2286937e-21,0.0,43.816456,357730.44,0.75,0.1,31.172016,597079.7,0.25,0.9,70.16271,0.73988116,0.73988116,1.0,233.52304,597068.25,1.6098022,-400.25253,50.142822,55.184006,0.8220876,0.9,1.0,860.9041,1.0,69.634705,69.27023,66.97338,67.60718,67.070114
2018-01-02 15:08:00,1.0450431e-21,0.0,43.841835,357730.44,0.75,0.1,31.207996,597026.75,0.25,0.9,70.16623,0.7398624,0.7398624,1.0,233.52725,597015.94,1.6101379,-400.25253,50.154137,55.184006,0.82206655,0.9,1.0,860.8647,1.0,69.63702,69.29468,66.96777,67.63833,67.04501
2018-01-02 15:09:00,3.3022262e-21,0.0,43.86721,357730.44,0.75,0.1,31.24403,596975.6,0.25,0.9,70.170074,0.7398427,0.7398427,1.0,233.52919,596965.4,1.6104431,-400.25253,50.16545,55.184006,0.8220446,0.9,1.0,860.82056,1.0,69.63971,69.31896,66.963,67.6698,67.02112
2018-01-02 15:10:00,2.627104e-22,0.0,43.89281,357730.44,0.75,0.1,31.28001,596926.3,0.25,0.9,70.17425,0.7398225,0.7398225,1.0,233.52919,596916.7,1.6107178,-400.25253,50.177044,55.184006,0.8220221,0.9,1.0,860.77264,1.0,69.642784,69.34302,66.95888,67.70172,66.998375
2018-01-02 15:11:00,7.8853955e-22,0.0,43.918518,357730.44,0.75,0.1,31.31599,596879.0,0.25,0.9,70.17876,0.7398019,0.7398019,1.0,233.5275,596869.94,1.6109619,-400.25253,50.188797,55.184006,0.82199913,0.9,1.0,860.7218,1.0,69.6463,69.366974,66.95558,67.73391,66.97673
2018-01-02 15:12:00,-1.7223694e-21,0.0,43.944336,357730.44,0.75,0.1,31.352026,596833.6,0.25,0.9,70.1837,0.739781,0.739781,1.0,233.52432,596825.06,1.611206,-400.25253,50.20072,55.184006,0.82197595,0.9,1.0,860.66864,1.0,69.650085,69.3907,66.95294,67.76648,66.95619
2018-01-02 15:13:00,-7.9033427e-22,0.0,43.970207,357730.44,0.75,0.1,31.388006,596790.3,0.25,0.9,70.188965,0.7397601,0.7397601,1.0,233.51991,596782.3,1.6113892,-400.25253,50.21275,55.184006,0.8219527,0.9,1.0,860.6139,1.0,69.65432,69.41427,66.95108,67.79933,66.9368
2018-01-02 15:14:00,7.859498e-22,0.0,43.996246,357730.44,0.75,0.1,31.423986,596749.06,0.25,0.9,70.19457,0.7397393,0.7397393,1.0,233.51443,596741.44,1.6116028,-400.25253,50.22489,55.184006,0.8219296,0.9,1.0,860.55804,1.0,69.65877,69.43767,66.94992,67.832565,66.91845
2018-01-02 15:15:00,8.930255e-21,0.0,44.022503,357730.44,0.75,0.1,31.460022,596709.7,0.25,0.9,70.20056,0.7397186,0.7397186,1.0,233.50806,596702.7,1.6117859,-400.25253,50.237194,55.184006,0.8219067,0.9,1.0,860.5016,1.0,69.66354,69.460846,66.94943,67.86602,66.901146
2018-01-02 15:16:00,1.8390525e-21,0.0,44.048817,357730.44,0.75,0.1,31.496002,596672.44,0.25,0.9,70.20693,0.7396983,0.7396983,1.0,233.50095,596665.9,1.6119385,-400.25253,50.249664,55.184006,0.82188416,0.9,1.0,860.445,1.0,69.6686,69.48387,66.94971,67.8998,66.88489
2018-01-02 15:17:00,5.674916000000001e-22,0.0,44.075127,357730.44,0.75,0.1,31.532038,596637.1,0.25,0.9,70.21364,0.7396784,0.7396784,1.0,233.49324,596631.0,1.6120605,-400.25253,50.262245,55.184006,0.82186204,0.9,1.0,860.3886,1.0,69.673874,69.50667,66.950584,67.93386,66.869675
2018-01-02 15:18:00,-1.1339228e-22,0.0,44.10166,357730.44,0.75,0.1,31.568018,596603.75,0.25,0.9,70.220665,0.7396589,0.7396589,1.0,233.48508,596598.06,1.6121826,-400.25253,50.274933,55.184006,0.82184047,0.9,1.0,860.3327,1.0,69.67937,69.5293,66.95218,67.96819,66.8555
2018-01-02 15:19:00,-5.298507e-22,0.0,44.128304,357730.44,0.75,0.1,31.603998,596572.25,0.25,0.9,70.22797,0.73963994,0.73963994,1.0,233.47653,596567.0,1.6122742,-400.25253,50.28773,55.184006,0.8218195,0.9,1.0,860.27765,1.0,69.68503,69.55165,66.95448,68.002686,66.842255
2018-01-02 15:20:00,-7.4939325e-23,0.0,44.155052,357730.44,0.75,0.1,31.640034,596542.6,0.25,0.9,70.23566,0.7396216,0.7396216,1.0,233.46773,596537.75,1.6123657,-400.25253,50.300697,55.184006,0.82179916,0.9,1.0,860.2237,1.0,69.6909,69.573845,66.9574,68.03746,66.83006
2018-01-02 15:21:00,1.2158446e-21,0.0,44.182026,357730.44,0.75,0.1,31.676014,596514.8,0.25,0.9,70.243576,0.7396038,0.7396038,1.0,233.45876,596510.3,1.6124573,-400.25253,50.31388,55.184006,0.82177955,0.9,1.0,860.1709,1.0,69.696945,69.59582,66.96097,68.07245,66.81875
2018-01-02 15:22:00,-1.587675e-21,0.0,44.20878,357730.44,0.75,0.1,31.711994,596488.75,0.25,0.9,70.251755,0.7395867,0.7395867,1.0,233.4497,596484.5,1.6125183,-400.25253,50.327007,55.184006,0.82176065,0.9,1.0,860.1197,1.0,69.703094,69.617516,66.96514,68.107605,66.808426
2018-01-02 15:23:00,1.9971123000000003e-21,0.0,44.23597,357730.44,0.75,0.1,31.748028,596464.3,0.25,0.9,70.26027,0.73957026,0.73957026,1.0,233.44064,596460.5,1.6125793,-400.25253,50.340355,55.184006,0.8217425,0.9,1.0,860.06995,1.0,69.70941,69.63905,66.96997,68.14293,66.79903
2018-01-02 15:24:00,-8.611729e-22,0.0,44.26305,357730.44,0.75,0.1,31.784008,596441.5,0.25,0.9,70.26895,0.7395545,0.7395545,1.0,233.4316,596438.0,1.6126404,-400.25253,50.353813,55.184006,0.8217251,0.9,1.0,860.02185,1.0,69.71579,69.66025,66.97542,68.17842,66.79051
2018-01-02 15:25:00,1.1837815e-21,0.0,44.29013,357730.44,0.75,0.1,31.819988,596420.25,0.25,0.9,70.27791,0.7395395,0.7395395,1.0,233.42264,596417.06,1.6127014,-400.25253,50.367218,55.184006,0.82170844,0.9,1.0,859.9755,1.0,69.72232,69.68129,66.98146,68.21401,66.78288
2018-01-02 15:26:00,1.7890788e-21,0.0,44.31732,357730.44,0.75,0.1,31.856024,596400.44,0.25,0.9,70.28708,0.73952514,0.73952514,1.0,233.4138,596397.56,1.6127625,-400.25253,50.38084,55.184006,0.82169265,0.9,1.0,859.931,1.0,69.72891,69.70206,66.9881,68.24977,66.77612
2018-01-02 15:27:00,-1.7546934000000002e-21,0.0,44.344677,357730.44,0.75,0.1,31.892004,596382.1,0.25,0.9,70.29647,0.7395115,0.7395115,1.0,233.40515,596379.44,1.612793,-400.25253,50.394573,55.184006,0.82167757,0.9,1.0,859.8884,1.0,69.735565,69.72255,66.9953,68.28558,66.77025
2018-01-02 15:28:00,4.3341487e-22,0.0,44.372032,357730.44,0.75,0.1,31.927984,596365.1,0.25,0.9,70.30603,0.73949856,0.73949856,1.0,233.39671,596362.7,1.612793,-400.25253,50.408363,55.184006,0.82166326,0.9,1.0,859.84766,1.0,69.742325,69.74276,67.0031,68.32156,66.76519
2018-01-02 15:29:00,2.7258108000000004e-22,0.0,44.399445,357730.44,0.75,0.1,31.96402,596349.4,0.25,0.9,70.31575,0.7394863,0.7394863,1.0,233.38849,596347.1,1.6128235,-400.25253,50.422203,55.184006,0.82164973,0.9,1.0,859.8088,1.0,69.74913,69.76276,67.011444,68.357544,66.760956
2018-01-02 15:30:00,-6.3828854e-22,0.0,44.42713,357730.44,0.75,0.1,32.0,596334.8,0.25,0.9,70.3257,0.7394747,0.7394747,1.0,233.38052,596332.8,1.612854,-400.25253,50.436264,55.184006,0.8216369,0.9,1.0,859.77185,1.0,69.756,69.782425,67.02035,68.39364,66.75755
2018-01-02 15:31:00,-2.0525639e-21,0.0,44.454597,357730.44,0.75,0.1,32.036034,596321.44,0.25,0.9,70.3358,0.73946375,0.73946375,1.0,233.37282,596319.7,1.612854,-400.25253,50.45022,55.184006,0.8216249,0.9,1.0,859.7368,1.0,69.76286,69.801865,67.02985,68.42973,66.754974
2018-01-02 15:32:00,-4.2723255e-23,0.0,44.482227,357730.44,0.75,0.1,32.072014,596309.1,0.25,0.9,70.34602,0.7394535,0.7394535,1.0,233.3654,596307.5,1.612854,-400.25253,50.46428,55.184006,0.82161355,0.9,1.0,859.70355,1.0,69.76979,69.82104,67.03985,68.46593,66.75316
2018-01-02 15:33:00,1.1340108e-23,0.0,44.509857,357730.44,0.75,0.1,32.107994,596297.8,0.25,0.9,70.3564,0.7394438,0.7394438,1.0,233.35828,596296.4,1.612854,-400.25253,50.478455,55.184006,0.8216029,0.9,1.0,859.6722,1.0,69.776764,69.839935,67.0504,68.502075,66.75212
2018-01-02 15:34:00,-4.8111150000000004e-23,0.0,44.537544,357730.44,0.75,0.1,32.14403,596287.5,0.25,0.9,70.3669,0.7394347,0.7394347,1.0,233.35146,596286.25,1.612854,-400.25253,50.492737,55.184006,0.82159287,0.9,1.0,859.6425,1.0,69.7838,69.85855,67.06143,68.53822,66.75189
2018-01-02 15:35:00,1.8435032e-23,0.0,44.56534,357730.44,0.75,0.1,32.18001,596278.06,0.25,0.9,70.37755,0.73942626,0.73942626,1.0,233.34494,596276.9,1.612854,-400.25253,50.50702,55.184006,0.82158357,0.9,1.0,859.6147,1.0,69.790825,69.87691,67.07303,68.57442,66.7525
2018-01-02 15:36:00,-4.460251400000001e-22,0.0,44.59308,357730.44,0.75,0.1,32.215992,596269.5,0.25,0.9,70.38826,0.7394183,0.7394183,1.0,233.3387,596268.44,1.612854,-400.25253,50.521355,55.184006,0.8215748,0.9,1.0,859.5885,1.0,69.79785,69.895035,67.08517,68.610565,66.753815
2018-01-02 15:37:00,2.0427579e-21,0.0,44.62093,357730.44,0.75,0.1,32.252026,596261.6,0.25,0.9,70.39914,0.73941094,0.73941094,1.0,233.3328,596260.75,1.612854,-400.25253,50.535805,55.184006,0.8215667,0.9,1.0,859.5639,1.0,69.804886,69.91283,67.09775,68.64665,66.755905
2018-01-02 15:38:00,-2.3945084e-23,0.0,44.64878,357730.44,0.75,0.1,32.288006,596254.56,0.25,0.9,70.410126,0.739404,0.739404,1.0,233.32716,596253.8,1.612854,-400.25253,50.550247,55.184006,0.82155913,0.9,1.0,859.54095,1.0,69.81197,69.930405,67.110825,68.68269,66.75871
2018-01-02 15:39:00,1.416557e-22,0.0,44.676685,357730.44,0.75,0.1,32.323986,596248.1,0.25,0.9,70.42122,0.73939764,0.73939764,1.0,233.32185,596247.5,1.612854,-400.25253,50.56475,55.184006,0.8215521,0.9,1.0,859.5195,1.0,69.81906,69.947655,67.12444,68.71867,66.76222
2018-01-02 15:40:00,4.7435924e-21,0.0,44.70459,357730.44,0.75,0.1,32.360023,596242.4,0.25,0.9,70.43237,0.73939174,0.73939174,1.0,233.31682,596241.8,1.6128235,-400.25253,50.579308,55.184006,0.82154554,0.9,1.0,859.49945,1.0,69.826096,69.96468,67.13845,68.75454,66.76651
2018-01-02 15:41:00,3.7753109999999996e-21,0.0,44.73255,357730.44,0.75,0.1,32.396004,596237.2,0.25,0.9,70.443634,0.73938626,0.73938626,1.0,233.31207,596236.7,1.6128235,-400.25253,50.593918,55.184006,0.8215395,0.9,1.0,859.48083,1.0,69.833176,69.981384,67.15273,68.79036,66.77151
2018-01-02 15:42:00,6.796702400000001e-22,0.0,44.760567,357730.44,0.75,0.1,32.432037,596232.56,0.25,0.9,70.45495,0.7393812,0.7393812,1.0,233.30762,596232.2,1.6128235,-400.25253,50.60859,55.184006,0.821534,0.9,1.0,859.46356,1.0,69.84021,69.9978,67.16751,68.826065,66.77716
2018-01-02 15:43:00,4.7395375e-23,0.0,44.78858,357730.44,0.75,0.1,32.468018,596228.5,0.25,0.9,70.466324,0.73937654,0.73937654,1.0,233.30342,596228.06,1.612793,-400.25253,50.623253,55.184006,0.82152885,0.9,1.0,859.4476,1.0,69.84729,70.01396,67.182724,68.86166,66.78348
2018-01-02 15:44:00,-9.815974e-22,0.0,44.816597,357730.44,0.75,0.1,32.503998,596224.75,0.25,0.9,70.4778,0.73937225,0.73937225,1.0,233.2995,596224.5,1.612793,-400.25253,50.63803,55.184006,0.82152414,0.9,1.0,859.4327,1.0,69.854324,70.02983,67.198326,68.89709,66.79046
2018-01-02 15:45:00,2.476629e-21,0.0,44.844612,357730.44,0.75,0.1,32.54003,596221.56,0.25,0.9,70.489334,0.7393683,0.7393683,1.0,233.2958,596221.4,1.6127625,-400.25253,50.65281,55.184006,0.82151985,0.9,1.0,859.419,1.0,69.86136,70.04543,67.21442,68.93236,66.79815
2018-01-02 15:46:00,3.2157939000000002e-21,0.0,44.87268,357730.44,0.75,0.1,32.57601,596218.7,0.25,0.9,70.50093,0.73936474,0.73936474,1.0,233.29237,596218.5,1.6127625,-400.25253,50.667583,55.184006,0.82151586,0.9,1.0,859.4064,1.0,69.86839,70.06076,67.230896,68.967514,66.80644
2018-01-02 15:47:00,-4.6733584e-22,0.0,44.900806,357730.44,0.75,0.1,32.61199,596216.2,0.25,0.9,70.51251,0.73936146,0.73936146,1.0,233.28917,596216.1,1.6127625,-400.25253,50.682415,55.184006,0.8215123,0.9,1.0,859.3948,1.0,69.87537,70.07576,67.24782,69.00244,66.8154
2018-01-02 15:48:00,2.5847447000000003e-21,0.0,44.928875,357730.44,0.75,0.1,32.64803,596214.06,0.25,0.9,70.524216,0.7393584,0.7393584,1.0,233.28618,596213.94,1.6127319,-400.25253,50.697304,55.184006,0.821509,0.9,1.0,859.3841,1.0,69.88234,70.09048,67.26512,69.03722,66.82501
2018-01-02 15:49:00,-1.2944664e-21,0.0,44.957,357730.44,0.75,0.1,32.68401,596212.25,0.25,0.9,70.53597,0.73935574,0.73935574,1.0,233.28342,596212.1,1.6127319,-400.25253,50.71219,55.184006,0.82150596,0.9,1.0,859.3743,1.0,69.88931,70.10492,67.28281,69.07182,66.835175
2018-01-02 15:50:00,5.548160500000001e-22,0.0,44.985126,357730.44,0.75,0.1,32.71999,596210.6,0.25,0.9,70.54773,0.73935324,0.73935324,1.0,233.28084,596210.56,1.6127014,-400.25253,50.727127,55.184006,0.8215033,0.9,1.0,859.3655,1.0,69.89624,70.119095,67.30089,69.10622,66.84599
2018-01-02 15:51:00,-1.4646454e-21,0.0,45.013306,357730.44,0.75,0.1,32.756023,596209.3,0.25,0.9,70.55948,0.73935103,0.73935103,1.0,233.27846,596209.25,1.6127014,-400.25253,50.742073,55.184006,0.82150084,0.9,1.0,859.35736,1.0,69.90316,70.132996,67.319336,69.14038,66.85736
2018-01-02 15:52:00,1.3579223e-21,0.0,45.04143,357730.44,0.75,0.1,32.792004,596208.1,0.25,0.9,70.57135,0.739349,0.739349,1.0,233.27628,596208.2,1.6127014,-400.25253,50.757065,55.184006,0.82149863,0.9,1.0,859.35,1.0,69.91003,70.14656,67.33818,69.17427,66.86934
2018-01-02 15:53:00,3.8341195e-21,0.0,45.06961,357730.44,0.75,0.1,32.827984,596207.25,0.25,0.9,70.58316,0.7393472,0.7393472,1.0,233.27426,596207.25,1.6126404,-400.25253,50.772064,55.184006,0.82149667,0.9,1.0,859.34326,1.0,69.91689,70.15985,67.35735,69.208,66.88187
2018-01-02 15:54:00,-1.5624913e-23,0.0,45.09779,357730.44,0.75,0.1,32.86402,596206.5,0.25,0.9,70.59508,0.7393456,0.7393456,1.0,233.2724,596206.56,1.6126404,-400.25253,50.78706,55.184006,0.8214949,0.9,1.0,859.3372,1.0,69.923706,70.172874,67.376854,69.241455,66.89499
2018-01-02 15:55:00,-9.091454000000001e-23,0.0,45.12597,357730.44,0.75,0.1,32.9,596205.94,0.25,0.9,70.60695,0.7393441,0.7393441,1.0,233.2707,596206.0,1.6126099,-400.25253,50.80211,55.184006,0.8214933,0.9,1.0,859.3318,1.0,69.93051,70.18562,67.39674,69.27463,66.908615
2018-01-02 15:56:00,-1.2563761e-22,0.0,45.154152,357730.44,0.75,0.1,32.936035,596205.5,0.25,0.9,70.618866,0.73934287,0.73934287,1.0,233.26913,596205.6,1.6126099,-400.25253,50.817215,55.184006,0.8214919,0.9,1.0,859.3269,1.0,69.93727,70.19803,67.4169,69.30754,66.92279
2018-01-02 15:57:00,1.7813286e-21,0.0,45.18233,357730.44,0.75,0.1,32.972015,596205.2,0.25,0.9,70.63078,0.73934174,0.73934174,1.0,233.2677,596205.3,1.6126099,-400.25253,50.832268,55.184006,0.82149065,0.9,1.0,859.3226,1.0,69.94403,70.210175,67.43744,69.340164,66.9374
2018-01-02 15:58:00,-4.950269e-22,0.0,45.21051,357730.44,0.75,0.1,33.007996,596205.06,0.25,0.9,70.6427,0.7393407,0.7393407,1.0,233.2664,596205.1,1.6125793,-400.25253,50.847374,55.184006,0.8214896,0.9,1.0,859.3186,1.0,69.95073,70.22204,67.45827,69.37252,66.95256
2018-01-02 15:59:00,2.4932221e-21,0.0,45.23869,357730.44,0.75,0.1,33.04403,596204.94,0.25,0.9,70.654625,0.7393399,0.7393399,1.0,233.26523,596205.06,1.6125793,-400.25253,50.862534,55.184006,0.8214886,0.9,1.0,859.3152,1.0,69.95743,70.233574,67.479416,69.4046,66.968216
2018-01-02 16:00:00,3.6683166e-21,0.0,45.26687,357730.44,0.75,0.1,33.08001,596204.94,0.25,0.9,70.66655,0.7393391,0.7393391,1.0,233.26414,596205.06,1.6125793,-400.25253,50.87764,55.184006,0.8214878,0.9,1.0,859.31213,1.0,69.96402,70.24478,67.50084,69.436356,66.984314
2018-01-02 16:01:00,-6.0474415000000005e-21,0.0,45.295105,357730.44,0.75,0.1,33.08001,596205.06,0.25,0.9,70.67847,0.73933846,0.73933846,1.0,233.26318,596205.1,1.6125793,-400.25253,50.892803,55.184006,0.8214871,0.9,1.0,859.3094,1.0,69.97067,70.25571,67.52258,69.46777,67.0009
2018-01-02 16:02:00,-1.4272151e-22,0.0,45.29928,357730.44,0.75,0.1,33.08001,596205.1,0.25,0.9,70.69033,0.7393379,0.7393379,1.0,233.26231,596205.3,1.6125488,-400.25253,50.89846,55.184006,0.8214865,0.9,1.0,859.30707,1.0,69.9772,70.26637,67.544556,69.49886,67.01782
2018-01-02 16:03:00,-2.2269015e-23,0.0,45.303123,357730.44,0.75,0.1,33.08001,596205.4,0.25,0.9,70.702194,0.73933744,0.73933744,1.0,233.26152,596205.5,1.6125488,-400.25253,50.90291,55.184006,0.821486,0.9,1.0,859.305,1.0,69.98358,70.27664,67.566696,69.52957,67.035126
2018-01-02 16:04:00,1.1399372e-23,0.0,45.307026,357730.44,0.75,0.1,33.08001,596205.6,0.25,0.9,70.714066,0.739337,0.739337,1.0,233.26082,596205.75,1.6125488,-400.25253,50.90692,55.184006,0.8214856,0.9,1.0,859.3032,1.0,69.98968,70.28653,67.58905,69.55989,67.05281
2018-01-02 16:05:00,5.956095599999999e-25,0.0,45.31087,357730.44,0.75,0.1,33.08001,596205.94,0.25,0.9,70.72576,0.7393367,0.7393367,1.0,233.2602,596206.06,1.6125488,-400.25253,50.910656,55.184006,0.8214852,0.9,1.0,859.30176,1.0,69.9955,70.295975,67.61153,69.58972,67.07077
2018-01-02 16:06:00,-3.4283268e-24,0.0,45.31466,357730.44,0.75,0.1,33.08001,596206.25,0.25,0.9,70.73741,0.7393365,0.7393365,1.0,233.25966,596206.4,1.6125183,-400.25253,50.914227,55.184006,0.8214849,0.9,1.0,859.3004,1.0,70.00094,70.3051,67.634155,69.61916,67.089066
2018-01-02 16:07:00,6.1928223999999995e-25,0.0,45.31845,357730.44,0.75,0.1,33.08001,596206.56,0.25,0.9,70.748886,0.73933625,0.73933625,1.0,233.25916,596206.75,1.6125183,-400.25253,50.917686,55.184006,0.8214847,0.9,1.0,859.2994,1.0,70.00604,70.31372,67.65689,69.648056,67.107574
2018-01-02 16:08:00,-4.386508e-25,0.0,45.322186,357730.44,0.75,0.1,33.08001,596207.0,0.25,0.9,70.76015,0.73933613,0.73933613,1.0,233.25873,596207.06,1.6125183,-400.25253,50.921036,55.184006,0.82148457,0.9,1.0,859.29846,1.0,70.01077,70.3219,67.67969,69.67645,67.126366
2018-01-02 16:09:00,2.9850038e-25,0.0,45.325813,357730.44,0.75,0.1,33.08001,596207.4,0.25,0.9,70.77124,0.739336,0.739336,1.0,233.25835,596207.5,1.6125183,-400.25253,50.92428,55.184006,0.82148445,0.9,1.0,859.2978,1.0,70.01517,70.32965,67.70315,69.70436,67.14537
2018-01-02 16:10:00,-1.3242281e-26,0.0,45.329384,357730.44,0.75,0.1,33.08001,596207.8,0.25,0.9,70.78212,0.73933595,0.73933595,1.0,233.25801,596207.94,1.6125183,-400.25253,50.92752,55.184006,0.8214844,0.9,1.0,859.29724,1.0,70.01918,70.33696,67.72661,69.73177,67.1646
2018-01-02 16:11:00,1.3578754e-25,0.0,45.332897,357730.44,0.75,0.1,33.08001,596208.2,0.25,0.9,70.792725,0.7393359,0.7393359,1.0,233.25774,596208.3,1.6124878,-400.25253,50.930595,55.184006,0.8214843,0.9,1.0,859.2969,1.0,70.02286,70.34383,67.75017,69.758575,67.18399
2018-01-02 16:12:00,-1.0208752000000001e-26,0.0,45.336304,357730.44,0.75,0.1,33.08001,596208.6,0.25,0.9,70.8031,0.7393359,0.7393359,1.0,233.25749,596208.75,1.6124878,-400.25253,50.93367,55.184006,0.8214843,0.9,1.0,859.2966,1.0,70.02621,70.35025,67.77379,69.7849,67.2036
2018-01-02 16:13:00,8.756570000000001e-26,0.0,45.339653,357730.44,0.75,0.1,33.08001,596209.0,0.25,0.9,70.81322,0.73933595,0.73933595,1.0,233.2573,596209.1,1.6124878,-400.25253,50.936584,55.184006,0.8214844,0.9,1.0,859.2963,1.0,70.02928,70.356186,67.79747,69.81065,67.22337
2018-01-02 16:14:00,-9.7927584e-26,0.0,45.34295,357730.44,0.75,0.1,33.08001,596209.44,0.25,0.9,70.823105,0.739336,0.739336,1.0,233.25713,596209.5,1.6124878,-400.25253,50.939495,55.184006,0.82148445,0.9,1.0,859.29626,1.0,70.03203,70.36168,67.82114,69.83587,67.24337
2018-01-02 16:15:00,1.7130855e-25,0.0,45.34608,357730.44,0.75,0.1,33.08001,596209.9,0.25,0.9,70.83272,0.7393361,0.7393361,1.0,233.25697,596209.94,1.6124878,-400.25253,50.9423,55.184006,0.8214845,0.9,1.0,859.29626,1.0,70.03456,70.36678,67.84487,69.860535,67.26347
2018-01-02 16:16:00,-1.1904763000000001e-24,0.0,45.349213,357730.44,0.75,0.1,33.08001,596210.25,0.25,0.9,70.8421,0.73933613,0.73933613,1.0,233.25687,596210.4,1.6124878,-400.25253,50.94499,55.184006,0.8214846,0.9,1.0,859.2963,1.0,70.036804,70.3714,67.86865,69.8846,67.2838
2018-01-02 16:17:00,-8.59006e-25,0.0,45.352234,357730.44,0.75,0.1,33.08001,596210.7,0.25,0.9,70.85123,0.73933625,0.73933625,1.0,233.25677,596210.75,1.6124878,-400.25253,50.947624,55.184006,0.82148474,0.9,1.0,859.2965,1.0,70.03884,70.375626,67.89244,69.90816,67.30423
2018-01-02 16:18:00,2.6557746e-24,0.0,45.355145,357730.44,0.75,0.1,33.08001,596211.06,0.25,0.9,70.86007,0.7393364,0.7393364,1.0,233.25671,596211.1,1.6124878,-400.25253,50.950207,55.184006,0.82148486,0.9,1.0,859.2967,1.0,70.0406,70.379364,67.91628,69.93112,67.32483
2018-01-02 16:19:00,7.6640006e-25,0.0,45.358,357730.44,0.75,0.1,33.08001,596211.4,0.25,0.9,70.8687,0.7393365,0.7393365,1.0,233.25667,596211.5,1.6124878,-400.25253,50.95268,55.184006,0.821485,0.9,1.0,859.29694,1.0,70.04219,70.38271,67.940125,69.95358,67.3456
2018-01-02 16:20:00,-4.7052126e-25,0.0,45.36075,357730.44,0.75,0.1,33.08001,596211.8,0.25,0.9,70.8771,0.7393366,0.7393366,1.0,233.25664,596211.8,1.6124878,-400.25253,50.955093,55.184006,0.82148516,0.9,1.0,859.2972,1.0,70.043625,70.38568,67.96396,69.97545,67.36642
2018-01-02 16:21:00,1.5199878e-25,0.0,45.363495,357730.44,0.75,0.1,33.08001,596212.2,0.25,0.9,70.88522,0.7393367,0.7393367,1.0,233.25662,596212.25,1.6124573,-400.25253,50.95746,55.184006,0.8214853,0.9,1.0,859.2975,1.0,70.04483,70.38821,67.987854,69.996765,67.38745
2018-01-02 16:22:00,-4.321871000000001e-25,0.0,45.366077,357730.44,0.75,0.1,33.08001,596212.5,0.25,0.9,70.89319,0.7393369,0.7393369,1.0,233.25662,596212.56,1.6124573,-400.25253,50.95971,55.184006,0.82148546,0.9,1.0,859.2978,1.0,70.04593,70.39029,68.0117,70.01753,67.408554
2018-01-02 16:23:00,-2.2503647999999998e-25,0.0,45.36866,357730.44,0.75,0.1,33.08001,596212.8,0.25,0.9,70.90088,0.739337,0.739337,1.0,233.25664,596212.9,1.6124573,-400.25253,50.961906,55.184006,0.8214856,0.9,1.0,859.29816,1.0,70.04681,70.392,68.03554,70.037796,67.42975
2018-01-02 16:24:00,-5.6317e-26,0.0,45.37113,357730.44,0.75,0.1,33.08001,596213.1,0.25,0.9,70.90841,0.73933715,0.73933715,1.0,233.25665,596213.2,1.6124573,-400.25253,50.963997,55.184006,0.82148576,0.9,1.0,859.2985,1.0,70.04758,70.39331,68.05938,70.057465,67.451065
2018-01-02 16:25:00,-1.6279883000000001e-24,0.0,45.373547,357730.44,0.75,0.1,33.08001,596213.44,0.25,0.9,70.91571,0.7393373,0.7393373,1.0,233.25668,596213.5,1.6124573,-400.25253,50.96608,55.184006,0.82148594,0.9,1.0,859.2989,1.0,70.04823,70.39425,68.08322,70.076584,67.47255
2018-01-02 16:26:00,-1.1256417e-24,0.0,45.375908,357730.44,0.75,0.1,33.08001,596213.75,0.25,0.9,70.92285,0.73933744,0.73933744,1.0,233.25673,596213.75,1.6124573,-400.25253,50.96806,55.184006,0.8214861,0.9,1.0,859.2993,1.0,70.04873,70.3948,68.107056,70.095146,67.49402
2018-01-02 16:27:00,4.1783432999999995e-25,0.0,45.378162,357730.44,0.75,0.1,33.08001,596214.0,0.25,0.9,70.92978,0.7393376,0.7393376,1.0,233.25676,596214.06,1.6124573,-400.25253,50.97004,55.184006,0.82148623,0.9,1.0,859.2997,1.0,70.04912,70.39447,68.130516,70.112946,67.51489
2018-01-02 16:28:00,-5.015846e-25,0.0,45.380413,357730.44,0.75,0.1,33.08001,596214.25,0.25,0.9,70.93648,0.73933774,0.73933774,1.0,233.25682,596214.25,1.6124573,-400.25253,50.971905,55.184006,0.8214864,0.9,1.0,859.3001,1.0,70.04939,70.39375,68.153915,70.13025,67.53577
2018-01-02 16:29:00,-3.5348586e-25,0.0,45.382557,357730.44,0.75,0.1,33.08001,596214.5,0.25,0.9,70.94296,0.73933786,0.73933786,1.0,233.25687,596214.56,1.6124573,-400.25253,50.973717,55.184006,0.82148653,0.9,1.0,859.3005,1.0,70.04961,70.392654,68.17732,70.14694,67.556755
2018-01-02 16:30:00,2.1096764e-25,0.0,45.384644,357730.44,0.75,0.1,33.08001,596214.7,0.25,0.9,70.94928,0.73933804,0.73933804,1.0,233.25693,596214.75,1.6124573,-400.25253,50.975475,55.184006,0.8214867,0.9,1.0,859.30084,1.0,70.04967,70.39128,68.200714,70.16315,67.5779
2018-01-02 16:31:00,4.1845062999999995e-25,0.0,45.386677,357730.44,0.75,0.1,33.08001,596214.94,0.25,0.9,70.955376,0.73933816,0.73933816,1.0,233.25697,596215.0,1.6124573,-400.25253,50.977234,55.184006,0.82148683,0.9,1.0,859.3012,1.0,70.04967,70.38958,68.22406,70.1788,67.599106
2018-01-02 16:32:00,-5.9747846999999995e-25,0.0,45.388653,357730.44,0.75,0.1,33.08001,596215.1,0.25,0.9,70.9613,0.7393383,0.7393383,1.0,233.25705,596215.1,1.6124573,-400.25253,50.97888,55.184006,0.821487,0.9,1.0,859.3016,1.0,70.04955,70.38754,68.247406,70.19391,67.620476
2018-01-02 16:33:00,-1.4967278e-24,0.0,45.390522,357730.44,0.75,0.1,33.08001,596215.3,0.25,0.9,70.96707,0.7393384,0.7393384,1.0,233.25711,596215.4,1.6124573,-400.25253,50.980476,55.184006,0.8214871,0.9,1.0,859.302,1.0,70.04939,70.38524,68.270706,70.208466,67.64195
2018-01-02 16:34:00,-8.91516e-25,0.0,45.392387,357730.44,0.75,0.1,33.08001,596215.56,0.25,0.9,70.97268,0.7393385,0.7393385,1.0,233.25717,596215.56,1.6124573,-400.25253,50.982067,55.184006,0.82148725,0.9,1.0,859.30237,1.0,70.049164,70.38266,68.29399,70.222534,67.66348
2018-01-02 16:35:00,2.9365329999999998e-24,0.0,45.394203,357730.44,0.75,0.1,33.08001,596215.7,0.25,0.9,70.97812,0.73933864,0.73933864,1.0,233.25723,596215.7,1.6124573,-400.25253,50.98355,55.184006,0.82148737,0.9,1.0,859.3027,1.0,70.04884,70.37981,68.31717,70.236046,67.685135
2018-01-02 16:36:00,6.064988e-25,0.0,45.395958,357730.44,0.75,0.1,33.08001,596215.9,0.25,0.9,70.983444,0.73933876,0.73933876,1.0,233.2573,596215.9,1.6124573,-400.25253,50.98503,55.184006,0.8214875,0.9,1.0,859.303,1.0,70.048454,70.37662,68.340355,70.24901,67.70688
2018-01-02 16:37:00,1.353887e-25,0.0,45.397663,357730.44,0.75,0.1,33.08001,596216.0,0.25,0.9,70.98861,0.7393388,0.7393388,1.0,233.25735,596216.06,1.6124573,-400.25253,50.98646,55.184006,0.8214876,0.9,1.0,859.30334,1.0,70.04802,70.373215,68.36354,70.261475,67.728745
2018-01-02 16:38:00,2.483492e-24,0.0,45.39931,357730.44,0.75,0.1,33.08001,596216.1,0.25,0.9,70.99361,0.73933893,0.73933893,1.0,233.25742,596216.1,1.6124573,-400.25253,50.987892,55.184006,0.8214877,0.9,1.0,859.30365,1.0,70.04747,70.36958,68.38661,70.27345,67.75061
2018-01-02 16:39:00,-2.2797432e-25,0.0,45.40096,357730.44,0.75,0.1,33.08001,596216.25,0.25,0.9,70.99855,0.73933905,0.73933905,1.0,233.25748,596216.25,1.6124573,-400.25253,50.989265,55.184006,0.82148784,0.9,1.0,859.3039,1.0,70.04692,70.365685,68.40962,70.28488,67.77264
2018-01-02 16:40:00,2.3062988e-24,0.0,45.402496,357730.44,0.75,0.1,33.08001,596216.4,0.25,0.9,71.00328,0.7393391,0.7393391,1.0,233.25754,596216.44,1.6124573,-400.25253,50.99058,55.184006,0.8214879,0.9,1.0,859.3042,1.0,70.04631,70.361565,68.43264,70.29587,67.79472
2018-01-02 16:41:00,-6.959275400000001e-27,0.0,45.404034,357730.44,0.75,0.1,33.08001,596216.5,0.25,0.9,71.00795,0.73933923,0.73933923,1.0,233.25758,596216.5,1.6124573,-400.25253,50.991844,55.184006,0.821488,0.9,1.0,859.3045,1.0,70.045654,70.35717,68.45555,70.306305,67.81686
2018-01-02 16:42:00,6.8260104999999995e-25,0.0,45.405518,357730.44,0.75,0.1,33.08001,596216.56,0.25,0.9,71.012505,0.7393393,0.7393393,1.0,233.25764,596216.56,1.6124573,-400.25253,50.99311,55.184006,0.82148814,0.9,1.0,859.30475,1.0,70.04494,70.352615,68.47839,70.316246,67.8391
2018-01-02 16:43:00,-1.2114063000000001e-24,0.0,45.407,357730.44,0.75,0.1,33.08001,596216.7,0.25,0.9,71.0169,0.73933935,0.73933935,1.0,233.2577,596216.7,1.6124573,-400.25253,50.99437,55.184006,0.8214882,0.9,1.0,859.305,1.0,70.044174,70.34783,68.501144,70.325745,67.86135
2018-01-02 16:44:00,6.4153695e-24,0.0,45.40843,357730.44,0.75,0.1,33.08001,596216.75,0.25,0.9,71.02118,0.7393394,0.7393394,1.0,233.25775,596216.75,1.6124573,-400.25253,50.995525,55.184006,0.82148826,0.9,1.0,859.30524,1.0,70.043396,70.34289,68.52388,70.3347,67.88371
2018-01-02 16:45:00,-1.0098924000000001e-24,0.0,45.4098,357730.44,0.75,0.1,33.08001,596216.9,0.25,0.9,71.02541,0.73933953,0.73933953,1.0,233.25781,596216.9,1.6124573,-400.25253,50.996735,55.184006,0.8214883,0.9,1.0,859.3054,1.0,70.04253,70.33767,68.54651,70.343216,67.90612
2018-01-02 16:46:00,5.5937172e-24,0.0,45.411175,357730.44,0.75,0.1,33.08001,596216.94,0.25,0.9,71.02948,0.7393396,0.7393396,1.0,233.25786,596216.94,1.6124573,-400.25253,50.997833,55.184006,0.82148844,0.9,1.0,859.30566,1.0,70.0417,70.33234,68.56903,70.35129,67.92859
2018-01-02 16:47:00,-1.482335e-25,0.0,45.412495,357730.44,0.75,0.1,33.08001,596217.0,0.25,0.9,71.03349,0.73933965,0.73933965,1.0,233.25789,596217.0,1.6124573,-400.25253,50.998985,55.184006,0.8214885,0.9,1.0,859.30585,1.0,70.040764,70.3268,68.59151,70.35887,67.95111
2018-01-02 16:48:00,-7.733239e-25,0.0,45.413757,357730.44,0.75,0.1,33.08001,596217.06,0.25,0.9,71.037384,0.7393397,0.7393397,1.0,233.25793,596217.06,1.6124573,-400.25253,51.00003,55.184006,0.82148856,0.9,1.0,859.306,1.0,70.03989,70.32114,68.613914,70.36601,67.97369
2018-01-02 16:49:00,-3.4537178e-26,0.0,45.41502,357730.44,0.75,0.1,33.08001,596217.06,0.25,0.9,71.04118,0.7393397,0.7393397,1.0,233.25798,596217.06,1.6124573,-400.25253,51.00113,55.184006,0.8214886,0.9,1.0,859.30615,1.0,70.038895,70.31526,68.636215,70.372665,67.99626
2018-01-02 16:50:00,8.2044335e-24,0.0,45.41623,357730.44,0.75,0.1,33.08001,596217.1,0.25,0.9,71.04486,0.73933977,0.73933977,1.0,233.25801,596217.1,1.6124573,-400.25253,51.002117,55.184006,0.8214887,0.9,1.0,859.30634,1.0,70.037964,70.309265,68.65841,70.37892,68.01889
2018-01-02 16:51:00,5.3861486e-24,0.0,45.41744,357730.44,0.75,0.1,33.08001,596217.2,0.25,0.9,71.048485,0.7393398,0.7393398,1.0,233.25806,596217.2,1.6124573,-400.25253,51.00316,55.184006,0.8214887,0.9,1.0,859.30646,1.0,70.03692,70.303116,68.6805,70.38475,68.04158
2018-01-02 16:52:00,7.486047e-24,0.0,45.41859,357730.44,0.75,0.1,33.08001,596217.25,0.25,0.9,71.052,0.7393399,0.7393399,1.0,233.25809,596217.25,1.6124573,-400.25253,51.00415,55.184006,0.82148874,0.9,1.0,859.3066,1.0,70.035934,70.2968,68.702515,70.390076,68.06427
2018-01-02 16:53:00,-1.5704304e-24,0.0,45.419746,357730.44,0.75,0.1,33.08001,596217.25,0.25,0.9,71.055405,0.7393399,0.7393399,1.0,233.25812,596217.25,1.6124573,-400.25253,51.00508,55.184006,0.8214888,0.9,1.0,859.30676,1.0,70.03488,70.290375,68.72438,70.39502,68.087006
2018-01-02 16:54:00,1.8265242e-24,0.0,45.420845,357730.44,0.75,0.1,33.08001,596217.3,0.25,0.9,71.05876,0.73933995,0.73933995,1.0,233.25815,596217.3,1.6124573,-400.25253,51.00602,55.184006,0.82148886,0.9,1.0,859.3068,1.0,70.033844,70.28384,68.746185,70.39958,68.10976
2018-01-02 16:55:00,6.4369855e-24,0.0,45.421886,357730.44,0.75,0.1,33.08001,596217.3,0.25,0.9,71.062,0.73933995,0.73933995,1.0,233.25818,596217.4,1.6124573,-400.25253,51.00695,55.184006,0.82148886,0.9,1.0,859.307,1.0,70.032745,70.27719,68.76788,70.4037,68.13249
2018-01-02 16:56:00,-6.672916e-24,0.0,45.42293,357730.44,0.75,0.1,33.08001,596217.4,0.25,0.9,71.065186,0.73934,0.73934,1.0,233.25821,596217.4,1.6124573,-400.25253,51.007828,55.184006,0.8214889,0.9,1.0,859.3071,1.0,70.03165,70.27038,68.78942,70.40743,68.155235
2018-01-02 16:57:00,-2.4506585000000002e-24,0.0,45.423973,357730.44,0.75,0.1,33.08001,596217.4,0.25,0.9,71.06826,0.73934,0.73934,1.0,233.25822,596217.4,1.6124573,-400.25253,51.00871,55.184006,0.8214889,0.9,1.0,859.3072,1.0,70.03055,70.26351,68.8109,70.41073,68.17803
2018-01-02 16:58:00,3.7279958e-26,0.0,45.424965,357730.44,0.75,0.1,33.08001,596217.44,0.25,0.9,71.07128,0.73934007,0.73934007,1.0,233.25826,596217.44,1.6124573,-400.25253,51.00959,55.184006,0.821489,0.9,1.0,859.3073,1.0,70.02939,70.25653,68.832214,70.4137,68.200775
2018-01-02 16:59:00,-2.5755226000000002e-24,0.0,45.425953,357730.44,0.75,0.1,33.08001,596217.44,0.25,0.9,71.07425,0.73934007,0.73934007,1.0,233.25827,596217.44,1.6124573,-400.25253,51.010414,55.184006,0.821489,0.9,1.0,859.3074,1.0,70.02829,70.249504,68.85342,70.416275,68.22357
2018-01-02 17:00:00,6.0837194000000005e-24,0.0,45.426888,357730.44,0.75,0.1,33.08001,596217.44,0.25,0.9,71.0771,0.7393401,0.7393401,1.0,233.2583,596217.44,1.6124573,-400.25253,51.01124,55.184006,0.821489,0.9,1.0,859.30743,1.0,70.027145,70.24236,68.87445,70.41847,68.24631
2018-01-02 17:01:00,5.2065833000000004e-24,0.0,45.42782,357730.44,0.75,0.1,33.04403,596217.5,0.25,0.9,71.07991,0.7393401,0.7393401,1.0,233.25832,596217.5,1.6124573,-400.25253,51.012005,55.184006,0.82148904,0.9,1.0,859.3075,1.0,70.025986,70.2344,68.895386,70.42029,68.26906
2018-01-02 17:02:00,-4.882454e-22,0.0,45.404472,357730.44,0.75,0.1,33.007996,596217.5,0.25,0.9,71.080345,0.7393401,0.7393401,1.0,233.25835,596217.5,1.6124573,-400.25253,51.003273,55.184006,0.82148904,0.9,1.0,859.30756,1.0,69.97716,70.22369,68.91049,70.41826,68.28592
2018-01-02 17:03:00,-6.874699000000001e-22,0.0,45.379425,357730.44,0.75,0.1,32.972015,596217.5,0.25,0.9,71.076385,0.7393401,0.7393401,1.0,233.25836,596217.5,1.6124573,-400.25253,50.992836,55.184006,0.82148904,0.9,1.0,859.3076,1.0,69.96144,70.21292,68.9256,70.416,68.30295
2018-01-02 17:04:00,2.847727e-21,0.0,45.353554,357730.44,0.75,0.1,32.936035,596217.5,0.25,0.9,71.07051,0.7393402,0.7393402,1.0,233.25838,596217.5,1.6124573,-400.25253,50.981407,55.184006,0.8214891,0.9,1.0,859.3077,1.0,69.92843,70.2021,68.9406,70.41342,68.31998
2018-01-02 17:05:00,-7.499106e-22,0.0,45.326965,357730.44,0.75,0.1,32.9,596217.5,0.25,0.9,71.062546,0.7393402,0.7393402,1.0,233.25839,596217.5,1.6124573,-400.25253,50.969376,55.184006,0.8214891,0.9,1.0,859.30774,1.0,69.90975,70.19116,68.95543,70.41045,68.336945
2018-01-02 17:06:00,-5.6549765e-22,0.0,45.29994,357730.44,0.75,0.1,32.86402,596217.5,0.25,0.9,71.05382,0.7393402,0.7393402,1.0,233.2584,596217.5,1.6124573,-400.25253,50.95691,55.184006,0.8214891,0.9,1.0,859.3078,1.0,69.88476,70.18013,68.970146,70.407104,68.35397
2018-01-02 17:07:00,-4.4758155e-22,0.0,45.272636,357730.44,0.75,0.1,32.827984,596217.5,0.25,0.9,71.04425,0.7393402,0.7393402,1.0,233.25842,596217.5,1.6124573,-400.25253,50.944164,55.184006,0.8214891,0.9,1.0,859.3078,1.0,69.866356,70.168976,68.9847,70.40343,68.370895
2018-01-02 17:08:00,1.5498218e-21,0.0,45.245228,357730.44,0.75,0.1,32.792004,596217.5,0.25,0.9,71.03453,0.7393402,0.7393402,1.0,233.25842,596217.5,1.6124573,-400.25253,50.9312,55.184006,0.8214891,0.9,1.0,859.30786,1.0,69.846085,70.15765,68.9991,70.39935,68.38782
2018-01-02 17:09:00,6.966032600000001e-22,0.0,45.217705,357730.44,0.75,0.1,32.756023,596217.5,0.25,0.9,71.02464,0.73934025,0.73934025,1.0,233.25844,596217.5,1.6124573,-400.25253,50.91807,55.184006,0.82148916,0.9,1.0,859.30786,1.0,69.829,70.146286,69.01327,70.39491,68.40468
2018-01-02 17:10:00,-1.5186093000000002e-21,0.0,45.190186,357730.44,0.75,0.1,32.71999,596217.5,0.25,0.9,71.01482,0.73934025,0.73934025,1.0,233.25844,596217.5,1.6124573,-400.25253,50.90483,55.184006,0.82148916,0.9,1.0,859.3079,1.0,69.811646,70.13475,69.02733,70.390076,68.42143
2018-01-02 17:11:00,2.1966963e-21,0.0,45.16272,357730.44,0.75,0.1,32.68401,596217.56,0.25,0.9,71.0052,0.73934025,0.73934025,1.0,233.25845,596217.5,1.6124573,-400.25253,50.89154,55.184006,0.82148916,0.9,1.0,859.3079,1.0,69.79604,70.12311,69.04117,70.38491,68.43813
2018-01-02 17:12:00,4.2637026e-22,0.0,45.135365,357730.44,0.75,0.1,32.64803,596217.56,0.25,0.9,70.995804,0.73934025,0.73934025,1.0,233.25845,596217.5,1.6124573,-400.25253,50.878246,55.184006,0.82148916,0.9,1.0,859.3079,1.0,69.780716,70.1113,69.054855,70.379364,68.45477
2018-01-02 17:13:00,-1.743907e-21,0.0,45.10801,357730.44,0.75,0.1,32.61199,596217.56,0.25,0.9,70.98663,0.73934025,0.73934025,1.0,233.25847,596217.5,1.6124573,-400.25253,50.864845,55.184006,0.82148916,0.9,1.0,859.308,1.0,69.76643,70.09938,69.06836,70.37343,68.47131
2018-01-02 17:14:00,3.9523782000000003e-22,0.0,45.08082,357730.44,0.75,0.1,32.57601,596217.5,0.25,0.9,70.97778,0.73934025,0.73934025,1.0,233.25847,596217.5,1.6124573,-400.25253,50.85144,55.184006,0.82148916,0.9,1.0,859.308,1.0,69.75265,70.08734,69.08166,70.36717,68.48773
2018-01-02 17:15:00,-2.1104102e-21,0.0,45.05368,357730.44,0.75,0.1,32.54003,596217.5,0.25,0.9,70.96922,0.73934025,0.73934025,1.0,233.25848,596217.5,1.6124573,-400.25253,50.838036,55.184006,0.82148916,0.9,1.0,859.308,1.0,69.73958,70.07526,69.09473,70.36058,68.50405
2018-01-02 17:16:00,2.3601337e-22,0.0,45.026653,357730.44,0.75,0.1,32.503998,596217.5,0.25,0.9,70.96092,0.73934025,0.73934025,1.0,233.25848,596217.5,1.6124573,-400.25253,50.824577,55.184006,0.82148916,0.9,1.0,859.308,1.0,69.726944,70.06301,69.107635,70.35365,68.52031
2018-01-02 17:17:00,7.554079000000001e-22,0.0,44.999683,357730.44,0.75,0.1,32.468018,596217.5,0.25,0.9,70.9529,0.73934025,0.73934025,1.0,233.25848,596217.5,1.6124573,-400.25253,50.81112,55.184006,0.82148916,0.9,1.0,859.30804,1.0,69.714905,70.05065,69.120384,70.346344,68.53646
2018-01-02 17:18:00,-4.381993e-22,0.0,44.97282,357730.44,0.75,0.1,32.432037,596217.5,0.25,0.9,70.94516,0.73934025,0.73934025,1.0,233.25848,596217.5,1.6124573,-400.25253,50.797607,55.184006,0.82148916,0.9,1.0,859.30804,1.0,69.70326,70.03824,69.132904,70.33877,68.552505
2018-01-02 17:19:00,-2.1498277e-22,0.0,44.946068,357730.44,0.75,0.1,32.396004,596217.5,0.25,0.9,70.93768,0.73934025,0.73934025,1.0,233.2585,596217.5,1.6124573,-400.25253,50.784096,55.184006,0.82148916,0.9,1.0,859.30804,1.0,69.69206,70.02577,69.14522,70.33092,68.568436
2018-01-02 17:20:00,-1.6301826e-21,0.0,44.919373,357730.44,0.75,0.1,32.360023,596217.5,0.25,0.9,70.930435,0.73934025,0.73934025,1.0,233.2585,596217.5,1.6124573,-400.25253,50.77058,55.184006,0.82148916,0.9,1.0,859.30804,1.0,69.68124,70.01318,69.15741,70.32268,68.58425
2018-01-02 17:21:00,4.670978500000001e-22,0.0,44.89273,357730.44,0.75,0.1,32.323986,596217.5,0.25,0.9,70.9234,0.73934025,0.73934025,1.0,233.2585,596217.5,1.6124573,-400.25253,50.75701,55.184006,0.82148916,0.9,1.0,859.30804,1.0,69.6708,70.00055,69.16939,70.31421,68.60002
2018-01-02 17:22:00,1.9335793e-21,0.0,44.866142,357730.44,0.75,0.1,32.288006,596217.5,0.25,0.9,70.916534,0.73934025,0.73934025,1.0,233.2585,596217.5,1.6124573,-400.25253,50.74339,55.184006,0.82148916,0.9,1.0,859.30804,1.0,69.66069,69.98787,69.18114,70.30548,68.615616
2018-01-02 17:23:00,-9.37279e-22,0.0,44.83967,357730.44,0.75,0.1,32.252026,596217.5,0.25,0.9,70.9099,0.73934025,0.73934025,1.0,233.2585,596217.5,1.6124573,-400.25253,50.72982,55.184006,0.82148916,0.9,1.0,859.30804,1.0,69.65086,69.97512,69.19273,70.29647,68.631165
2018-01-02 17:24:00,-8.824366e-22,0.0,44.81319,357730.44,0.75,0.1,32.215992,596217.5,0.25,0.9,70.90341,0.73934025,0.73934025,1.0,233.2585,596217.5,1.6124573,-400.25253,50.71614,55.184006,0.82148916,0.9,1.0,859.30804,1.0,69.64136,69.962326,69.204155,70.287186,68.646545
2018-01-02 17:25:00,-6.143767e-22,0.0,44.786823,357730.44,0.75,0.1,32.18001,596217.5,0.25,0.9,70.897095,0.73934025,0.73934025,1.0,233.25851,596217.5,1.6124573,-400.25253,50.702522,55.184006,0.82148916,0.9,1.0,859.30804,1.0,69.63207,69.949524,69.21536,70.27768,68.661865
2018-01-02 17:26:00,-1.7836938e-22,0.0,44.76051,357730.44,0.75,0.1,32.14403,596217.5,0.25,0.9,70.890945,0.73934025,0.73934025,1.0,233.25851,596217.5,1.6124573,-400.25253,50.688843,55.184006,0.82148916,0.9,1.0,859.30804,1.0,69.62312,69.93667,69.2264,70.26796,68.677086
2018-01-02 17:27:00,-2.771253e-22,0.0,44.7342,357730.44,0.75,0.1,32.107994,596217.5,0.25,0.9,70.8849,0.73934025,0.73934025,1.0,233.25851,596217.5,1.6124573,-400.25253,50.67511,55.184006,0.82148916,0.9,1.0,859.30804,1.0,69.614334,69.92381,69.237274,70.257965,68.69214
2018-01-02 17:28:00,1.3964324e-22,0.0,44.70794,357730.44,0.75,0.1,32.072014,596217.5,0.25,0.9,70.87897,0.73934025,0.73934025,1.0,233.25851,596217.5,1.6124573,-400.25253,50.661377,55.184006,0.82148916,0.9,1.0,859.30804,1.0,69.60582,69.910965,69.24794,70.2478,68.70714
2018-01-02 17:29:00,-1.2203854000000002e-22,0.0,44.68174,357730.44,0.75,0.1,32.036034,596217.5,0.25,0.9,70.8732,0.73934025,0.73934025,1.0,233.25851,596217.5,1.6124573,-400.25253,50.647644,55.184006,0.82148916,0.9,1.0,859.30804,1.0,69.597466,69.8981,69.258484,70.23742,68.722015
2018-01-02 17:30:00,3.0655561000000005e-22,0.0,44.655537,357730.44,0.75,0.1,32.0,596217.5,0.25,0.9,70.867485,0.73934025,0.73934025,1.0,233.25851,596217.5,1.6124573,-400.25253,50.633858,55.184006,0.82148916,0.9,1.0,859.30804,1.0,69.58934,69.885254,69.268814,70.22687,68.7368
2018-01-02 17:31:00,7.949681e-24,0.0,44.629387,357730.44,0.75,0.1,31.96402,596217.5,0.25,0.9,70.86194,0.73934025,0.73934025,1.0,233.25851,596217.5,1.6124573,-400.25253,50.620068,55.184006,0.82148916,0.9,1.0,859.30804,1.0,69.581375,69.8724,69.278915,70.21611,68.751465
2018-01-02 17:32:00,1.6604418e-24,0.0,44.603294,357730.44,0.75,0.1,31.927984,596217.5,0.25,0.9,70.856445,0.73934025,0.73934025,1.0,233.25851,596217.5,1.6124573,-400.25253,50.606277,55.184006,0.82148916,0.9,1.0,859.30804,1.0,69.57362,69.859604,69.28891,70.20523,68.76596
2018-01-02 17:33:00,4.53058e-24,0.0,44.5772,357730.44,0.75,0.1,31.892004,596217.5,0.25,0.9,70.851006,0.73934025,0.73934025,1.0,233.25851,596217.5,1.6124573,-400.25253,50.592438,55.184006,0.82148916,0.9,1.0,859.30804,1.0,69.565994,69.8468,69.29869,70.19414,68.78041
2018-01-02 17:34:00,-3.4764633e-22,0.0,44.551167,357730.44,0.75,0.1,31.856024,596217.5,0.25,0.9,70.84567,0.73934025,0.73934025,1.0,233.25851,596217.5,1.6124573,-400.25253,50.578594,55.184006,0.82148916,0.9,1.0,859.30804,1.0,69.55852,69.83411,69.308365,70.18288,68.794754
2018-01-02 17:35:00,-1.1335643000000001e-21,0.0,44.525074,357730.44,0.75,0.1,31.819988,596217.5,0.25,0.9,70.84041,0.73934025,0.73934025,1.0,233.25851,596217.5,1.6124573,-400.25253,50.56475,55.184006,0.82148916,0.9,1.0,859.30804,1.0,69.55121,69.82143,69.31781,70.1715,68.808975
2018-01-02 17:36:00,-9.17887e-21,0.0,44.499092,357730.44,0.75,0.1,31.784008,596217.5,0.25,0.9,70.83519,0.73934025,0.73934025,1.0,233.25851,596217.44,1.6124573,-400.25253,50.550854,55.184006,0.82148916,0.9,1.0,859.30804,1.0,69.54407,69.80879,69.32709,70.16002,68.823044
2018-01-02 17:37:00,-2.1210712e-21,0.0,44.473053,357730.44,0.75,0.1,31.748028,596217.44,0.25,0.9,70.83008,0.73934025,0.73934025,1.0,233.25851,596217.44,1.6124573,-400.25253,50.536903,55.184006,0.82148916,0.9,1.0,859.30804,1.0,69.53704,69.7962,69.33621,70.14838,68.83705
2018-01-02 17:38:00,-4.4803277e-21,0.0,44.44718,357730.44,0.75,0.1,31.711994,596217.44,0.25,0.9,70.82503,0.73934025,0.73934025,1.0,233.25851,596217.44,1.6124573,-400.25253,50.52295,55.184006,0.82148916,0.9,1.0,859.30804,1.0,69.53012,69.78368,69.34517,70.13662,68.85089
2018-01-02 17:39:00,-6.6669014e-23,0.0,44.421143,357730.44,0.75,0.1,31.676014,596217.44,0.25,0.9,70.82002,0.73934025,0.73934025,1.0,233.25851,596217.44,1.6124573,-400.25253,50.50905,55.184006,0.82148916,0.9,1.0,859.30804,1.0,69.52336,69.77121,69.35396,70.124756,68.86468
2018-01-02 17:40:00,-3.2000764e-21,0.0,44.39527,357730.44,0.75,0.1,31.640034,596217.44,0.25,0.9,70.81508,0.73934025,0.73934025,1.0,233.25851,596217.44,1.6124573,-400.25253,50.49504,55.184006,0.82148916,0.9,1.0,859.30804,1.0,69.516716,69.75885,69.36258,70.11278,68.878296
2018-01-02 17:41:00,6.1824675000000005e-21,0.0,44.369343,357730.44,0.75,0.1,31.603998,596217.44,0.25,0.9,70.810196,0.73934025,0.73934025,1.0,233.25851,596217.44,1.6124573,-400.25253,50.481148,55.184006,0.82148916,0.9,1.0,859.30804,1.0,69.51018,69.746605,69.37103,70.10075,68.89187
2018-01-02 17:42:00,3.8979422000000004e-22,0.0,44.343468,357730.44,0.75,0.1,31.568018,596217.44,0.25,0.9,70.8053,0.73934025,0.73934025,1.0,233.25851,596217.44,1.6124573,-400.25253,50.46714,55.184006,0.82148916,0.9,1.0,859.30804,1.0,69.50375,69.734406,69.37933,70.08861,68.90527
2018-01-02 17:43:00,8.8074e-22,0.0,44.317596,357730.44,0.75,0.1,31.532038,596217.44,0.25,0.9,70.80052,0.73934025,0.73934025,1.0,233.25851,596217.44,1.6124573,-400.25253,50.453133,55.184006,0.82148916,0.9,1.0,859.30804,1.0,69.49749,69.72232,69.38747,70.076416,68.918564
2018-01-02 17:44:00,2.1704783e-21,0.0,44.291725,357730.44,0.75,0.1,31.496002,596217.44,0.25,0.9,70.7958,0.73934025,0.73934025,1.0,233.25851,596217.44,1.6124573,-400.25253,50.439125,55.184006,0.82148916,0.9,1.0,859.30804,1.0,69.49129,69.7103,69.39548,70.06411,68.93175
2018-01-02 17:45:00,-1.5312806e-21,0.0,44.265907,357730.44,0.75,0.1,31.460022,596217.44,0.25,0.9,70.79108,0.73934025,0.73934025,1.0,233.25851,596217.44,1.6124573,-400.25253,50.425117,55.184006,0.82148916,0.9,1.0,859.30804,1.0,69.48518,69.698425,69.40328,70.0518,68.944824
2018-01-02 17:46:00,4.747231e-22,0.0,44.24009,357730.44,0.75,0.1,31.423986,596217.44,0.25,0.9,70.78646,0.73934025,0.73934025,1.0,233.25851,596217.44,1.6124573,-400.25253,50.411053,55.184006,0.82148916,0.9,1.0,859.30804,1.0,69.47914,69.686615,69.41097,70.03939,68.95779
2018-01-02 17:47:00,2.8040237000000002e-21,0.0,44.21427,357730.44,0.75,0.1,31.388006,596217.44,0.25,0.9,70.781845,0.73934025,0.73934025,1.0,233.25851,596217.44,1.6124573,-400.25253,50.396988,55.184006,0.82148916,0.9,1.0,859.30804,1.0,69.47327,69.67497,69.41844,70.02698,68.97058
2018-01-02 17:48:00,-1.6624322000000002e-22,0.0,44.188454,357730.44,0.75,0.1,31.352026,596217.44,0.25,0.9,70.77728,0.73934025,0.73934025,1.0,233.25851,596217.44,1.6124573,-400.25253,50.382927,55.184006,0.82148916,0.9,1.0,859.308,1.0,69.46744,69.66338,69.425804,70.01456,68.98333
2018-01-02 17:49:00,2.6874985000000002e-21,0.0,44.162636,357730.44,0.75,0.1,31.31599,596217.44,0.25,0.9,70.77278,0.73934025,0.73934025,1.0,233.25851,596217.44,1.6124573,-400.25253,50.368866,55.184006,0.82148916,0.9,1.0,859.308,1.0,69.46173,69.65196,69.433,70.00204,68.99591
2018-01-02 17:50:00,-5.387816500000001e-22,0.0,44.13687,357730.44,0.75,0.1,31.28001,596217.44,0.25,0.9,70.76833,0.73934025,0.73934025,1.0,233.25851,596217.44,1.6124573,-400.25253,50.354748,55.184006,0.82148916,0.9,1.0,859.308,1.0,69.45607,69.64064,69.44009,69.98956,69.00844
2018-01-02 17:51:00,1.2101387000000001e-21,0.0,44.111107,357730.44,0.75,0.1,31.24403,596217.44,0.25,0.9,70.763885,0.73934025,0.73934025,1.0,233.2585,596217.44,1.6124573,-400.25253,50.340683,55.184006,0.82148916,0.9,1.0,859.308,1.0,69.45052,69.629486,69.44695,69.97704,69.0208
2018-01-02 17:52:00,-1.952442e-21,0.0,44.085346,357730.44,0.75,0.1,31.207996,596217.44,0.25,0.9,70.759544,0.73934025,0.73934025,1.0,233.2585,596217.44,1.6124573,-400.25253,50.32657,55.184006,0.82148916,0.9,1.0,859.308,1.0,69.44508,69.618454,69.453705,69.96452,69.03304
2018-01-02 17:53:00,7.5293196e-22,0.0,44.05964,357730.44,0.75,0.1,31.172016,596217.44,0.25,0.9,70.7552,0.73934025,0.73934025,1.0,233.2585,596217.44,1.6124573,-400.25253,50.31245,55.184006,0.82148916,0.9,1.0,859.308,1.0,69.4397,69.60751,69.46036,69.951996,69.04518
2018-01-02 17:54:00,-6.119691e-22,0.0,44.033928,357730.44,0.75,0.1,31.136036,596217.44,0.25,0.9,70.75087,0.73934025,0.73934025,1.0,233.2585,596217.44,1.6124573,-400.25253,50.298332,55.184006,0.82148916,0.9,1.0,859.308,1.0,69.43437,69.596756,69.46678,69.93947,69.05716
2018-01-02 17:55:00,2.5125924e-22,0.0,44.00822,357730.44,0.75,0.1,31.1,596217.44,0.25,0.9,70.746635,0.73934025,0.73934025,1.0,233.2585,596217.44,1.6124573,-400.25253,50.28416,55.184006,0.82148916,0.9,1.0,859.308,1.0,69.42915,69.58615,69.4731,69.92694,69.06908
2018-01-02 17:56:00,2.0562076e-21,0.0,43.982513,357730.44,0.75,0.1,31.06402,596217.44,0.25,0.9,70.7424,0.73934025,0.73934025,1.0,233.2585,596217.44,1.6124573,-400.25253,50.270042,55.184006,0.82148916,0.9,1.0,859.308,1.0,69.423996,69.57565,69.47931,69.914474,69.08083
2018-01-02 17:57:00,9.520356000000001e-22,0.0,43.956806,357730.44,0.75,0.1,31.027985,596217.44,0.25,0.9,70.73828,0.73934025,0.73934025,1.0,233.2585,596217.44,1.6124573,-400.25253,50.25587,55.184006,0.82148916,0.9,1.0,859.308,1.0,69.41894,69.56533,69.48535,69.90201,69.09253
2018-01-02 17:58:00,5.808510300000001e-22,0.0,43.931152,357730.44,0.75,0.1,30.992004,596217.44,0.25,0.9,70.734116,0.73934025,0.73934025,1.0,233.2585,596217.44,1.6124573,-400.25253,50.2417,55.184006,0.82148916,0.9,1.0,859.308,1.0,69.41394,69.55517,69.49123,69.88959,69.104065
2018-01-02 17:59:00,1.4030787e-21,0.0,43.9055,357730.44,0.75,0.1,30.956024,596217.44,0.25,0.9,70.73004,0.73934025,0.73934025,1.0,233.2585,596217.44,1.6124573,-400.25253,50.227524,55.184006,0.82148916,0.9,1.0,859.308,1.0,69.40905,69.54512,69.496994,69.87718,69.11549
2018-01-02 18:00:00,7.108559e-22,0.0,43.879845,357730.44,0.75,0.1,30.919989,596217.44,0.25,0.9,70.726036,0.73934025,0.73934025,1.0,233.2585,596217.44,1.6124573,-400.25253,50.213356,55.184006,0.82148916,0.9,1.0,859.308,1.0,69.40416,69.53528,69.502655,69.86482,69.126816
2018-01-02 18:01:00,1.852131e-21,0.0,43.854248,357730.44,0.75,0.1,30.956024,596217.44,0.25,0.9,70.72203,0.73934025,0.73934025,1.0,233.2585,596217.44,1.6124573,-400.25253,50.19918,55.184006,0.82148916,0.9,1.0,859.308,1.0,69.39938,69.52556,69.50815,69.85251,69.138016
2018-01-02 18:02:00,-5.1652784e-22,0.0,43.876167,357730.44,0.75,0.1,30.992004,596217.44,0.25,0.9,70.71489,0.73934025,0.73934025,1.0,233.2585,596217.44,1.6124573,-400.25253,50.204124,55.184006,0.82148916,0.9,1.0,859.308,1.0,69.32956,69.51111,69.505844,69.83548,69.141205
2018-01-02 18:03:00,-1.5765283e-22,0.0,43.896984,357730.44,0.75,0.1,31.027985,596217.44,0.25,0.9,70.70203,0.73934025,0.73934025,1.0,233.2585,596217.44,1.6124573,-400.25253,50.210938,55.184006,0.82148916,0.9,1.0,859.308,1.0,69.30649,69.496994,69.50386,69.818565,69.14461
2018-01-02 18:04:00,-4.3598154e-22,0.0,43.916706,357730.44,0.75,0.1,31.06402,596217.44,0.25,0.9,70.686874,0.73934025,0.73934025,1.0,233.2585,596217.44,1.6124573,-400.25253,50.218025,55.184006,0.82148916,0.9,1.0,859.308,1.0,69.260025,69.483154,69.50183,69.80181,69.14801
2018-01-02 18:05:00,1.897388e-21,0.0,43.935547,357730.44,0.75,0.1,31.1,596217.44,0.25,0.9,70.669235,0.73934025,0.73934025,1.0,233.2585,596217.44,1.6124573,-400.25253,50.225166,55.184006,0.82148916,0.9,1.0,859.308,1.0,69.23453,69.46975,69.4998,69.78528,69.151474
2018-01-02 18:06:00,5.960475e-22,0.0,43.954002,357730.44,0.75,0.1,31.136036,596217.44,0.25,0.9,70.651,0.73934025,0.73934025,1.0,233.2585,596217.44,1.6124573,-400.25253,50.232414,55.184006,0.82148916,0.9,1.0,859.308,1.0,69.201355,69.45679,69.497925,69.76901,69.155045
2018-01-02 18:07:00,-2.2534965000000002e-21,0.0,43.97224,357730.44,0.75,0.1,31.172016,596217.44,0.25,0.9,70.63222,0.73934025,0.73934025,1.0,233.2585,596217.44,1.6124573,-400.25253,50.239723,55.184006,0.82148916,0.9,1.0,859.308,1.0,69.1785,69.44426,69.49612,69.75308,69.15878
2018-01-02 18:08:00,5.0732647e-22,0.0,43.990643,357730.44,0.75,0.1,31.207996,596217.44,0.25,0.9,70.613754,0.73934025,0.73934025,1.0,233.2585,596217.44,1.6124573,-400.25253,50.247192,55.184006,0.82148916,0.9,1.0,859.308,1.0,69.15405,69.43228,69.494415,69.73749,69.16263
2018-01-02 18:09:00,2.7066444e-22,0.0,44.00899,357730.44,0.75,0.1,31.24403,596217.44,0.25,0.9,70.59585,0.73934025,0.73934025,1.0,233.2585,596217.44,1.6124573,-400.25253,50.254715,55.184006,0.82148916,0.9,1.0,859.308,1.0,69.13527,69.42081,69.492874,69.722275,69.16664
2018-01-02 18:10:00,-4.3263977e-21,0.0,44.02761,357730.44,0.75,0.1,31.28001,596217.44,0.25,0.9,70.578766,0.73934025,0.73934025,1.0,233.2585,596217.44,1.6124573,-400.25253,50.262463,55.184006,0.82148916,0.9,1.0,859.308,1.0,69.11714,69.409874,69.4915,69.70744,69.17081
2018-01-02 18:11:00,5.8490955000000005e-21,0.0,44.046562,357730.44,0.75,0.1,31.31599,596217.44,0.25,0.9,70.56267,0.73934025,0.73934025,1.0,233.2585,596217.44,1.6124573,-400.25253,50.27037,55.184006,0.82148916,0.9,1.0,859.308,1.0,69.10253,69.39949,69.49035,69.69299,69.1752
2018-01-02 18:12:00,6.3244955e-22,0.0,44.06579,357730.44,0.75,0.1,31.352026,596217.44,0.25,0.9,70.54773,0.73934025,0.73934025,1.0,233.2585,596217.44,1.6124573,-400.25253,50.278557,55.184006,0.82148916,0.9,1.0,859.308,1.0,69.089294,69.38966,69.4893,69.678925,69.179825
2018-01-02 18:13:00,1.511771e-21,0.0,44.0854,357730.44,0.75,0.1,31.388006,596217.44,0.25,0.9,70.533936,0.73934025,0.73934025,1.0,233.2585,596217.44,1.6124573,-400.25253,50.286964,55.184006,0.82148916,0.9,1.0,859.308,1.0,69.078476,69.38037,69.48843,69.66525,69.1846
2018-01-02 18:14:00,1.6015493e-21,0.0,44.10545,357730.44,0.75,0.1,31.423986,596217.44,0.25,0.9,70.52136,0.73934025,0.73934025,1.0,233.2585,596217.44,1.6124573,-400.25253,50.29564,55.184006,0.82148916,0.9,1.0,859.308,1.0,69.06914,69.37164,69.48776,69.65201,69.189545
2018-01-02 18:15:00,4.0026616e-21,0.0,44.12583,357730.44,0.75,0.1,31.460022,596217.44,0.25,0.9,70.50993,0.73934025,0.73934025,1.0,233.2585,596217.44,1.6124573,-400.25253,50.30465,55.184006,0.82148916,0.9,1.0,859.308,1.0,69.06161,69.3634,69.487274,69.63921,69.1947
2018-01-02 18:16:00,-3.0977384000000003e-22,0.0,44.14665,357730.44,0.75,0.1,31.496002,596217.44,0.25,0.9,70.49972,0.73934025,0.73934025,1.0,233.2585,596217.44,1.6124573,-400.25253,50.31388,55.184006,0.82148916,0.9,1.0,859.308,1.0,69.05551,69.35577,69.48694,69.6268,69.20009
2018-01-02 18:17:00,3.1922172e-21,0.0,44.167744,357730.44,0.75,0.1,31.532038,596217.44,0.25,0.9,70.490654,0.73934025,0.73934025,1.0,233.2585,596217.44,1.6124573,-400.25253,50.323273,55.184006,0.82148916,0.9,1.0,859.308,1.0,69.05084,69.34868,69.48683,69.61488,69.20569
2018-01-02 18:18:00,1.7190429e-21,0.0,44.189278,357730.44,0.75,0.1,31.568018,596217.44,0.25,0.9,70.48269,0.73934025,0.73934025,1.0,233.2585,596217.44,1.6124573,-400.25253,50.33305,55.184006,0.82148916,0.9,1.0,859.308,1.0,69.04744,69.34215,69.48689,69.60335,69.21146
2018-01-02 18:19:00,-3.9281483000000004e-21,0.0,44.21114,357730.44,0.75,0.1,31.603998,596217.44,0.25,0.9,70.47571,0.73934025,0.73934025,1.0,233.2585,596217.44,1.6124573,-400.25253,50.3431,55.184006,0.82148916,0.9,1.0,859.308,1.0,69.04513,69.336105,69.48711,69.59225,69.21739
2018-01-02 18:20:00,-1.1421068e-24,0.0,44.233387,357730.44,0.75,0.1,31.640034,596217.44,0.25,0.9,70.46978,0.73934025,0.73934025,1.0,233.2585,596217.44,1.6124573,-400.25253,50.35343,55.184006,0.82148916,0.9,1.0,859.308,1.0,69.043915,69.33066,69.4876,69.58159,69.2236
2018-01-02 18:21:00,-1.6386402e-21,0.0,44.25585,357730.44,0.75,0.1,31.676014,596217.44,0.25,0.9,70.46478,0.73934025,0.73934025,1.0,233.2585,596217.44,1.6124573,-400.25253,50.363922,55.184006,0.82148916,0.9,1.0,859.308,1.0,69.0437,69.325714,69.488205,69.57137,69.22992
2018-01-02 18:22:00,-3.6477224000000004e-22,0.0,44.27865,357730.44,0.75,0.1,31.711994,596217.44,0.25,0.9,70.46066,0.73934025,0.73934025,1.0,233.2585,596217.44,1.6124573,-400.25253,50.374687,55.184006,0.82148916,0.9,1.0,859.308,1.0,69.04442,69.32132,69.48903,69.56154,69.23651
2018-01-02 18:23:00,1.2101292e-20,0.0,44.301777,357730.44,0.75,0.1,31.748028,596217.44,0.25,0.9,70.45742,0.73934025,0.73934025,1.0,233.2585,596217.44,1.6124573,-400.25253,50.385674,55.184006,0.82148916,0.9,1.0,859.308,1.0,69.0459,69.31743,69.490074,69.5522,69.24321
2018-01-02 18:24:00,6.382883e-21,0.0,44.325176,357730.44,0.75,0.1,31.784008,596217.44,0.25,0.9,70.45495,0.73934025,0.73934025,1.0,233.2585,596217.44,1.6124573,-400.25253,50.39688,55.184006,0.82148916,0.9,1.0,859.308,1.0,69.0482,69.31407,69.49129,69.54324,69.25014
2018-01-02 18:25:00,8.4125404e-22,0.0,44.348743,357730.44,0.75,0.1,31.819988,596217.44,0.25,0.9,70.453186,0.73934025,0.73934025,1.0,233.2585,596217.44,1.6124573,-400.25253,50.40825,55.184006,0.82148916,0.9,1.0,859.308,1.0,69.05117,69.31122,69.49266,69.53479,69.25728
2018-01-02 18:26:00,7.050294e-22,0.0,44.37258,357730.44,0.75,0.1,31.856024,596217.44,0.25,0.9,70.4522,0.73934025,0.73934025,1.0,233.2585,596217.44,1.6124573,-400.25253,50.419785,55.184006,0.82148916,0.9,1.0,859.308,1.0,69.054794,69.30885,69.49425,69.52672,69.26458
2018-01-02 18:27:00,3.7453604000000003e-22,0.0,44.396698,357730.44,0.75,0.1,31.892004,596217.44,0.25,0.9,70.45181,0.73934025,0.73934025,1.0,233.2585,596217.44,1.6124573,-400.25253,50.43154,55.184006,0.82148916,0.9,1.0,859.308,1.0,69.05902,69.30704,69.496,69.51907,69.27205
2018-01-02 18:28:00,6.329704300000001e-22,0.0,44.42098,357730.44,0.75,0.1,31.927984,596217.44,0.25,0.9,70.45209,0.73934025,0.73934025,1.0,233.2585,596217.44,1.6124573,-400.25253,50.443405,55.184006,0.82148916,0.9,1.0,859.308,1.0,69.06386,69.305664,69.497986,69.51193,69.279686
2018-01-02 18:29:00,-6.501936000000001e-22,0.0,44.445477,357730.44,0.75,0.1,31.96402,596217.44,0.25,0.9,70.45297,0.73934025,0.73934025,1.0,233.2585,596217.44,1.6124573,-400.25253,50.45549,55.184006,0.82148916,0.9,1.0,859.308,1.0,69.06918,69.30484,69.50012,69.50518,69.28749
2018-01-02 18:30:00,1.3506423000000002e-22,0.0,44.470142,357730.44,0.75,0.1,32.0,596217.44,0.25,0.9,70.4544,0.73934025,0.73934025,1.0,233.2585,596217.44,1.6124573,-400.25253,50.467743,55.184006,0.82148916,0.9,1.0,859.308,1.0,69.07495,69.30446,69.50243,69.49881,69.295456
2018-01-02 18:31:00,6.0456956e-23,0.0,44.49519,357730.44,0.75,0.1,32.036034,596217.44,0.25,0.9,70.45632,0.73934025,0.73934025,1.0,233.2585,596217.44,1.6124573,-400.25253,50.480156,55.184006,0.82148916,0.9,1.0,859.308,1.0,69.08116,69.304565,69.50496,69.492935,69.303635
2018-01-02 18:32:00,-6.455313e-24,0.0,44.52013,357730.44,0.75,0.1,32.072014,596217.44,0.25,0.9,70.45879,0.73934025,0.73934025,1.0,233.2585,596217.44,1.6124573,-400.25253,50.49257,55.184006,0.82148916,0.9,1.0,859.308,1.0,69.08775,69.305115,69.50765,69.48744,69.311935
2018-01-02 18:33:00,1.0950182e-22,0.0,44.545288,357730.44,0.75,0.1,32.107994,596217.44,0.25,0.9,70.461655,0.73934025,0.73934025,1.0,233.2585,596217.44,1.6124573,-400.25253,50.505203,55.184006,0.82148916,0.9,1.0,859.308,1.0,69.09473,69.30611,69.51056,69.48238,69.32039
2018-01-02 18:34:00,1.1349129000000002e-22,0.0,44.57061,357730.44,0.75,0.1,32.14403,596217.44,0.25,0.9,70.465,0.73934025,0.73934025,1.0,233.2585,596217.44,1.6124573,-400.25253,50.518005,55.184006,0.82148916,0.9,1.0,859.308,1.0,69.102036,69.30759,69.51358,69.47777,69.32901
2018-01-02 18:35:00,4.9471919999999996e-21,0.0,44.5961,357730.44,0.75,0.1,32.18001,596217.44,0.25,0.9,70.468735,0.73934025,0.73934025,1.0,233.2585,596217.44,1.6124573,-400.25253,50.530804,55.184006,0.82148916,0.9,1.0,859.308,1.0,69.10967,69.30951,69.51683,69.47354,69.3378
2018-01-02 18:36:00,-3.19425e-22,0.0,44.621696,357730.44,0.75,0.1,32.215992,596217.44,0.25,0.9,70.472855,0.73934025,0.73934025,1.0,233.2585,596217.44,1.6124573,-400.25253,50.543877,55.184006,0.82148916,0.9,1.0,859.308,1.0,69.117584,69.31182,69.52023,69.469696,69.3467
2018-01-02 18:37:00,2.4872707e-21,0.0,44.647408,357730.44,0.75,0.1,32.252026,596217.44,0.25,0.9,70.477356,0.73934025,0.73934025,1.0,233.2585,596217.44,1.6124573,-400.25253,50.556896,55.184006,0.82148916,0.9,1.0,859.308,1.0,69.12576,69.31462,69.5238,69.46629,69.35577
2018-01-02 18:38:00,1.815088e-21,0.0,44.67317,357730.44,0.75,0.1,32.288006,596217.44,0.25,0.9,70.48219,0.73934025,0.73934025,1.0,233.2585,596217.44,1.6124573,-400.25253,50.570137,55.184006,0.82148916,0.9,1.0,859.308,1.0,69.13423,69.31775,69.52754,69.46332,69.364944
2018-01-02 18:39:00,-1.1276495e-20,0.0,44.69915,357730.44,0.75,0.1,32.323986,596217.44,0.25,0.9,70.48736,0.73934025,0.73934025,1.0,233.2585,596217.44,1.6124573,-400.25253,50.583427,55.184006,0.82148916,0.9,1.0,859.308,1.0,69.14285,69.32138,69.53143,69.460686,69.37428
2018-01-02 18:40:00,-3.816686e-22,0.0,44.72519,357730.44,0.75,0.1,32.360023,596217.44,0.25,0.9,70.49285,0.73934025,0.73934025,1.0,233.2585,596217.44,1.6124573,-400.25253,50.59678,55.184006,0.82148916,0.9,1.0,859.308,1.0,69.15175,69.32533,69.53555,69.458435,69.38373
2018-01-02 18:41:00,2.8728683e-21,0.0,44.751335,357730.44,0.75,0.1,32.396004,596217.44,0.25,0.9,70.49862,0.73934025,0.73934025,1.0,233.2585,596217.44,1.6124573,-400.25253,50.61029,55.184006,0.82148916,0.9,1.0,859.308,1.0,69.16076,69.32967,69.53979,69.45662,69.39328
2018-01-02 18:42:00,-2.0152244e-21,0.0,44.777596,357730.44,0.75,0.1,32.432037,596217.44,0.25,0.9,70.50466,0.73934025,0.73934025,1.0,233.2585,596217.44,1.6124573,-400.25253,50.623856,55.184006,0.82148916,0.9,1.0,859.308,1.0,69.16998,69.33446,69.54418,69.45519,69.402954
2018-01-02 18:43:00,4.296300600000001e-22,0.0,44.803905,357730.44,0.75,0.1,32.468018,596217.44,0.25,0.9,70.51098,0.73934025,0.73934025,1.0,233.2585,596217.44,1.6124573,-400.25253,50.63748,55.184006,0.82148916,0.9,1.0,859.308,1.0,69.17938,69.33956,69.54869,69.454094,69.41278
2018-01-02 18:44:00,-5.988969400000001e-22,0.0,44.830273,357730.44,0.75,0.1,32.503998,596217.44,0.25,0.9,70.51757,0.73934025,0.73934025,1.0,233.2585,596217.44,1.6124573,-400.25253,50.65116,55.184006,0.82148916,0.9,1.0,859.308,1.0,69.18889,69.345,69.553406,69.453384,69.42267
2018-01-02 18:45:00,-2.6009347e-21,0.0,44.856804,357730.44,0.75,0.1,32.54003,596217.44,0.25,0.9,70.52432,0.73934025,0.73934025,1.0,233.2585,596217.44,1.6124573,-400.25253,50.664948,55.184006,0.82148916,0.9,1.0,859.308,1.0,69.19855,69.35082,69.55824,69.45305,69.43267
2018-01-02 18:46:00,2.8972922000000003e-22,0.0,44.88334,357730.44,0.75,0.1,32.57601,596217.44,0.25,0.9,70.53136,0.73934025,0.73934025,1.0,233.2585,596217.44,1.6124573,-400.25253,50.678787,55.184006,0.82148916,0.9,1.0,859.308,1.0,69.20833,69.35698,69.56325,69.45305,69.44278
2018-01-02 18:47:00,-1.6046025999999998e-23,0.0,44.90998,357730.44,0.75,0.1,32.61199,596217.44,0.25,0.9,70.538605,0.73934025,0.73934025,1.0,233.2585,596217.44,1.6124573,-400.25253,50.69274,55.184006,0.82148916,0.9,1.0,859.308,1.0,69.21816,69.36346,69.568405,69.45343,69.452995
2018-01-02 18:48:00,-1.5820783000000001e-21,0.0,44.936676,357730.44,0.75,0.1,32.64803,596217.44,0.25,0.9,70.54602,0.73934025,0.73934025,1.0,233.2585,596217.44,1.6124573,-400.25253,50.706696,55.184006,0.82148916,0.9,1.0,859.308,1.0,69.228165,69.37027,69.573685,69.45415,69.46332
2018-01-02 18:49:00,2.559357e-21,0.0,44.96343,357730.44,0.75,0.1,32.68401,596217.44,0.25,0.9,70.553604,0.73934025,0.73934025,1.0,233.2585,596217.44,1.6124573,-400.25253,50.720757,55.184006,0.82148916,0.9,1.0,859.308,1.0,69.23821,69.37735,69.57906,69.455246,69.47371
2018-01-02 18:50:00,-5.104076e-22,0.0,44.990234,357730.44,0.75,0.1,32.71999,596217.44,0.25,0.9,70.5614,0.73934025,0.73934025,1.0,233.2585,596217.44,1.6124573,-400.25253,50.734818,55.184006,0.82148916,0.9,1.0,859.308,1.0,69.24832,69.384766,69.58461,69.45662,69.48419
2018-01-02 18:51:00,6.7976106e-22,0.0,45.01715,357730.44,0.75,0.1,32.756023,596217.44,0.25,0.9,70.56937,0.73934025,0.73934025,1.0,233.2585,596217.44,1.6124573,-400.25253,50.748993,55.184006,0.82148916,0.9,1.0,859.308,1.0,69.25854,69.39252,69.590324,69.458374,69.49474
2018-01-02 18:52:00,1.2262724e-22,0.0,45.044067,357730.44,0.75,0.1,32.792004,596217.44,0.25,0.9,70.5775,0.73934025,0.73934025,1.0,233.2585,596217.44,1.6124573,-400.25253,50.763165,55.184006,0.82148916,0.9,1.0,859.308,1.0,69.26875,69.40048,69.59609,69.46041,69.50534
2018-01-02 18:53:00,1.6891372000000001e-21,0.0,45.071037,357730.44,0.75,0.1,32.827984,596217.44,0.25,0.9,70.5858,0.73934025,0.73934025,1.0,233.2585,596217.44,1.6124573,-400.25253,50.777447,55.184006,0.82148916,0.9,1.0,859.308,1.0,69.27908,69.408775,69.60208,69.46283,69.51601
2018-01-02 18:54:00,5.186338e-22,0.0,45.098064,357730.44,0.75,0.1,32.86402,596217.44,0.25,0.9,70.5942,0.73934025,0.73934025,1.0,233.2585,596217.44,1.6124573,-400.25253,50.79173,55.184006,0.82148916,0.9,1.0,859.308,1.0,69.28941,69.41729,69.60812,69.465515,69.526764
2018-01-02 18:55:00,1.0426092e-23,0.0,45.125145,357730.44,0.75,0.1,32.9,596217.44,0.25,0.9,70.602715,0.73934025,0.73934025,1.0,233.2585,596217.44,1.6124573,-400.25253,50.80607,55.184006,0.82148916,0.9,1.0,859.308,1.0,69.29979,69.42608,69.61427,69.46849,69.53759
2018-01-02 18:56:00,1.0189343e-21,0.0,45.15223,357730.44,0.75,0.1,32.936035,596217.44,0.25,0.9,70.61139,0.73934025,0.73934025,1.0,233.2585,596217.44,1.6124573,-400.25253,50.820457,55.184006,0.82148916,0.9,1.0,859.308,1.0,69.31017,69.43509,69.62059,69.47179,69.54846
2018-01-02 18:57:00,5.312513e-22,0.0,45.17942,357730.44,0.75,0.1,32.972015,596217.44,0.25,0.9,70.62018,0.73934025,0.73934025,1.0,233.2585,596217.44,1.6124573,-400.25253,50.834908,55.184006,0.82148916,0.9,1.0,859.308,1.0,69.32061,69.44437,69.62697,69.4754,69.55934
2018-01-02 18:58:00,-2.1654647e-21,0.0,45.20661,357730.44,0.75,0.1,33.007996,596217.44,0.25,0.9,70.62908,0.73934025,0.73934025,1.0,233.2585,596217.44,1.6124573,-400.25253,50.84935,55.184006,0.82148916,0.9,1.0,859.308,1.0,69.3311,69.45387,69.6335,69.47925,69.57033
2018-01-02 18:59:00,5.345916700000001e-22,0.0,45.233803,357730.44,0.75,0.1,33.04403,596217.44,0.25,0.9,70.63809,0.73934025,0.73934025,1.0,233.2585,596217.44,1.6124573,-400.25253,50.863853,55.184006,0.82148916,0.9,1.0,859.308,1.0,69.34154,69.46359,69.64009,69.48343,69.581314
2018-01-02 19:00:00,1.1502741e-21,0.0,45.2611,357730.44,0.75,0.1,33.08001,596217.44,0.25,0.9,70.64721,0.73934025,0.73934025,1.0,233.2585,596217.44,1.6124573,-400.25253,50.87841,55.184006,0.82148916,0.9,1.0,859.308,1.0,69.351974,69.47348,69.64685,69.48782,69.59236
2018-01-02 19:01:00,-5.1948163e-23,0.0,45.28835,357730.44,0.75,0.1,33.09501,596217.44,0.25,0.9,70.65639,0.73934025,0.73934025,1.0,233.2585,596217.44,1.6124573,-400.25253,50.892967,55.184006,0.82148916,0.9,1.0,859.308,1.0,69.36247,69.48364,69.653656,69.492546,69.603455
2018-01-02 19:02:00,-8.541358e-22,0.0,45.301697,357730.44,0.75,0.1,33.110004,596217.44,0.25,0.9,70.665665,0.73934025,0.73934025,1.0,233.2585,596217.44,1.6124573,-400.25253,50.90203,55.184006,0.82148916,0.9,1.0,859.308,1.0,69.37291,69.49392,69.66058,69.49749,69.61455
2018-01-02 19:03:00,2.5718237000000002e-21,0.0,45.31488,357730.44,0.75,0.1,33.125,596217.44,0.25,0.9,70.675,0.73934025,0.73934025,1.0,233.2585,596217.44,1.6124573,-400.25253,50.91044,55.184006,0.82148916,0.9,1.0,859.308,1.0,69.38323,69.50441,69.66756,69.502655,69.62564
2018-01-02 19:04:00,-1.8212139999999998e-21,0.0,45.328064,357730.44,0.75,0.1,33.139996,596217.44,0.25,0.9,70.6844,0.73934025,0.73934025,1.0,233.2585,596217.44,1.6124573,-400.25253,50.918564,55.184006,0.82148916,0.9,1.0,859.308,1.0,69.39345,69.515015,69.674644,69.50804,69.636795
2018-01-02 19:05:00,-5.5027863e-23,0.0,45.341248,357730.44,0.75,0.1,33.15499,596217.44,0.25,0.9,70.69385,0.73934025,0.73934025,1.0,233.2585,596217.44,1.6124573,-400.25253,50.926586,55.184006,0.82148916,0.9,1.0,859.308,1.0,69.4035,69.52573,69.681786,69.51364,69.64789
2018-01-02 19:06:00,1.3309726e-21,0.0,45.35443,357730.44,0.75,0.1,33.16999,596217.44,0.25,0.9,70.70329,0.73934025,0.73934025,1.0,233.2585,596217.44,1.6124573,-400.25253,50.934494,55.184006,0.82148916,0.9,1.0,859.308,1.0,69.41333,69.53649,69.68893,69.51941,69.658936
2018-01-02 19:07:00,1.0518561e-22,0.0,45.36767,357730.44,0.75,0.1,33.184986,596217.44,0.25,0.9,70.71274,0.73934025,0.73934025,1.0,233.2585,596217.44,1.6124573,-400.25253,50.942406,55.184006,0.82148916,0.9,1.0,859.308,1.0,69.423004,69.54732,69.69612,69.525345,69.66992
2018-01-02 19:08:00,3.9434697000000004e-21,0.0,45.38085,357730.44,0.75,0.1,33.200035,596217.44,0.25,0.9,70.72214,0.73934025,0.73934025,1.0,233.2585,596217.44,1.6124573,-400.25253,50.950264,55.184006,0.82148916,0.9,1.0,859.308,1.0,69.432396,69.55819,69.70332,69.53143,69.68085
2018-01-02 19:09:00,-1.4943887e-21,0.0,45.394035,357730.44,0.75,0.1,33.215034,596217.44,0.25,0.9,70.731476,0.73934025,0.73934025,1.0,233.2585,596217.44,1.6124573,-400.25253,50.95806,55.184006,0.82148916,0.9,1.0,859.308,1.0,69.44162,69.56912,69.71051,69.53764,69.69179
2018-01-02 19:10:00,1.6739946e-21,0.0,45.40722,357730.44,0.75,0.1,33.23003,596217.44,0.25,0.9,70.74075,0.73934025,0.73934025,1.0,233.2585,596217.44,1.6124573,-400.25253,50.965862,55.184006,0.82148916,0.9,1.0,859.308,1.0,69.45058,69.58005,69.717766,69.54396,69.70261
2018-01-02 19:11:00,-2.2279873e-22,0.0,45.42035,357730.44,0.75,0.1,33.245026,596217.44,0.25,0.9,70.749985,0.73934025,0.73934025,1.0,233.2585,596217.44,1.6124573,-400.25253,50.97361,55.184006,0.82148916,0.9,1.0,859.308,1.0,69.459366,69.591034,69.72496,69.550446,69.71332
2018-01-02 19:12:00,2.8101737e-23,0.0,45.43348,357730.44,0.75,0.1,33.26002,596217.44,0.25,0.9,70.75911,0.73934025,0.73934025,1.0,233.2585,596217.44,1.6124573,-400.25253,50.981354,55.184006,0.82148916,0.9,1.0,859.308,1.0,69.46794,69.601974,69.73221,69.55698,69.72397
2018-01-02 19:13:00,-3.0432110000000003e-22,0.0,45.446606,357730.44,0.75,0.1,33.275017,596217.44,0.25,0.9,70.76811,0.73934025,0.73934025,1.0,233.2585,596217.44,1.6124573,-400.25253,50.989044,55.184006,0.82148916,0.9,1.0,859.308,1.0,69.47634,69.6129,69.73941,69.56363,69.73457
2018-01-02 19:14:00,-3.1840097000000005e-22,0.0,45.459625,357730.44,0.75,0.1,33.290016,596217.44,0.25,0.9,70.77701,0.73934025,0.73934025,1.0,233.2585,596217.44,1.6124573,-400.25253,50.996735,55.184006,0.82148916,0.9,1.0,859.308,1.0,69.48453,69.62378,69.746605,69.57039,69.74507
2018-01-02 19:15:00,2.1772172000000004e-22,0.0,45.472645,357730.44,0.75,0.1,33.30501,596217.44,0.25,0.9,70.78586,0.73934025,0.73934025,1.0,233.2585,596217.44,1.6124573,-400.25253,51.00437,55.184006,0.82148916,0.9,1.0,859.308,1.0,69.492546,69.634705,69.7538,69.577194,69.75545
2018-01-02 19:16:00,-2.7131718000000004e-22,0.0,45.485664,357730.44,0.75,0.1,33.320007,596217.44,0.25,0.9,70.794586,0.73934025,0.73934025,1.0,233.2585,596217.44,1.6124573,-400.25253,51.012005,55.184006,0.82148916,0.9,1.0,859.308,1.0,69.50035,69.64553,69.76094,69.58412,69.76578
2018-01-02 19:17:00,-2.1561577e-21,0.0,45.498627,357730.44,0.75,0.1,33.335003,596217.44,0.25,0.9,70.803215,0.73934025,0.73934025,1.0,233.2585,596217.44,1.6124573,-400.25253,51.019585,55.184006,0.82148916,0.9,1.0,859.308,1.0,69.50804,69.65636,69.76808,69.591095,69.77599
2018-01-02 19:18:00,-1.3765715000000002e-22,0.0,45.511536,357730.44,0.75,0.1,33.35,596217.44,0.25,0.9,70.81173,0.73934025,0.73934025,1.0,233.2585,596217.44,1.6124573,-400.25253,51.02711,55.184006,0.82148916,0.9,1.0,859.308,1.0,69.51562,69.667114,69.77517,69.59813,69.7861
2018-01-02 19:19:00,3.1348527000000003e-22,0.0,45.524445,357730.44,0.75,0.1,33.364998,596217.44,0.25,0.9,70.82013,0.73934025,0.73934025,1.0,233.2585,596217.44,1.6124573,-400.25253,51.034637,55.184006,0.82148916,0.9,1.0,859.308,1.0,69.52298,69.677826,69.78226,69.60521,69.7961
2018-01-02 19:20:00,-4.570168e-22,0.0,45.5373,357730.44,0.75,0.1,33.379993,596217.44,0.25,0.9,70.82848,0.73934025,0.73934025,1.0,233.2585,596217.44,1.6124573,-400.25253,51.042107,55.184006,0.82148916,0.9,1.0,859.308,1.0,69.53023,69.68849,69.78929,69.61235,69.805984
2018-01-02 19:21:00,7.437023e-24,0.0,45.5501,357730.44,0.75,0.1,33.39499,596217.44,0.25,0.9,70.83667,0.73934025,0.73934025,1.0,233.2585,596217.44,1.6124573,-400.25253,51.049576,55.184006,0.82148916,0.9,1.0,859.308,1.0,69.53737,69.699036,69.79632,69.61955,69.815765
2018-01-02 19:22:00,5.558703000000001e-23,0.0,45.562897,357730.44,0.75,0.1,33.409985,596217.44,0.25,0.9,70.8448,0.73934025,0.73934025,1.0,233.2585,596217.44,1.6124573,-400.25253,51.05699,55.184006,0.82148916,0.9,1.0,859.308,1.0,69.54434,69.70958,69.80324,69.6268,69.82543
2018-01-02 19:23:00,3.1058113e-22,0.0,45.575695,357730.44,0.75,0.1,33.425037,596217.44,0.25,0.9,70.85281,0.73934025,0.73934025,1.0,233.2585,596217.44,1.6124573,-400.25253,51.064407,55.184006,0.82148916,0.9,1.0,859.308,1.0,69.55121,69.72002,69.810165,69.63411,69.83493
2018-01-02 19:24:00,1.9622858000000003e-22,0.0,45.588387,357730.44,0.75,0.1,33.440033,596217.44,0.25,0.9,70.86073,0.73934025,0.73934025,1.0,233.2585,596217.44,1.6124573,-400.25253,51.07177,55.184006,0.82148916,0.9,1.0,859.308,1.0,69.55797,69.73035,69.81703,69.641464,69.84433
2018-01-02 19:25:00,3.7335970000000003e-23,0.0,45.601074,357730.44,0.75,0.1,33.45503,596217.44,0.25,0.9,70.86858,0.73934025,0.73934025,1.0,233.2585,596217.44,1.6124573,-400.25253,51.07908,55.184006,0.82148916,0.9,1.0,859.308,1.0,69.56462,69.740616,69.82384,69.64877,69.85361
2018-01-02 19:26:00,1.3088995000000002e-22,0.0,45.61376,357730.44,0.75,0.1,33.470024,596217.44,0.25,0.9,70.876274,0.73934025,0.73934025,1.0,233.2585,596217.44,1.6124573,-400.25253,51.08638,55.184006,0.82148916,0.9,1.0,859.308,1.0,69.57115,69.75084,69.83065,69.65619,69.862785
2018-01-02 19:27:00,7.097638e-23,0.0,45.626396,357730.44,0.75,0.1,33.485023,596217.44,0.25,0.9,70.88391,0.73934025,0.73934025,1.0,233.2585,596217.44,1.6124573,-400.25253,51.09369,55.184006,0.82148916,0.9,1.0,859.308,1.0,69.577576,69.76089,69.83736,69.66354,69.871796
2018-01-02 19:28:00,7.513377300000001e-22,0.0,45.638977,357730.44,0.75,0.1,33.50002,596217.44,0.25,0.9,70.891495,0.73934025,0.73934025,1.0,233.2585,596217.44,1.6124573,-400.25253,51.100937,55.184006,0.82148916,0.9,1.0,859.308,1.0,69.58389,69.77089,69.843994,69.67102,69.88069
2018-01-02 19:29:00,4.1649286000000005e-22,0.0,45.651558,357730.44,0.75,0.1,33.515015,596217.44,0.25,0.9,70.89896,0.73934025,0.73934025,1.0,233.2585,596217.44,1.6124573,-400.25253,51.108135,55.184006,0.82148916,0.9,1.0,859.308,1.0,69.5901,69.78078,69.85065,69.67844,69.88948
2018-01-02 19:30:00,-2.0554368e-21,0.0,45.664135,357730.44,0.75,0.1,33.53001,596217.44,0.25,0.9,70.90633,0.73934025,0.73934025,1.0,233.2585,596217.44,1.6124573,-400.25253,51.115387,55.184006,0.82148916,0.9,1.0,859.308,1.0,69.59625,69.79055,69.85718,69.68585,69.8981
2018-01-02 19:31:00,2.650807e-22,0.0,45.67666,357730.44,0.75,0.1,33.545006,596217.44,0.25,0.9,70.913574,0.73934025,0.73934025,1.0,233.2585,596217.44,1.6124573,-400.25253,51.122528,55.184006,0.82148916,0.9,1.0,859.308,1.0,69.602295,69.80028,69.86366,69.69332,69.90662
2018-01-02 19:32:00,-1.5895552e-22,0.0,45.68913,357730.44,0.75,0.1,33.560005,596217.44,0.25,0.9,70.92077,0.73934025,0.73934025,1.0,233.2585,596217.44,1.6124573,-400.25253,51.129723,55.184006,0.82148916,0.9,1.0,859.308,1.0,69.60823,69.80983,69.87009,69.70074,69.91497
2018-01-02 19:33:00,-3.8515034e-22,0.0,45.7016,357730.44,0.75,0.1,33.575,596217.44,0.25,0.9,70.92791,0.73934025,0.73934025,1.0,233.2585,596217.44,1.6124573,-400.25253,51.136864,55.184006,0.82148916,0.9,1.0,859.308,1.0,69.614105,69.819275,69.876465,69.708206,69.92321
2018-01-02 19:34:00,2.5678945e-23,0.0,45.714012,357730.44,0.75,0.1,33.589996,596217.44,0.25,0.9,70.93494,0.73934025,0.73934025,1.0,233.2585,596217.44,1.6124573,-400.25253,51.14395,55.184006,0.82148916,0.9,1.0,859.308,1.0,69.619934,69.82861,69.88278,69.71562,69.93129
2018-01-02 19:35:00,-1.434586e-21,0.0,45.72643,357730.44,0.75,0.1,33.604992,596217.44,0.25,0.9,70.941864,0.73934025,0.73934025,1.0,233.2585,596217.44,1.6124573,-400.25253,51.15104,55.184006,0.82148916,0.9,1.0,859.308,1.0,69.62564,69.83779,69.88904,69.72304,69.939255
2018-01-02 19:36:00,-1.8008647e-21,0.0,45.73879,357730.44,0.75,0.1,33.619987,596217.44,0.25,0.9,70.94873,0.73934025,0.73934025,1.0,233.2585,596217.44,1.6124573,-400.25253,51.158123,55.184006,0.82148916,0.9,1.0,859.308,1.0,69.63125,69.84691,69.895195,69.73045,69.94705
2018-01-02 19:37:00,-2.2019912e-22,0.0,45.75115,357730.44,0.75,0.1,33.634987,596217.44,0.25,0.9,70.95549,0.73934025,0.73934025,1.0,233.2585,596217.44,1.6124573,-400.25253,51.165207,55.184006,0.82148916,0.9,1.0,859.308,1.0,69.636795,69.855865,69.90129,69.73787,69.95474
2018-01-02 19:38:00,3.4157813e-23,0.0,45.763508,357730.44,0.75,0.1,33.650036,596217.44,0.25,0.9,70.96219,0.73934025,0.73934025,1.0,233.2585,596217.44,1.6124573,-400.25253,51.17224,55.184006,0.82148916,0.9,1.0,859.308,1.0,69.64229,69.86471,69.90733,69.74523,69.962265
2018-01-02 19:39:00,-4.330557600000001e-22,0.0,45.775757,357730.44,0.75,0.1,33.66503,596217.44,0.25,0.9,70.96878,0.73934025,0.73934025,1.0,233.2585,596217.44,1.6124573,-400.25253,51.17927,55.184006,0.82148916,0.9,1.0,859.308,1.0,69.647675,69.87338,69.91327,69.752594,69.96963
2018-01-02 19:40:00,3.8583444000000005e-22,0.0,45.788063,357730.44,0.75,0.1,33.68003,596217.44,0.25,0.9,70.97531,0.73934025,0.73934025,1.0,233.2585,596217.44,1.6124573,-400.25253,51.18625,55.184006,0.82148916,0.9,1.0,859.308,1.0,69.653,69.88196,69.919205,69.7599,69.97688
2018-01-02 19:41:00,-1.4144502e-23,0.0,45.800312,357730.44,0.75,0.1,33.695026,596217.44,0.25,0.9,70.98174,0.73934025,0.73934025,1.0,233.2585,596217.44,1.6124573,-400.25253,51.193222,55.184006,0.82148916,0.9,1.0,859.308,1.0,69.65828,69.89041,69.92502,69.767204,69.98396
2018-01-02 19:42:00,1.6384984000000001e-22,0.0,45.812508,357730.44,0.75,0.1,33.710022,596217.44,0.25,0.9,70.98806,0.73934025,0.73934025,1.0,233.2585,596217.44,1.6124573,-400.25253,51.200203,55.184006,0.82148916,0.9,1.0,859.308,1.0,69.66344,69.89871,69.93074,69.77446,69.99094
2018-01-02 19:43:00,-1.0624597e-22,0.0,45.8247,357730.44,0.75,0.1,33.725018,596217.44,0.25,0.9,70.99438,0.73934025,0.73934025,1.0,233.2585,596217.44,1.6124573,-400.25253,51.207176,55.184006,0.82148916,0.9,1.0,859.308,1.0,69.6686,69.906845,69.93639,69.78165,69.99776
2018-01-02 19:44:00,1.0987366e-21,0.0,45.83684,357730.44,0.75,0.1,33.740013,596217.44,0.25,0.9,71.000534,0.73934025,0.73934025,1.0,233.2585,596217.44,1.6124573,-400.25253,51.214096,55.184006,0.82148916,0.9,1.0,859.308,1.0,69.67366,69.914856,69.942,69.78885,70.004456
2018-01-02 19:45:00,-5.4928216e-22,0.0,45.84898,357730.44,0.75,0.1,33.755013,596217.44,0.25,0.9,71.00668,0.73934025,0.73934025,1.0,233.2585,596217.44,1.6124573,-400.25253,51.22102,55.184006,0.82148916,0.9,1.0,859.308,1.0,69.678604,69.922714,69.94754,69.79593,70.01099
2018-01-02 19:46:00,1.4677257e-22,0.0,45.861122,357730.44,0.75,0.1,33.770008,596217.44,0.25,0.9,71.012665,0.73934025,0.73934025,1.0,233.2585,596217.44,1.6124573,-400.25253,51.227886,55.184006,0.82148916,0.9,1.0,859.308,1.0,69.68355,69.930466,69.95299,69.803024,70.017365
2018-01-02 19:47:00,-5.811074000000001e-22,0.0,45.873207,357730.44,0.75,0.1,33.785004,596217.44,0.25,0.9,71.01866,0.73934025,0.73934025,1.0,233.2585,596217.44,1.6124573,-400.25253,51.234753,55.184006,0.82148916,0.9,1.0,859.308,1.0,69.68838,69.93804,69.95831,69.810104,70.02362
2018-01-02 19:48:00,1.5602025e-23,0.0,45.885235,357730.44,0.75,0.1,33.8,596217.44,0.25,0.9,71.024536,0.73934025,0.73934025,1.0,233.2585,596217.44,1.6124573,-400.25253,51.24162,55.184006,0.82148916,0.9,1.0,859.308,1.0,69.69321,69.94551,69.96364,69.81708,70.02978
2018-01-02 19:49:00,3.2744579000000004e-22,0.0,45.897266,357730.44,0.75,0.1,33.814995,596217.44,0.25,0.9,71.030304,0.73934025,0.73934025,1.0,233.2585,596217.44,1.6124573,-400.25253,51.248486,55.184006,0.82148916,0.9,1.0,859.308,1.0,69.69794,69.95282,69.9688,69.824005,70.035706
2018-01-02 19:50:00,-5.4292245e-22,0.0,45.909294,357730.44,0.75,0.1,33.829994,596217.44,0.25,0.9,71.03601,0.73934025,0.73934025,1.0,233.2585,596217.44,1.6124573,-400.25253,51.255352,55.184006,0.82148916,0.9,1.0,859.308,1.0,69.70261,69.95996,69.97397,69.83087,70.041534
2018-01-02 19:51:00,-1.4898301e-22,0.0,45.921272,357730.44,0.75,0.1,33.84499,596217.44,0.25,0.9,71.04162,0.73934025,0.73934025,1.0,233.2585,596217.44,1.6124573,-400.25253,51.26216,55.184006,0.82148916,0.9,1.0,859.308,1.0,69.707214,69.966995,69.978966,69.83768,70.04724
2018-01-02 19:52:00,-1.5960532e-21,0.0,45.93319,357730.44,0.75,0.1,33.859985,596217.44,0.25,0.9,71.047165,0.73934025,0.73934025,1.0,233.2585,596217.44,1.6124573,-400.25253,51.268974,55.184006,0.82148916,0.9,1.0,859.308,1.0,69.71178,69.9738,69.98396,69.8445,70.052795
2018-01-02 19:53:00,7.879676400000001e-22,0.0,45.94511,357730.44,0.75,0.1,33.87504,596217.44,0.25,0.9,71.05266,0.73934025,0.73934025,1.0,233.2585,596217.44,1.6124573,-400.25253,51.275734,55.184006,0.82148916,0.9,1.0,859.308,1.0,69.71628,69.98056,69.9888,69.8512,70.05823
2018-01-02 19:54:00,-7.137949700000001e-22,0.0,45.95703,357730.44,0.75,0.1,33.890034,596217.44,0.25,0.9,71.058044,0.73934025,0.73934025,1.0,233.2585,596217.44,1.6124573,-400.25253,51.282486,55.184006,0.82148916,0.9,1.0,859.308,1.0,69.72073,69.98709,69.99364,69.85779,70.06351
2018-01-02 19:55:00,-6.168898e-22,0.0,45.968895,357730.44,0.75,0.1,33.90503,596217.44,0.25,0.9,71.06332,0.73934025,0.73934025,1.0,233.2585,596217.44,1.6124573,-400.25253,51.289246,55.184006,0.82148916,0.9,1.0,859.308,1.0,69.72507,69.99352,69.99835,69.86438,70.06862
2018-01-02 19:56:00,-2.7910293e-22,0.0,45.980762,357730.44,0.75,0.1,33.920025,596217.44,0.25,0.9,71.06859,0.73934025,0.73934025,1.0,233.2585,596217.44,1.6124573,-400.25253,51.296,55.184006,0.82148916,0.9,1.0,859.308,1.0,69.729416,69.99979,70.002975,69.870865,70.07361
2018-01-02 19:57:00,-1.851796e-22,0.0,45.992573,357730.44,0.75,0.1,33.93502,596217.44,0.25,0.9,71.0737,0.73934025,0.73934025,1.0,233.2585,596217.44,1.6124573,-400.25253,51.302757,55.184006,0.82148916,0.9,1.0,859.308,1.0,69.733696,70.00588,70.00753,69.87729,70.07851
2018-01-02 19:58:00,-1.927326e-22,0.0,46.004383,357730.44,0.75,0.1,33.95002,596217.44,0.25,0.9,71.07881,0.73934025,0.73934025,1.0,233.2585,596217.44,1.6124573,-400.25253,51.30946,55.184006,0.82148916,0.9,1.0,859.308,1.0,69.73793,70.01187,70.01198,69.88366,70.08322
2018-01-02 19:59:00,-1.0570441e-21,0.0,46.016136,357730.44,0.75,0.1,33.965015,596217.44,0.25,0.9,71.0838,0.73934025,0.73934025,1.0,233.2585,596217.44,1.6124573,-400.25253,51.316162,55.184006,0.82148916,0.9,1.0,859.308,1.0,69.74205,70.01769,70.01637,69.88998,70.08778
2018-01-02 20:00:00,2.4500167e-21,0.0,46.027893,357730.44,0.75,0.1,33.98001,596217.44,0.25,0.9,71.0887,0.73934025,0.73934025,1.0,233.2585,596217.44,1.6124573,-400.25253,51.322807,55.184006,0.82148916,0.9,1.0,859.308,1.0,69.74617,70.023346,70.02066,69.89618,70.092285
2018-01-02 20:01:00,7.0848955e-23,0.0,46.039593,357730.44,0.75,0.1,33.998028,596217.44,0.25,0.9,71.09353,0.73934025,0.73934025,1.0,233.2585,596217.44,1.6124573,-400.25253,51.32951,55.184006,0.82148916,0.9,1.0,859.308,1.0,69.75023,70.0289,70.02489,69.902336,70.09657
2018-01-02 20:02:00,8.995304e-22,0.0,46.05305,357730.44,0.75,0.1,34.01599,596217.44,0.25,0.9,71.09584,0.73934025,0.73934025,1.0,233.2585,596217.44,1.6124573,-400.25253,51.336926,55.184006,0.82148916,0.9,1.0,859.308,1.0,69.70326,70.03055,70.023186,69.90465,70.09487
2018-01-02 20:03:00,-1.0797193000000001e-21,0.0,46.065025,357730.44,0.75,0.1,34.034008,596217.44,0.25,0.9,71.093475,0.73934025,0.73934025,1.0,233.2585,596217.44,1.6124573,-400.25253,51.343903,55.184006,0.82148916,0.9,1.0,859.308,1.0,69.69211,70.03209,70.0217,69.90695,70.09338
2018-01-02 20:04:00,5.4573437e-24,0.0,46.076122,357730.44,0.75,0.1,34.052025,596217.44,0.25,0.9,71.089134,0.73934025,0.73934025,1.0,233.2585,596217.44,1.6124573,-400.25253,51.35044,55.184006,0.82148916,0.9,1.0,859.308,1.0,69.662125,70.03351,70.020164,69.909256,70.091736
2018-01-02 20:05:00,4.5516060000000005e-23,0.0,46.08645,357730.44,0.75,0.1,34.06999,596217.44,0.25,0.9,71.082596,0.73934025,0.73934025,1.0,233.2585,596217.44,1.6124573,-400.25253,51.35659,55.184006,0.82148916,0.9,1.0,859.308,1.0,69.648224,70.03488,70.01857,69.91145,70.09004
2018-01-02 20:06:00,-7.870695700000001e-22,0.0,46.096394,357730.44,0.75,0.1,34.088005,596217.44,0.25,0.9,71.07535,0.73934025,0.73934025,1.0,233.2585,596217.44,1.6124573,-400.25253,51.362526,55.184006,0.82148916,0.9,1.0,859.308,1.0,69.62746,70.03615,70.01692,69.91365,70.08828
2018-01-02 20:07:00,1.7061340000000002e-22,0.0,46.106007,357730.44,0.75,0.1,34.106026,596217.44,0.25,0.9,71.06732,0.73934025,0.73934025,1.0,233.2585,596217.44,1.6124573,-400.25253,51.368294,55.184006,0.82148916,0.9,1.0,859.308,1.0,69.61444,70.03731,70.015274,69.915794,70.08647
2018-01-02 20:08:00,-3.6724984000000003e-22,0.0,46.115562,357730.44,0.75,0.1,34.123985,596217.44,0.25,0.9,71.05925,0.73934025,0.73934025,1.0,233.2585,596217.44,1.6124573,-400.25253,51.373947,55.184006,0.82148916,0.9,1.0,859.308,1.0,69.59944,70.03841,70.01357,69.91788,70.084595
2018-01-02 20:09:00,9.315615e-22,0.0,46.12507,357730.44,0.75,0.1,34.142006,596217.44,0.25,0.9,71.05118,0.73934025,0.73934025,1.0,233.2585,596217.44,1.6124573,-400.25253,51.37961,55.184006,0.82148916,0.9,1.0,859.308,1.0,69.5884,70.03939,70.011925,69.919914,70.08267
2018-01-02 20:10:00,-7.37348e-22,0.0,46.13468,357730.44,0.75,0.1,34.160023,596217.44,0.25,0.9,71.04338,0.73934025,0.73934025,1.0,233.2585,596217.44,1.6124573,-400.25253,51.38521,55.184006,0.82148916,0.9,1.0,859.308,1.0,69.577255,70.04027,70.01022,69.92195,70.08075
2018-01-02 20:11:00,1.484654e-22,0.0,46.14435,357730.44,0.75,0.1,34.177986,596217.44,0.25,0.9,71.03601,0.73934025,0.73934025,1.0,233.2585,596217.44,1.6124573,-400.25253,51.39087,55.184006,0.82148916,0.9,1.0,859.308,1.0,69.568405,70.04109,70.00847,69.92392,70.07878
2018-01-02 20:12:00,5.031642e-22,0.0,46.154236,357730.44,0.75,0.1,34.196003,596217.44,0.25,0.9,71.02904,0.73934025,0.73934025,1.0,233.2585,596217.44,1.6124573,-400.25253,51.396584,55.184006,0.82148916,0.9,1.0,859.308,1.0,69.56011,70.04181,70.00676,69.92584,70.07669
2018-01-02 20:13:00,-1.1487878e-23,0.0,46.164234,357730.44,0.75,0.1,34.21402,596217.44,0.25,0.9,71.02261,0.73934025,0.73934025,1.0,233.2585,596217.44,1.6124573,-400.25253,51.40235,55.184006,0.82148916,0.9,1.0,859.308,1.0,69.5533,70.042465,70.005005,69.92772,70.07466
2018-01-02 20:14:00,1.1524244e-21,0.0,46.174397,357730.44,0.75,0.1,34.232037,596217.44,0.25,0.9,71.01674,0.73934025,0.73934025,1.0,233.2585,596217.44,1.6124573,-400.25253,51.408173,55.184006,0.82148916,0.9,1.0,859.308,1.0,69.54715,70.043015,70.00325,69.92958,70.07251
2018-01-02 20:15:00,-8.264251e-23,0.0,46.184723,357730.44,0.75,0.1,34.25,596217.44,0.25,0.9,71.011406,0.73934025,0.73934025,1.0,233.2585,596217.44,1.6124573,-400.25253,51.414047,55.184006,0.82148916,0.9,1.0,859.308,1.0,69.5421,70.04351,70.00149,69.9314,70.07037
2018-01-02 20:16:00,-5.860832e-22,0.0,46.195213,357730.44,0.75,0.1,34.268017,596217.44,0.25,0.9,71.00658,0.73934025,0.73934025,1.0,233.2585,596217.44,1.6124573,-400.25253,51.420036,55.184006,0.82148916,0.9,1.0,859.308,1.0,69.53775,70.0439,69.99968,69.93315,70.06818
2018-01-02 20:17:00,3.1817832e-22,0.0,46.20587,357730.44,0.75,0.1,34.286034,596217.44,0.25,0.9,71.00223,0.73934025,0.73934025,1.0,233.2585,596217.44,1.6124573,-400.25253,51.42608,55.184006,0.82148916,0.9,1.0,859.308,1.0,69.53424,70.04422,69.99792,69.93486,70.06598
2018-01-02 20:18:00,6.880009000000001e-23,0.0,46.216747,357730.44,0.75,0.1,34.303997,596217.44,0.25,0.9,70.99838,0.73934025,0.73934025,1.0,233.2585,596217.44,1.6124573,-400.25253,51.43223,55.184006,0.82148916,0.9,1.0,859.308,1.0,69.53133,70.04445,69.99611,69.93651,70.06372
2018-01-02 20:19:00,1.3945997e-22,0.0,46.227734,357730.44,0.75,0.1,34.322014,596217.44,0.25,0.9,70.99504,0.73934025,0.73934025,1.0,233.2585,596217.44,1.6124573,-400.25253,51.43844,55.184006,0.82148916,0.9,1.0,859.308,1.0,69.529076,70.04466,69.99435,69.938156,70.06148
2018-01-02 20:20:00,-9.688123e-22,0.0,46.238884,357730.44,0.75,0.1,34.340034,596217.44,0.25,0.9,70.992065,0.73934025,0.73934025,1.0,233.2585,596217.44,1.6124573,-400.25253,51.444702,55.184006,0.82148916,0.9,1.0,859.308,1.0,69.527374,70.04477,69.992584,69.93974,70.05922
2018-01-02 20:21:00,8.151868500000001e-22,0.0,46.250145,357730.44,0.75,0.1,34.357994,596217.44,0.25,0.9,70.98955,0.73934025,0.73934025,1.0,233.2585,596217.44,1.6124573,-400.25253,51.451073,55.184006,0.82148916,0.9,1.0,859.308,1.0,69.52617,70.04483,69.990776,69.94134,70.056915
2018-01-02 20:22:00,4.1837181000000005e-22,0.0,46.261574,357730.44,0.75,0.1,34.376015,596217.44,0.25,0.9,70.9874,0.73934025,0.73934025,1.0,233.2585,596217.44,1.6124573,-400.25253,51.457443,55.184006,0.82148916,0.9,1.0,859.308,1.0,69.525505,70.04483,69.98901,69.94287,70.05461
2018-01-02 20:23:00,4.468908400000001e-22,0.0,46.27311,357730.44,0.75,0.1,34.39403,596217.44,0.25,0.9,70.98564,0.73934025,0.73934025,1.0,233.2585,596217.44,1.6124573,-400.25253,51.46393,55.184006,0.82148916,0.9,1.0,859.308,1.0,69.52523,70.04477,69.98726,69.94436,70.0523
2018-01-02 20:24:00,-3.5694015e-22,0.0,46.28475,357730.44,0.75,0.1,34.411995,596217.44,0.25,0.9,70.98416,0.73934025,0.73934025,1.0,233.2585,596217.44,1.6124573,-400.25253,51.47041,55.184006,0.82148916,0.9,1.0,859.308,1.0,69.525345,70.04466,69.985504,69.94585,70.04994
2018-01-02 20:25:00,5.3376883e-22,0.0,46.296455,357730.44,0.75,0.1,34.43001,596217.44,0.25,0.9,70.98306,0.73934025,0.73934025,1.0,233.2585,596217.44,1.6124573,-400.25253,51.476944,55.184006,0.82148916,0.9,1.0,859.308,1.0,69.52583,70.044495,69.98375,69.947266,70.04763
2018-01-02 20:26:00,9.648674e-22,0.0,46.30832,357730.44,0.75,0.1,34.44803,596217.44,0.25,0.9,70.98218,0.73934025,0.73934025,1.0,233.2585,596217.44,1.6124573,-400.25253,51.483593,55.184006,0.82148916,0.9,1.0,859.308,1.0,69.52666,70.04428,69.98204,69.9487,70.04532
2018-01-02 20:27:00,-2.1285017e-22,0.0,46.32024,357730.44,0.75,0.1,34.465992,596217.44,0.25,0.9,70.98158,0.73934025,0.73934025,1.0,233.2585,596217.44,1.6124573,-400.25253,51.490242,55.184006,0.82148916,0.9,1.0,859.308,1.0,69.52782,70.04406,69.980286,69.95007,70.04296
2018-01-02 20:28:00,1.03357294e-22,0.0,46.332268,357730.44,0.75,0.1,34.48401,596217.44,0.25,0.9,70.98125,0.73934025,0.73934025,1.0,233.2585,596217.44,1.6124573,-400.25253,51.49694,55.184006,0.82148916,0.9,1.0,859.308,1.0,69.529236,70.04373,69.97858,69.95145,70.04065
2018-01-02 20:29:00,1.0035409e-21,0.0,46.344353,357730.44,0.75,0.1,34.502026,596217.44,0.25,0.9,70.98108,0.73934025,0.73934025,1.0,233.2585,596217.44,1.6124573,-400.25253,51.503643,55.184006,0.82148916,0.9,1.0,859.308,1.0,69.530945,70.043396,69.97693,69.95276,70.03829
2018-01-02 20:30:00,-3.4179335999999997e-23,0.0,46.356495,357730.44,0.75,0.1,34.51999,596217.44,0.25,0.9,70.98119,0.73934025,0.73934025,1.0,233.2585,596217.44,1.6124573,-400.25253,51.5104,55.184006,0.82148916,0.9,1.0,859.308,1.0,69.53292,70.043076,69.975235,69.95409,70.03598
2018-01-02 20:31:00,1.5141125e-21,0.0,46.36869,357730.44,0.75,0.1,34.538006,596217.44,0.25,0.9,70.98147,0.73934025,0.73934025,1.0,233.2585,596217.44,1.6124573,-400.25253,51.517212,55.184006,0.82148916,0.9,1.0,859.308,1.0,69.535065,70.04263,69.97363,69.955345,70.033676
2018-01-02 20:32:00,8.6180435e-23,0.0,46.380993,357730.44,0.75,0.1,34.556023,596217.44,0.25,0.9,70.9819,0.73934025,0.73934025,1.0,233.2585,596217.44,1.6124573,-400.25253,51.524025,55.184006,0.82148916,0.9,1.0,859.308,1.0,69.53737,70.04219,69.971985,69.956604,70.03137
2018-01-02 20:33:00,5.204031300000001e-22,0.0,46.3933,357730.44,0.75,0.1,34.573986,596217.44,0.25,0.9,70.98251,0.73934025,0.73934025,1.0,233.2585,596217.44,1.6124573,-400.25253,51.53089,55.184006,0.82148916,0.9,1.0,859.308,1.0,69.53995,70.04175,69.9704,69.95782,70.02907
2018-01-02 20:34:00,1.074556e-21,0.0,46.405712,357730.44,0.75,0.1,34.592003,596217.44,0.25,0.9,70.98323,0.73934025,0.73934025,1.0,233.2585,596217.44,1.6124573,-400.25253,51.537758,55.184006,0.82148916,0.9,1.0,859.308,1.0,69.54265,70.04126,69.9688,69.95903,70.02681
2018-01-02 20:35:00,-7.376321e-22,0.0,46.41813,357730.44,0.75,0.1,34.610023,596217.44,0.25,0.9,70.9841,0.73934025,0.73934025,1.0,233.2585,596217.44,1.6124573,-400.25253,51.544678,55.184006,0.82148916,0.9,1.0,859.308,1.0,69.5455,70.04071,69.96727,69.960236,70.02456
2018-01-02 20:36:00,-4.949698e-22,0.0,46.430595,357730.44,0.75,0.1,34.627983,596217.44,0.25,0.9,70.98515,0.73934025,0.73934025,1.0,233.2585,596217.44,1.6124573,-400.25253,51.551598,55.184006,0.82148916,0.9,1.0,859.308,1.0,69.54852,70.04016,69.96573,69.96139,70.02231
2018-01-02 20:37:00,-7.586331000000001e-22,0.0,46.443123,357730.44,0.75,0.1,34.646004,596217.44,0.25,0.9,70.98625,0.73934025,0.73934025,1.0,233.2585,596217.44,1.6124573,-400.25253,51.558575,55.184006,0.82148916,0.9,1.0,859.308,1.0,69.5516,70.03961,69.96425,69.96254,70.02011
2018-01-02 20:38:00,8.864448000000001e-22,0.0,46.455647,357730.44,0.75,0.1,34.66402,596217.44,0.25,0.9,70.98751,0.73934025,0.73934025,1.0,233.2585,596217.44,1.6124573,-400.25253,51.56555,55.184006,0.82148916,0.9,1.0,859.308,1.0,69.55484,70.039,69.96276,69.9637,70.01785
2018-01-02 20:39:00,6.430032000000001e-22,0.0,46.468224,357730.44,0.75,0.1,34.682037,596217.44,0.25,0.9,70.98883,0.73934025,0.73934025,1.0,233.2585,596217.44,1.6124573,-400.25253,51.572525,55.184006,0.82148916,0.9,1.0,859.308,1.0,69.55819,70.03841,69.961334,69.9648,70.01572
2018-01-02 20:40:00,4.730531500000001e-22,0.0,46.480858,357730.44,0.75,0.1,34.7,596217.44,0.25,0.9,70.99026,0.73934025,0.73934025,1.0,233.2585,596217.44,1.6124573,-400.25253,51.57956,55.184006,0.82148916,0.9,1.0,859.308,1.0,69.561646,70.03774,69.9599,69.9659,70.01352
2018-01-02 20:41:00,-6.510962000000001e-23,0.0,46.493492,357730.44,0.75,0.1,34.718018,596217.44,0.25,0.9,70.991745,0.73934025,0.73934025,1.0,233.2585,596217.44,1.6124573,-400.25253,51.58659,55.184006,0.82148916,0.9,1.0,859.308,1.0,69.565216,70.03714,69.95853,69.966995,70.01143
2018-01-02 20:42:00,-4.995905e-22,0.0,46.506126,357730.44,0.75,0.1,34.736034,596217.44,0.25,0.9,70.99333,0.73934025,0.73934025,1.0,233.2585,596217.44,1.6124573,-400.25253,51.59362,55.184006,0.82148916,0.9,1.0,859.308,1.0,69.56879,70.03648,69.95715,69.96803,70.00929
2018-01-02 20:43:00,-1.378605e-22,0.0,46.518818,357730.44,0.75,0.1,34.753998,596217.44,0.25,0.9,70.99498,0.73934025,0.73934025,1.0,233.2585,596217.44,1.6124573,-400.25253,51.600708,55.184006,0.82148916,0.9,1.0,859.308,1.0,69.57247,70.03577,69.95584,69.96913,70.0072
2018-01-02 20:44:00,1.9407743e-21,0.0,46.531563,357730.44,0.75,0.1,34.772015,596217.44,0.25,0.9,70.99669,0.73934025,0.73934025,1.0,233.2585,596217.44,1.6124573,-400.25253,51.60774,55.184006,0.82148916,0.9,1.0,859.308,1.0,69.57626,70.03511,69.95452,69.97012,70.00517
2018-01-02 20:45:00,3.1248406000000003e-22,0.0,46.54425,357730.44,0.75,0.1,34.79003,596217.44,0.25,0.9,70.9985,0.73934025,0.73934025,1.0,233.2585,596217.44,1.6124573,-400.25253,51.614822,55.184006,0.82148916,0.9,1.0,859.308,1.0,69.58005,70.03439,69.95326,69.97116,70.003136
2018-01-02 20:46:00,-3.9637572000000005e-22,0.0,46.556995,357730.44,0.75,0.1,34.807995,596217.44,0.25,0.9,71.000305,0.73934025,0.73934025,1.0,233.2585,596217.44,1.6124573,-400.25253,51.62191,55.184006,0.82148916,0.9,1.0,859.308,1.0,69.58389,70.033676,69.95205,69.97215,70.0011
2018-01-02 20:47:00,-2.040699e-22,0.0,46.569794,357730.44,0.75,0.1,34.82601,596217.44,0.25,0.9,71.00218,0.73934025,0.73934025,1.0,233.2585,596217.44,1.6124573,-400.25253,51.62905,55.184006,0.82148916,0.9,1.0,859.308,1.0,69.5878,70.03296,69.950836,69.973145,69.999176
2018-01-02 20:48:00,-7.845283e-22,0.0,46.58254,357730.44,0.75,0.1,34.844032,596217.44,0.25,0.9,71.004105,0.73934025,0.73934025,1.0,233.2585,596217.44,1.6124573,-400.25253,51.63614,55.184006,0.82148916,0.9,1.0,859.308,1.0,69.59175,70.03225,69.94969,69.97414,69.99721
2018-01-02 20:49:00,8.516505e-22,0.0,46.595337,357730.44,0.75,0.1,34.86199,596217.44,0.25,0.9,71.00603,0.73934025,0.73934025,1.0,233.2585,596217.44,1.6124573,-400.25253,51.64328,55.184006,0.82148916,0.9,1.0,859.308,1.0,69.595764,70.03154,69.94853,69.97507,69.99533
2018-01-02 20:50:00,-3.884492e-22,0.0,46.608135,357730.44,0.75,0.1,34.880013,596217.44,0.25,0.9,71.00806,0.73934025,0.73934025,1.0,233.2585,596217.44,1.6124573,-400.25253,51.65042,55.184006,0.82148916,0.9,1.0,859.308,1.0,69.59972,70.03082,69.94743,69.976,69.99341
2018-01-02 20:51:00,2.2824818e-22,0.0,46.62099,357730.44,0.75,0.1,34.89803,596217.44,0.25,0.9,71.01003,0.73934025,0.73934025,1.0,233.2585,596217.44,1.6124573,-400.25253,51.657562,55.184006,0.82148916,0.9,1.0,859.308,1.0,69.60378,70.03005,69.946396,69.97693,69.9916
2018-01-02 20:52:00,-1.0576123e-21,0.0,46.63379,357730.44,0.75,0.1,34.915993,596217.44,0.25,0.9,71.012115,0.73934025,0.73934025,1.0,233.2585,596217.44,1.6124573,-400.25253,51.664703,55.184006,0.82148916,0.9,1.0,859.308,1.0,69.60785,70.02934,69.94534,69.97787,69.98979
2018-01-02 20:53:00,-1.6372243000000001e-21,0.0,46.646645,357730.44,0.75,0.1,34.93401,596217.44,0.25,0.9,71.014206,0.73934025,0.73934025,1.0,233.2585,596217.44,1.6124573,-400.25253,51.671844,55.184006,0.82148916,0.9,1.0,859.308,1.0,69.61191,70.028625,69.94436,69.978745,69.98803
2018-01-02 20:54:00,-1.424795e-21,0.0,46.659443,357730.44,0.75,0.1,34.952026,596217.44,0.25,0.9,71.0163,0.73934025,0.73934025,1.0,233.2585,596217.44,1.6124573,-400.25253,51.67904,55.184006,0.82148916,0.9,1.0,859.308,1.0,69.61603,70.027855,69.943375,69.979675,69.98627
2018-01-02 20:55:00,7.112013e-22,0.0,46.672295,357730.44,0.75,0.1,34.96999,596217.44,0.25,0.9,71.01843,0.73934025,0.73934025,1.0,233.2585,596217.44,1.6124573,-400.25253,51.68618,55.184006,0.82148916,0.9,1.0,859.308,1.0,69.6201,70.027145,69.94244,69.98056,69.98457
2018-01-02 20:56:00,1.8891137e-21,0.0,46.68515,357730.44,0.75,0.1,34.988007,596217.44,0.25,0.9,71.020584,0.73934025,0.73934025,1.0,233.2585,596217.44,1.6124573,-400.25253,51.693375,55.184006,0.82148916,0.9,1.0,859.308,1.0,69.62422,70.02637,69.94156,69.981384,69.982864
2018-01-02 20:57:00,-3.3758872000000003e-22,0.0,46.69806,357730.44,0.75,0.1,35.006023,596217.44,0.25,0.9,71.02272,0.73934025,0.73934025,1.0,233.2585,596217.44,1.6124573,-400.25253,51.700516,55.184006,0.82148916,0.9,1.0,859.308,1.0,69.62834,70.02566,69.940674,69.98226,69.98128
2018-01-02 20:58:00,2.3008026e-22,0.0,46.710915,357730.44,0.75,0.1,35.023987,596217.44,0.25,0.9,71.02492,0.73934025,0.73934025,1.0,233.2585,596217.44,1.6124573,-400.25253,51.707714,55.184006,0.82148916,0.9,1.0,859.308,1.0,69.63246,70.02495,69.93985,69.983086,69.97963
2018-01-02 20:59:00,1.4208497e-21,0.0,46.723766,357730.44,0.75,0.1,35.042004,596217.44,0.25,0.9,71.027115,0.73934025,0.73934025,1.0,233.2585,596217.44,1.6124573,-400.25253,51.714912,55.184006,0.82148916,0.9,1.0,859.308,1.0,69.63658,70.02417,69.939026,69.98391,69.97809
2018-01-02 21:00:00,-3.9928552000000004e-22,0.0,46.73662,357730.44,0.75,0.1,35.06002,596217.44,0.25,0.9,71.02931,0.73934025,0.73934025,1.0,233.2585,596217.44,1.6124573,-400.25253,51.722107,55.184006,0.82148916,0.9,1.0,859.308,1.0,69.6407,70.02346,69.93832,69.98473,69.97655
2018-01-02 21:01:00,-3.2774093e-22,0.0,46.74953,357730.44,0.75,0.1,35.07502,596217.44,0.25,0.9,71.03151,0.73934025,0.73934025,1.0,233.2585,596217.44,1.6124573,-400.25253,51.7293,55.184006,0.82148916,0.9,1.0,859.308,1.0,69.64482,70.02275,69.937546,69.98556,69.97507
2018-01-02 21:02:00,-7.119322500000001e-22,0.0,46.760406,357730.44,0.75,0.1,35.090015,596217.44,0.25,0.9,71.03371,0.73934025,0.73934025,1.0,233.2585,596217.44,1.6124573,-400.25253,51.735672,55.184006,0.82148916,0.9,1.0,859.308,1.0,69.64888,70.02203,69.93689,69.98633,69.97359
2018-01-02 21:03:00,-3.4310307000000004e-22,0.0,46.771282,357730.44,0.75,0.1,35.10501,596217.44,0.25,0.9,71.035965,0.73934025,0.73934025,1.0,233.2585,596217.44,1.6124573,-400.25253,51.74199,55.184006,0.82148916,0.9,1.0,859.308,1.0,69.653,70.02132,69.93623,69.98715,69.97221
2018-01-02 21:04:00,-2.3833324e-23,0.0,46.782104,357730.44,0.75,0.1,35.120007,596217.44,0.25,0.9,71.03816,0.73934025,0.73934025,1.0,233.2585,596217.44,1.6124573,-400.25253,51.748306,55.184006,0.82148916,0.9,1.0,859.308,1.0,69.65707,70.0206,69.93562,69.987915,69.97084
2018-01-02 21:05:00,1.5283978e-21,0.0,46.79298,357730.44,0.75,0.1,35.135002,596217.44,0.25,0.9,71.040405,0.73934025,0.73934025,1.0,233.2585,596217.44,1.6124573,-400.25253,51.75457,55.184006,0.82148916,0.9,1.0,859.308,1.0,69.66107,70.01994,69.935074,69.98869,69.969574
2018-01-02 21:06:00,2.3200187e-22,0.0,46.803856,357730.44,0.75,0.1,35.15,596217.44,0.25,0.9,71.0426,0.73934025,0.73934025,1.0,233.2585,596217.44,1.6124573,-400.25253,51.76078,55.184006,0.82148916,0.9,1.0,859.308,1.0,69.665085,70.019226,69.934525,69.98952,69.96831
2018-01-02 21:07:00,4.709213e-22,0.0,46.814735,357730.44,0.75,0.1,35.164997,596217.44,0.25,0.9,71.04486,0.73934025,0.73934025,1.0,233.2585,596217.44,1.6124573,-400.25253,51.76704,55.184006,0.82148916,0.9,1.0,859.308,1.0,69.66904,70.01857,69.93404,69.99023,69.9671
2018-01-02 21:08:00,-1.6558374000000001e-21,0.0,46.825554,357730.44,0.75,0.1,35.179993,596217.44,0.25,0.9,71.04706,0.73934025,0.73934025,1.0,233.2585,596217.44,1.6124573,-400.25253,51.773247,55.184006,0.82148916,0.9,1.0,859.308,1.0,69.67294,70.01785,69.93353,69.991,69.9659
2018-01-02 21:09:00,-2.511348e-22,0.0,46.836433,357730.44,0.75,0.1,35.19499,596217.44,0.25,0.9,71.049255,0.73934025,0.73934025,1.0,233.2585,596217.44,1.6124573,-400.25253,51.77951,55.184006,0.82148916,0.9,1.0,859.308,1.0,69.67679,70.0172,69.9331,69.991714,69.96474
2018-01-02 21:10:00,-2.0457482e-22,0.0,46.84725,357730.44,0.75,0.1,35.209984,596217.44,0.25,0.9,71.05145,0.73934025,0.73934025,1.0,233.2585,596217.44,1.6124573,-400.25253,51.785717,55.184006,0.82148916,0.9,1.0,859.308,1.0,69.68057,70.01654,69.93271,69.99248,69.96364
2018-01-02 21:11:00,1.4831561e-21,0.0,46.85813,357730.44,0.75,0.1,35.225037,596217.44,0.25,0.9,71.05365,0.73934025,0.73934025,1.0,233.2585,596217.44,1.6124573,-400.25253,51.791924,55.184006,0.82148916,0.9,1.0,859.308,1.0,69.68437,70.01582,69.93233,69.993195,69.9626
2018-01-02 21:12:00,8.425774600000001e-22,0.0,46.86895,357730.44,0.75,0.1,35.240032,596217.44,0.25,0.9,71.055786,0.73934025,0.73934025,1.0,233.2585,596217.44,1.6124573,-400.25253,51.798134,55.184006,0.82148916,0.9,1.0,859.308,1.0,69.6881,70.01517,69.932,69.99385,69.96155
2018-01-02 21:13:00,-3.6074445e-22,0.0,46.879772,357730.44,0.75,0.1,35.255028,596217.44,0.25,0.9,71.05794,0.73934025,0.73934025,1.0,233.2585,596217.44,1.6124573,-400.25253,51.804337,55.184006,0.82148916,0.9,1.0,859.308,1.0,69.69179,70.01451,69.93167,69.99457,69.96062
2018-01-02 21:14:00,-7.5342110000000005e-22,0.0,46.890648,357730.44,0.75,0.1,35.270027,596217.44,0.25,0.9,71.060074,0.73934025,0.73934025,1.0,233.2585,596217.44,1.6124573,-400.25253,51.810547,55.184006,0.82148916,0.9,1.0,859.308,1.0,69.695465,70.013794,69.9314,69.995224,69.959625
2018-01-02 21:15:00,2.2082605e-22,0.0,46.90147,357730.44,0.75,0.1,35.285023,596217.44,0.25,0.9,71.062164,0.73934025,0.73934025,1.0,233.2585,596217.44,1.6124573,-400.25253,51.816696,55.184006,0.82148916,0.9,1.0,859.308,1.0,69.699036,70.01314,69.931175,69.99588,69.958755
2018-01-02 21:16:00,3.3107442000000002e-22,0.0,46.91224,357730.44,0.75,0.1,35.30002,596217.44,0.25,0.9,71.064255,0.73934025,0.73934025,1.0,233.2585,596217.44,1.6124573,-400.25253,51.822906,55.184006,0.82148916,0.9,1.0,859.308,1.0,69.70261,70.012474,69.930954,69.99649,69.95787
2018-01-02 21:17:00,1.8647434000000002e-21,0.0,46.923058,357730.44,0.75,0.1,35.315014,596217.44,0.25,0.9,71.06634,0.73934025,0.73934025,1.0,233.2585,596217.44,1.6124573,-400.25253,51.829113,55.184006,0.82148916,0.9,1.0,859.308,1.0,69.706116,70.01181,69.93074,69.99715,69.95705
2018-01-02 21:18:00,-1.4856792e-21,0.0,46.93388,357730.44,0.75,0.1,35.33001,596217.44,0.25,0.9,71.068375,0.73934025,0.73934025,1.0,233.2585,596217.44,1.6124573,-400.25253,51.835266,55.184006,0.82148916,0.9,1.0,859.308,1.0,69.70964,70.011154,69.93057,69.99776,69.95622
2018-01-02 21:19:00,1.8721038e-21,0.0,46.944702,357730.44,0.75,0.1,35.34501,596217.44,0.25,0.9,71.070404,0.73934025,0.73934025,1.0,233.2585,596217.44,1.6124573,-400.25253,51.841415,55.184006,0.82148916,0.9,1.0,859.308,1.0,69.7131,70.0105,69.930405,69.99835,69.95546
2018-01-02 21:20:00,1.8741586000000002e-22,0.0,46.955467,357730.44,0.75,0.1,35.360004,596217.44,0.25,0.9,71.07243,0.73934025,0.73934025,1.0,233.2585,596217.44,1.6124573,-400.25253,51.847572,55.184006,0.82148916,0.9,1.0,859.308,1.0,69.71651,70.00984,69.9303,69.99896,69.95474
2018-01-02 21:21:00,4.1379097000000005e-22,0.0,46.96629,357730.44,0.75,0.1,35.375,596217.44,0.25,0.9,71.07442,0.73934025,0.73934025,1.0,233.2585,596217.44,1.6124573,-400.25253,51.85372,55.184006,0.82148916,0.9,1.0,859.308,1.0,69.71985,70.00918,69.93024,69.99951,69.954025
2018-01-02 21:22:00,-3.7427388e-22,0.0,46.97706,357730.44,0.75,0.1,35.389996,596217.44,0.25,0.9,71.076385,0.73934025,0.73934025,1.0,233.2585,596217.44,1.6124573,-400.25253,51.859875,55.184006,0.82148916,0.9,1.0,859.308,1.0,69.723206,70.008514,69.93019,70.00006,69.95337
2018-01-02 21:23:00,-2.1771236e-21,0.0,46.987823,357730.44,0.75,0.1,35.40499,596217.44,0.25,0.9,71.07831,0.73934025,0.73934025,1.0,233.2585,596217.44,1.6124573,-400.25253,51.866028,55.184006,0.82148916,0.9,1.0,859.308,1.0,69.7265,70.00786,69.93013,70.00061,69.95276
2018-01-02 21:24:00,7.084139e-22,0.0,46.99859,357730.44,0.75,0.1,35.41999,596217.44,0.25,0.9,71.08029,0.73934025,0.73934025,1.0,233.2585,596217.44,1.6124573,-400.25253,51.872124,55.184006,0.82148916,0.9,1.0,859.308,1.0,69.72974,70.007256,69.93013,70.0011,69.95216
2018-01-02 21:25:00,6.775888e-22,0.0,47.009357,357730.44,0.75,0.1,35.434986,596217.44,0.25,0.9,71.082214,0.73934025,0.73934025,1.0,233.2585,596217.44,1.6124573,-400.25253,51.878277,55.184006,0.82148916,0.9,1.0,859.308,1.0,69.73299,70.00659,69.93013,70.00165,69.951614
2018-01-02 21:26:00,9.478042e-22,0.0,47.020123,357730.44,0.75,0.1,35.450035,596217.44,0.25,0.9,71.084076,0.73934025,0.73934025,1.0,233.2585,596217.44,1.6124573,-400.25253,51.884377,55.184006,0.82148916,0.9,1.0,859.308,1.0,69.73617,70.006,69.93019,70.00215,69.95111
2018-01-02 21:27:00,-5.030033600000001e-22,0.0,47.030834,357730.44,0.75,0.1,35.465034,596217.44,0.25,0.9,71.086,0.73934025,0.73934025,1.0,233.2585,596217.44,1.6124573,-400.25253,51.890526,55.184006,0.82148916,0.9,1.0,859.308,1.0,69.73935,70.00539,69.93024,70.00264,69.95062
2018-01-02 21:28:00,5.614766600000001e-22,0.0,47.041603,357730.44,0.75,0.1,35.48003,596217.44,0.25,0.9,71.087875,0.73934025,0.73934025,1.0,233.2585,596217.44,1.6124573,-400.25253,51.89662,55.184006,0.82148916,0.9,1.0,859.308,1.0,69.742485,70.00473,69.93035,70.00308,69.95013
2018-01-02 21:29:00,1.2332252e-21,0.0,47.05237,357730.44,0.75,0.1,35.495026,596217.44,0.25,0.9,71.08974,0.73934025,0.73934025,1.0,233.2585,596217.44,1.6124573,-400.25253,51.90272,55.184006,0.82148916,0.9,1.0,859.308,1.0,69.74562,70.00412,69.930466,70.00357,69.94974
2018-01-02 21:30:00,-1.260048e-21,0.0,47.06308,357730.44,0.75,0.1,35.51002,596217.44,0.25,0.9,71.09155,0.73934025,0.73934025,1.0,233.2585,596217.44,1.6124573,-400.25253,51.90882,55.184006,0.82148916,0.9,1.0,859.308,1.0,69.74864,70.003525,69.930626,70.00401,69.9493
2018-01-02 21:31:00,3.0307382e-22,0.0,47.073845,357730.44,0.75,0.1,35.525017,596217.44,0.25,0.9,71.09337,0.73934025,0.73934025,1.0,233.2585,596217.44,1.6124573,-400.25253,51.914917,55.184006,0.82148916,0.9,1.0,859.308,1.0,69.75171,70.002975,69.930786,70.004456,69.948975
2018-01-02 21:32:00,1.1249101e-21,0.0,47.084557,357730.44,0.75,0.1,35.540016,596217.44,0.25,0.9,71.09518,0.73934025,0.73934025,1.0,233.2585,596217.44,1.6124573,-400.25253,51.921013,55.184006,0.82148916,0.9,1.0,859.308,1.0,69.754684,70.002365,69.930954,70.0049,69.94864
2018-01-02 21:33:00,-9.825212e-22,0.0,47.09527,357730.44,0.75,0.1,35.55501,596217.44,0.25,0.9,71.096985,0.73934025,0.73934025,1.0,233.2585,596217.44,1.6124573,-400.25253,51.92711,55.184006,0.82148916,0.9,1.0,859.308,1.0,69.757645,70.00176,69.931175,70.00528,69.948364
2018-01-02 21:34:00,2.9794241e-22,0.0,47.10598,357730.44,0.75,0.1,35.570007,596217.44,0.25,0.9,71.09875,0.73934025,0.73934025,1.0,233.2585,596217.44,1.6124573,-400.25253,51.93321,55.184006,0.82148916,0.9,1.0,859.308,1.0,69.76061,70.00121,69.9314,70.00566,69.94809
2018-01-02 21:35:00,-6.0574006e-22,0.0,47.11669,357730.44,0.75,0.1,35.585003,596217.44,0.25,0.9,71.100555,0.73934025,0.73934025,1.0,233.2585,596217.44,1.6124573,-400.25253,51.93931,55.184006,0.82148916,0.9,1.0,859.308,1.0,69.76352,70.00066,69.93167,70.0061,69.947815
2018-01-02 21:36:00,5.010632e-22,0.0,47.127403,357730.44,0.75,0.1,35.6,596217.44,0.25,0.9,71.102264,0.73934025,0.73934025,1.0,233.2585,596217.44,1.6124573,-400.25253,51.94535,55.184006,0.82148916,0.9,1.0,859.308,1.0,69.76638,70.000114,69.931946,70.00643,69.947655
2018-01-02 21:37:00,2.0864366000000001e-22,0.0,47.138115,357730.44,0.75,0.1,35.614998,596217.44,0.25,0.9,71.10402,0.73934025,0.73934025,1.0,233.2585,596217.44,1.6124573,-400.25253,51.951447,55.184006,0.82148916,0.9,1.0,859.308,1.0,69.76924,69.999565,69.93222,70.00682,69.94743
2018-01-02 21:38:00,-4.760398e-22,0.0,47.148827,357730.44,0.75,0.1,35.629993,596217.44,0.25,0.9,71.10573,0.73934025,0.73934025,1.0,233.2585,596217.44,1.6124573,-400.25253,51.95749,55.184006,0.82148916,0.9,1.0,859.308,1.0,69.772095,69.999016,69.93255,70.00714,69.94733
2018-01-02 21:39:00,5.0675713e-22,0.0,47.159485,357730.44,0.75,0.1,35.64499,596217.44,0.25,0.9,71.10742,0.73934025,0.73934025,1.0,233.2585,596217.44,1.6124573,-400.25253,51.96353,55.184006,0.82148916,0.9,1.0,859.308,1.0,69.77484,69.99847,69.93288,70.00753,69.94716
2018-01-02 21:40:00,-3.3812149e-22,0.0,47.170197,357730.44,0.75,0.1,35.659985,596217.44,0.25,0.9,71.10913,0.73934025,0.73934025,1.0,233.2585,596217.44,1.6124573,-400.25253,51.969627,55.184006,0.82148916,0.9,1.0,859.308,1.0,69.77764,69.99797,69.93321,70.00786,69.947105
2018-01-02 21:41:00,1.7117578e-21,0.0,47.180855,357730.44,0.75,0.1,35.675037,596217.44,0.25,0.9,71.11083,0.73934025,0.73934025,1.0,233.2585,596217.44,1.6124573,-400.25253,51.97567,55.184006,0.82148916,0.9,1.0,859.308,1.0,69.780334,69.99748,69.93332,70.00813,69.94705
2018-01-02 21:42:00,-3.5940488000000004e-22,0.0,47.191566,357730.44,0.75,0.1,35.690033,596217.44,0.25,0.9,71.11248,0.73934025,0.73934025,1.0,233.2585,596217.44,1.6124573,-400.25253,51.981712,55.184006,0.82148916,0.9,1.0,859.308,1.0,69.78308,69.99698,69.93349,70.00847,69.94699
2018-01-02 21:43:00,-6.4069576e-22,0.0,47.20222,357730.44,0.75,0.1,35.70503,596217.44,0.25,0.9,71.11413,0.73934025,0.73934025,1.0,233.2585,596217.44,1.6124573,-400.25253,51.987755,55.184006,0.82148916,0.9,1.0,859.308,1.0,69.78572,69.99649,69.93365,70.00874,69.94699
2018-01-02 21:44:00,-4.5879135e-22,0.0,47.21288,357730.44,0.75,0.1,35.720024,596217.44,0.25,0.9,71.115776,0.73934025,0.73934025,1.0,233.2585,596217.44,1.6124573,-400.25253,51.993797,55.184006,0.82148916,0.9,1.0,859.308,1.0,69.78841,69.995995,69.93381,70.00906,69.94699
2018-01-02 21:45:00,4.7530064e-22,0.0,47.223534,357730.44,0.75,0.1,35.735023,596217.44,0.25,0.9,71.11737,0.73934025,0.73934025,1.0,233.2585,596217.44,1.6124573,-400.25253,51.99984,55.184006,0.82148916,0.9,1.0,859.308,1.0,69.790985,69.9955,69.93404,70.00934,69.94705
2018-01-02 21:46:00,-1.5686985000000001e-21,0.0,47.23419,357730.44,0.75,0.1,35.75002,596217.44,0.25,0.9,71.11896,0.73934025,0.73934025,1.0,233.2585,596217.44,1.6124573,-400.25253,52.005882,55.184006,0.82148916,0.9,1.0,859.308,1.0,69.79357,69.995056,69.93431,70.00961,69.947105
2018-01-02 21:47:00,1.1580774000000001e-21,0.0,47.24485,357730.44,0.75,0.1,35.765015,596217.44,0.25,0.9,71.12056,0.73934025,0.73934025,1.0,233.2585,596217.44,1.6124573,-400.25253,52.011925,55.184006,0.82148916,0.9,1.0,859.308,1.0,69.79616,69.99462,69.934586,70.00984,69.94722
2018-01-02 21:48:00,7.159881e-23,0.0,47.255505,357730.44,0.75,0.1,35.78001,596217.44,0.25,0.9,71.12215,0.73934025,0.73934025,1.0,233.2585,596217.44,1.6124573,-400.25253,52.017914,55.184006,0.82148916,0.9,1.0,859.308,1.0,69.798676,69.99419,69.93486,70.01012,69.94733
2018-01-02 21:49:00,3.6897143000000004e-24,0.0,47.266163,357730.44,0.75,0.1,35.795006,596217.44,0.25,0.9,71.12369,0.73934025,0.73934025,1.0,233.2585,596217.44,1.6124573,-400.25253,52.023956,55.184006,0.82148916,0.9,1.0,859.308,1.0,69.80121,69.993744,69.93518,70.01033,69.94743
2018-01-02 21:50:00,-2.6572110000000003e-22,0.0,47.276764,357730.44,0.75,0.1,35.810005,596217.44,0.25,0.9,71.12523,0.73934025,0.73934025,1.0,233.2585,596217.44,1.6124573,-400.25253,52.03,55.184006,0.82148916,0.9,1.0,859.308,1.0,69.80368,69.9933,69.93552,70.01055,69.9476
2018-01-02 21:51:00,-5.3458294000000005e-22,0.0,47.287422,357730.44,0.75,0.1,35.825,596217.44,0.25,0.9,71.12676,0.73934025,0.73934025,1.0,233.2585,596217.44,1.6124573,-400.25253,52.035988,55.184006,0.82148916,0.9,1.0,859.308,1.0,69.80615,69.99292,69.935844,70.01077,69.947815
2018-01-02 21:52:00,-1.7908882e-22,0.0,47.298077,357730.44,0.75,0.1,35.839996,596217.44,0.25,0.9,71.128296,0.73934025,0.73934025,1.0,233.2585,596217.44,1.6124573,-400.25253,52.04203,55.184006,0.82148916,0.9,1.0,859.308,1.0,69.80856,69.99248,69.93623,70.01099,69.94798
2018-01-02 21:53:00,9.013242e-22,0.0,47.308678,357730.44,0.75,0.1,35.854992,596217.44,0.25,0.9,71.12978,0.73934025,0.73934025,1.0,233.2585,596217.44,1.6124573,-400.25253,52.048016,55.184006,0.82148916,0.9,1.0,859.308,1.0,69.81099,69.992096,69.93667,70.011215,69.94826
2018-01-02 21:54:00,6.6610920000000005e-22,0.0,47.319283,357730.44,0.75,0.1,35.869987,596217.44,0.25,0.9,71.13127,0.73934025,0.73934025,1.0,233.2585,596217.44,1.6124573,-400.25253,52.054,55.184006,0.82148916,0.9,1.0,859.308,1.0,69.81335,69.991714,69.9371,70.011375,69.94848
2018-01-02 21:55:00,2.8851948e-22,0.0,47.329937,357730.44,0.75,0.1,35.884987,596217.44,0.25,0.9,71.13275,0.73934025,0.73934025,1.0,233.2585,596217.44,1.6124573,-400.25253,52.060043,55.184006,0.82148916,0.9,1.0,859.308,1.0,69.815704,69.991325,69.937546,70.0116,69.94875
2018-01-02 21:56:00,1.8658572e-22,0.0,47.340538,357730.44,0.75,0.1,35.900036,596217.44,0.25,0.9,71.13423,0.73934025,0.73934025,1.0,233.2585,596217.44,1.6124573,-400.25253,52.066032,55.184006,0.82148916,0.9,1.0,859.308,1.0,69.818016,69.991,69.93799,70.011765,69.94908
2018-01-02 21:57:00,-8.753895000000001e-22,0.0,47.351143,357730.44,0.75,0.1,35.91503,596217.44,0.25,0.9,71.13571,0.73934025,0.73934025,1.0,233.2585,596217.44,1.6124573,-400.25253,52.07202,55.184006,0.82148916,0.9,1.0,859.308,1.0,69.82033,69.990616,69.93848,70.011925,69.949356
2018-01-02 21:58:00,-8.062984400000001e-22,0.0,47.361744,357730.44,0.75,0.1,35.93003,596217.44,0.25,0.9,71.137146,0.73934025,0.73934025,1.0,233.2585,596217.44,1.6124573,-400.25253,52.07801,55.184006,0.82148916,0.9,1.0,859.308,1.0,69.82257,69.99028,69.93898,70.012085,69.94969
2018-01-02 21:59:00,4.448219e-22,0.0,47.372345,357730.44,0.75,0.1,35.945026,596217.44,0.25,0.9,71.13857,0.73934025,0.73934025,1.0,233.2585,596217.44,1.6124573,-400.25253,52.083996,55.184006,0.82148916,0.9,1.0,859.308,1.0,69.82483,69.98995,69.93953,70.01225,69.95007
2018-01-02 22:00:00,1.7371358e-21,0.0,47.382946,357730.44,0.75,0.1,35.960022,596217.44,0.25,0.9,71.14,0.73934025,0.73934025,1.0,233.2585,596217.44,1.6124573,-400.25253,52.08998,55.184006,0.82148916,0.9,1.0,859.308,1.0,69.82703,69.98968,69.94008,70.01236,69.950455
2018-01-02 22:01:00,-1.5394743000000002e-22,0.0,47.393547,357730.44,0.75,0.0,35.893993,596217.44,0.25,1.0,69.94453,0.73934025,0.73934025,0.0,233.2585,596217.44,1.6124573,-400.25253,47.393547,55.184006,0.0,0.9,0.0,859.308,0.0,69.82928,69.98935,69.94063,70.01253,69.950836
2018-01-02 22:02:00,-2.6772452999999998e-20,0.0,47.744396,357730.44,0.75,0.0,35.828022,0.0009876816,0.25,1.0,69.85604,1.9714366e-06,1.9714366e-06,0.0,1.2850851e-17,-0.00050794316,0.005004883,-400.25253,47.744396,55.184006,0.0,0.9,0.0,-1.6108208e-17,0.0,70.02022,69.89119,69.80703,69.79726,69.76451
2018-01-02 22:03:00,-5.394514e-22,0.0,47.744396,357730.44,0.75,0.0,35.761993,1.1619784e-06,0.25,1.0,69.86758,-2.4650158e-13,-2.4650158e-13,0.0,-4.3354145e-23,5.063535e-08,0.005004883,-400.25253,47.744396,55.184006,0.0,0.9,0.0,-1.600984e-24,0.0,70.08037,69.88855,69.80527,69.797806,69.765884
2018-01-02 22:04:00,5.9167307e-23,0.0,47.744396,357730.44,0.75,0.0,35.696022,-1.1619784e-06,0.25,1.0,69.88252,-2.37507e-18,-2.37507e-18,0.0,-8.977174999999999e-24,1.4190691e-06,0.005004883,-400.25253,47.744396,55.184006,0.0,0.9,0.0,-7.697035e-27,0.0,70.17825,69.8835,69.79824,69.79286,69.75979
2018-01-02 22:05:00,2.2380035e-24,0.0,47.744396,357730.44,0.75,0.0,35.629993,5.809892e-06,0.25,1.0,69.89443,3.2969958000000002e-24,3.2969958000000002e-24,0.0,-1.00557475e-22,9.611974e-07,0.005004883,-400.25253,47.744396,55.184006,0.0,0.9,0.0,-1.1088035e-25,0.0,70.26033,69.878494,69.79143,69.787964,69.75397
2018-01-02 22:06:00,-1.7149909e-25,0.0,47.744396,357730.44,0.75,0.0,35.56402,0.0,0.25,1.0,69.90658,1.1933431e-28,1.1933431e-28,0.0,-3.5648224e-23,8.284335e-06,0.005004883,-400.25253,47.744396,55.184006,0.0,0.9,0.0,-4.0540942e-24,0.0,70.34366,69.87344,69.78456,69.783134,69.74809
2018-01-02 22:07:00,6.382796e-25,0.0,47.744396,357730.44,0.75,0.0,35.497993,1.1619784e-06,0.25,1.0,69.91792,5.438337e-33,5.438337e-33,0.0,-2.0704074e-23,1.5207042e-06,0.005004883,-400.25253,47.744396,55.184006,0.0,0.9,0.0,-4.0112406000000004e-24,0.0,70.42309,69.86839,69.777695,69.778244,69.74221
2018-01-02 22:08:00,8.163092e-25,0.0,47.744396,357730.44,0.75,0.0,35.43202,1.1619784e-06,0.25,1.0,69.92883,-1.2094409999999998e-38,-1.2094409999999998e-38,0.0,-2.427875e-23,-1.929974e-06,0.005004883,-400.25253,47.744396,55.184006,0.0,0.9,0.0,-1.4921751e-24,0.0,70.50038,69.86328,69.77083,69.77336,69.73633
2018-01-02 22:09:00,-6.1325979999999996e-24,0.0,47.744396,357730.44,0.75,0.0,35.36599,1.1619784e-06,0.25,1.0,69.939285,2.1000000000000003e-44,2.1000000000000003e-44,0.0,-4.1444800000000006e-24,6.8337968e-06,0.005004883,-400.25253,47.744396,55.184006,0.0,0.9,0.0,-1.4981968999999998e-25,0.0,70.57525,69.85823,69.76402,69.76846,69.73045
2018-01-02 22:10:00,-8.703195e-26,0.0,47.744396,357730.44,0.75,0.0,35.30002,1.1619784e-06,0.25,1.0,69.94927,0.0,0.0,0.0,-8.779710000000001e-24,3.4762847e-06,0.005004883,-400.25253,47.744396,55.184006,0.0,0.9,0.0,-2.0907208e-25,0.0,70.64798,69.85312,69.75716,69.76352,69.72458
2018-01-02 22:11:00,-1.1355812999999999e-25,0.0,47.744396,357730.44,0.75,0.0,35.23399,1.1619784e-06,0.25,1.0,69.958824,0.0,0.0,0.0,-2.953419e-24,-6.1392775e-06,0.005004883,-400.25253,47.744396,55.184006,0.0,0.9,0.0,-2.4865976e-24,0.0,70.718506,69.84801,69.75029,69.75864,69.718704
2018-01-02 22:12:00,-5.740572e-25,0.0,47.744396,357730.44,0.75,0.0,35.16802,-1.1619784e-06,0.25,1.0,69.96798,0.0,0.0,0.0,-1.2473213e-23,2.4122944e-06,0.005004883,-400.25253,47.744396,55.184006,0.0,0.9,0.0,-1.1560166e-24,0.0,70.78706,69.842896,69.74342,69.753746,69.71277
2018-01-02 22:13:00,5.8177635e-26,0.0,47.744396,357730.44,0.75,0.0,35.10199,-1.1619784e-06,0.25,1.0,69.976746,0.0,0.0,0.0,-9.597080000000001e-24,-4.042579e-06,0.005004883,-400.25253,47.744396,55.184006,0.0,0.9,0.0,-3.6034784e-24,0.0,70.8537,69.83779,69.73656,69.7488,69.706894
2018-01-02 22:14:00,2.585866e-25,0.0,47.744396,357730.44,0.75,0.0,35.03602,-1.1619784e-06,0.25,1.0,69.98513,0.0,0.0,0.0,-9.041976e-23,2.093996e-05,0.005004883,-400.25253,47.744396,55.184006,0.0,0.9,0.0,-4.8376607e-24,0.0,70.91841,69.83269,69.72974,69.74386,69.70096
2018-01-02 22:15:00,1.96609e-25,0.0,47.744396,357730.44,0.75,0.0,34.96999,-3.4859352e-06,0.25,1.0,69.993164,0.0,0.0,0.0,-3.7931386e-23,1.0126115e-06,0.005004883,-400.25253,47.744396,55.184006,0.0,0.9,0.0,-1.8558219000000003e-27,0.0,70.981415,69.827576,69.72287,69.73897,69.69502
2018-01-02 22:16:00,1.2211137e-25,0.0,47.744396,357730.44,0.75,0.0,34.904015,-1.1619784e-06,0.25,1.0,70.00086,0.0,0.0,0.0,-1.0337571000000001e-22,6.1588353e-06,0.005004883,-400.25253,47.744396,55.184006,0.0,0.9,0.0,-9.068666e-25,0.0,71.04272,69.82241,69.716064,69.734024,69.68909
2018-01-02 22:17:00,-2.6334472e-25,0.0,47.744396,357730.44,0.75,0.0,34.83799,0.0,0.25,1.0,70.008224,0.0,0.0,0.0,-3.4612594e-24,3.6460685e-07,0.005004883,-400.25253,47.744396,55.184006,0.0,0.9,0.0,-2.4678439e-24,0.0,71.10243,69.81731,69.7092,69.72908,69.683105
2018-01-02 22:18:00,-3.4445736999999998e-25,0.0,47.744396,357730.44,0.75,0.0,34.772015,-1.1619784e-06,0.25,1.0,70.01528,0.0,0.0,0.0,-2.184009e-25,-5.5026826e-06,0.005004883,-400.25253,47.744396,55.184006,0.0,0.9,0.0,-8.716955e-27,0.0,71.1606,69.81213,69.702385,69.72414,69.67717
2018-01-02 22:19:00,1.6239944e-25,0.0,47.744396,357730.44,0.75,0.0,34.705986,0.0,0.25,1.0,70.02205,0.0,0.0,0.0,-4.2637060000000004e-23,-4.802518e-06,0.005004883,-400.25253,47.744396,55.184006,0.0,0.9,0.0,-9.418555e-25,0.0,71.21724,69.80698,69.69557,69.71925,69.671234
2018-01-02 22:20:00,-6.607785e-25,0.0,47.744396,357730.44,0.75,0.0,34.640015,1.1619784e-06,0.25,1.0,70.02853,0.0,0.0,0.0,-2.0251688e-23,4.3710093e-06,0.005004883,-400.25253,47.744396,55.184006,0.0,0.9,0.0,-4.2134406999999995e-25,0.0,71.27249,69.80181,69.68877,69.71431,69.66525
2018-01-02 22:21:00,4.540899e-25,0.0,47.744396,357730.44,0.75,0.0,34.573986,1.1619784e-06,0.25,1.0,70.034744,0.0,0.0,0.0,-4.7254768e-24,2.7986637e-06,0.005004883,-400.25253,47.744396,55.184006,0.0,0.9,0.0,-8.251115e-26,0.0,71.326385,69.79671,69.681946,69.709366,69.65932
2018-01-02 22:22:00,6.318002e-25,0.0,47.744396,357730.44,0.75,0.0,34.508015,1.1619784e-06,0.25,1.0,70.040695,0.0,0.0,0.0,-9.936011500000001e-24,1.3617635e-06,0.005004883,-400.25253,47.744396,55.184006,0.0,0.9,0.0,-2.2570044e-26,0.0,71.37901,69.791534,69.67514,69.70447,69.653336
2018-01-02 22:23:00,2.0534998000000002e-26,0.0,47.744396,357730.44,0.75,0.0,34.441986,-2.3239568e-06,0.25,1.0,70.0464,0.0,0.0,0.0,-2.1560501e-24,3.1118673e-06,0.005004883,-400.25253,47.744396,55.184006,0.0,0.9,0.0,-3.9474250000000003e-25,0.0,71.43031,69.78638,69.66838,69.699524,69.6474
2018-01-02 22:24:00,-2.2276973e-25,0.0,47.744396,357730.44,0.75,0.0,34.376015,-1.1619784e-06,0.25,1.0,70.051865,0.0,0.0,0.0,-1.2995283e-23,-4.816404e-06,0.005004883,-400.25253,47.744396,55.184006,0.0,0.9,0.0,-2.899713e-24,0.0,71.48047,69.78121,69.66162,69.69458,69.64141
2018-01-02 22:25:00,6.5698043e-26,0.0,47.744396,357730.44,0.75,0.0,34.309986,-2.3239568e-06,0.25,1.0,70.057106,0.0,0.0,0.0,-1.151848e-22,3.9965234e-06,0.005004883,-400.25253,47.744396,55.184006,0.0,0.9,0.0,-1.4764184000000001e-24,0.0,71.529465,69.77605,69.65487,69.6897,69.63542
2018-01-02 22:26:00,2.0278636e-25,0.0,47.744396,357730.44,0.75,0.0,34.24401,1.1619784e-06,0.25,1.0,70.06212,0.0,0.0,0.0,-4.2326888e-24,3.1441296e-06,0.005004883,-400.25253,47.744396,55.184006,0.0,0.9,0.0,-7.8302757e-25,0.0,71.57736,69.77089,69.64812,69.68475,69.629486
2018-01-02 22:27:00,4.6296614999999995e-25,0.0,47.744396,357730.44,0.75,0.0,34.177986,1.1619784e-06,0.25,1.0,70.06694,0.0,0.0,0.0,-1.113661e-22,3.1810232e-06,0.005004883,-400.25253,47.744396,55.184006,0.0,0.9,0.0,-1.8832796e-24,0.0,71.62417,69.76572,69.64141,69.67986,69.623505
2018-01-02 22:28:00,-1.56051e-26,0.0,47.744396,357730.44,0.75,0.0,34.11201,0.0,0.25,1.0,70.07155,0.0,0.0,0.0,-1.0744396e-23,3.526541e-07,0.005004883,-400.25253,47.744396,55.184006,0.0,0.9,0.0,-1.4249939000000001e-24,0.0,71.66992,69.76056,69.634705,69.67497,69.61757
2018-01-02 22:29:00,7.714516999999999e-26,0.0,47.744396,357730.44,0.75,0.0,34.045982,1.1619784e-06,0.25,1.0,70.075966,0.0,0.0,0.0,-1.100906e-23,3.1627233e-06,0.005004883,-400.25253,47.744396,55.184006,0.0,0.9,0.0,-3.2127534e-24,0.0,71.71469,69.755394,69.628006,69.67009,69.61163
2018-01-02 22:30:00,2.8287577999999997e-25,0.0,47.744396,357730.44,0.75,0.0,33.98001,-2.3239568e-06,0.25,1.0,70.08018,0.0,0.0,0.0,-5.4155175e-23,-2.392544e-06,0.005004883,-400.25253,47.744396,55.184006,0.0,0.9,0.0,-2.8400257e-24,0.0,71.75848,69.75029,69.62131,69.665146,69.60565
2018-01-02 22:31:00,2.5880237e-26,0.0,47.744396,357730.44,0.75,0.0,33.91404,-2.3239568e-06,0.25,1.0,70.08421,0.0,0.0,0.0,-6.2608376e-24,-5.886622e-06,0.005004883,-400.25253,47.744396,55.184006,0.0,0.9,0.0,-4.1804067e-24,0.0,71.80132,69.74512,69.614655,69.66025,69.59972
2018-01-02 22:32:00,8.553727000000001e-27,0.0,47.744396,357730.44,0.75,0.0,33.84801,-1.1619784e-06,0.25,1.0,70.08808,0.0,0.0,0.0,-5.13281e-24,-4.495556e-07,0.005004883,-400.25253,47.744396,55.184006,0.0,0.9,0.0,-6.9562756e-27,0.0,71.84323,69.73996,69.60802,69.65542,69.59378
2018-01-02 22:33:00,4.1753884e-26,0.0,47.744396,357730.44,0.75,0.0,33.782036,-1.1619784e-06,0.25,1.0,70.09177,0.0,0.0,0.0,-5.958051e-25,1.4099988e-06,0.005004883,-400.25253,47.744396,55.184006,0.0,0.9,0.0,-4.529214299999999e-25,0.0,71.88427,69.734795,69.601364,69.65053,69.58785
2018-01-02 22:34:00,9.027989e-25,0.0,47.744396,357730.44,0.75,0.0,33.71601,1.1619784e-06,0.25,1.0,70.09529,0.0,0.0,0.0,-3.3495277e-23,-5.91529e-07,0.005004883,-400.25253,47.744396,55.184006,0.0,0.9,0.0,-9.5140767e-26,0.0,71.924484,69.72969,69.59472,69.645645,69.581924
2018-01-02 22:35:00,1.8595234999999998e-25,0.0,47.744396,357730.44,0.75,0.0,33.650036,1.1619784e-06,0.25,1.0,70.09866,0.0,0.0,0.0,-6.897784e-24,9.580569e-06,0.005004883,-400.25253,47.744396,55.184006,0.0,0.9,0.0,-1.5245903000000001e-24,0.0,71.963806,69.72452,69.58813,69.64081,69.57604
2018-01-02 22:36:00,-2.2247447000000002e-24,0.0,47.744396,357730.44,0.75,0.0,33.584007,0.0,0.25,1.0,70.10187,0.0,0.0,0.0,-2.9729970000000003e-23,-2.6932196e-06,0.005004883,-400.25253,47.744396,55.184006,0.0,0.9,0.0,-1.5384434e-25,0.0,72.00237,69.71941,69.581535,69.63592,69.570114
2018-01-02 22:37:00,-2.7829020000000003e-25,0.0,47.744396,357730.44,0.75,0.0,33.518036,1.1619784e-06,0.25,1.0,70.10495,0.0,0.0,0.0,-1.7218323e-23,-5.3221097e-06,0.005004883,-400.25253,47.744396,55.184006,0.0,0.9,0.0,-9.315081e-24,0.0,72.04016,69.71425,69.575,69.63109,69.56423
2018-01-02 22:38:00,2.3322576000000002e-27,0.0,47.744396,357730.44,0.75,0.0,33.452007,-3.4859352e-06,0.25,1.0,70.10788,0.0,0.0,0.0,-2.0273617999999998e-23,-1.0075597e-07,0.005004883,-400.25253,47.744396,55.184006,0.0,0.9,0.0,-2.183502e-26,0.0,72.077194,69.70914,69.56847,69.62625,69.55835
2018-01-02 22:39:00,-5.6749930000000005e-25,0.0,47.744396,357730.44,0.75,0.0,33.386036,-1.1619784e-06,0.25,1.0,70.11066,0.0,0.0,0.0,-1.0858643e-23,9.4156036e-07,0.005004883,-400.25253,47.744396,55.184006,0.0,0.9,0.0,-3.0791595e-25,0.0,72.11345,69.70403,69.56192,69.621414,69.552475
2018-01-02 22:40:00,-8.26487e-25,0.0,47.744396,357730.44,0.75,0.0,33.320007,-1.1619784e-06,0.25,1.0,70.113304,0.0,0.0,0.0,-1.1639834e-23,-8.176365e-06,0.005004883,-400.25253,47.744396,55.184006,0.0,0.9,0.0,-2.1076772e-24,0.0,72.14904,69.69893,69.55539,69.61658,69.5466
2018-01-02 22:41:00,9.709812e-26,0.0,47.744396,357730.44,0.75,0.0,33.254036,1.1619784e-06,0.25,1.0,70.11582,0.0,0.0,0.0,-1.8058813e-24,2.3373349e-07,0.005004883,-400.25253,47.744396,55.184006,0.0,0.9,0.0,-1.2679801e-24,0.0,72.18392,69.69382,69.548904,69.61175,69.540726
2018-01-02 22:42:00,-1.7331367e-25,0.0,47.744396,357730.44,0.75,0.0,33.188007,1.1619784e-06,0.25,1.0,70.118225,0.0,0.0,0.0,-6.1270105e-24,4.70843e-06,0.005004883,-400.25253,47.744396,55.184006,0.0,0.9,0.0,-3.2390173e-25,0.0,72.21814,69.688705,69.54242,69.606964,69.5349
2018-01-02 22:43:00,1.1325359e-25,0.0,47.744396,357730.44,0.75,0.0,33.122032,-1.1619784e-06,0.25,1.0,70.120514,0.0,0.0,0.0,-1.1212124000000002e-22,4.9768573e-06,0.005004883,-400.25253,47.744396,55.184006,0.0,0.9,0.0,-1.8404072e-24,0.0,72.25176,69.68359,69.535995,69.602135,69.529076
2018-01-02 22:44:00,-1.6294141000000001e-24,0.0,47.744396,357730.44,0.75,0.0,33.056007,1.1619784e-06,0.25,1.0,70.122665,0.0,0.0,0.0,-9.393378e-23,-5.401935e-06,0.005004883,-400.25253,47.744396,55.184006,0.0,0.9,0.0,-6.006869000000001e-25,0.0,72.28472,69.67849,69.52951,69.59735,69.523254
2018-01-02 22:45:00,4.4032049999999997e-26,0.0,47.744396,357730.44,0.75,0.0,32.990032,1.1619784e-06,0.25,1.0,70.12472,0.0,0.0,0.0,-1.6563254999999998e-23,2.6906667e-07,0.005004883,-400.25253,47.744396,55.184006,0.0,0.9,0.0,-1.2204824e-26,0.0,72.31708,69.67343,69.52309,69.592575,69.517426
2018-01-02 22:46:00,6.7852375000000005e-28,0.0,47.744396,357730.44,0.75,0.0,32.924004,-2.3239568e-06,0.25,1.0,70.126686,0.0,0.0,0.0,-9.89938e-24,1.6749932e-07,0.005004883,-400.25253,47.744396,55.184006,0.0,0.9,0.0,-7.7303744e-25,0.0,72.34888,69.66838,69.516716,69.5878,69.51166
2018-01-02 22:47:00,-7.60922e-25,0.0,47.744396,357730.44,0.75,0.0,32.858032,0.0,0.25,1.0,70.128525,0.0,0.0,0.0,-4.4829865e-24,-2.2850934e-07,0.005004883,-400.25253,47.744396,55.184006,0.0,0.9,0.0,-2.127351e-24,0.0,72.38008,69.66333,69.510284,69.58302,69.50589
2018-01-02 22:48:00,-3.2099977999999997e-25,0.0,47.744396,357730.44,0.75,0.0,32.792004,1.1619784e-06,0.25,1.0,70.130264,0.0,0.0,0.0,-9.1631456e-24,3.3589572e-06,0.005004883,-400.25253,47.744396,55.184006,0.0,0.9,0.0,-3.7980313000000005e-27,0.0,72.410736,69.65828,69.50392,69.57824,69.50012
2018-01-02 22:49:00,-2.3294067000000002e-26,0.0,47.744396,357730.44,0.75,0.0,32.726032,-2.3239568e-06,0.25,1.0,70.13188,0.0,0.0,0.0,-1.0176279e-23,7.201463e-06,0.005004883,-400.25253,47.744396,55.184006,0.0,0.9,0.0,-1.9459013e-24,0.0,72.44084,69.65322,69.49754,69.573456,69.494354
2018-01-02 22:50:00,-9.815889e-25,0.0,47.744396,357730.44,0.75,0.0,32.660004,-2.3239568e-06,0.25,1.0,70.133446,0.0,0.0,0.0,-4.3044282e-24,-2.400573e-06,0.005004883,-400.25253,47.744396,55.184006,0.0,0.9,0.0,-8.328516e-26,0.0,72.47044,69.64816,69.49123,69.56874,69.48865
2018-01-02 22:51:00,7.239608699999999e-25,0.0,47.744396,357730.44,0.75,0.0,32.594032,1.1619784e-06,0.25,1.0,70.1349,0.0,0.0,0.0,-2.0211090000000002e-23,2.8031627e-06,0.005004883,-400.25253,47.744396,55.184006,0.0,0.9,0.0,-1.0046995e-25,0.0,72.49956,69.64317,69.48491,69.56396,69.48293
2018-01-02 22:52:00,-2.8076434999999998e-25,0.0,47.744396,357730.44,0.75,0.0,32.528004,-1.1619784e-06,0.25,1.0,70.13628,0.0,0.0,0.0,-3.9865770000000004e-25,-6.6147486e-06,0.005004883,-400.25253,47.744396,55.184006,0.0,0.9,0.0,-6.014528e-25,0.0,72.52818,69.63817,69.47859,69.559235,69.47722
2018-01-02 22:53:00,5.280931e-25,0.0,47.744396,357730.44,0.75,0.0,32.46203,-1.1619784e-06,0.25,1.0,70.13754,0.0,0.0,0.0,-6.32478e-23,7.148313e-06,0.005004883,-400.25253,47.744396,55.184006,0.0,0.9,0.0,-9.315539000000001e-27,0.0,72.556305,69.63312,69.472275,69.55446,69.47156
2018-01-02 22:54:00,4.179951e-25,0.0,47.744396,357730.44,0.75,0.0,32.396004,-1.1619784e-06,0.25,1.0,70.13874,0.0,0.0,0.0,-1.09060154e-23,4.1868725e-06,0.005004883,-400.25253,47.744396,55.184006,0.0,0.9,0.0,-2.8547335e-25,0.0,72.583984,69.628174,69.46596,69.54973,69.46585
2018-01-02 22:55:00,-2.5194036e-26,0.0,47.744396,357730.44,0.75,0.0,32.33003,-1.1619784e-06,0.25,1.0,70.13988,0.0,0.0,0.0,-1.7740376999999998e-23,-6.629142e-06,0.005004883,-400.25253,47.744396,55.184006,0.0,0.9,0.0,-2.5480047e-24,0.0,72.61124,69.62323,69.4597,69.545006,69.46025
2018-01-02 22:56:00,1.400318e-25,0.0,47.744396,357730.44,0.75,0.0,32.264,2.3239568e-06,0.25,1.0,70.14093,0.0,0.0,0.0,-1.1741013e-24,4.505768e-06,0.005004883,-400.25253,47.744396,55.184006,0.0,0.9,0.0,-1.372151e-25,0.0,72.63805,69.61834,69.453384,69.54028,69.45459
2018-01-02 22:57:00,6.046028699999999e-25,0.0,47.744396,357730.44,0.75,0.0,32.19803,1.1619784e-06,0.25,1.0,70.141884,0.0,0.0,0.0,-1.2942955e-29,1.1602533e-06,0.005004883,-400.25253,47.744396,55.184006,0.0,0.9,0.0,-2.5488873e-24,0.0,72.66441,69.613396,69.44711,69.53551,69.44899
2018-01-02 22:58:00,1.2886883e-24,0.0,47.744396,357730.44,0.75,0.0,32.132,-3.4859352e-06,0.25,1.0,70.14278,0.0,0.0,0.0,-2.000877e-24,-1.8797439e-06,0.005004883,-400.25253,47.744396,55.184006,0.0,0.9,0.0,-8.2539534e-24,0.0,72.69039,69.608505,69.44086,69.53078,69.44338
2018-01-02 22:59:00,3.5161584e-25,0.0,47.744396,357730.44,0.75,0.0,32.06603,1.1619784e-06,0.25,1.0,70.1436,0.0,0.0,0.0,-1.4512191e-23,-1.2203142e-05,0.005004883,-400.25253,47.744396,55.184006,0.0,0.9,0.0,-1.2655001e-23,0.0,72.71599,69.60356,69.43459,69.526054,69.437775
2018-01-02 23:00:00,2.7443210000000003e-25,0.0,47.744396,357730.44,0.75,0.0,32.0,1.1619784e-06,0.25,1.0,70.14433,0.0,0.0,0.0,-1.5093926e-23,-1.1360399e-05,0.005004883,-400.25253,47.744396,55.184006,0.0,0.9,0.0,-2.477597e-24,0.0,72.7412,69.59862,69.42833,69.52127,69.432236
2018-01-02 23:01:00,5.465442e-26,0.0,47.744396,357730.44,0.75,0.0,32.0,1.1619784e-06,0.25,1.0,70.14502,0.0,0.0,0.0,-7.919134e-25,1.3576692e-06,0.005004883,-400.25253,47.744396,55.184006,0.0,0.9,0.0,-1.4580498e-24,0.0,72.76604,69.593735,69.42207,69.516556,69.42668
2018-01-02 23:02:00,-2.0819734e-26,0.0,47.744396,357730.44,0.75,0.0,32.0,1.1619784e-06,0.25,1.0,70.14519,0.0,0.0,0.0,-2.0164643e-23,-6.842884e-06,0.005004883,-400.25253,47.744396,55.184006,0.0,0.9,0.0,-2.2791655999999998e-25,0.0,72.78905,69.58868,69.41559,69.51172,69.42091
2018-01-02 23:03:00,-1.0807881e-25,0.0,47.744396,357730.44,0.75,0.0,32.0,-1.1619784e-06,0.25,1.0,70.14535,0.0,0.0,0.0,-6.402909e-24,-1.8546333e-06,0.005004883,-400.25253,47.744396,55.184006,0.0,0.9,0.0,-2.954277e-25,0.0,72.81201,69.58357,69.409164,69.50683,69.415146
2018-01-02 23:04:00,1.0524073e-24,0.0,47.744396,357730.44,0.75,0.0,32.0,-1.1619784e-06,0.25,1.0,70.145424,0.0,0.0,0.0,-5.3861198e-24,4.6391197e-08,0.005004883,-400.25253,47.744396,55.184006,0.0,0.9,0.0,-1.0749954999999999e-25,0.0,72.83453,69.578514,69.40273,69.50194,69.40938
2018-01-02 23:05:00,2.609734e-25,0.0,47.744396,357730.44,0.75,0.0,32.0,0.0,0.25,1.0,70.145424,0.0,0.0,0.0,-2.7272306000000003e-24,-2.8562883e-07,0.005004883,-400.25253,47.744396,55.184006,0.0,0.9,0.0,-1.121408e-25,0.0,72.85678,69.57341,69.3963,69.497055,69.40356
2018-01-02 23:06:00,-3.6970016e-25,0.0,47.744396,357730.44,0.75,0.0,32.0,2.3239568e-06,0.25,1.0,70.14534,0.0,0.0,0.0,-5.4822457e-23,1.8086974e-06,0.005004883,-400.25253,47.744396,55.184006,0.0,0.9,0.0,-5.1386424e-25,0.0,72.87869,69.5683,69.389824,69.49216,69.397736
2018-01-02 23:07:00,1.3202313999999998e-25,0.0,47.744396,357730.44,0.75,0.0,32.0,1.1619784e-06,0.25,1.0,70.14521,0.0,0.0,0.0,-1.7960030000000002e-23,-1.6642819e-06,0.005004883,-400.25253,47.744396,55.184006,0.0,0.9,0.0,-7.4776125e-27,0.0,72.90028,69.56319,69.38339,69.487274,69.39191
2018-01-02 23:08:00,1.7255437e-24,0.0,47.744396,357730.44,0.75,0.0,32.0,-1.1619784e-06,0.25,1.0,70.14502,0.0,0.0,0.0,-6.399269000000001e-23,1.32519845e-05,0.005004883,-400.25253,47.744396,55.184006,0.0,0.9,0.0,-1.2537112e-24,0.0,72.9216,69.558075,69.37697,69.48238,69.38609
2018-01-02 23:09:00,1.683135e-25,0.0,47.744396,357730.44,0.75,0.0,32.0,-1.1619784e-06,0.25,1.0,70.14475,0.0,0.0,0.0,-1.3040584999999999e-23,-5.101963e-06,0.005004883,-400.25253,47.744396,55.184006,0.0,0.9,0.0,-3.8115407e-25,0.0,72.94258,69.55292,69.370544,69.47749,69.38021
2018-01-02 23:10:00,4.678427e-25,0.0,47.744396,357730.44,0.75,0.0,32.0,1.1619784e-06,0.25,1.0,70.14443,0.0,0.0,0.0,-1.56076e-23,5.44212e-06,0.005004883,-400.25253,47.744396,55.184006,0.0,0.9,0.0,-3.2766505e-24,0.0,72.96335,69.547806,69.36406,69.47261,69.37433
2018-01-02 23:11:00,-2.6635812e-25,0.0,47.744396,357730.44,0.75,0.0,32.0,-1.1619784e-06,0.25,1.0,70.14406,0.0,0.0,0.0,-8.163766e-24,6.0219713e-06,0.005004883,-400.25253,47.744396,55.184006,0.0,0.9,0.0,-7.143366e-25,0.0,72.98389,69.54265,69.357635,69.46767,69.368454
2018-01-02 23:12:00,7.155028e-25,0.0,47.744396,357730.44,0.75,0.0,32.0,-1.1619784e-06,0.25,1.0,70.14362,0.0,0.0,0.0,-9.535063e-28,5.533338e-06,0.005004883,-400.25253,47.744396,55.184006,0.0,0.9,0.0,-1.1749936000000001e-24,0.0,73.004166,69.53743,69.35115,69.46277,69.36258
2018-01-02 23:13:00,-6.3996474e-25,0.0,47.744396,357730.44,0.75,0.0,32.0,-1.1619784e-06,0.25,1.0,70.14311,0.0,0.0,0.0,-9.236364e-24,-7.2985076e-06,0.005004883,-400.25253,47.744396,55.184006,0.0,0.9,0.0,-5.0378475e-26,0.0,73.024155,69.53226,69.34473,69.457825,69.35664
2018-01-02 23:14:00,-2.2415226e-25,0.0,47.744396,357730.44,0.75,0.0,32.0,-1.1619784e-06,0.25,1.0,70.14259,0.0,0.0,0.0,-7.106278e-23,9.636793e-06,0.005004883,-400.25253,47.744396,55.184006,0.0,0.9,0.0,-3.0502664000000002e-24,0.0,73.04399,69.5271,69.33824,69.45294,69.35071
2018-01-02 23:15:00,1.1595316e-25,0.0,47.744396,357730.44,0.75,0.0,32.0,-2.3239568e-06,0.25,1.0,70.14201,0.0,0.0,0.0,-5.232053e-25,-3.9130678e-06,0.005004883,-400.25253,47.744396,55.184006,0.0,0.9,0.0,-3.0783342e-24,0.0,73.0636,69.52188,69.33182,69.448,69.34478
2018-01-02 23:16:00,-1.9270645e-26,0.0,47.744396,357730.44,0.75,0.0,32.0,2.3239568e-06,0.25,1.0,70.14141,0.0,0.0,0.0,-6.326241e-23,-1.2443106e-06,0.005004883,-400.25253,47.744396,55.184006,0.0,0.9,0.0,-1.00802754e-25,0.0,73.08299,69.51666,69.32533,69.443054,69.33901
2018-01-02 23:17:00,5.1522376e-26,0.0,47.744396,357730.44,0.75,0.0,32.0,2.3239568e-06,0.25,1.0,70.14075,0.0,0.0,0.0,-1.0747765000000002e-22,1.4758081e-06,0.005004883,-400.25253,47.744396,55.184006,0.0,0.9,0.0,-8.634803000000001e-25,0.0,73.10222,69.511444,69.31885,69.43811,69.33313
2018-01-02 23:18:00,5.5068093e-26,0.0,47.744396,357730.44,0.75,0.0,32.0,1.1619784e-06,0.25,1.0,70.14004,0.0,0.0,0.0,-1.1735655e-23,1.9694887e-06,0.005004883,-400.25253,47.744396,55.184006,0.0,0.9,0.0,-3.8508927e-24,0.0,73.121216,69.506165,69.31237,69.433105,69.32732
2018-01-02 23:19:00,-1.069756e-25,0.0,47.744396,357730.44,0.75,0.0,32.0,3.4859352e-06,0.25,1.0,70.139305,0.0,0.0,0.0,-1.7232030000000002e-23,1.0642325e-06,0.005004883,-400.25253,47.744396,55.184006,0.0,0.9,0.0,-3.3615594e-25,0.0,73.14006,69.500946,69.30589,69.42816,69.32149
2018-01-02 23:20:00,5.214016e-26,0.0,47.744396,357730.44,0.75,0.0,32.0,-1.1619784e-06,0.25,1.0,70.13847,0.0,0.0,0.0,-1.0358364e-23,-3.8989802e-07,0.005004883,-400.25253,47.744396,55.184006,0.0,0.9,0.0,-3.7257093000000004e-26,0.0,73.15874,69.49568,69.29919,69.42317,69.31561
2018-01-02 23:21:00,-9.8341e-25,0.0,47.744396,357730.44,0.75,0.0,32.0,0.0,0.25,1.0,70.13762,0.0,0.0,0.0,-1.8100123e-23,3.579267e-06,0.005004883,-400.25253,47.744396,55.184006,0.0,0.9,0.0,-1.5062794e-24,0.0,73.177246,69.4904,69.29254,69.41817,69.30974
2018-01-02 23:22:00,-6.717047700000001e-26,0.0,47.744396,357730.44,0.75,0.0,32.0,1.1619784e-06,0.25,1.0,70.1367,0.0,0.0,0.0,-7.310190000000001e-24,-5.1720344e-06,0.005004883,-400.25253,47.744396,55.184006,0.0,0.9,0.0,-3.6034778000000004e-26,0.0,73.19554,69.48513,69.28584,69.41317,69.303856
2018-01-02 23:23:00,2.0661643000000002e-26,0.0,47.744396,357730.44,0.75,0.0,32.0,-2.3239568e-06,0.25,1.0,70.13577,0.0,0.0,0.0,-1.1681831e-23,6.104438e-06,0.005004883,-400.25253,47.744396,55.184006,0.0,0.9,0.0,-1.3104775e-24,0.0,73.21367,69.47986,69.27919,69.40817,69.29797
2018-01-02 23:24:00,1.5968477000000001e-27,0.0,47.744396,357730.44,0.75,0.0,32.0,2.3239568e-06,0.25,1.0,70.13479,0.0,0.0,0.0,-2.5664052999999998e-23,-4.453821e-06,0.005004883,-400.25253,47.744396,55.184006,0.0,0.9,0.0,-1.2123701e-25,0.0,73.23158,69.47458,69.27249,69.40317,69.2921
2018-01-02 23:25:00,5.4562294e-25,0.0,47.744396,357730.44,0.75,0.0,32.0,-1.1619784e-06,0.25,1.0,70.13373,0.0,0.0,0.0,-9.265069e-24,5.6529007e-06,0.005004883,-400.25253,47.744396,55.184006,0.0,0.9,0.0,-1.3106181e-24,0.0,73.24932,69.46925,69.26579,69.39812,69.28616
2018-01-02 23:26:00,3.1665034e-26,0.0,47.744396,357730.44,0.75,0.0,32.0,1.1619784e-06,0.25,1.0,70.132645,0.0,0.0,0.0,-9.134492e-24,-1.878129e-07,0.005004883,-400.25253,47.744396,55.184006,0.0,0.9,0.0,-5.9096307e-26,0.0,73.266846,69.46398,69.25909,69.39307,69.280235
2018-01-02 23:27:00,8.03444e-26,0.0,47.744396,357730.44,0.75,0.0,32.0,3.4859352e-06,0.25,1.0,70.13151,0.0,0.0,0.0,-1.0757706e-23,-3.335487e-06,0.005004883,-400.25253,47.744396,55.184006,0.0,0.9,0.0,-1.3822485e-24,0.0,73.2842,69.45865,69.25238,69.388016,69.27431
2018-01-02 23:28:00,-8.906427e-25,0.0,47.744396,357730.44,0.75,0.0,32.0,1.1619784e-06,0.25,1.0,70.130325,0.0,0.0,0.0,-3.41423e-23,-1.9592887e-06,0.005004883,-400.25253,47.744396,55.184006,0.0,0.9,0.0,-7.3658916e-25,0.0,73.301346,69.45332,69.24568,69.38296,69.26831
2018-01-02 23:29:00,1.4873826999999999e-25,0.0,47.744396,357730.44,0.75,0.0,32.0,1.1619784e-06,0.25,1.0,70.129105,0.0,0.0,0.0,-5.901499e-23,3.21499e-06,0.005004883,-400.25253,47.744396,55.184006,0.0,0.9,0.0,-1.7139193e-26,0.0,73.31826,69.448,69.23898,69.3779,69.26238
2018-01-02 23:30:00,-2.3637296e-26,0.0,47.744396,357730.44,0.75,0.0,32.0,-1.1619784e-06,0.25,1.0,70.12782,0.0,0.0,0.0,-4.0066845000000004e-24,1.4823979e-06,0.005004883,-400.25253,47.744396,55.184006,0.0,0.9,0.0,-3.376689e-24,0.0,73.335014,69.44267,69.23222,69.372795,69.25639
2018-01-02 23:31:00,-5.419706e-26,0.0,47.744396,357730.44,0.75,0.0,32.0,1.1619784e-06,0.25,1.0,70.12651,0.0,0.0,0.0,-4.9199494e-23,-5.5891724e-06,0.005004883,-400.25253,47.744396,55.184006,0.0,0.9,0.0,-3.0562315e-24,0.0,73.35161,69.43729,69.225525,69.36774,69.25041
2018-01-02 23:32:00,-5.173048e-26,0.0,47.744396,357730.44,0.75,0.0,32.0,1.1619784e-06,0.25,1.0,70.125145,0.0,0.0,0.0,-1.8314114e-23,7.0980565e-07,0.005004883,-400.25253,47.744396,55.184006,0.0,0.9,0.0,-1.3187806e-24,0.0,73.36797,69.43196,69.218765,69.36263,69.244415
2018-01-02 23:33:00,7.111983999999999e-26,0.0,47.744396,357730.44,0.75,0.0,32.0,1.1619784e-06,0.25,1.0,70.12374,0.0,0.0,0.0,-2.5077878000000002e-24,4.6645664e-06,0.005004883,-400.25253,47.744396,55.184006,0.0,0.9,0.0,-1.1166146e-24,0.0,73.384125,69.42668,69.212006,69.35753,69.23837
2018-01-02 23:34:00,-8.4721504e-27,0.0,47.744396,357730.44,0.75,0.0,32.0,0.0,0.25,1.0,70.122284,0.0,0.0,0.0,-2.0860034999999998e-23,-6.342523e-06,0.005004883,-400.25253,47.744396,55.184006,0.0,0.9,0.0,-1.3547375e-24,0.0,73.40011,69.42136,69.20525,69.352356,69.23233
2018-01-02 23:35:00,9.206633e-27,0.0,47.744396,357730.44,0.75,0.0,32.0,-1.1619784e-06,0.25,1.0,70.120804,0.0,0.0,0.0,-6.4484184e-24,-6.2830677e-06,0.005004883,-400.25253,47.744396,55.184006,0.0,0.9,0.0,-5.428992999999999e-26,0.0,73.41588,69.41608,69.1985,69.34725,69.22629
2018-01-02 23:36:00,9.863224999999999e-26,0.0,47.744396,357730.44,0.75,0.0,32.0,-1.1619784e-06,0.25,1.0,70.119255,0.0,0.0,0.0,-2.1203820000000002e-23,6.0881684e-06,0.005004883,-400.25253,47.744396,55.184006,0.0,0.9,0.0,-1.508057e-25,0.0,73.43147,69.41075,69.19174,69.34209,69.220245
2018-01-02 23:37:00,1.0599124000000001e-26,0.0,47.744396,357730.44,0.75,0.0,32.0,-1.1619784e-06,0.25,1.0,70.11767,0.0,0.0,0.0,-1.7736017e-23,-1.6937572e-06,0.005004883,-400.25253,47.744396,55.184006,0.0,0.9,0.0,-2.1767168000000002e-26,0.0,73.44685,69.405426,69.18498,69.33687,69.2142
2018-01-02 23:38:00,-1.3517228e-25,0.0,47.744396,357730.44,0.75,0.0,32.0,0.0,0.25,1.0,70.11601,0.0,0.0,0.0,-1.3750619e-23,-2.4543017e-06,0.005004883,-400.25253,47.744396,55.184006,0.0,0.9,0.0,-9.150763e-25,0.0,73.46202,69.4001,69.17818,69.33165,69.208115
2018-01-02 23:39:00,-1.7867928e-25,0.0,47.744396,357730.44,0.75,0.0,32.0,0.0,0.25,1.0,70.11432,0.0,0.0,0.0,-1.1117796e-23,-3.6643482e-06,0.005004883,-400.25253,47.744396,55.184006,0.0,0.9,0.0,-3.9017578e-25,0.0,73.47701,69.39477,69.17142,69.32638,69.20201
2018-01-02 23:40:00,1.2891828e-26,0.0,47.744396,357730.44,0.75,0.0,32.0,-1.1619784e-06,0.25,1.0,70.112595,0.0,0.0,0.0,-9.912116e-24,3.009735e-06,0.005004883,-400.25253,47.744396,55.184006,0.0,0.9,0.0,-1.8965995000000002e-24,0.0,73.49179,69.389435,69.16466,69.32116,69.195915
2018-01-02 23:41:00,1.049073e-25,0.0,47.744396,357730.44,0.75,0.0,32.0,0.0,0.25,1.0,70.110794,0.0,0.0,0.0,-3.470849e-24,-6.287824e-06,0.005004883,-400.25253,47.744396,55.184006,0.0,0.9,0.0,-3.364964e-24,0.0,73.5064,69.384056,69.15785,69.31589,69.18976
2018-01-02 23:42:00,2.0059431e-26,0.0,47.744396,357730.44,0.75,0.0,32.0,1.1619784e-06,0.25,1.0,70.10897,0.0,0.0,0.0,-8.123326e-24,-1.5947197e-06,0.005004883,-400.25253,47.744396,55.184006,0.0,0.9,0.0,-8.539057500000001e-26,0.0,73.5208,69.37868,69.15109,69.31061,69.18367
2018-01-02 23:43:00,-1.6344091e-24,0.0,47.744396,357730.44,0.75,0.0,32.0,1.1619784e-06,0.25,1.0,70.107086,0.0,0.0,0.0,-3.0096223e-24,7.5775806e-06,0.005004883,-400.25253,47.744396,55.184006,0.0,0.9,0.0,-1.6196364e-24,0.0,73.534966,69.373344,69.14428,69.30534,69.17751
2018-01-02 23:44:00,5.026546e-25,0.0,47.744396,357730.44,0.75,0.0,32.0,1.1619784e-06,0.25,1.0,70.10515,0.0,0.0,0.0,-4.4356314e-23,6.9998026e-07,0.005004883,-400.25253,47.744396,55.184006,0.0,0.9,0.0,-3.7840813e-26,0.0,73.54897,69.367905,69.13747,69.300064,69.17136
2018-01-02 23:45:00,8.711539e-26,0.0,47.744396,357730.44,0.75,0.0,32.0,-2.3239568e-06,0.25,1.0,70.10319,0.0,0.0,0.0,-1.0672113e-22,6.031951e-06,0.005004883,-400.25253,47.744396,55.184006,0.0,0.9,0.0,-6.58489e-27,0.0,73.56276,69.36252,69.13066,69.29479,69.16521
2018-01-02 23:46:00,-6.705996e-25,0.0,47.744396,357730.44,0.75,0.0,32.0,-1.1619784e-06,0.25,1.0,70.10119,0.0,0.0,0.0,-5.2303845e-24,-5.123856e-06,0.005004883,-400.25253,47.744396,55.184006,0.0,0.9,0.0,-2.5125857e-24,0.0,73.576385,69.35714,69.1239,69.28952,69.159
2018-01-02 23:47:00,-3.412262e-25,0.0,47.744396,357730.44,0.75,0.0,32.0,0.0,0.25,1.0,70.099144,0.0,0.0,0.0,-4.6850449999999996e-24,-4.7709304e-06,0.005004883,-400.25253,47.744396,55.184006,0.0,0.9,0.0,-2.0161354e-24,0.0,73.58984,69.3517,69.11709,69.28424,69.15285
2018-01-02 23:48:00,-8.3113066e-26,0.0,47.744396,357730.44,0.75,0.0,32.0,0.0,0.25,1.0,70.097046,0.0,0.0,0.0,-7.099539e-24,6.7680803e-06,0.005004883,-400.25253,47.744396,55.184006,0.0,0.9,0.0,-3.313965e-25,0.0,73.60308,69.34631,69.110275,69.278915,69.14664
2018-01-02 23:49:00,3.4121137e-26,0.0,47.744396,357730.44,0.75,0.0,32.0,-1.1619784e-06,0.25,1.0,70.09492,0.0,0.0,0.0,-1.1525576e-22,8.4626225e-07,0.005004883,-400.25253,47.744396,55.184006,0.0,0.9,0.0,-4.5404914e-26,0.0,73.61615,69.34088,69.10347,69.27364,69.140434
2018-01-02 23:50:00,9.103245e-26,0.0,47.744396,357730.44,0.75,0.0,32.0,1.1619784e-06,0.25,1.0,70.09273,0.0,0.0,0.0,-3.1058176e-23,3.6155213e-06,0.005004883,-400.25253,47.744396,55.184006,0.0,0.9,0.0,-1.4037224e-25,0.0,73.62901,69.33544,69.09671,69.26831,69.13417
2018-01-02 23:51:00,2.0382350999999998e-25,0.0,47.744396,357730.44,0.75,0.0,32.0,0.0,0.25,1.0,70.0905,0.0,0.0,0.0,-2.7733024e-23,-7.810146e-06,0.005004883,-400.25253,47.744396,55.184006,0.0,0.9,0.0,-5.7173794e-25,0.0,73.64169,69.32995,69.0899,69.262985,69.12796
2018-01-02 23:52:00,-5.326077e-26,0.0,47.744396,357730.44,0.75,0.0,32.0,-1.1619784e-06,0.25,1.0,70.088234,0.0,0.0,0.0,-5.746840000000001e-24,-1.2189166e-05,0.005004883,-400.25253,47.744396,55.184006,0.0,0.9,0.0,-7.2939676e-26,0.0,73.65422,69.32451,69.083084,69.25766,69.121704
2018-01-02 23:53:00,3.0980503e-25,0.0,47.744396,357730.44,0.75,0.0,32.0,3.4859352e-06,0.25,1.0,70.085945,0.0,0.0,0.0,-1.07613454e-23,3.2687246e-06,0.005004883,-400.25253,47.744396,55.184006,0.0,0.9,0.0,-2.6650287e-27,0.0,73.66653,69.31908,69.076324,69.252335,69.11544
2018-01-02 23:54:00,-9.438772000000001e-27,0.0,47.744396,357730.44,0.75,0.0,32.0,-2.3239568e-06,0.25,1.0,70.0836,0.0,0.0,0.0,-2.8803366e-23,6.293034e-07,0.005004883,-400.25253,47.744396,55.184006,0.0,0.9,0.0,-6.9572054e-25,0.0,73.67873,69.31358,69.06952,69.247,69.10918
2018-01-02 23:55:00,-1.6250020999999998e-25,0.0,47.744396,357730.44,0.75,0.0,32.0,1.1619784e-06,0.25,1.0,70.0812,0.0,0.0,0.0,-1.4429909000000002e-22,5.966989e-06,0.005004883,-400.25253,47.744396,55.184006,0.0,0.9,0.0,-5.4505813e-27,0.0,73.6907,69.30809,69.062706,69.24167,69.10286
2018-01-02 23:56:00,-8.46004e-26,0.0,47.744396,357730.44,0.75,0.0,32.0,1.1619784e-06,0.25,1.0,70.07878,0.0,0.0,0.0,-1.2354457e-23,-6.4506335e-06,0.005004883,-400.25253,47.744396,55.184006,0.0,0.9,0.0,-7.589945e-27,0.0,73.70251,69.3026,69.05589,69.23634,69.0966
2018-01-02 23:57:00,-7.06913e-26,0.0,47.744396,357730.44,0.75,0.0,32.0,1.1619784e-06,0.25,1.0,70.07633,0.0,0.0,0.0,-4.462124e-24,5.207991e-06,0.005004883,-400.25253,47.744396,55.184006,0.0,0.9,0.0,-4.358849e-24,0.0,73.71416,69.297104,69.04903,69.23102,69.09033
2018-01-02 23:58:00,1.6119405999999999e-25,0.0,47.744396,357730.44,0.75,0.0,32.0,1.1619784e-06,0.25,1.0,70.07382,0.0,0.0,0.0,-5.2070704999999997e-23,4.8056195e-06,0.005004883,-400.25253,47.744396,55.184006,0.0,0.9,0.0,-4.2294934999999995e-25,0.0,73.72563,69.29161,69.04222,69.22563,69.084015
2018-01-02 23:59:00,-2.4096451e-26,0.0,47.744396,357730.44,0.75,0.0,32.0,-2.3239568e-06,0.25,1.0,70.07128,0.0,0.0,0.0,-9.193725e-24,6.6943894e-06,0.005004883,-400.25253,47.744396,55.184006,0.0,0.9,0.0,-6.00171e-25,0.0,73.737,69.28606,69.035355,69.22031,69.0777
2018-01-03 00:00:00,1.8052583e-26,0.0,47.744396,357730.44,0.75,0.0,32.0,0.0,0.25,1.0,70.06872,0.0,0.0,0.0,-2.3137547e-24,-6.7793853e-06,0.005004883,-400.25253,47.744396,55.184006,0.0,0.9,0.0,-2.6803042000000002e-24,0.0,73.74815,69.28056,69.028534,69.21492,69.07144
2018-01-03 00:01:00,-8.86267e-26,0.0,47.744396,357730.44,0.75,0.0,32.0,-2.3239568e-06,0.25,1.0,70.06611,0.0,0.0,0.0,-5.7165096e-23,-2.3921525e-06,0.005004883,-400.25253,47.744396,55.184006,0.0,0.9,0.0,-5.157842e-25,0.0,73.75914,69.27502,69.02167,69.209595,69.065125
2018-01-03 00:02:00,6.519211e-27,0.0,47.744396,357730.44,0.75,0.0,32.0,0.0,0.25,1.0,70.06296,0.0,0.0,0.0,-3.9136093e-23,-6.9180487e-06,0.005004883,-400.25253,47.744396,55.184006,0.0,0.9,0.0,-2.9728908000000003e-24,0.0,73.7682,69.2693,69.01459,69.2041,69.058586
2018-01-03 00:03:00,-1.5681809999999998e-26,0.0,47.744396,357730.44,0.75,0.0,32.0,2.3239568e-06,0.25,1.0,70.0599,0.0,0.0,0.0,-2.79234e-23,-2.5020086e-06,0.005004883,-400.25253,47.744396,55.184006,0.0,0.9,0.0,-5.673276e-26,0.0,73.77776,69.26364,69.0075,69.19855,69.05205
2018-01-03 00:04:00,1.5556678e-26,0.0,47.744396,357730.44,0.75,0.0,32.0,0.0,0.25,1.0,70.05681,0.0,0.0,0.0,-2.6947107e-23,-7.5266814e-07,0.005004883,-400.25253,47.744396,55.184006,0.0,0.9,0.0,-9.338388e-25,0.0,73.78694,69.25799,69.00047,69.193054,69.04556
2018-01-03 00:05:00,2.3447921e-26,0.0,47.744396,357730.44,0.75,0.0,32.0,-1.1619784e-06,0.25,1.0,70.05368,0.0,0.0,0.0,-2.6162897e-24,8.658964e-07,0.005004883,-400.25253,47.744396,55.184006,0.0,0.9,0.0,-2.6866544e-25,0.0,73.79605,69.252335,68.99344,69.18756,69.03903
2018-01-03 00:06:00,1.300193e-26,0.0,47.744396,357730.44,0.75,0.0,32.0,1.1619784e-06,0.25,1.0,70.05055,0.0,0.0,0.0,-1.0723458e-26,-5.6836093e-06,0.005004883,-400.25253,47.744396,55.184006,0.0,0.9,0.0,-3.8368388e-24,0.0,73.80507,69.24667,68.986404,69.18207,69.03255
2018-01-03 00:07:00,3.3800705000000003e-26,0.0,47.744396,357730.44,0.75,0.0,32.0,-1.1619784e-06,0.25,1.0,70.04741,0.0,0.0,0.0,-2.1246162e-24,-1.1972521e-07,0.005004883,-400.25253,47.744396,55.184006,0.0,0.9,0.0,-2.5728092e-25,0.0,73.8139,69.24101,68.97943,69.176636,69.02606
2018-01-03 00:08:00,-8.730502e-27,0.0,47.744396,357730.44,0.75,0.0,32.0,1.1619784e-06,0.25,1.0,70.04425,0.0,0.0,0.0,-9.5180375e-24,-1.8034485e-06,0.005004883,-400.25253,47.744396,55.184006,0.0,0.9,0.0,-1.700936e-24,0.0,73.82269,69.23535,68.9724,69.17114,69.01964
2018-01-03 00:09:00,-2.2925779999999998e-26,0.0,47.744396,357730.44,0.75,0.0,32.0,-1.1619784e-06,0.25,1.0,70.041046,0.0,0.0,0.0,-4.3441154000000004e-24,-6.112101e-06,0.005004883,-400.25253,47.744396,55.184006,0.0,0.9,0.0,-2.3011656999999998e-25,0.0,73.83132,69.2297,68.96542,69.16565,69.01315
2018-01-03 00:10:00,4.1078838000000003e-26,0.0,47.744396,357730.44,0.75,0.0,32.0,0.0,0.25,1.0,70.03786,0.0,0.0,0.0,-2.849295e-24,-2.0706864e-06,0.005004883,-400.25253,47.744396,55.184006,0.0,0.9,0.0,-1.6387639e-24,0.0,73.83978,69.22409,68.95845,69.16021,69.00673
2018-01-03 00:11:00,-9.982148000000001e-27,0.0,47.744396,357730.44,0.75,0.0,32.0,-1.1619784e-06,0.25,1.0,70.03462,0.0,0.0,0.0,-6.998544999999999e-24,-5.8466203e-06,0.005004883,-400.25253,47.744396,55.184006,0.0,0.9,0.0,-1.9046844e-25,0.0,73.84819,69.21844,68.95152,69.15472,69.000244
2018-01-03 00:12:00,1.0276298999999999e-25,0.0,47.744396,357730.44,0.75,0.0,32.0,0.0,0.25,1.0,70.031395,0.0,0.0,0.0,-4.2092078e-23,3.9790616e-06,0.005004883,-400.25253,47.744396,55.184006,0.0,0.9,0.0,-4.5235434e-25,0.0,73.856476,69.21283,68.94455,69.14928,68.99382
2018-01-03 00:13:00,1.35655e-25,0.0,47.744396,357730.44,0.75,0.0,32.0,0.0,0.25,1.0,70.02815,0.0,0.0,0.0,-7.354881e-24,-7.3407705e-06,0.005004883,-400.25253,47.744396,55.184006,0.0,0.9,0.0,-3.9203916999999997e-29,0.0,73.86461,69.20723,68.93762,69.143845,68.98745
2018-01-03 00:14:00,5.2292935e-27,0.0,47.744396,357730.44,0.75,0.0,32.0,-2.3239568e-06,0.25,1.0,70.02489,0.0,0.0,0.0,-2.4249186000000003e-24,2.6126588e-06,0.005004883,-400.25253,47.744396,55.184006,0.0,0.9,0.0,-8.5344464e-26,0.0,73.87268,69.20163,68.93071,69.1384,68.98102
2018-01-03 00:15:00,-3.6452942000000003e-26,0.0,47.744396,357730.44,0.75,0.0,32.0,0.0,0.25,1.0,70.02162,0.0,0.0,0.0,-1.2959570000000002e-23,-1.6549329e-06,0.005004883,-400.25253,47.744396,55.184006,0.0,0.9,0.0,-2.1359008000000002e-26,0.0,73.8806,69.19603,68.92384,69.132965,68.974655
2018-01-03 00:16:00,-1.5557086e-26,0.0,47.744396,357730.44,0.75,0.0,32.0,1.1619784e-06,0.25,1.0,70.018326,0.0,0.0,0.0,-1.0266287e-23,-6.2007093e-06,0.005004883,-400.25253,47.744396,55.184006,0.0,0.9,0.0,-1.6009407999999998e-25,0.0,73.88845,69.19042,68.916916,69.127525,68.96828
2018-01-03 00:17:00,-4.7418876000000005e-26,0.0,47.744396,357730.44,0.75,0.0,32.0,0.0,0.25,1.0,70.015015,0.0,0.0,0.0,-4.1109467e-23,-3.4293605e-06,0.005004883,-400.25253,47.744396,55.184006,0.0,0.9,0.0,-1.2083724000000001e-24,0.0,73.89614,69.184814,68.91005,69.12215,68.96191
2018-01-03 00:18:00,-1.0303633999999999e-25,0.0,47.744396,357730.44,0.75,0.0,32.0,3.4859352e-06,0.25,1.0,70.01168,0.0,0.0,0.0,-2.4069688e-23,5.8517917e-06,0.005004883,-400.25253,47.744396,55.184006,0.0,0.9,0.0,-1.4456569e-24,0.0,73.90378,69.179214,68.90318,69.1167,68.955536
2018-01-03 00:19:00,1.8036141e-26,0.0,47.744396,357730.44,0.75,0.0,32.0,-1.1619784e-06,0.25,1.0,70.00835,0.0,0.0,0.0,-4.2671056e-24,-2.5717825e-06,0.005004883,-400.25253,47.744396,55.184006,0.0,0.9,0.0,-1.0025553e-24,0.0,73.9113,69.17367,68.89638,69.11127,68.94916
2018-01-03 00:20:00,6.257037e-26,0.0,47.744396,357730.44,0.75,0.0,32.0,0.0,0.25,1.0,70.00502,0.0,0.0,0.0,-1.0812415999999999e-23,-8.873394e-07,0.005004883,-400.25253,47.744396,55.184006,0.0,0.9,0.0,-5.2784275999999995e-25,0.0,73.91872,69.16812,68.88956,69.10588,68.94284
2018-01-03 00:21:00,7.158735e-28,0.0,47.744396,357730.44,0.75,0.0,32.0,-1.1619784e-06,0.25,1.0,70.00166,0.0,0.0,0.0,-8.740798399999999e-23,-1.6640519e-07,0.005004883,-400.25253,47.744396,55.184006,0.0,0.9,0.0,-6.983292600000001e-26,0.0,73.926025,69.16252,68.88275,69.100494,68.93652
2018-01-03 00:22:00,6.8521814e-27,0.0,47.744396,357730.44,0.75,0.0,32.0,-1.1619784e-06,0.25,1.0,69.99829,0.0,0.0,0.0,-5.378956e-24,3.4705583e-06,0.005004883,-400.25253,47.744396,55.184006,0.0,0.9,0.0,-7.561337e-26,0.0,73.93322,69.15697,68.87594,69.095116,68.93021
2018-01-03 00:23:00,-4.1097038e-27,0.0,47.744396,357730.44,0.75,0.0,32.0,1.1619784e-06,0.25,1.0,69.99491,0.0,0.0,0.0,-4.2093088e-23,2.0399955e-07,0.005004883,-400.25253,47.744396,55.184006,0.0,0.9,0.0,-1.1014338000000001e-26,0.0,73.94036,69.15142,68.869125,69.08974,68.92389
2018-01-03 00:24:00,1.4415667e-26,0.0,47.744396,357730.44,0.75,0.0,32.0,-1.1619784e-06,0.25,1.0,69.99151,0.0,0.0,0.0,-1.1674595e-23,3.552368e-07,0.005004883,-400.25253,47.744396,55.184006,0.0,0.9,0.0,-9.731881e-27,0.0,73.94734,69.145874,68.862366,69.08435,68.91763
2018-01-03 00:25:00,-8.0637354e-27,0.0,47.744396,357730.44,0.75,0.0,32.0,-1.1619784e-06,0.25,1.0,69.98811,0.0,0.0,0.0,-1.1625323e-24,1.6504835e-07,0.005004883,-400.25253,47.744396,55.184006,0.0,0.9,0.0,-2.7734653e-25,0.0,73.954315,69.14032,68.85561,69.078964,68.911316
2018-01-03 00:26:00,-3.7959213e-27,0.0,47.744396,357730.44,0.75,0.0,32.0,-2.3239568e-06,0.25,1.0,69.98469,0.0,0.0,0.0,-7.564605e-24,3.841255e-06,0.005004883,-400.25253,47.744396,55.184006,0.0,0.9,0.0,-1.4778208e-24,0.0,73.96112,69.13483,68.84886,69.07358,68.90505
2018-01-03 00:27:00,1.2322486500000001e-26,0.0,47.744396,357730.44,0.75,0.0,32.0,0.0,0.25,1.0,69.98128,0.0,0.0,0.0,-3.9453597e-23,5.4455013e-06,0.005004883,-400.25253,47.744396,55.184006,0.0,0.9,0.0,-2.3618559e-24,0.0,73.96788,69.12929,68.842155,69.06825,68.89879
2018-01-03 00:28:00,4.895411e-28,0.0,47.744396,357730.44,0.75,0.0,32.0,-1.1619784e-06,0.25,1.0,69.97783,0.0,0.0,0.0,-1.5047732000000001e-24,3.373988e-07,0.005004883,-400.25253,47.744396,55.184006,0.0,0.9,0.0,-1.7008009e-24,0.0,73.97453,69.123795,68.8354,69.06287,68.89258
2018-01-03 00:29:00,1.2497279999999999e-26,0.0,47.744396,357730.44,0.75,0.0,32.0,-1.1619784e-06,0.25,1.0,69.97438,0.0,0.0,0.0,-3.466919e-24,-2.162209e-06,0.005004883,-400.25253,47.744396,55.184006,0.0,0.9,0.0,-1.4273503e-25,0.0,73.981125,69.11824,68.8287,69.05754,68.88632
2018-01-03 00:30:00,2.3520384000000002e-26,0.0,47.744396,357730.44,0.75,0.0,32.0,1.1619784e-06,0.25,1.0,69.97093,0.0,0.0,0.0,-1.7226808e-23,1.9257413e-06,0.005004883,-400.25253,47.744396,55.184006,0.0,0.9,0.0,-1.5070007e-25,0.0,73.9876,69.11275,68.82199,69.052216,68.88011
2018-01-03 00:31:00,-9.272823999999999e-26,0.0,47.744396,357730.44,0.75,0.0,32.0,0.0,0.25,1.0,69.967476,0.0,0.0,0.0,-2.1158417e-24,-1.4667767e-06,0.005004883,-400.25253,47.744396,55.184006,0.0,0.9,0.0,-3.8811118e-25,0.0,73.99397,69.107254,68.81535,69.04689,68.8739
2018-01-03 00:32:00,-1.515445e-26,0.0,47.744396,357730.44,0.75,0.0,32.0,-1.1619784e-06,0.25,1.0,69.964005,0.0,0.0,0.0,-1.3910195999999998e-23,2.5517018e-06,0.005004883,-400.25253,47.744396,55.184006,0.0,0.9,0.0,-1.9305585e-29,0.0,74.00029,69.10176,68.8087,69.04156,68.8677
2018-01-03 00:33:00,2.5671005000000003e-27,0.0,47.744396,357730.44,0.75,0.0,32.0,-1.1619784e-06,0.25,1.0,69.96053,0.0,0.0,0.0,-7.6398196e-25,3.166791e-06,0.005004883,-400.25253,47.744396,55.184006,0.0,0.9,0.0,-3.3725805e-25,0.0,74.00655,69.09633,68.802055,69.036224,68.861496
2018-01-03 00:34:00,8.671925e-27,0.0,47.744396,357730.44,0.75,0.0,32.0,0.0,0.25,1.0,69.95705,0.0,0.0,0.0,-3.1358596e-24,3.3010565e-06,0.005004883,-400.25253,47.744396,55.184006,0.0,0.9,0.0,-9.506997e-25,0.0,74.01271,69.090836,68.79541,69.0309,68.85534
2018-01-03 00:35:00,-4.1096168000000004e-26,0.0,47.744396,357730.44,0.75,0.0,32.0,-1.1619784e-06,0.25,1.0,69.95354,0.0,0.0,0.0,-8.254319000000001e-27,3.6551673e-06,0.005004883,-400.25253,47.744396,55.184006,0.0,0.9,0.0,-4.857214299999999e-25,0.0,74.0188,69.08534,68.78876,69.02563,68.84918
2018-01-03 00:36:00,-4.581981e-28,0.0,47.744396,357730.44,0.75,0.0,32.0,1.1619784e-06,0.25,1.0,69.950035,0.0,0.0,0.0,-6.953357e-24,3.6806764e-06,0.005004883,-400.25253,47.744396,55.184006,0.0,0.9,0.0,-2.458177e-25,0.0,74.024796,69.079895,68.782166,69.020294,68.84303
2018-01-03 00:37:00,1.409595e-26,0.0,47.744396,357730.44,0.75,0.0,32.0,-2.3239568e-06,0.25,1.0,69.94654,0.0,0.0,0.0,-1.1494571e-23,-6.4341693e-06,0.005004883,-400.25253,47.744396,55.184006,0.0,0.9,0.0,-1.6161818e-24,0.0,74.03072,69.07446,68.77557,69.01503,68.83688
2018-01-03 00:38:00,-1.4014154999999999e-25,0.0,47.744396,357730.44,0.75,0.0,32.0,-1.1619784e-06,0.25,1.0,69.94298,0.0,0.0,0.0,-9.264569400000001e-24,1.2627567e-06,0.005004883,-400.25253,47.744396,55.184006,0.0,0.9,0.0,-5.956165500000001e-26,0.0,74.036545,69.06897,68.76898,69.0097,68.830734
2018-01-03 00:39:00,3.6879124000000004e-26,0.0,47.744396,357730.44,0.75,0.0,32.0,-1.1619784e-06,0.25,1.0,69.939476,0.0,0.0,0.0,-8.751594e-24,1.9429074e-06,0.005004883,-400.25253,47.744396,55.184006,0.0,0.9,0.0,-6.891782e-27,0.0,74.04237,69.06353,68.76245,69.004425,68.82463
2018-01-03 00:40:00,4.3854507e-27,0.0,47.744396,357730.44,0.75,0.0,32.0,1.1619784e-06,0.25,1.0,69.93594,0.0,0.0,0.0,-3.3236548000000005e-24,1.9064444e-06,0.005004883,-400.25253,47.744396,55.184006,0.0,0.9,0.0,-3.4947117e-25,0.0,74.04803,69.05809,68.75591,68.999146,68.818535
2018-01-03 00:41:00,-2.5306022e-27,0.0,47.744396,357730.44,0.75,0.0,32.0,-1.1619784e-06,0.25,1.0,69.93242,0.0,0.0,0.0,-5.191263e-24,1.8379227e-06,0.005004883,-400.25253,47.744396,55.184006,0.0,0.9,0.0,-2.9553355e-25,0.0,74.05368,69.052704,68.749374,68.99388,68.81244
2018-01-03 00:42:00,3.7480790000000006e-27,0.0,47.744396,357730.44,0.75,0.0,32.0,3.4859352e-06,0.25,1.0,69.92887,0.0,0.0,0.0,-1.0080972999999999e-23,-4.6502823e-06,0.005004883,-400.25253,47.744396,55.184006,0.0,0.9,0.0,-6.7001176e-25,0.0,74.059235,69.04727,68.74284,68.98866,68.806335
2018-01-03 00:43:00,-3.3588566e-26,0.0,47.744396,357730.44,0.75,0.0,32.0,-1.1619784e-06,0.25,1.0,69.92531,0.0,0.0,0.0,-4.700689e-24,2.7444164e-06,0.005004883,-400.25253,47.744396,55.184006,0.0,0.9,0.0,-2.2326827e-25,0.0,74.06473,69.04183,68.7363,68.98338,68.80029
2018-01-03 00:44:00,5.8359125000000005e-27,0.0,47.744396,357730.44,0.75,0.0,32.0,-2.3239568e-06,0.25,1.0,69.92175,0.0,0.0,0.0,-1.2064948e-23,6.761651e-06,0.005004883,-400.25253,47.744396,55.184006,0.0,0.9,0.0,-5.4161070000000005e-25,0.0,74.07016,69.03645,68.72982,68.97811,68.794205
2018-01-03 00:45:00,-1.3849595e-26,0.0,47.744396,357730.44,0.75,0.0,32.0,1.1619784e-06,0.25,1.0,69.9182,0.0,0.0,0.0,-5.8965905e-24,6.978078e-07,0.005004883,-400.25253,47.744396,55.184006,0.0,0.9,0.0,-1.1672966e-25,0.0,74.07555,69.03107,68.72334,68.97289,68.78816
2018-01-03 00:46:00,2.0405505e-27,0.0,47.744396,357730.44,0.75,0.0,32.0,-1.1619784e-06,0.25,1.0,69.914635,0.0,0.0,0.0,-1.0724274e-23,2.6277248e-06,0.005004883,-400.25253,47.744396,55.184006,0.0,0.9,0.0,-8.0124795e-27,0.0,74.080826,69.02568,68.71686,68.967674,68.78212
2018-01-03 00:47:00,1.6603763000000002e-26,0.0,47.744396,357730.44,0.75,0.0,32.0,1.1619784e-06,0.25,1.0,69.91106,0.0,0.0,0.0,-4.3758718e-24,-9.046599e-06,0.005004883,-400.25253,47.744396,55.184006,0.0,0.9,0.0,-5.0835728e-26,0.0,74.086044,69.020294,68.710434,68.962456,68.77608
2018-01-03 00:48:00,-1.0545512e-26,0.0,47.744396,357730.44,0.75,0.0,32.0,-1.1619784e-06,0.25,1.0,69.90748,0.0,0.0,0.0,-1.1704299000000001e-22,4.1204394e-06,0.005004883,-400.25253,47.744396,55.184006,0.0,0.9,0.0,-1.8488231e-25,0.0,74.0912,69.014915,68.70395,68.95724,68.77008
2018-01-03 00:49:00,4.4383737000000003e-26,0.0,47.744396,357730.44,0.75,0.0,32.0,-2.3239568e-06,0.25,1.0,69.9039,0.0,0.0,0.0,-1.6493966e-23,6.6445025e-08,0.005004883,-400.25253,47.744396,55.184006,0.0,0.9,0.0,-1.5879698000000001e-24,0.0,74.09631,69.00954,68.697525,68.95202,68.7641
2018-01-03 00:50:00,1.9791237000000002e-26,0.0,47.744396,357730.44,0.75,0.0,32.0,-1.1619784e-06,0.25,1.0,69.900314,0.0,0.0,0.0,-4.411598e-24,-6.9400704e-07,0.005004883,-400.25253,47.744396,55.184006,0.0,0.9,0.0,-2.2348749e-24,0.0,74.101364,69.00415,68.69115,68.9468,68.75811
2018-01-03 00:51:00,9.940918e-27,0.0,47.744396,357730.44,0.75,0.0,32.0,0.0,0.25,1.0,69.89673,0.0,0.0,0.0,-1.4651498e-23,-1.6498045e-06,0.005004883,-400.25253,47.744396,55.184006,0.0,0.9,0.0,-2.5543023e-25,0.0,74.10637,68.998825,68.68472,68.94158,68.75212
2018-01-03 00:52:00,-3.9681106000000004e-27,0.0,47.744396,357730.44,0.75,0.0,32.0,-1.1619784e-06,0.25,1.0,69.89311,0.0,0.0,0.0,-7.052885e-23,1.1266119e-06,0.005004883,-400.25253,47.744396,55.184006,0.0,0.9,0.0,-6.177347e-25,0.0,74.11131,68.99344,68.678345,68.93636,68.74614
2018-01-03 00:53:00,-1.5845566e-26,0.0,47.744396,357730.44,0.75,0.0,32.0,2.3239568e-06,0.25,1.0,69.88953,0.0,0.0,0.0,-3.084821e-23,4.036649e-06,0.005004883,-400.25253,47.744396,55.184006,0.0,0.9,0.0,-2.1396538e-25,0.0,74.11614,68.98811,68.67198,68.9312,68.740204
2018-01-03 00:54:00,-1.4859382999999998e-25,0.0,47.744396,357730.44,0.75,0.0,32.0,1.1619784e-06,0.25,1.0,69.885925,0.0,0.0,0.0,-1.9894308e-23,-7.0512247e-06,0.005004883,-400.25253,47.744396,55.184006,0.0,0.9,0.0,-1.7877650000000002e-27,0.0,74.12097,68.98278,68.6656,68.92604,68.734215
2018-01-03 00:55:00,2.6186195e-26,0.0,47.744396,357730.44,0.75,0.0,32.0,1.1619784e-06,0.25,1.0,69.88231,0.0,0.0,0.0,-6.5475297e-24,-4.2871447e-06,0.005004883,-400.25253,47.744396,55.184006,0.0,0.9,0.0,-3.8949661999999997e-25,0.0,74.125755,68.97745,68.65923,68.92082,68.72829
2018-01-03 00:56:00,-2.1984967e-25,0.0,47.744396,357730.44,0.75,0.0,32.0,1.1619784e-06,0.25,1.0,69.87871,0.0,0.0,0.0,-1.00498055e-23,-1.9579238e-06,0.005004883,-400.25253,47.744396,55.184006,0.0,0.9,0.0,-2.4665316e-25,0.0,74.130424,68.97212,68.652916,68.91565,68.722404
2018-01-03 00:57:00,1.5072385e-26,0.0,47.744396,357730.44,0.75,0.0,32.0,-2.3239568e-06,0.25,1.0,69.8751,0.0,0.0,0.0,-1.2298053e-23,6.486453e-06,0.005004883,-400.25253,47.744396,55.184006,0.0,0.9,0.0,-1.3349641e-24,0.0,74.13509,68.9668,68.6466,68.91049,68.71648
2018-01-03 00:58:00,1.2513259999999999e-26,0.0,47.744396,357730.44,0.75,0.0,32.0,1.1619784e-06,0.25,1.0,69.87147,0.0,0.0,0.0,-2.7844764e-23,2.482384e-07,0.005004883,-400.25253,47.744396,55.184006,0.0,0.9,0.0,-5.723488e-28,0.0,74.13965,68.96147,68.64028,68.90533,68.710594
2018-01-03 00:59:00,-2.6039605e-26,0.0,47.744396,357730.44,0.75,0.0,32.0,-2.3239568e-06,0.25,1.0,69.86784,0.0,0.0,0.0,-4.1157625e-23,1.4343547e-06,0.005004883,-400.25253,47.744396,55.184006,0.0,0.9,0.0,-1.6119941e-25,0.0,74.14421,68.95619,68.633965,68.90022,68.704666
2018-01-03 01:00:00,3.3086386000000004e-26,0.0,47.744396,357730.44,0.75,0.0,32.0,1.1619784e-06,0.25,1.0,69.86422,0.0,0.0,0.0,-1.8159817e-24,5.440968e-06,0.005004883,-400.25253,47.744396,55.184006,0.0,0.9,0.0,-2.6486449e-25,0.0,74.14871,68.95087,68.6277,68.89505,68.698784
2018-01-03 01:01:00,-5.003726e-27,0.0,47.744396,357730.44,0.75,0.0,32.0,-1.1619784e-06,0.25,1.0,69.86061,0.0,0.0,0.0,-5.249130400000001e-26,-4.514616e-06,0.005004883,-400.25253,47.744396,55.184006,0.0,0.9,0.0,-1.1491928000000001e-24,0.0,74.15317,68.94559,68.62138,68.889946,68.69296
2018-01-03 01:02:00,8.607825e-27,0.0,47.744396,357730.44,0.75,0.0,32.0,3.4859352e-06,0.25,1.0,69.85697,0.0,0.0,0.0,-3.0765493e-23,2.9194193e-06,0.005004883,-400.25253,47.744396,55.184006,0.0,0.9,0.0,-5.420698e-26,0.0,74.15756,68.94032,68.61513,68.88478,68.68709
2018-01-03 01:03:00,-7.799666e-28,0.0,47.744396,357730.44,0.75,0.0,32.0,-1.1619784e-06,0.25,1.0,69.853325,0.0,0.0,0.0,-3.9867243e-24,-7.1142354e-06,0.005004883,-400.25253,47.744396,55.184006,0.0,0.9,0.0,-8.574824e-25,0.0,74.161896,68.93499,68.60886,68.87967,68.681206
2018-01-03 01:04:00,-1.059056e-25,0.0,47.744396,357730.44,0.75,0.0,32.0,-2.3239568e-06,0.25,1.0,69.84966,0.0,0.0,0.0,-1.5482573e-24,-3.3775439e-06,0.005004883,-400.25253,47.744396,55.184006,0.0,0.9,0.0,-3.7048997999999996e-25,0.0,74.16618,68.92972,68.6026,68.87451,68.67532
2018-01-03 01:05:00,4.621795e-27,0.0,47.744396,357730.44,0.75,0.0,32.0,3.4859352e-06,0.25,1.0,69.845985,0.0,0.0,0.0,-4.4685603e-23,-6.694841e-06,0.005004883,-400.25253,47.744396,55.184006,0.0,0.9,0.0,-2.9124624000000002e-24,0.0,74.17041,68.92439,68.59628,68.86935,68.66951
2018-01-03 01:06:00,8.210873999999999e-26,0.0,47.744396,357730.44,0.75,0.0,32.0,-1.1619784e-06,0.25,1.0,69.84233,0.0,0.0,0.0,-5.2176633000000004e-24,-7.673292e-06,0.005004883,-400.25253,47.744396,55.184006,0.0,0.9,0.0,-1.3498331999999998e-25,0.0,74.174644,68.91911,68.59002,68.86424,68.66363
2018-01-03 01:07:00,6.014949e-27,0.0,47.744396,357730.44,0.75,0.0,32.0,-1.1619784e-06,0.25,1.0,69.838615,0.0,0.0,0.0,-7.9108715e-24,6.841477e-07,0.005004883,-400.25253,47.744396,55.184006,0.0,0.9,0.0,-2.8409362000000004e-26,0.0,74.178764,68.91379,68.5837,68.85907,68.657745
2018-01-03 01:08:00,-2.215531e-27,0.0,47.744396,357730.44,0.75,0.0,32.0,1.1619784e-06,0.25,1.0,69.83494,0.0,0.0,0.0,-1.2752963e-23,1.4580858e-06,0.005004883,-400.25253,47.744396,55.184006,0.0,0.9,0.0,-5.7027990000000004e-27,0.0,74.182884,68.90851,68.57744,68.853966,68.65187
2018-01-03 01:09:00,-8.305836000000001e-27,0.0,47.744396,357730.44,0.75,0.0,32.0,1.1619784e-06,0.25,1.0,69.83124,0.0,0.0,0.0,-4.99031e-24,-3.6626957e-07,0.005004883,-400.25253,47.744396,55.184006,0.0,0.9,0.0,-3.7076265e-28,0.0,74.18695,68.90318,68.57118,68.8488,68.64605
2018-01-03 01:10:00,6.662449e-27,0.0,47.744396,357730.44,0.75,0.0,32.0,0.0,0.25,1.0,69.82751,0.0,0.0,0.0,-4.0465037e-23,-6.444512e-06,0.005004883,-400.25253,47.744396,55.184006,0.0,0.9,0.0,-2.7250563999999997e-25,0.0,74.19096,68.89786,68.564865,68.84369,68.64017
2018-01-03 01:11:00,-9.891549e-27,0.0,47.744396,357730.44,0.75,0.0,32.0,3.4859352e-06,0.25,1.0,69.82379,0.0,0.0,0.0,-6.8572105e-24,1.040026e-07,0.005004883,-400.25253,47.744396,55.184006,0.0,0.9,0.0,-3.718435e-27,0.0,74.19497,68.89253,68.55859,68.83853,68.63435
2018-01-03 01:12:00,-4.4598957e-28,0.0,47.744396,357730.44,0.75,0.0,32.0,-1.1619784e-06,0.25,1.0,69.82005,0.0,0.0,0.0,-1.5900763e-24,1.938849e-06,0.005004883,-400.25253,47.744396,55.184006,0.0,0.9,0.0,-5.899168e-25,0.0,74.19893,68.8872,68.55228,68.83342,68.62847
2018-01-03 01:13:00,3.4326346000000004e-26,0.0,47.744396,357730.44,0.75,0.0,32.0,3.4859352e-06,0.25,1.0,69.8163,0.0,0.0,0.0,-1.3827378e-23,7.341389e-06,0.005004883,-400.25253,47.744396,55.184006,0.0,0.9,0.0,-2.5401402e-24,0.0,74.20282,68.88187,68.54596,68.82826,68.62259
2018-01-03 01:14:00,1.1345325e-26,0.0,47.744396,357730.44,0.75,0.0,32.0,2.3239568e-06,0.25,1.0,69.812546,0.0,0.0,0.0,-2.8814568e-23,-2.4681648e-07,0.005004883,-400.25253,47.744396,55.184006,0.0,0.9,0.0,-3.403426e-26,0.0,74.206665,68.87654,68.5397,68.82309,68.616776
2018-01-03 01:15:00,5.2574530000000005e-27,0.0,47.744396,357730.44,0.75,0.0,32.0,-1.1619784e-06,0.25,1.0,69.80879,0.0,0.0,0.0,-1.7935843e-24,-1.5069505e-06,0.005004883,-400.25253,47.744396,55.184006,0.0,0.9,0.0,-1.2707139000000001e-24,0.0,74.210464,68.871216,68.53339,68.817986,68.61089
2018-01-03 01:16:00,-2.708701e-26,0.0,47.744396,357730.44,0.75,0.0,32.0,-2.3239568e-06,0.25,1.0,69.80502,0.0,0.0,0.0,-5.0257817e-23,2.6239134e-06,0.005004883,-400.25253,47.744396,55.184006,0.0,0.9,0.0,-9.160392e-27,0.0,74.21425,68.86589,68.52707,68.81282,68.60507
2018-01-03 01:17:00,-6.6420555e-27,0.0,47.744396,357730.44,0.75,0.0,32.0,-2.3239568e-06,0.25,1.0,69.801254,0.0,0.0,0.0,-7.952814e-24,-1.6000336e-05,0.005004883,-400.25253,47.744396,55.184006,0.0,0.9,0.0,-4.1072398e-24,0.0,74.21799,68.86056,68.520805,68.80771,68.5992
2018-01-03 01:18:00,1.5589288999999998e-25,0.0,47.744396,357730.44,0.75,0.0,32.0,-1.1619784e-06,0.25,1.0,69.79745,0.0,0.0,0.0,-7.428440000000001e-24,-4.593418e-06,0.005004883,-400.25253,47.744396,55.184006,0.0,0.9,0.0,-1.0348847e-24,0.0,74.221664,68.85518,68.51449,68.80255,68.59337
2018-01-03 01:19:00,1.9468659e-26,0.0,47.744396,357730.44,0.75,0.0,32.0,-1.1619784e-06,0.25,1.0,69.79366,0.0,0.0,0.0,-1.4058876999999998e-23,-2.2868626e-06,0.005004883,-400.25253,47.744396,55.184006,0.0,0.9,0.0,-1.9903462e-24,0.0,74.22534,68.849846,68.50817,68.797386,68.58755
2018-01-03 01:20:00,-4.5629034e-26,0.0,47.744396,357730.44,0.75,0.0,32.0,-1.1619784e-06,0.25,1.0,69.789856,0.0,0.0,0.0,-6.627232999999999e-24,-7.63665e-06,0.005004883,-400.25253,47.744396,55.184006,0.0,0.9,0.0,-1.4723084999999999e-25,0.0,74.22897,68.84451,68.501854,68.79228,68.581665
2018-01-03 01:21:00,-2.0077648e-25,0.0,47.744396,357730.44,0.75,0.0,32.0,0.0,0.25,1.0,69.78605,0.0,0.0,0.0,-1.4872447e-23,2.1651008e-06,0.005004883,-400.25253,47.744396,55.184006,0.0,0.9,0.0,-7.033604e-27,0.0,74.232544,68.839134,68.49559,68.78711,68.57585
2018-01-03 01:22:00,-2.4105118e-26,0.0,47.744396,357730.44,0.75,0.0,32.0,1.1619784e-06,0.25,1.0,69.782234,0.0,0.0,0.0,-1.5218591e-23,3.6577245e-07,0.005004883,-400.25253,47.744396,55.184006,0.0,0.9,0.0,-1.2457944999999999e-25,0.0,74.236115,68.8338,68.48927,68.782005,68.56997
2018-01-03 01:23:00,-3.0869046e-26,0.0,47.744396,357730.44,0.75,0.0,32.0,1.1619784e-06,0.25,1.0,69.7784,0.0,0.0,0.0,-3.4926647e-24,2.2523027e-06,0.005004883,-400.25253,47.744396,55.184006,0.0,0.9,0.0,-2.7975711999999996e-25,0.0,74.239624,68.82842,68.482956,68.77684,68.56415
2018-01-03 01:24:00,1.8669663000000002e-26,0.0,47.744396,357730.44,0.75,0.0,32.0,1.1619784e-06,0.25,1.0,69.77457,0.0,0.0,0.0,-1.936563e-23,7.042681e-06,0.005004883,-400.25253,47.744396,55.184006,0.0,0.9,0.0,-2.8801492e-25,0.0,74.24309,68.82309,68.47664,68.77168,68.55832
2018-01-03 01:25:00,1.4973152999999998e-25,0.0,47.744396,357730.44,0.75,0.0,32.0,1.1619784e-06,0.25,1.0,69.77073,0.0,0.0,0.0,-2.2321734e-24,1.8559633e-06,0.005004883,-400.25253,47.744396,55.184006,0.0,0.9,0.0,-6.728796699999999e-25,0.0,74.24655,68.81771,68.47032,68.76657,68.552505
2018-01-03 01:26:00,2.6763702e-26,0.0,47.744396,357730.44,0.75,0.0,32.0,1.1619784e-06,0.25,1.0,69.76686,0.0,0.0,0.0,-2.5024703e-24,2.9338607e-06,0.005004883,-400.25253,47.744396,55.184006,0.0,0.9,0.0,-2.4917335e-24,0.0,74.249954,68.81233,68.464005,68.761406,68.54662
2018-01-03 01:27:00,4.669813e-26,0.0,47.744396,357730.44,0.75,0.0,32.0,-1.1619784e-06,0.25,1.0,69.763016,0.0,0.0,0.0,-7.819873e-24,-5.895006e-08,0.005004883,-400.25253,47.744396,55.184006,0.0,0.9,0.0,-4.643113e-27,0.0,74.25331,68.807,68.45769,68.7563,68.5408
2018-01-03 01:28:00,-1.81305e-26,0.0,47.744396,357730.44,0.75,0.0,32.0,-2.3239568e-06,0.25,1.0,69.75915,0.0,0.0,0.0,-8.467484000000001e-23,-6.7753385e-06,0.005004883,-400.25253,47.744396,55.184006,0.0,0.9,0.0,-1.1870573e-25,0.0,74.25665,68.80162,68.45137,68.75113,68.53497
2018-01-03 01:29:00,-2.4941551e-26,0.0,47.744396,357730.44,0.75,0.0,32.0,1.1619784e-06,0.25,1.0,69.75529,0.0,0.0,0.0,-3.0278084999999997e-23,1.0976079e-06,0.005004883,-400.25253,47.744396,55.184006,0.0,0.9,0.0,-5.0996456e-26,0.0,74.26001,68.796234,68.44505,68.74597,68.52916
2018-01-03 01:30:00,2.1447347000000002e-26,0.0,47.744396,357730.44,0.75,0.0,32.0,1.1619784e-06,0.25,1.0,69.7514,0.0,0.0,0.0,-4.1735507e-24,1.6955973e-07,0.005004883,-400.25253,47.744396,55.184006,0.0,0.9,0.0,-2.5452114e-27,0.0,74.263245,68.79085,68.438736,68.74086,68.52333
2018-01-03 01:31:00,6.605305e-27,0.0,47.744396,357730.44,0.75,0.0,32.0,-1.1619784e-06,0.25,1.0,69.74752,0.0,0.0,0.0,-8.535915e-24,-3.3664526e-06,0.005004883,-400.25253,47.744396,55.184006,0.0,0.9,0.0,-3.1465510000000003e-25,0.0,74.266495,68.78546,68.43242,68.7357,68.51751
2018-01-03 01:32:00,2.9935586e-27,0.0,47.744396,357730.44,0.75,0.0,32.0,1.1619784e-06,0.25,1.0,69.74364,0.0,0.0,0.0,-9.473469e-24,4.4017725e-06,0.005004883,-400.25253,47.744396,55.184006,0.0,0.9,0.0,-7.178584399999999e-25,0.0,74.26973,68.78008,68.4261,68.73059,68.51169
2018-01-03 01:33:00,-1.8885303e-27,0.0,47.744396,357730.44,0.75,0.0,32.0,-1.1619784e-06,0.25,1.0,69.73974,0.0,0.0,0.0,-7.064715e-27,-4.8147654e-06,0.005004883,-400.25253,47.744396,55.184006,0.0,0.9,0.0,-1.9864683e-24,0.0,74.27292,68.774704,68.419785,68.725426,68.50586
2018-01-03 01:34:00,5.86691e-26,0.0,47.744396,357730.44,0.75,0.0,32.0,-1.1619784e-06,0.25,1.0,69.73584,0.0,0.0,0.0,-4.6588066e-24,-1.06147e-06,0.005004883,-400.25253,47.744396,55.184006,0.0,0.9,0.0,-6.678150299999999e-25,0.0,74.27605,68.76932,68.41347,68.72032,68.500046
2018-01-03 01:35:00,1.2639783500000001e-26,0.0,47.744396,357730.44,0.75,0.0,32.0,0.0,0.25,1.0,69.73192,0.0,0.0,0.0,-5.739531e-24,-2.9920128e-07,0.005004883,-400.25253,47.744396,55.184006,0.0,0.9,0.0,-1.3367548e-25,0.0,74.279175,68.76393,68.40715,68.71515,68.49422
2018-01-03 01:36:00,2.9107074000000003e-27,0.0,47.744396,357730.44,0.75,0.0,32.0,-2.3239568e-06,0.25,1.0,69.72801,0.0,0.0,0.0,-1.8123759e-23,-5.6954204e-06,0.005004883,-400.25253,47.744396,55.184006,0.0,0.9,0.0,-2.2548593e-24,0.0,74.28231,68.758545,68.40083,68.70999,68.488396
2018-01-03 01:37:00,-3.044928e-26,0.0,47.744396,357730.44,0.75,0.0,32.0,1.1619784e-06,0.25,1.0,69.724106,0.0,0.0,0.0,-4.3013083e-23,2.6651497e-07,0.005004883,-400.25253,47.744396,55.184006,0.0,0.9,0.0,-1.5138851e-24,0.0,74.285385,68.75317,68.394516,68.70488,68.482574
2018-01-03 01:38:00,1.2295193000000001e-26,0.0,47.744396,357730.44,0.75,0.0,32.0,-1.1619784e-06,0.25,1.0,69.72017,0.0,0.0,0.0,-1.9198771e-23,-5.921058e-06,0.005004883,-400.25253,47.744396,55.184006,0.0,0.9,0.0,-1.5538836e-26,0.0,74.28841,68.74773,68.3882,68.69972,68.47681
2018-01-03 01:39:00,-2.453596e-27,0.0,47.744396,357730.44,0.75,0.0,32.0,1.1619784e-06,0.25,1.0,69.71625,0.0,0.0,0.0,-7.8059845e-24,1.1030686e-06,0.005004883,-400.25253,47.744396,55.184006,0.0,0.9,0.0,-5.4077303e-25,0.0,74.29143,68.74234,68.38188,68.69461,68.47098
2018-01-03 01:40:00,1.2527953e-26,0.0,47.744396,357730.44,0.75,0.0,32.0,-1.1619784e-06,0.25,1.0,69.712296,0.0,0.0,0.0,-2.6744298e-24,1.7280223e-06,0.005004883,-400.25253,47.744396,55.184006,0.0,0.9,0.0,-1.3240308e-25,0.0,74.294395,68.73696,68.37551,68.689445,68.465164
2018-01-03 01:41:00,1.6055225e-26,0.0,47.744396,357730.44,0.75,0.0,32.0,1.1619784e-06,0.25,1.0,69.708374,0.0,0.0,0.0,-2.5054887e-23,6.251635e-07,0.005004883,-400.25253,47.744396,55.184006,0.0,0.9,0.0,-7.745036000000001e-27,0.0,74.29736,68.73158,68.369194,68.68434,68.4594
2018-01-03 01:42:00,3.3740313e-27,0.0,47.744396,357730.44,0.75,0.0,32.0,1.1619784e-06,0.25,1.0,69.70441,0.0,0.0,0.0,-2.7186472e-24,-3.095698e-07,0.005004883,-400.25253,47.744396,55.184006,0.0,0.9,0.0,-3.5919736e-25,0.0,74.30028,68.726135,68.36288,68.67917,68.45357
2018-01-03 01:43:00,-3.5663730000000004e-27,0.0,47.744396,357730.44,0.75,0.0,32.0,-1.1619784e-06,0.25,1.0,69.70046,0.0,0.0,0.0,-9.718086e-25,2.3390294e-06,0.005004883,-400.25253,47.744396,55.184006,0.0,0.9,0.0,-8.81195e-25,0.0,74.303185,68.72076,68.35656,68.674065,68.44775
2018-01-03 01:44:00,3.7791707000000003e-26,0.0,47.744396,357730.44,0.75,0.0,32.0,0.0,0.25,1.0,69.6965,0.0,0.0,0.0,-2.9622345e-23,5.8341843e-06,0.005004883,-400.25253,47.744396,55.184006,0.0,0.9,0.0,-1.2789241e-24,0.0,74.306046,68.71532,68.35024,68.6689,68.44198
2018-01-03 01:45:00,-2.653132e-27,0.0,47.744396,357730.44,0.75,0.0,32.0,-1.1619784e-06,0.25,1.0,69.69254,0.0,0.0,0.0,-1.3783071e-23,1.1280279e-06,0.005004883,-400.25253,47.744396,55.184006,0.0,0.9,0.0,-9.556703999999999e-26,0.0,74.3089,68.70993,68.343925,68.66379,68.43616
2018-01-03 01:46:00,-2.9231700000000004e-28,0.0,47.744396,357730.44,0.75,0.0,32.0,1.1619784e-06,0.25,1.0,69.68858,0.0,0.0,0.0,-4.9001862e-23,-2.413759e-07,0.005004883,-400.25253,47.744396,55.184006,0.0,0.9,0.0,-4.6091084e-26,0.0,74.31175,68.7045,68.33761,68.65868,68.43039
2018-01-03 01:47:00,-8.064154e-27,0.0,47.744396,357730.44,0.75,0.0,32.0,0.0,0.25,1.0,69.684616,0.0,0.0,0.0,-3.6251188e-23,2.0551608e-06,0.005004883,-400.25253,47.744396,55.184006,0.0,0.9,0.0,-6.407944e-25,0.0,74.31456,68.69911,68.33129,68.65352,68.42462
2018-01-03 01:48:00,3.6814065e-26,0.0,47.744396,357730.44,0.75,0.0,32.0,1.1619784e-06,0.25,1.0,69.68062,0.0,0.0,0.0,-2.845509e-24,1.5035049e-06,0.005004883,-400.25253,47.744396,55.184006,0.0,0.9,0.0,-2.403572e-24,0.0,74.31731,68.69368,68.32492,68.64841,68.41879
2018-01-03 01:49:00,9.921587600000001e-27,0.0,47.744396,357730.44,0.75,0.0,32.0,1.1619784e-06,0.25,1.0,69.67665,0.0,0.0,0.0,-9.3350565e-24,9.920429e-07,0.005004883,-400.25253,47.744396,55.184006,0.0,0.9,0.0,-2.7881074e-28,0.0,74.32005,68.68829,68.3186,68.64325,68.413025
2018-01-03 01:50:00,1.7906249e-26,0.0,47.744396,357730.44,0.75,0.0,32.0,3.4859352e-06,0.25,1.0,69.67266,0.0,0.0,0.0,-8.3102694e-24,-4.936409e-06,0.005004883,-400.25253,47.744396,55.184006,0.0,0.9,0.0,-3.684098e-24,0.0,74.3228,68.68285,68.31229,68.63814,68.40726
2018-01-03 01:51:00,2.0651587999999999e-25,0.0,47.744396,357730.44,0.75,0.0,32.0,1.1619784e-06,0.25,1.0,69.66866,0.0,0.0,0.0,-3.0224762000000003e-24,-7.053075e-06,0.005004883,-400.25253,47.744396,55.184006,0.0,0.9,0.0,-8.989355000000001e-25,0.0,74.325485,68.677414,68.30597,68.63298,68.40149
2018-01-03 01:52:00,-3.3085678e-27,0.0,47.744396,357730.44,0.75,0.0,32.0,0.0,0.25,1.0,69.66469,0.0,0.0,0.0,-3.2067937e-24,2.1745989e-06,0.005004883,-400.25253,47.744396,55.184006,0.0,0.9,0.0,-3.2893498000000002e-24,0.0,74.32818,68.67203,68.29965,68.62787,68.395676
2018-01-03 01:53:00,-1.8655382000000002e-26,0.0,47.744396,357730.44,0.75,0.0,32.0,-1.1619784e-06,0.25,1.0,69.66068,0.0,0.0,0.0,-4.0452136e-24,3.0393103e-06,0.005004883,-400.25253,47.744396,55.184006,0.0,0.9,0.0,-4.3797513e-25,0.0,74.33081,68.666595,68.293335,68.62276,68.38991
2018-01-03 01:54:00,-4.9936968e-27,0.0,47.744396,357730.44,0.75,0.0,32.0,-1.1619784e-06,0.25,1.0,69.65668,0.0,0.0,0.0,-9.730093000000001e-23,2.6696848e-06,0.005004883,-400.25253,47.744396,55.184006,0.0,0.9,0.0,-1.3371812000000002e-26,0.0,74.33345,68.661156,68.28702,68.6176,68.38414
2018-01-03 01:55:00,1.6805347e-26,0.0,47.744396,357730.44,0.75,0.0,32.0,2.3239568e-06,0.25,1.0,69.65269,0.0,0.0,0.0,-2.2480715000000002e-26,1.15808625e-05,0.005004883,-400.25253,47.744396,55.184006,0.0,0.9,0.0,-3.2369119e-24,0.0,74.33609,68.65578,68.2807,68.61249,68.37837
2018-01-03 01:56:00,-1.6202815e-26,0.0,47.744396,357730.44,0.75,0.0,32.0,3.4859352e-06,0.25,1.0,69.64866,0.0,0.0,0.0,-1.7649352e-23,1.5118731e-07,0.005004883,-400.25253,47.744396,55.184006,0.0,0.9,0.0,-5.649475999999999e-26,0.0,74.33867,68.65033,68.27432,68.607376,68.372604
2018-01-03 01:57:00,6.837304000000001e-27,0.0,47.744396,357730.44,0.75,0.0,32.0,1.1619784e-06,0.25,1.0,69.64465,0.0,0.0,0.0,-2.072804e-24,3.3302451e-06,0.005004883,-400.25253,47.744396,55.184006,0.0,0.9,0.0,-3.5389878e-26,0.0,74.34125,68.6449,68.268005,68.602264,68.36684
2018-01-03 01:58:00,6.2499928000000005e-27,0.0,47.744396,357730.44,0.75,0.0,32.0,1.1619784e-06,0.25,1.0,69.64064,0.0,0.0,0.0,-1.1851127e-23,3.1537247e-06,0.005004883,-400.25253,47.744396,55.184006,0.0,0.9,0.0,-3.9721834e-26,0.0,74.343834,68.63946,68.26169,68.59711,68.361115
2018-01-03 01:59:00,7.973317e-26,0.0,47.744396,357730.44,0.75,0.0,32.0,1.1619784e-06,0.25,1.0,69.63662,0.0,0.0,0.0,-1.9779947e-23,2.2475597e-06,0.005004883,-400.25253,47.744396,55.184006,0.0,0.9,0.0,-7.441892e-25,0.0,74.34636,68.63402,68.25537,68.591995,68.35535
2018-01-03 02:00:00,7.529104000000001e-27,0.0,47.744396,357730.44,0.75,0.0,32.0,-1.1619784e-06,0.25,1.0,69.63258,0.0,0.0,0.0,-1.9679415e-23,4.9574282e-06,0.005004883,-400.25253,47.744396,55.184006,0.0,0.9,0.0,-1.2874908e-24,0.0,74.34883,68.628586,68.249054,68.58688,68.34958
2018-01-03 02:01:00,1.6486344e-26,0.0,47.744396,357730.44,0.75,0.0,32.018017,-1.1619784e-06,0.25,1.0,69.62858,0.0,0.0,0.0,-1.5049428e-23,-1.118043e-06,0.005004883,-400.25253,47.744396,55.184006,0.0,0.9,0.0,-1.1427384000000001e-24,0.0,74.351364,68.6232,68.24274,68.58178,68.34381
2018-01-03 02:02:00,-5.513519e-26,0.0,47.744396,357730.44,0.75,0.0,32.036034,1.1619784e-06,0.25,1.0,69.62454,0.0,0.0,0.0,-3.087119e-24,2.0123375e-06,0.005004883,-400.25253,47.744396,55.184006,0.0,0.9,0.0,-1.0606611e-25,0.0,74.353836,68.61776,68.23642,68.576614,68.338104
2018-01-03 02:03:00,6.4088705000000006e-27,0.0,47.744396,357730.44,0.75,0.0,32.053997,-1.1619784e-06,0.25,1.0,69.6205,0.0,0.0,0.0,-2.9133028000000003e-24,2.4608423e-06,0.005004883,-400.25253,47.744396,55.184006,0.0,0.9,0.0,-7.6985236e-25,0.0,74.35625,68.61232,68.2301,68.5715,68.33234
2018-01-03 02:04:00,2.4981536e-26,0.0,47.744396,357730.44,0.75,0.0,32.072014,1.1619784e-06,0.25,1.0,69.61647,0.0,0.0,0.0,-8.818244e-24,-7.792713e-06,0.005004883,-400.25253,47.744396,55.184006,0.0,0.9,0.0,-1.8436323e-25,0.0,74.358665,68.60689,68.223785,68.5664,68.32662
2018-01-03 02:05:00,-1.3670378999999999e-25,0.0,47.744396,357730.44,0.75,0.0,32.090034,1.1619784e-06,0.25,1.0,69.61245,0.0,0.0,0.0,-1.7019311e-24,1.7273667e-06,0.005004883,-400.25253,47.744396,55.184006,0.0,0.9,0.0,-2.9475684e-25,0.0,74.361084,68.60144,68.21753,68.561295,68.32091
2018-01-03 02:06:00,9.070967e-26,0.0,47.744396,357730.44,0.75,0.0,32.107994,0.0,0.25,1.0,69.60844,0.0,0.0,0.0,-9.557740999999999e-24,-4.8732085e-07,0.005004883,-400.25253,47.744396,55.184006,0.0,0.9,0.0,-4.6606528e-26,0.0,74.363495,68.59601,68.21121,68.55624,68.3152
2018-01-03 02:07:00,1.4289174e-26,0.0,47.744396,357730.44,0.75,0.0,32.126015,1.1619784e-06,0.25,1.0,69.6044,0.0,0.0,0.0,-1.5120769e-23,-5.429851e-07,0.005004883,-400.25253,47.744396,55.184006,0.0,0.9,0.0,-3.3429705999999996e-25,0.0,74.36586,68.59062,68.204895,68.55113,68.30948
2018-01-03 02:08:00,3.225798e-26,0.0,47.744396,357730.44,0.75,0.0,32.14403,0.0,0.25,1.0,69.600365,0.0,0.0,0.0,-1.7783105e-23,-1.1675521e-06,0.005004883,-400.25253,47.744396,55.184006,0.0,0.9,0.0,-1.1154296e-24,0.0,74.368225,68.58519,68.19863,68.54602,68.30377
2018-01-03 02:09:00,3.2983504e-26,0.0,47.744396,357730.44,0.75,0.0,32.161995,3.4859352e-06,0.25,1.0,69.59632,0.0,0.0,0.0,-2.0027921e-23,-1.3777473e-05,0.005004883,-400.25253,47.744396,55.184006,0.0,0.9,0.0,-1.0120507e-23,0.0,74.37059,68.57974,68.192314,68.54091,68.29806
