Datetime,CHWC_VLV,CHWC_VLV_DM,MA_TEMP,OA_CFM,OA_DMPR,OA_DMPR_DM,OA_TEMP,RA_CFM,RA_DMPR,RA_DMPR_DM,RA_TEMP,RF_CS,RF_SPD,RF_SPD_DM,RF_WAT,SA_CFM,SA_SP,SA_SPSPT,SA_TEMP,SA_TEMPSPT,SF_CS,SF_SPD,SF_SPD_DM,SF_WAT,SYS_CTL,ZONE_TEMP_1,ZONE_TEMP_2,ZONE_TEMP_3,ZONE_TEMP_4,ZONE_TEMP_5
2018-01-01 01:00:00,0.1,0.0,66.36919,357730.44,0.0,0.0,10.040033,0.8532129,1.0,1.0,68.34175,0.0,0.0,0.0,-2.6172375e-13,-0.94334525,0.21954346,-400.25253,66.36919,55.184006,0.0,0.9,0.0,-2.791637e-13,0.0,73.94652,66.76723,67.0271,66.761345,67.206566
2018-01-01 01:01:00,0.1,0.0,66.36919,357730.44,0.0,0.0,10.055031,0.8530722,1.0,1.0,68.34786,0.0,0.0,0.0,-2.6164016e-13,-0.9431927,0.21951294,-400.25253,66.36919,55.184006,0.0,0.9,0.0,-2.7907253e-13,0.0,73.97777,66.76668,67.025894,66.76129,67.20772
2018-01-01 01:02:00,0.1,0.0,66.36919,357730.44,0.0,0.0,10.070026,0.8529328,1.0,1.0,68.35378,0.0,0.0,0.0,-2.6156114e-13,-0.9430399,0.21948242,-400.25253,66.36919,55.184006,0.0,0.9,0.0,-2.7898227e-13,0.0,74.00836,66.766014,67.02458,66.761185,67.20876
2018-01-01 01:03:00,0.1,0.0,66.36919,357730.44,0.0,0.0,10.085022,0.8527934,1.0,1.0,68.35949,0.0,0.0,0.0,-2.6147276e-13,-0.94289356,0.2194519,-400.25253,66.36919,55.184006,0.0,0.9,0.0,-2.788921e-13,0.0,74.03825,66.765305,67.02315,66.76102,67.20975
2018-01-01 01:04:00,0.1,0.0,66.36919,357730.44,0.0,0.0,10.100019,0.8526551,1.0,1.0,68.36498,0.0,0.0,0.0,-2.6138464e-13,-0.94273186,0.21939087,-400.25253,66.36919,55.184006,0.0,0.9,0.0,-2.788006e-13,0.0,74.06741,66.76453,67.02167,66.76074,67.21057
2018-01-01 01:05:00,0.1,0.0,66.36919,357730.44,0.0,0.0,10.115015,0.85251683,1.0,1.0,68.370316,0.0,0.0,0.0,-2.6129934e-13,-0.9425784,0.21936035,-400.25253,66.36919,55.184006,0.0,0.9,0.0,-2.7871233e-13,0.0,74.09598,66.7637,67.02013,66.76047,67.21129
2018-01-01 01:06:00,0.1,0.0,66.36913,357730.44,0.0,0.0,10.1300125,0.8523809,1.0,1.0,68.37544,0.0,0.0,0.0,-2.6121146e-13,-0.9424188,0.21929932,-400.25253,66.36913,55.184006,0.0,0.9,0.0,-2.7862142e-13,0.0,74.12395,66.76283,67.018425,66.760086,67.211945
2018-01-01 01:07:00,0.1,0.0,66.36913,357730.44,0.0,0.0,10.145008,0.85224146,1.0,1.0,68.38037,0.0,0.0,0.0,-2.6112508e-13,-0.94227004,0.2192688,-400.25253,66.36913,55.184006,0.0,0.9,0.0,-2.7853043e-13,0.0,74.151245,66.76184,67.01666,66.75964,67.21245
2018-01-01 01:08:00,0.1,0.0,66.36913,357730.44,0.0,0.0,10.160004,0.8521055,1.0,1.0,68.38514,0.0,0.0,0.0,-2.6103875e-13,-0.94212425,0.21923828,-400.25253,66.36913,55.184006,0.0,0.9,0.0,-2.784397e-13,0.0,74.17799,66.760796,67.014854,66.75915,67.21288
2018-01-01 01:09:00,0.1,0.0,66.36913,357730.44,0.0,0.0,10.175001,0.851966,1.0,1.0,68.38971,0.0,0.0,0.0,-2.6095814e-13,-0.9419724,0.21920776,-400.25253,66.36913,55.184006,0.0,0.9,0.0,-2.7834834e-13,0.0,74.20415,66.7597,67.01293,66.758545,67.21321
2018-01-01 01:10:00,0.1,0.0,66.36913,357730.44,0.0,0.0,10.189997,0.8518266,1.0,1.0,68.39414,0.0,0.0,0.0,-2.608804e-13,-0.9418148,0.21917725,-400.25253,66.36913,55.184006,0.0,0.9,0.0,-2.7825726e-13,0.0,74.22974,66.7586,67.010956,66.757935,67.213486
2018-01-01 01:11:00,0.1,0.0,66.36913,357730.44,0.0,0.0,10.204994,0.85168713,1.0,1.0,68.39841,0.0,0.0,0.0,-2.6079011e-13,-0.94165826,0.21914673,-400.25253,66.36913,55.184006,0.0,0.9,0.0,-2.7816925e-13,0.0,74.254845,66.757385,67.00893,66.757225,67.21365
2018-01-01 01:12:00,0.1,0.0,66.36913,357730.44,0.0,0.0,10.21999,0.85155004,1.0,1.0,68.40251,0.0,0.0,0.0,-2.6070712e-13,-0.9415004,0.21911621,-400.25253,66.36913,55.184006,0.0,0.9,0.0,-2.7807745e-13,0.0,74.2794,66.75613,67.006775,66.756516,67.21371
2018-01-01 01:13:00,0.1,0.0,66.36913,357730.44,0.0,0.0,10.234985,0.85141295,1.0,1.0,68.40644,0.0,0.0,0.0,-2.6061727e-13,-0.9413617,0.21905518,-400.25253,66.36913,55.184006,0.0,0.9,0.0,-2.7798627e-13,0.0,74.303406,66.75481,67.00458,66.75574,67.21365
2018-01-01 01:14:00,0.1,0.0,66.36908,357730.44,0.0,0.0,10.250038,0.85127586,1.0,1.0,68.41024,0.0,0.0,0.0,-2.605374e-13,-0.94120556,0.21902466,-400.25253,66.36908,55.184006,0.0,0.9,0.0,-2.7789826e-13,0.0,74.326965,66.753494,67.002335,66.75487,67.21355
2018-01-01 01:15:00,0.1,0.0,66.36908,357730.44,0.0,0.0,10.265034,0.8511352,1.0,1.0,68.413895,0.0,0.0,0.0,-2.6044818e-13,-0.94104934,0.21899414,-400.25253,66.36908,55.184006,0.0,0.9,0.0,-2.7780832e-13,0.0,74.35004,66.75206,67.00002,66.75398,67.21338
2018-01-01 01:16:00,0.1,0.0,66.36908,357730.44,0.0,0.0,10.280029,0.85099465,1.0,1.0,68.41739,0.0,0.0,0.0,-2.6037015e-13,-0.940889,0.21896362,-400.25253,66.36908,55.184006,0.0,0.9,0.0,-2.7771844e-13,0.0,74.37267,66.75058,66.997604,66.75299,67.213104
2018-01-01 01:17:00,0.1,0.0,66.36908,357730.44,0.0,0.0,10.295027,0.8508586,1.0,1.0,68.42078,0.0,0.0,0.0,-2.6028252e-13,-0.9407392,0.2189331,-400.25253,66.36908,55.184006,0.0,0.9,0.0,-2.7762848e-13,0.0,74.394806,66.7491,66.99519,66.75201,67.21277
2018-01-01 01:18:00,0.1,0.0,66.36908,357730.44,0.0,0.0,10.310022,0.85072154,1.0,1.0,68.42402,0.0,0.0,0.0,-2.601983e-13,-0.94058967,0.21890259,-400.25253,66.36908,55.184006,0.0,0.9,0.0,-2.7753592e-13,0.0,74.416565,66.74756,66.99266,66.75096,67.21233
2018-01-01 01:19:00,0.1,0.0,66.36908,357730.44,0.0,0.0,10.32502,0.8505798,1.0,1.0,68.427124,0.0,0.0,0.0,-2.6011718e-13,-0.9404365,0.21887207,-400.25253,66.36908,55.184006,0.0,0.9,0.0,-2.7744506e-13,0.0,74.43788,66.745964,66.99008,66.74986,67.21184
2018-01-01 01:20:00,0.1,0.0,66.36908,357730.44,0.0,0.0,10.340015,0.85044384,1.0,1.0,68.4301,0.0,0.0,0.0,-2.6003028e-13,-0.940283,0.21884155,-400.25253,66.36908,55.184006,0.0,0.9,0.0,-2.7735643e-13,0.0,74.4588,66.744316,66.98744,66.74871,67.211235
2018-01-01 01:21:00,0.1,0.0,66.36902,357730.44,0.0,0.0,10.355011,0.8503056,1.0,1.0,68.43296,0.0,0.0,0.0,-2.599471e-13,-0.9401258,0.21881104,-400.25253,66.36902,55.184006,0.0,0.9,0.0,-2.7726524e-13,0.0,74.479294,66.742615,66.98476,66.7475,67.21063
2018-01-01 01:22:00,0.1,0.0,66.36902,357730.44,0.0,0.0,10.370008,0.85016847,1.0,1.0,68.43569,0.0,0.0,0.0,-2.59858e-13,-0.9399822,0.21875,-400.25253,66.36902,55.184006,0.0,0.9,0.0,-2.7717593e-13,0.0,74.499405,66.74086,66.98201,66.74629,67.209915
2018-01-01 01:23:00,0.1,0.0,66.36902,357730.44,0.0,0.0,10.385004,0.8500302,1.0,1.0,68.43833,0.0,0.0,0.0,-2.5978444e-13,-0.93983424,0.21871948,-400.25253,66.36902,55.184006,0.0,0.9,0.0,-2.7708546e-13,0.0,74.51918,66.7391,66.97926,66.74498,67.20915
2018-01-01 01:24:00,0.1,0.0,66.36902,357730.44,0.0,0.0,10.400002,0.8498919,1.0,1.0,68.440834,0.0,0.0,0.0,-2.5969366e-13,-0.93968636,0.21868896,-400.25253,66.36902,55.184006,0.0,0.9,0.0,-2.769956e-13,0.0,74.53857,66.73729,66.9764,66.74365,67.20827
2018-01-01 01:25:00,0.1,0.0,66.36902,357730.44,0.0,0.0,10.414997,0.8497537,1.0,1.0,68.44323,0.0,0.0,0.0,-2.596059e-13,-0.93952453,0.21865845,-400.25253,66.36902,55.184006,0.0,0.9,0.0,-2.7690637e-13,0.0,74.55757,66.73541,66.973495,66.74228,67.20739
2018-01-01 01:26:00,0.1,0.0,66.36902,357730.44,0.0,0.0,10.429993,0.8496165,1.0,1.0,68.44554,0.0,0.0,0.0,-2.5952377e-13,-0.93936634,0.21862793,-400.25253,66.36902,55.184006,0.0,0.9,0.0,-2.7681508e-13,0.0,74.57625,66.73355,66.97058,66.740906,67.206406
2018-01-01 01:27:00,0.1,0.0,66.36902,357730.44,0.0,0.0,10.44499,0.8494771,1.0,1.0,68.44772,0.0,0.0,0.0,-2.5943646e-13,-0.939222,0.21859741,-400.25253,66.36902,55.184006,0.0,0.9,0.0,-2.767262e-13,0.0,74.59465,66.73163,66.96756,66.739426,67.20535
2018-01-01 01:28:00,0.1,0.0,66.36902,357730.44,0.0,0.0,10.459986,0.84933877,1.0,1.0,68.449814,0.0,0.0,0.0,-2.5935656e-13,-0.93906844,0.2185669,-400.25253,66.36902,55.184006,0.0,0.9,0.0,-2.7663494e-13,0.0,74.61267,66.729645,66.96454,66.737946,67.204254
2018-01-01 01:29:00,0.1,0.0,66.36897,357730.44,0.0,0.0,10.475037,0.84920055,1.0,1.0,68.45182,0.0,0.0,0.0,-2.592682e-13,-0.9389121,0.21853638,-400.25253,66.36897,55.184006,0.0,0.9,0.0,-2.7654577e-13,0.0,74.63042,66.727615,66.96146,66.736465,67.20311
2018-01-01 01:30:00,0.1,0.0,66.36897,357730.44,0.0,0.0,10.490034,0.8490634,1.0,1.0,68.4537,0.0,0.0,0.0,-2.591854e-13,-0.93875617,0.21850586,-400.25253,66.36897,55.184006,0.0,0.9,0.0,-2.7645627e-13,0.0,74.64783,66.725586,66.95833,66.73486,67.2019
2018-01-01 01:31:00,0.1,0.0,66.36897,357730.44,0.0,0.0,10.50503,0.8489252,1.0,1.0,68.455505,0.0,0.0,0.0,-2.591048e-13,-0.93860704,0.21847534,-400.25253,66.36897,55.184006,0.0,0.9,0.0,-2.7636847e-13,0.0,74.66496,66.723495,66.95514,66.73328,67.20064
2018-01-01 01:32:00,0.1,0.0,66.36897,357730.44,0.0,0.0,10.520025,0.8487857,1.0,1.0,68.45723,0.0,0.0,0.0,-2.5901777e-13,-0.9384496,0.2184143,-400.25253,66.36897,55.184006,0.0,0.9,0.0,-2.7627922e-13,0.0,74.68178,66.721405,66.95201,66.73163,67.19931
2018-01-01 01:33:00,0.1,0.0,66.36897,357730.44,0.0,0.0,10.535023,0.8486486,1.0,1.0,68.45886,0.0,0.0,0.0,-2.5893285e-13,-0.9383024,0.21838379,-400.25253,66.36897,55.184006,0.0,0.9,0.0,-2.7618733e-13,0.0,74.698364,66.71927,66.94882,66.72992,67.19794
2018-01-01 01:34:00,0.1,0.0,66.36897,357730.44,0.0,0.0,10.550018,0.8485115,1.0,1.0,68.46041,0.0,0.0,0.0,-2.588498e-13,-0.93815213,0.21835327,-400.25253,66.36897,55.184006,0.0,0.9,0.0,-2.7609878e-13,0.0,74.71462,66.71707,66.94559,66.728226,67.19652
2018-01-01 01:35:00,0.1,0.0,66.36897,357730.44,0.0,0.0,10.565016,0.8483767,1.0,1.0,68.461876,0.0,0.0,0.0,-2.5876287e-13,-0.9380052,0.21832275,-400.25253,66.36897,55.184006,0.0,0.9,0.0,-2.7600781e-13,0.0,74.73067,66.714874,66.942345,66.72646,67.19503
2018-01-01 01:36:00,0.1,0.0,66.36897,357730.44,0.0,0.0,10.580011,0.8482396,1.0,1.0,68.46328,0.0,0.0,0.0,-2.5867814e-13,-0.93784887,0.21829224,-400.25253,66.36897,55.184006,0.0,0.9,0.0,-2.759186e-13,0.0,74.74648,66.712616,66.93905,66.7247,67.19354
2018-01-01 01:37:00,0.1,0.0,66.36891,357730.44,0.0,0.0,10.595007,0.8481001,1.0,1.0,68.46458,0.0,0.0,0.0,-2.5859292e-13,-0.937701,0.21826172,-400.25253,66.36891,55.184006,0.0,0.9,0.0,-2.7583e-13,0.0,74.762024,66.71031,66.9357,66.72289,67.191956
2018-01-01 01:38:00,0.1,0.0,66.36891,357730.44,0.0,0.0,10.610004,0.8479619,1.0,1.0,68.4658,0.0,0.0,0.0,-2.5850806e-13,-0.93754697,0.21820068,-400.25253,66.36891,55.184006,0.0,0.9,0.0,-2.757395e-13,0.0,74.77736,66.70801,66.9323,66.72102,67.19031
2018-01-01 01:39:00,0.1,0.0,66.36891,357730.44,0.0,0.0,10.625,0.84782356,1.0,1.0,68.466965,0.0,0.0,0.0,-2.5842937e-13,-0.9373832,0.21817017,-400.25253,66.36891,55.184006,0.0,0.9,0.0,-2.7565157e-13,0.0,74.792404,66.7057,66.92889,66.71916,67.18866
2018-01-01 01:40:00,0.1,0.0,66.36891,357730.44,0.0,0.0,10.6399975,0.84768534,1.0,1.0,68.46803,0.0,0.0,0.0,-2.5834058e-13,-0.93723696,0.21813965,-400.25253,66.36891,55.184006,0.0,0.9,0.0,-2.755611e-13,0.0,74.807236,66.70334,66.92543,66.71724,67.186905
2018-01-01 01:41:00,0.1,0.0,66.36891,357730.44,0.0,0.0,10.654993,0.847547,1.0,1.0,68.46904,0.0,0.0,0.0,-2.5825978e-13,-0.9370798,0.21810913,-400.25253,66.36891,55.184006,0.0,0.9,0.0,-2.7547233e-13,0.0,74.82185,66.70092,66.92197,66.71532,67.18514
2018-01-01 01:42:00,0.1,0.0,66.36891,357730.44,0.0,0.0,10.669989,0.8474099,1.0,1.0,68.46997,0.0,0.0,0.0,-2.5818448e-13,-0.9369329,0.2180481,-400.25253,66.36891,55.184006,0.0,0.9,0.0,-2.7538258e-13,0.0,74.83624,66.6985,66.91845,66.71333,67.183334
2018-01-01 01:43:00,0.1,0.0,66.36891,357730.44,0.0,0.0,10.684986,0.84727514,1.0,1.0,68.47084,0.0,0.0,0.0,-2.580815e-13,-0.93677926,0.21801758,-400.25253,66.36891,55.184006,0.0,0.9,0.0,-2.752918e-13,0.0,74.85036,66.69609,66.91493,66.71136,67.18146
2018-01-01 01:44:00,0.1,0.0,66.36891,357730.44,0.0,0.0,10.700037,0.8471357,1.0,1.0,68.4716,0.0,0.0,0.0,-2.5801114e-13,-0.9366258,0.21798706,-400.25253,66.36891,55.184006,0.0,0.9,0.0,-2.7520336e-13,0.0,74.86426,66.69356,66.91131,66.70932,67.179596
2018-01-01 01:45:00,0.1,0.0,66.36886,357730.44,0.0,0.0,10.715033,0.84699744,1.0,1.0,68.47233,0.0,0.0,0.0,-2.5793096e-13,-0.9364749,0.21795654,-400.25253,66.36886,55.184006,0.0,0.9,0.0,-2.7511335e-13,0.0,74.87793,66.691086,66.90774,66.70729,67.17761
2018-01-01 01:46:00,0.1,0.0,66.36886,357730.44,0.0,0.0,10.73003,0.84685796,1.0,1.0,68.472984,0.0,0.0,0.0,-2.5784485e-13,-0.93632615,0.21792603,-400.25253,66.36886,55.184006,0.0,0.9,0.0,-2.7502702e-13,0.0,74.89139,66.68856,66.90411,66.7052,67.175644
2018-01-01 01:47:00,0.1,0.0,66.36886,357730.44,0.0,0.0,10.745026,0.84672207,1.0,1.0,68.47356,0.0,0.0,0.0,-2.5775934e-13,-0.9361766,0.21789551,-400.25253,66.36886,55.184006,0.0,0.9,0.0,-2.7493472e-13,0.0,74.904686,66.685974,66.90044,66.703064,67.17361
2018-01-01 01:48:00,0.1,0.0,66.36886,357730.44,0.0,0.0,10.760023,0.84658605,1.0,1.0,68.47406,0.0,0.0,0.0,-2.5767707e-13,-0.9360201,0.21786499,-400.25253,66.36886,55.184006,0.0,0.9,0.0,-2.7484387e-13,0.0,74.91771,66.683395,66.89675,66.70092,67.171524
2018-01-01 01:49:00,0.1,0.0,66.36886,357730.44,0.0,0.0,10.775019,0.84644663,1.0,1.0,68.474525,0.0,0.0,0.0,-2.575927e-13,-0.93587434,0.21783447,-400.25253,66.36886,55.184006,0.0,0.9,0.0,-2.7475702e-13,0.0,74.93056,66.68082,66.89302,66.69878,67.16943
2018-01-01 01:50:00,0.1,0.0,66.36886,357730.44,0.0,0.0,10.790014,0.8463107,1.0,1.0,68.4749,0.0,0.0,0.0,-2.5750566e-13,-0.93572223,0.21780396,-400.25253,66.36886,55.184006,0.0,0.9,0.0,-2.7466674e-13,0.0,74.94319,66.67818,66.88928,66.69658,67.16729
2018-01-01 01:51:00,0.1,0.0,66.36886,357730.44,0.0,0.0,10.805012,0.84617245,1.0,1.0,68.47523,0.0,0.0,0.0,-2.5742166e-13,-0.9355636,0.21774292,-400.25253,66.36886,55.184006,0.0,0.9,0.0,-2.7457878e-13,0.0,74.95566,66.67554,66.88549,66.69433,67.16509
2018-01-01 01:52:00,0.1,0.0,66.36886,357730.44,0.0,0.0,10.820007,0.84603417,1.0,1.0,68.47549,0.0,0.0,0.0,-2.5734352e-13,-0.93541163,0.2177124,-400.25253,66.36886,55.184006,0.0,0.9,0.0,-2.7448904e-13,0.0,74.96791,66.67285,66.8817,66.69213,67.16284
2018-01-01 01:53:00,0.1,0.0,66.368805,357730.44,0.0,0.0,10.835005,0.845897,1.0,1.0,68.475685,0.0,0.0,0.0,-2.5725556e-13,-0.9352622,0.21768188,-400.25253,66.368805,55.184006,0.0,0.9,0.0,-2.744011e-13,0.0,74.979996,66.67016,66.87785,66.68982,67.16058
2018-01-01 01:54:00,0.1,0.0,66.368805,357730.44,0.0,0.0,10.85,0.8457599,1.0,1.0,68.47583,0.0,0.0,0.0,-2.5717663e-13,-0.93510264,0.21765137,-400.25253,66.368805,55.184006,0.0,0.9,0.0,-2.743123e-13,0.0,74.99187,66.66741,66.87401,66.68758,67.15828
2018-01-01 01:55:00,0.1,0.0,66.368805,357730.44,0.0,0.0,10.864996,0.8456228,1.0,1.0,68.475914,0.0,0.0,0.0,-2.5709193e-13,-0.9349542,0.21762085,-400.25253,66.368805,55.184006,0.0,0.9,0.0,-2.742218e-13,0.0,75.00362,66.664665,66.87011,66.68521,67.155975
2018-01-01 01:56:00,0.1,0.0,66.368805,357730.44,0.0,0.0,10.879993,0.8454869,1.0,1.0,68.47595,0.0,0.0,0.0,-2.5700386e-13,-0.93480337,0.21759033,-400.25253,66.368805,55.184006,0.0,0.9,0.0,-2.7413307e-13,0.0,75.01515,66.66192,66.86621,66.68291,67.15356
2018-01-01 01:57:00,0.1,0.0,66.368805,357730.44,0.0,0.0,10.894989,0.8453497,1.0,1.0,68.47594,0.0,0.0,0.0,-2.569237e-13,-0.934656,0.21755981,-400.25253,66.368805,55.184006,0.0,0.9,0.0,-2.740444e-13,0.0,75.02658,66.65912,66.862305,66.68054,67.15114
2018-01-01 01:58:00,0.1,0.0,66.368805,357730.44,0.0,0.0,10.9099865,0.84521145,1.0,1.0,68.47585,0.0,0.0,0.0,-2.568435e-13,-0.9345079,0.2175293,-400.25253,66.368805,55.184006,0.0,0.9,0.0,-2.7395602e-13,0.0,75.03778,66.65631,66.85835,66.67812,67.14873
2018-01-01 01:59:00,0.1,0.0,66.368805,357730.44,0.0,0.0,10.925037,0.84507316,1.0,1.0,68.475746,0.0,0.0,0.0,-2.56758e-13,-0.93434596,0.21749878,-400.25253,66.368805,55.184006,0.0,0.9,0.0,-2.7386519e-13,0.0,75.04888,66.65352,66.8544,66.675705,67.146255
2018-01-01 02:00:00,0.1,0.0,66.368805,357730.44,0.0,0.0,10.940033,0.8449372,1.0,1.0,68.47556,0.0,0.0,0.0,-2.5666608e-13,-0.9341915,0.21746826,-400.25253,66.368805,55.184006,0.0,0.9,0.0,-2.7377804e-13,0.0,75.05975,66.65066,66.85039,66.673294,67.14372
2018-01-01 02:01:00,0.1,0.0,66.368744,357730.44,0.0,0.0,10.957996,0.844799,1.0,1.0,68.475365,0.0,0.0,0.0,-2.5659086e-13,-0.93404365,0.21740723,-400.25253,66.368744,55.184006,0.0,0.9,0.0,-2.7368865e-13,0.0,75.07058,66.6478,66.846375,66.67087,67.1412
2018-01-01 02:02:00,0.1,0.0,66.368744,357730.44,0.0,0.0,10.976013,0.84466183,1.0,1.0,68.47509,0.0,0.0,0.0,-2.565055e-13,-0.9338877,0.21737671,-400.25253,66.368744,55.184006,0.0,0.9,0.0,-2.7359874e-13,0.0,75.08118,66.64489,66.84237,66.668396,67.13861
2018-01-01 02:03:00,0.1,0.0,66.368744,357730.44,0.0,0.0,10.994032,0.8445224,1.0,1.0,68.47478,0.0,0.0,0.0,-2.564265e-13,-0.9337393,0.21734619,-400.25253,66.368744,55.184006,0.0,0.9,0.0,-2.7351125e-13,0.0,75.09173,66.64198,66.8383,66.66588,67.13603
2018-01-01 02:04:00,0.1,0.0,66.368744,357730.44,0.0,0.0,11.011993,0.8443888,1.0,1.0,68.47444,0.0,0.0,0.0,-2.563356e-13,-0.9335973,0.21731567,-400.25253,66.368744,55.184006,0.0,0.9,0.0,-2.7342175e-13,0.0,75.10211,66.63907,66.83424,66.66341,67.13339
2018-01-01 02:05:00,0.1,0.0,66.368744,357730.44,0.0,0.0,11.030012,0.8442517,1.0,1.0,68.47407,0.0,0.0,0.0,-2.5625647e-13,-0.9334369,0.21728516,-400.25253,66.368744,55.184006,0.0,0.9,0.0,-2.7333477e-13,0.0,75.11238,66.636154,66.83017,66.66087,67.13076
2018-01-01 02:06:00,0.1,0.0,66.368744,357730.44,0.0,0.0,11.048029,0.8441146,1.0,1.0,68.47365,0.0,0.0,0.0,-2.5617637e-13,-0.93328553,0.21725464,-400.25253,66.368744,55.184006,0.0,0.9,0.0,-2.7324546e-13,0.0,75.12254,66.633194,66.82611,66.658295,67.12807
2018-01-01 02:07:00,0.1,0.0,66.368744,357730.44,0.0,0.0,11.065992,0.8439786,1.0,1.0,68.47319,0.0,0.0,0.0,-2.5608045e-13,-0.93312657,0.21722412,-400.25253,66.368744,55.184006,0.0,0.9,0.0,-2.7315623e-13,0.0,75.13254,66.63028,66.82199,66.65576,67.12538
2018-01-01 02:08:00,0.1,0.0,66.368744,357730.44,0.0,0.0,11.084009,0.84383804,1.0,1.0,68.47267,0.0,0.0,0.0,-2.5601087e-13,-0.9329812,0.2171936,-400.25253,66.368744,55.184006,0.0,0.9,0.0,-2.7306686e-13,0.0,75.14238,66.62726,66.81787,66.65318,67.122635
2018-01-01 02:09:00,0.1,0.0,66.368744,357730.44,0.0,0.0,11.102026,0.8437032,1.0,1.0,68.47212,0.0,0.0,0.0,-2.5592557e-13,-0.93283296,0.21716309,-400.25253,66.368744,55.184006,0.0,0.9,0.0,-2.729771e-13,0.0,75.1521,66.62429,66.81375,66.65054,67.11989
2018-01-01 02:10:00,0.1,0.0,66.3687,357730.44,0.0,0.0,11.119989,0.8435649,1.0,1.0,68.47154,0.0,0.0,0.0,-2.5584312e-13,-0.9326825,0.21710205,-400.25253,66.3687,55.184006,0.0,0.9,0.0,-2.728893e-13,0.0,75.16171,66.62132,66.80957,66.647964,67.11714
2018-01-01 02:11:00,0.1,0.0,66.3687,357730.44,0.0,0.0,11.138006,0.84342784,1.0,1.0,68.4709,0.0,0.0,0.0,-2.5575996e-13,-0.9325259,0.21707153,-400.25253,66.3687,55.184006,0.0,0.9,0.0,-2.7280383e-13,0.0,75.17116,66.6183,66.805405,66.645325,67.114334
2018-01-01 02:12:00,0.1,0.0,66.3687,357730.44,0.0,0.0,11.156025,0.84329075,1.0,1.0,68.470245,0.0,0.0,0.0,-2.5568003e-13,-0.9323828,0.2170105,-400.25253,66.3687,55.184006,0.0,0.9,0.0,-2.7271122e-13,0.0,75.1805,66.61528,66.80122,66.64269,67.111534
2018-01-01 02:13:00,0.1,0.0,66.3687,357730.44,0.0,0.0,11.173986,0.8431513,1.0,1.0,68.46955,0.0,0.0,0.0,-2.5558893e-13,-0.93222976,0.21697998,-400.25253,66.3687,55.184006,0.0,0.9,0.0,-2.7262331e-13,0.0,75.18967,66.612206,66.79705,66.64006,67.108734
2018-01-01 02:14:00,0.1,0.0,66.3687,357730.44,0.0,0.0,11.192005,0.8430153,1.0,1.0,68.468796,0.0,0.0,0.0,-2.555167e-13,-0.93207693,0.21694946,-400.25253,66.3687,55.184006,0.0,0.9,0.0,-2.7253717e-13,0.0,75.198685,66.609184,66.79288,66.63736,67.10588
2018-01-01 02:15:00,0.1,0.0,66.3687,357730.44,0.0,0.0,11.210022,0.8428782,1.0,1.0,68.46802,0.0,0.0,0.0,-2.5543697e-13,-0.9319237,0.21691895,-400.25253,66.3687,55.184006,0.0,0.9,0.0,-2.7244778e-13,0.0,75.207634,66.60611,66.78865,66.634674,67.10302
2018-01-01 02:16:00,0.1,0.0,66.3687,357730.44,0.0,0.0,11.227985,0.84274226,1.0,1.0,68.467186,0.0,0.0,0.0,-2.5534273e-13,-0.9317706,0.21688843,-400.25253,66.3687,55.184006,0.0,0.9,0.0,-2.7235755e-13,0.0,75.21637,66.60303,66.78442,66.63198,67.10011
2018-01-01 02:17:00,0.1,0.0,66.3687,357730.44,0.0,0.0,11.246002,0.8426063,1.0,1.0,68.466324,0.0,0.0,0.0,-2.5526304e-13,-0.93161774,0.21685791,-400.25253,66.3687,55.184006,0.0,0.9,0.0,-2.7227073e-13,0.0,75.22505,66.59996,66.78018,66.629234,67.0972
2018-01-01 02:18:00,0.1,0.0,66.36864,357730.44,0.0,0.0,11.264021,0.84246916,1.0,1.0,68.46544,0.0,0.0,0.0,-2.5517454e-13,-0.93147165,0.2168274,-400.25253,66.36864,55.184006,0.0,0.9,0.0,-2.72183e-13,0.0,75.23357,66.59688,66.775955,66.62654,67.094284
2018-01-01 02:19:00,0.1,0.0,66.36864,357730.44,0.0,0.0,11.282038,0.84233326,1.0,1.0,68.46452,0.0,0.0,0.0,-2.5509266e-13,-0.9313188,0.21679688,-400.25253,66.36864,55.184006,0.0,0.9,0.0,-2.72094e-13,0.0,75.24197,66.5938,66.77173,66.623795,67.091324
2018-01-01 02:20:00,0.1,0.0,66.36864,357730.44,0.0,0.0,11.300001,0.84219617,1.0,1.0,68.46355,0.0,0.0,0.0,-2.5501343e-13,-0.931163,0.21676636,-400.25253,66.36864,55.184006,0.0,0.9,0.0,-2.7200453e-13,0.0,75.25026,66.59067,66.76744,66.620995,67.08835
2018-01-01 02:21:00,0.1,0.0,66.36864,357730.44,0.0,0.0,11.318018,0.842059,1.0,1.0,68.46254,0.0,0.0,0.0,-2.5492754e-13,-0.9310034,0.21673584,-400.25253,66.36864,55.184006,0.0,0.9,0.0,-2.7191742e-13,0.0,75.25839,66.58754,66.76315,66.61825,67.08539
2018-01-01 02:22:00,0.1,0.0,66.36864,357730.44,0.0,0.0,11.336035,0.84192425,1.0,1.0,68.4615,0.0,0.0,0.0,-2.5484343e-13,-0.93086773,0.2166748,-400.25253,66.36864,55.184006,0.0,0.9,0.0,-2.7182792e-13,0.0,75.26641,66.58441,66.75887,66.61545,67.08237
2018-01-01 02:23:00,0.1,0.0,66.36864,357730.44,0.0,0.0,11.353998,0.8417848,1.0,1.0,68.460434,0.0,0.0,0.0,-2.5476255e-13,-0.9307119,0.21664429,-400.25253,66.36864,55.184006,0.0,0.9,0.0,-2.7174015e-13,0.0,75.27432,66.58128,66.75459,66.61264,67.079346
2018-01-01 02:24:00,0.1,0.0,66.36864,357730.44,0.0,0.0,11.372015,0.8416477,1.0,1.0,68.45934,0.0,0.0,0.0,-2.546881e-13,-0.9305595,0.21661377,-400.25253,66.36864,55.184006,0.0,0.9,0.0,-2.7165404e-13,0.0,75.28212,66.57815,66.750305,66.60985,67.076324
2018-01-01 02:25:00,0.1,0.0,66.36864,357730.44,0.0,0.0,11.390034,0.8415129,1.0,1.0,68.458206,0.0,0.0,0.0,-2.5460222e-13,-0.93041295,0.21658325,-400.25253,66.36864,55.184006,0.0,0.9,0.0,-2.7156383e-13,0.0,75.28976,66.57497,66.745964,66.60704,67.0733
2018-01-01 02:26:00,0.1,0.0,66.36858,357730.44,0.0,0.0,11.407995,0.8413723,1.0,1.0,68.45704,0.0,0.0,0.0,-2.5451969e-13,-0.93026084,0.21655273,-400.25253,66.36858,55.184006,0.0,0.9,0.0,-2.7147634e-13,0.0,75.29733,66.57178,66.741684,66.60419,67.07022
2018-01-01 02:27:00,0.1,0.0,66.36858,357730.44,0.0,0.0,11.426014,0.8412387,1.0,1.0,68.45583,0.0,0.0,0.0,-2.544319e-13,-0.9301135,0.21652222,-400.25253,66.36858,55.184006,0.0,0.9,0.0,-2.7138887e-13,0.0,75.30475,66.56859,66.737335,66.60133,67.067154
2018-01-01 02:28:00,0.1,0.0,66.36858,357730.44,0.0,0.0,11.444031,0.8411015,1.0,1.0,68.45459,0.0,0.0,0.0,-2.5435069e-13,-0.9299582,0.2164917,-400.25253,66.36858,55.184006,0.0,0.9,0.0,-2.713001e-13,0.0,75.31206,66.5654,66.733,66.59847,67.06402
2018-01-01 02:29:00,0.1,0.0,66.36858,357730.44,0.0,0.0,11.461994,0.8409656,1.0,1.0,68.453354,0.0,0.0,0.0,-2.542727e-13,-0.9298068,0.21646118,-400.25253,66.36858,55.184006,0.0,0.9,0.0,-2.712107e-13,0.0,75.319305,66.56222,66.72866,66.59561,67.06094
2018-01-01 02:30:00,0.1,0.0,66.36858,357730.44,0.0,0.0,11.480011,0.84082854,1.0,1.0,68.452065,0.0,0.0,0.0,-2.5418497e-13,-0.92965937,0.21643066,-400.25253,66.36858,55.184006,0.0,0.9,0.0,-2.7112205e-13,0.0,75.3264,66.55904,66.72432,66.59276,67.057816
2018-01-01 02:31:00,0.1,0.0,66.36858,357730.44,0.0,0.0,11.49803,0.8406937,1.0,1.0,68.450745,0.0,0.0,0.0,-2.5410018e-13,-0.9295043,0.21640015,-400.25253,66.36858,55.184006,0.0,0.9,0.0,-2.7103753e-13,0.0,75.33343,66.55585,66.719925,66.58984,67.05468
2018-01-01 02:32:00,0.1,0.0,66.36858,357730.44,0.0,0.0,11.515991,0.8405566,1.0,1.0,68.44939,0.0,0.0,0.0,-2.5402166e-13,-0.9293568,0.21636963,-400.25253,66.36858,55.184006,0.0,0.9,0.0,-2.7094795e-13,0.0,75.340294,66.552605,66.71559,66.58694,67.0515
2018-01-01 02:33:00,0.1,0.0,66.36858,357730.44,0.0,0.0,11.53401,0.8404183,1.0,1.0,68.44802,0.0,0.0,0.0,-2.5394652e-13,-0.92920303,0.2163086,-400.25253,66.36858,55.184006,0.0,0.9,0.0,-2.708585e-13,0.0,75.34711,66.54936,66.71124,66.58403,67.04836
2018-01-01 02:34:00,0.1,0.0,66.36853,357730.44,0.0,0.0,11.552027,0.8402812,1.0,1.0,68.44662,0.0,0.0,0.0,-2.5385602e-13,-0.92904925,0.21627808,-400.25253,66.36853,55.184006,0.0,0.9,0.0,-2.7077147e-13,0.0,75.353806,66.54613,66.70685,66.581116,67.04518
2018-01-01 02:35:00,0.1,0.0,66.36853,357730.44,0.0,0.0,11.56999,0.84014404,1.0,1.0,68.44518,0.0,0.0,0.0,-2.5377465e-13,-0.92889446,0.21624756,-400.25253,66.36853,55.184006,0.0,0.9,0.0,-2.7068422e-13,0.0,75.3604,66.54288,66.70245,66.5782,67.04199
2018-01-01 02:36:00,0.1,0.0,66.36853,357730.44,0.0,0.0,11.588007,0.8400128,1.0,1.0,68.44371,0.0,0.0,0.0,-2.5368992e-13,-0.9287504,0.21621704,-400.25253,66.36853,55.184006,0.0,0.9,0.0,-2.705959e-13,0.0,75.36688,66.53964,66.69806,66.57524,67.03875
2018-01-01 02:37:00,0.1,0.0,66.36853,357730.44,0.0,0.0,11.606024,0.8398734,1.0,1.0,68.44224,0.0,0.0,0.0,-2.5361158e-13,-0.92859566,0.21618652,-400.25253,66.36853,55.184006,0.0,0.9,0.0,-2.7050863e-13,0.0,75.37331,66.5364,66.693665,66.572266,67.03557
2018-01-01 02:38:00,0.1,0.0,66.36853,357730.44,0.0,0.0,11.623987,0.8397362,1.0,1.0,68.440735,0.0,0.0,0.0,-2.5352493e-13,-0.9284584,0.216156,-400.25253,66.36853,55.184006,0.0,0.9,0.0,-2.704188e-13,0.0,75.37962,66.53316,66.68927,66.569305,67.03232
2018-01-01 02:39:00,0.1,0.0,66.36853,357730.44,0.0,0.0,11.642004,0.83960027,1.0,1.0,68.43921,0.0,0.0,0.0,-2.534471e-13,-0.92829466,0.21612549,-400.25253,66.36853,55.184006,0.0,0.9,0.0,-2.7033223e-13,0.0,75.38589,66.52986,66.684875,66.56634,67.02908
2018-01-01 02:40:00,0.1,0.0,66.36853,357730.44,0.0,0.0,11.660023,0.8394631,1.0,1.0,68.43767,0.0,0.0,0.0,-2.533694e-13,-0.9281493,0.21609497,-400.25253,66.36853,55.184006,0.0,0.9,0.0,-2.7024563e-13,0.0,75.39198,66.52663,66.68048,66.56337,67.02584
2018-01-01 02:41:00,0.1,0.0,66.36853,357730.44,0.0,0.0,11.677984,0.8393307,1.0,1.0,68.43609,0.0,0.0,0.0,-2.53274e-13,-0.92798644,0.21603394,-400.25253,66.36853,55.184006,0.0,0.9,0.0,-2.7015833e-13,0.0,75.39809,66.52333,66.67609,66.56041,67.022545
2018-01-01 02:42:00,0.1,0.0,66.36853,357730.44,0.0,0.0,11.696003,0.83919245,1.0,1.0,68.43447,0.0,0.0,0.0,-2.5319357e-13,-0.9278548,0.21600342,-400.25253,66.36853,55.184006,0.0,0.9,0.0,-2.7006937e-13,0.0,75.404015,66.520035,66.671646,66.55739,67.0193
2018-01-01 02:43:00,0.1,0.0,66.36847,357730.44,0.0,0.0,11.71402,0.8390553,1.0,1.0,68.43286,0.0,0.0,0.0,-2.5310976e-13,-0.92768836,0.21594238,-400.25253,66.36847,55.184006,0.0,0.9,0.0,-2.6998198e-13,0.0,75.40994,66.51674,66.66725,66.55437,67.01601
2018-01-01 02:44:00,0.1,0.0,66.36847,357730.44,0.0,0.0,11.7320385,0.838917,1.0,1.0,68.4312,0.0,0.0,0.0,-2.5303823e-13,-0.9275426,0.21591187,-400.25253,66.36847,55.184006,0.0,0.9,0.0,-2.6989454e-13,0.0,75.41571,66.51344,66.662796,66.551346,67.01271
2018-01-01 02:45:00,0.1,0.0,66.36847,357730.44,0.0,0.0,11.75,0.83878344,1.0,1.0,68.42954,0.0,0.0,0.0,-2.5295448e-13,-0.927392,0.21588135,-400.25253,66.36847,55.184006,0.0,0.9,0.0,-2.698057e-13,0.0,75.42143,66.51015,66.6584,66.548325,67.009415
2018-01-01 02:46:00,0.1,0.0,66.36847,357730.44,0.0,0.0,11.768019,0.8386486,1.0,1.0,68.42784,0.0,0.0,0.0,-2.528706e-13,-0.927244,0.21585083,-400.25253,66.36847,55.184006,0.0,0.9,0.0,-2.6971781e-13,0.0,75.42703,66.50685,66.65395,66.5453,67.006065
2018-01-01 02:47:00,0.1,0.0,66.36847,357730.44,0.0,0.0,11.786036,0.83851033,1.0,1.0,68.42613,0.0,0.0,0.0,-2.527871e-13,-0.9270894,0.21582031,-400.25253,66.36847,55.184006,0.0,0.9,0.0,-2.696298e-13,0.0,75.43258,66.503555,66.649506,66.54228,67.002716
2018-01-01 02:48:00,0.1,0.0,66.36847,357730.44,0.0,0.0,11.803999,0.8383732,1.0,1.0,68.42439,0.0,0.0,0.0,-2.5271357e-13,-0.9269417,0.2157898,-400.25253,66.36847,55.184006,0.0,0.9,0.0,-2.6954437e-13,0.0,75.43807,66.5002,66.64511,66.5392,66.99942
2018-01-01 02:49:00,0.1,0.0,66.36847,357730.44,0.0,0.0,11.822016,0.8382384,1.0,1.0,68.42265,0.0,0.0,0.0,-2.5263138e-13,-0.92678696,0.21575928,-400.25253,66.36847,55.184006,0.0,0.9,0.0,-2.6945563e-13,0.0,75.44345,66.4969,66.640656,66.53618,66.99606
2018-01-01 02:50:00,0.1,0.0,66.36847,357730.44,0.0,0.0,11.840033,0.83810484,1.0,1.0,68.42086,0.0,0.0,0.0,-2.5253822e-13,-0.92664266,0.21572876,-400.25253,66.36847,55.184006,0.0,0.9,0.0,-2.693692e-13,0.0,75.44873,66.49355,66.636215,66.533104,66.99272
2018-01-01 02:51:00,0.1,0.0,66.36842,357730.44,0.0,0.0,11.857996,0.8379665,1.0,1.0,68.41905,0.0,0.0,0.0,-2.5246377e-13,-0.92649484,0.21569824,-400.25253,66.36842,55.184006,0.0,0.9,0.0,-2.6928083e-13,0.0,75.45395,66.490204,66.63176,66.53003,66.98931
2018-01-01 02:52:00,0.1,0.0,66.36842,357730.44,0.0,0.0,11.876013,0.8378271,1.0,1.0,68.41725,0.0,0.0,0.0,-2.5237676e-13,-0.92633945,0.21566772,-400.25253,66.36842,55.184006,0.0,0.9,0.0,-2.691925e-13,0.0,75.45911,66.48691,66.62731,66.52695,66.98596
2018-01-01 02:53:00,0.1,0.0,66.36842,357730.44,0.0,0.0,11.894032,0.83769226,1.0,1.0,68.415405,0.0,0.0,0.0,-2.52298e-13,-0.9261944,0.2156372,-400.25253,66.36842,55.184006,0.0,0.9,0.0,-2.691058e-13,0.0,75.464165,66.48355,66.62286,66.52388,66.98256
2018-01-01 02:54:00,0.1,0.0,66.36842,357730.44,0.0,0.0,11.911993,0.8375587,1.0,1.0,68.41355,0.0,0.0,0.0,-2.522138e-13,-0.92603165,0.21557617,-400.25253,66.36842,55.184006,0.0,0.9,0.0,-2.6902005e-13,0.0,75.46916,66.48021,66.61841,66.5208,66.9792
2018-01-01 02:55:00,0.1,0.0,66.36842,357730.44,0.0,0.0,11.930012,0.8374216,1.0,1.0,68.41167,0.0,0.0,0.0,-2.5212674e-13,-0.92588574,0.21554565,-400.25253,66.36842,55.184006,0.0,0.9,0.0,-2.6893283e-13,0.0,75.47405,66.47685,66.61397,66.51767,66.9758
2018-01-01 02:56:00,0.1,0.0,66.36842,357730.44,0.0,0.0,11.948029,0.8372856,1.0,1.0,68.409775,0.0,0.0,0.0,-2.5205372e-13,-0.92573386,0.21551514,-400.25253,66.36842,55.184006,0.0,0.9,0.0,-2.68845e-13,0.0,75.47888,66.4735,66.60951,66.51459,66.9724
2018-01-01 02:57:00,0.1,0.0,66.36842,357730.44,0.0,0.0,11.965992,0.8371497,1.0,1.0,68.407875,0.0,0.0,0.0,-2.5196818e-13,-0.92558604,0.21548462,-400.25253,66.36842,55.184006,0.0,0.9,0.0,-2.6875727e-13,0.0,75.483665,66.47015,66.605064,66.51146,66.96899
2018-01-01 02:58:00,0.1,0.0,66.36842,357730.44,0.0,0.0,11.984009,0.8370137,1.0,1.0,68.40591,0.0,0.0,0.0,-2.5188627e-13,-0.9254312,0.2154541,-400.25253,66.36842,55.184006,0.0,0.9,0.0,-2.6866947e-13,0.0,75.488335,66.4668,66.600555,66.50833,66.96553
2018-01-01 02:59:00,0.1,0.0,66.36836,357730.44,0.0,0.0,12.0020275,0.8368766,1.0,1.0,68.40396,0.0,0.0,0.0,-2.5180438e-13,-0.9252871,0.21542358,-400.25253,66.36836,55.184006,0.0,0.9,0.0,-2.685817e-13,0.0,75.49295,66.463394,66.596115,66.5052,66.96212
2018-01-01 03:00:00,0.1,0.0,66.36836,357730.44,0.0,0.0,12.019989,0.8367418,1.0,1.0,68.40198,0.0,0.0,0.0,-2.5172017e-13,-0.9251268,0.21539307,-400.25253,66.36836,55.184006,0.0,0.9,0.0,-2.684963e-13,0.0,75.49745,66.460045,66.59166,66.50207,66.958664
2018-01-01 03:01:00,0.1,0.0,66.36836,357730.44,0.0,0.0,12.019989,0.83660465,1.0,1.0,68.40001,0.0,0.0,0.0,-2.5163582e-13,-0.924991,0.21536255,-400.25253,66.36836,55.184006,0.0,0.9,0.0,-2.6840737e-13,0.0,75.50195,66.456696,66.58721,66.49893,66.95525
2018-01-01 03:02:00,0.1,0.0,66.36836,357730.44,0.0,0.0,12.019989,0.83646876,1.0,1.0,68.39797,0.0,0.0,0.0,-2.5156255e-13,-0.92482424,0.21533203,-400.25253,66.36836,55.184006,0.0,0.9,0.0,-2.683223e-13,0.0,75.50635,66.45329,66.5827,66.495804,66.95174
2018-01-01 03:03:00,0.1,0.0,66.36836,357730.44,0.0,0.0,12.019989,0.836334,1.0,1.0,68.39593,0.0,0.0,0.0,-2.5148002e-13,-0.9246898,0.21530151,-400.25253,66.36836,55.184006,0.0,0.9,0.0,-2.682329e-13,0.0,75.5107,66.44988,66.5782,66.492615,66.94827
2018-01-01 03:04:00,0.1,0.0,66.36836,357730.44,0.0,0.0,12.019989,0.836198,1.0,1.0,68.393875,0.0,0.0,0.0,-2.5139472e-13,-0.9245329,0.215271,-400.25253,66.36836,55.184006,0.0,0.9,0.0,-2.6814735e-13,0.0,75.51498,66.44647,66.5737,66.48943,66.94476
2018-01-01 03:05:00,0.1,0.0,66.36836,357730.44,0.0,0.0,12.019989,0.8360632,1.0,1.0,68.39176,0.0,0.0,0.0,-2.5131234e-13,-0.92438275,0.21524048,-400.25253,66.36836,55.184006,0.0,0.9,0.0,-2.6805855e-13,0.0,75.51915,66.443016,66.5692,66.48625,66.94119
2018-01-01 03:06:00,0.1,0.0,66.36836,357730.44,0.0,0.0,12.019989,0.8359261,1.0,1.0,68.38962,0.0,0.0,0.0,-2.512293e-13,-0.9242321,0.21517944,-400.25253,66.36836,55.184006,0.0,0.9,0.0,-2.6797393e-13,0.0,75.52327,66.43956,66.56464,66.483,66.93762
2018-01-01 03:07:00,0.1,0.0,66.36836,357730.44,0.0,0.0,12.019989,0.83578783,1.0,1.0,68.38746,0.0,0.0,0.0,-2.5115554e-13,-0.9240843,0.21514893,-400.25253,66.36836,55.184006,0.0,0.9,0.0,-2.6788587e-13,0.0,75.527336,66.4361,66.560074,66.47977,66.93399
2018-01-01 03:08:00,0.1,0.0,66.36831,357730.44,0.0,0.0,12.019989,0.8356542,1.0,1.0,68.38527,0.0,0.0,0.0,-2.510768e-13,-0.9239401,0.21511841,-400.25253,66.36831,55.184006,0.0,0.9,0.0,-2.6779935e-13,0.0,75.53134,66.43263,66.555466,66.476524,66.930374
2018-01-01 03:09:00,0.1,0.0,66.36831,357730.44,0.0,0.0,12.019989,0.83551824,1.0,1.0,68.38306,0.0,0.0,0.0,-2.509895e-13,-0.9237799,0.21508789,-400.25253,66.36831,55.184006,0.0,0.9,0.0,-2.6771125e-13,0.0,75.5353,66.42912,66.5509,66.47323,66.92674
2018-01-01 03:10:00,0.1,0.0,66.36831,357730.44,0.0,0.0,12.019989,0.83538574,1.0,1.0,68.38083,0.0,0.0,0.0,-2.5089888e-13,-0.9236385,0.21505737,-400.25253,66.36831,55.184006,0.0,0.9,0.0,-2.6762384e-13,0.0,75.5392,66.4256,66.54629,66.469986,66.923065
2018-01-01 03:11:00,0.1,0.0,66.36831,357730.44,0.0,0.0,12.019989,0.835251,1.0,1.0,68.37854,0.0,0.0,0.0,-2.508291e-13,-0.92348474,0.21502686,-400.25253,66.36831,55.184006,0.0,0.9,0.0,-2.675378e-13,0.0,75.54299,66.42209,66.54162,66.46664,66.91933
2018-01-01 03:12:00,0.1,0.0,66.36831,357730.44,0.0,0.0,12.019989,0.83511156,1.0,1.0,68.37624,0.0,0.0,0.0,-2.5074734e-13,-0.9233288,0.21499634,-400.25253,66.36831,55.184006,0.0,0.9,0.0,-2.674525e-13,0.0,75.54678,66.41852,66.537,66.46334,66.91559
2018-01-01 03:13:00,0.1,0.0,66.36831,357730.44,0.0,0.0,12.019989,0.8349768,1.0,1.0,68.37392,0.0,0.0,0.0,-2.506594e-13,-0.92318314,0.2149353,-400.25253,66.36831,55.184006,0.0,0.9,0.0,-2.6736407e-13,0.0,75.55046,66.41495,66.53233,66.45999,66.91186
2018-01-01 03:14:00,0.1,0.0,66.36831,357730.44,0.0,0.0,12.019989,0.83484197,1.0,1.0,68.37157,0.0,0.0,0.0,-2.5057343e-13,-0.9230345,0.21490479,-400.25253,66.36831,55.184006,0.0,0.9,0.0,-2.6727963e-13,0.0,75.55409,66.41138,66.527664,66.456635,66.908066
2018-01-01 03:15:00,0.1,0.0,66.36831,357730.44,0.0,0.0,12.019989,0.834706,1.0,1.0,68.36918,0.0,0.0,0.0,-2.505013e-13,-0.92288893,0.21487427,-400.25253,66.36831,55.184006,0.0,0.9,0.0,-2.6718861e-13,0.0,75.55766,66.407745,66.52294,66.45329,66.90422
2018-01-01 03:16:00,0.1,0.0,66.368256,357730.44,0.0,0.0,12.019989,0.83457124,1.0,1.0,68.366776,0.0,0.0,0.0,-2.5041725e-13,-0.9227407,0.21484375,-400.25253,66.368256,55.184006,0.0,0.9,0.0,-2.6710242e-13,0.0,75.56123,66.40413,66.51822,66.44988,66.900375
2018-01-01 03:17:00,0.1,0.0,66.368256,357730.44,0.0,0.0,12.019989,0.8344341,1.0,1.0,68.36434,0.0,0.0,0.0,-2.5034223e-13,-0.9225799,0.21478271,-400.25253,66.368256,55.184006,0.0,0.9,0.0,-2.6701834e-13,0.0,75.56469,66.4005,66.51349,66.44653,66.89653
2018-01-01 03:18:00,0.1,0.0,66.368256,357730.44,0.0,0.0,12.019989,0.834297,1.0,1.0,68.36189,0.0,0.0,0.0,-2.5025557e-13,-0.92243725,0.2147522,-400.25253,66.368256,55.184006,0.0,0.9,0.0,-2.669306e-13,0.0,75.5681,66.39687,66.50877,66.44307,66.89263
2018-01-01 03:19:00,0.1,0.0,66.368256,357730.44,0.0,0.0,12.019989,0.83416224,1.0,1.0,68.359406,0.0,0.0,0.0,-2.5018114e-13,-0.9222806,0.21472168,-400.25253,66.368256,55.184006,0.0,0.9,0.0,-2.6684533e-13,0.0,75.57144,66.39319,66.50399,66.43967,66.88873
2018-01-01 03:20:00,0.1,0.0,66.368256,357730.44,0.0,0.0,12.019989,0.83402854,1.0,1.0,68.35689,0.0,0.0,0.0,-2.500923e-13,-0.92214113,0.21469116,-400.25253,66.368256,55.184006,0.0,0.9,0.0,-2.667554e-13,0.0,75.57474,66.38951,66.49921,66.4362,66.88478
2018-01-01 03:21:00,0.1,0.0,66.368256,357730.44,0.0,0.0,12.019989,0.83389264,1.0,1.0,68.35436,0.0,0.0,0.0,-2.5001867e-13,-0.9219809,0.21466064,-400.25253,66.368256,55.184006,0.0,0.9,0.0,-2.666705e-13,0.0,75.57799,66.38583,66.49443,66.43274,66.88082
2018-01-01 03:22:00,0.1,0.0,66.368256,357730.44,0.0,0.0,12.019989,0.8337567,1.0,1.0,68.35182,0.0,0.0,0.0,-2.499317e-13,-0.9218348,0.21463013,-400.25253,66.368256,55.184006,0.0,0.9,0.0,-2.665829e-13,0.0,75.58122,66.382095,66.489655,66.42928,66.87686
2018-01-01 03:23:00,0.1,0.0,66.368256,357730.44,0.0,0.0,12.019989,0.83362186,1.0,1.0,68.34924,0.0,0.0,0.0,-2.498493e-13,-0.9216852,0.21459961,-400.25253,66.368256,55.184006,0.0,0.9,0.0,-2.6649706e-13,0.0,75.58435,66.37836,66.48482,66.42583,66.872856
2018-01-01 03:24:00,0.1,0.0,66.368195,357730.44,0.0,0.0,12.019989,0.83348477,1.0,1.0,68.346634,0.0,0.0,0.0,-2.497704e-13,-0.92153466,0.21456909,-400.25253,66.368195,55.184006,0.0,0.9,0.0,-2.6641138e-13,0.0,75.58743,66.374626,66.47998,66.4223,66.86879
2018-01-01 03:25:00,0.1,0.0,66.368195,357730.44,0.0,0.0,12.019989,0.8333489,1.0,1.0,68.344025,0.0,0.0,0.0,-2.4968913e-13,-0.9213884,0.21453857,-400.25253,66.368195,55.184006,0.0,0.9,0.0,-2.663238e-13,0.0,75.59051,66.370895,66.47515,66.41879,66.86478
2018-01-01 03:26:00,0.1,0.0,66.368195,357730.44,0.0,0.0,12.019989,0.83321637,1.0,1.0,68.34135,0.0,0.0,0.0,-2.4960418e-13,-0.92123646,0.21450806,-400.25253,66.368195,55.184006,0.0,0.9,0.0,-2.662384e-13,0.0,75.593475,66.367096,66.47026,66.41522,66.86066
2018-01-01 03:27:00,0.1,0.0,66.368195,357730.44,0.0,0.0,12.019989,0.8330781,1.0,1.0,68.338684,0.0,0.0,0.0,-2.4952783e-13,-0.92108446,0.21447754,-400.25253,66.368195,55.184006,0.0,0.9,0.0,-2.6615217e-13,0.0,75.596436,66.36331,66.46538,66.411705,66.8566
2018-01-01 03:28:00,0.1,0.0,66.368195,357730.44,0.0,0.0,12.019989,0.83294564,1.0,1.0,68.33599,0.0,0.0,0.0,-2.4943583e-13,-0.92093974,0.21444702,-400.25253,66.368195,55.184006,0.0,0.9,0.0,-2.6606327e-13,0.0,75.59935,66.35952,66.46048,66.408134,66.85248
2018-01-01 03:29:00,0.1,0.0,66.368195,357730.44,0.0,0.0,12.019989,0.83280736,1.0,1.0,68.33327,0.0,0.0,0.0,-2.4936417e-13,-0.9207815,0.21438599,-400.25253,66.368195,55.184006,0.0,0.9,0.0,-2.6597995e-13,0.0,75.6022,66.355675,66.4556,66.404564,66.8483
2018-01-01 03:30:00,0.1,0.0,66.368195,357730.44,0.0,0.0,12.019989,0.83267605,1.0,1.0,68.33052,0.0,0.0,0.0,-2.4928036e-13,-0.9206361,0.21435547,-400.25253,66.368195,55.184006,0.0,0.9,0.0,-2.6589261e-13,0.0,75.60501,66.35188,66.45065,66.40094,66.84413
2018-01-01 03:31:00,0.1,0.0,66.368195,357730.44,0.0,0.0,12.019989,0.8325413,1.0,1.0,68.32776,0.0,0.0,0.0,-2.491982e-13,-0.9204974,0.21432495,-400.25253,66.368195,55.184006,0.0,0.9,0.0,-2.658073e-13,0.0,75.60776,66.34804,66.44571,66.39731,66.83995
2018-01-01 03:32:00,0.1,0.0,66.368195,357730.44,0.0,0.0,12.019989,0.83240294,1.0,1.0,68.32497,0.0,0.0,0.0,-2.4912461e-13,-0.9203371,0.21429443,-400.25253,66.368195,55.184006,0.0,0.9,0.0,-2.6571906e-13,0.0,75.61044,66.34414,66.440765,66.39374,66.835724
2018-01-01 03:33:00,0.1,0.0,66.36815,357730.44,0.0,0.0,12.019989,0.8322682,1.0,1.0,68.32216,0.0,0.0,0.0,-2.490459e-13,-0.92019415,0.21426392,-400.25253,66.36815,55.184006,0.0,0.9,0.0,-2.6563417e-13,0.0,75.613144,66.340294,66.43582,66.39006,66.8315
2018-01-01 03:34:00,0.1,0.0,66.36815,357730.44,0.0,0.0,12.019989,0.83213454,1.0,1.0,68.31933,0.0,0.0,0.0,-2.4895895e-13,-0.9200403,0.2142334,-400.25253,66.36815,55.184006,0.0,0.9,0.0,-2.6554762e-13,0.0,75.615776,66.336395,66.43082,66.38644,66.82721
2018-01-01 03:35:00,0.1,0.0,66.36815,357730.44,0.0,0.0,12.019989,0.83199626,1.0,1.0,68.31647,0.0,0.0,0.0,-2.4887587e-13,-0.91989774,0.21420288,-400.25253,66.36815,55.184006,0.0,0.9,0.0,-2.6546113e-13,0.0,75.61836,66.33249,66.42583,66.38275,66.82292
2018-01-01 03:36:00,0.1,0.0,66.36815,357730.44,0.0,0.0,12.019989,0.8318627,1.0,1.0,68.31359,0.0,0.0,0.0,-2.4879892e-13,-0.91974235,0.21417236,-400.25253,66.36815,55.184006,0.0,0.9,0.0,-2.653754e-13,0.0,75.62088,66.32854,66.42082,66.379074,66.818634
2018-01-01 03:37:00,0.1,0.0,66.36815,357730.44,0.0,0.0,12.019989,0.83172786,1.0,1.0,68.310715,0.0,0.0,0.0,-2.4871563e-13,-0.91959757,0.21414185,-400.25253,66.36815,55.184006,0.0,0.9,0.0,-2.652888e-13,0.0,75.62341,66.32464,66.415825,66.3754,66.8143
2018-01-01 03:38:00,0.1,0.0,66.36815,357730.44,0.0,0.0,12.019989,0.8315919,1.0,1.0,68.307785,0.0,0.0,0.0,-2.4863783e-13,-0.9194387,0.21411133,-400.25253,66.36815,55.184006,0.0,0.9,0.0,-2.6520214e-13,0.0,75.625824,66.32068,66.41077,66.37166,66.80996
2018-01-01 03:39:00,0.1,0.0,66.36815,357730.44,0.0,0.0,12.019989,0.83145833,1.0,1.0,68.30486,0.0,0.0,0.0,-2.4855083e-13,-0.9192937,0.21408081,-400.25253,66.36815,55.184006,0.0,0.9,0.0,-2.6511608e-13,0.0,75.62825,66.31673,66.40578,66.36798,66.805565
2018-01-01 03:40:00,0.1,0.0,66.36815,357730.44,0.0,0.0,12.019989,0.8313212,1.0,1.0,68.301895,0.0,0.0,0.0,-2.4847515e-13,-0.9191382,0.2140503,-400.25253,66.36815,55.184006,0.0,0.9,0.0,-2.6503067e-13,0.0,75.63061,66.31271,66.40072,66.36424,66.80117
2018-01-01 03:41:00,0.1,0.0,66.36809,357730.44,0.0,0.0,12.019989,0.8311899,1.0,1.0,68.29893,0.0,0.0,0.0,-2.4839573e-13,-0.91899264,0.21398926,-400.25253,66.36809,55.184006,0.0,0.9,0.0,-2.6494364e-13,0.0,75.632965,66.30876,66.395615,66.360504,66.796776
2018-01-01 03:42:00,0.1,0.0,66.36809,357730.44,0.0,0.0,12.019989,0.8310528,1.0,1.0,68.29593,0.0,0.0,0.0,-2.4830694e-13,-0.9188433,0.21395874,-400.25253,66.36809,55.184006,0.0,0.9,0.0,-2.6486175e-13,0.0,75.63528,66.30475,66.39056,66.35672,66.79233
2018-01-01 03:43:00,0.1,0.0,66.36809,357730.44,0.0,0.0,12.019989,0.83091563,1.0,1.0,68.2929,0.0,0.0,0.0,-2.4823928e-13,-0.91869354,0.21392822,-400.25253,66.36809,55.184006,0.0,0.9,0.0,-2.6477355e-13,0.0,75.63753,66.30074,66.38545,66.35293,66.78787
2018-01-01 03:44:00,0.1,0.0,66.36809,357730.44,0.0,0.0,12.019989,0.8307832,1.0,1.0,68.28988,0.0,0.0,0.0,-2.481479e-13,-0.91855127,0.2138977,-400.25253,66.36809,55.184006,0.0,0.9,0.0,-2.6468693e-13,0.0,75.639725,66.29668,66.38034,66.3492,66.78343
2018-01-01 03:45:00,0.1,0.0,66.36809,357730.44,0.0,0.0,12.019989,0.83064723,1.0,1.0,68.28682,0.0,0.0,0.0,-2.4807736e-13,-0.9183952,0.21383667,-400.25253,66.36809,55.184006,0.0,0.9,0.0,-2.6460198e-13,0.0,75.64192,66.29266,66.37523,66.34535,66.77892
2018-01-01 03:46:00,0.1,0.0,66.36809,357730.44,0.0,0.0,12.019989,0.8305113,1.0,1.0,68.28375,0.0,0.0,0.0,-2.4799043e-13,-0.9182508,0.21380615,-400.25253,66.36809,55.184006,0.0,0.9,0.0,-2.6451473e-13,0.0,75.644066,66.288605,66.37012,66.34155,66.774414
2018-01-01 03:47:00,0.1,0.0,66.36809,357730.44,0.0,0.0,12.019989,0.83037996,1.0,1.0,68.280655,0.0,0.0,0.0,-2.4790708e-13,-0.91809684,0.21377563,-400.25253,66.36809,55.184006,0.0,0.9,0.0,-2.644301e-13,0.0,75.64621,66.28454,66.36496,66.33771,66.76986
2018-01-01 03:48:00,0.1,0.0,66.36809,357730.44,0.0,0.0,12.019989,0.83024174,1.0,1.0,68.27753,0.0,0.0,0.0,-2.4782972e-13,-0.91794956,0.21374512,-400.25253,66.36809,55.184006,0.0,0.9,0.0,-2.643438e-13,0.0,75.64824,66.28042,66.359795,66.33386,66.765305
2018-01-01 03:49:00,0.1,0.0,66.36809,357730.44,0.0,0.0,12.019989,0.83010805,1.0,1.0,68.2744,0.0,0.0,0.0,-2.4774697e-13,-0.91779226,0.2137146,-400.25253,66.36809,55.184006,0.0,0.9,0.0,-2.642581e-13,0.0,75.65027,66.27635,66.35463,66.33002,66.76074
2018-01-01 03:50:00,0.1,0.0,66.368034,357730.44,0.0,0.0,12.019989,0.8299745,1.0,1.0,68.271255,0.0,0.0,0.0,-2.476611e-13,-0.9176528,0.21368408,-400.25253,66.368034,55.184006,0.0,0.9,0.0,-2.6417215e-13,0.0,75.652306,66.27223,66.34947,66.32617,66.75613
2018-01-01 03:51:00,0.1,0.0,66.368034,357730.44,0.0,0.0,12.019989,0.82983965,1.0,1.0,68.26809,0.0,0.0,0.0,-2.4758337e-13,-0.91750586,0.21365356,-400.25253,66.368034,55.184006,0.0,0.9,0.0,-2.640855e-13,0.0,75.65428,66.26811,66.34425,66.32228,66.75151
2018-01-01 03:52:00,0.1,0.0,66.368034,357730.44,0.0,0.0,12.019989,0.829706,1.0,1.0,68.264915,0.0,0.0,0.0,-2.475051e-13,-0.9173491,0.21362305,-400.25253,66.368034,55.184006,0.0,0.9,0.0,-2.6400152e-13,0.0,75.656204,66.26399,66.33908,66.318436,66.7469
2018-01-01 03:53:00,0.1,0.0,66.368034,357730.44,0.0,0.0,12.019989,0.82957006,1.0,1.0,68.26172,0.0,0.0,0.0,-2.4741965e-13,-0.9172029,0.21359253,-400.25253,66.368034,55.184006,0.0,0.9,0.0,-2.6391584e-13,0.0,75.65813,66.25982,66.33386,66.31453,66.74223
2018-01-01 03:54:00,0.1,0.0,66.368034,357730.44,0.0,0.0,12.019989,0.82943296,1.0,1.0,68.258484,0.0,0.0,0.0,-2.4735305e-13,-0.9170534,0.2135315,-400.25253,66.368034,55.184006,0.0,0.9,0.0,-2.638302e-13,0.0,75.659996,66.255646,66.32864,66.31058,66.737564
2018-01-01 03:55:00,0.1,0.0,66.368034,357730.44,0.0,0.0,12.019989,0.82929814,1.0,1.0,68.25525,0.0,0.0,0.0,-2.4726854e-13,-0.91690403,0.21350098,-400.25253,66.368034,55.184006,0.0,0.9,0.0,-2.6374478e-13,0.0,75.661804,66.251465,66.32338,66.30667,66.732895
2018-01-01 03:56:00,0.1,0.0,66.368034,357730.44,0.0,0.0,12.019989,0.82916456,1.0,1.0,68.25199,0.0,0.0,0.0,-2.4718958e-13,-0.9167601,0.21347046,-400.25253,66.368034,55.184006,0.0,0.9,0.0,-2.6365696e-13,0.0,75.66362,66.2473,66.31816,66.30272,66.728165
2018-01-01 03:57:00,0.1,0.0,66.368034,357730.44,0.0,0.0,12.019989,0.8290275,1.0,1.0,68.2487,0.0,0.0,0.0,-2.4711282e-13,-0.91660815,0.21343994,-400.25253,66.368034,55.184006,0.0,0.9,0.0,-2.6357142e-13,0.0,75.665375,66.243065,66.31288,66.29877,66.72344
2018-01-01 03:58:00,0.1,0.0,66.368034,357730.44,0.0,0.0,12.019989,0.828895,1.0,1.0,68.24544,0.0,0.0,0.0,-2.4702479e-13,-0.9164606,0.21340942,-400.25253,66.368034,55.184006,0.0,0.9,0.0,-2.6348593e-13,0.0,75.66714,66.23889,66.30761,66.294815,66.71872
2018-01-01 03:59:00,0.1,0.0,66.36798,357730.44,0.0,0.0,12.019989,0.8287625,1.0,1.0,68.24213,0.0,0.0,0.0,-2.4695082e-13,-0.9163129,0.2133789,-400.25253,66.36798,55.184006,0.0,0.9,0.0,-2.6340076e-13,0.0,75.66884,66.234665,66.30234,66.290855,66.71394
2018-01-01 04:00:00,0.1,0.0,66.36798,357730.44,0.0,0.0,12.019989,0.8286266,1.0,1.0,68.23881,0.0,0.0,0.0,-2.4686386e-13,-0.9161584,0.21334839,-400.25253,66.36798,55.184006,0.0,0.9,0.0,-2.6331566e-13,0.0,75.67055,66.23043,66.29706,66.28685,66.70916
2018-01-01 04:01:00,0.1,0.0,66.36798,357730.44,0.0,0.0,12.0349865,0.8284929,1.0,1.0,68.23545,0.0,0.0,0.0,-2.4677835e-13,-0.9160114,0.21331787,-400.25253,66.36798,55.184006,0.0,0.9,0.0,-2.632284e-13,0.0,75.672195,66.22615,66.29173,66.28284,66.70433
2018-01-01 04:02:00,0.1,0.0,66.36798,357730.44,0.0,0.0,12.050037,0.8283581,1.0,1.0,68.23213,0.0,0.0,0.0,-2.4670739e-13,-0.91586185,0.21328735,-400.25253,66.36798,55.184006,0.0,0.9,0.0,-2.6314338e-13,0.0,75.67384,66.22192,66.28646,66.278885,66.69955
2018-01-01 04:03:00,0.1,0.0,66.36798,357730.44,0.0,0.0,12.065033,0.82822335,1.0,1.0,68.22876,0.0,0.0,0.0,-2.466233e-13,-0.91571605,0.21325684,-400.25253,66.36798,55.184006,0.0,0.9,0.0,-2.6305921e-13,0.0,75.67543,66.217636,66.28113,66.27487,66.69472
2018-01-01 04:04:00,0.1,0.0,66.36798,357730.44,0.0,0.0,12.08003,0.8280874,1.0,1.0,68.225395,0.0,0.0,0.0,-2.465534e-13,-0.91556835,0.21322632,-400.25253,66.36798,55.184006,0.0,0.9,0.0,-2.6297364e-13,0.0,75.67697,66.2134,66.27586,66.27086,66.68988
2018-01-01 04:05:00,0.1,0.0,66.36798,357730.44,0.0,0.0,12.095026,0.8279526,1.0,1.0,68.22202,0.0,0.0,0.0,-2.4646203e-13,-0.91542053,0.2131958,-400.25253,66.36798,55.184006,0.0,0.9,0.0,-2.6288642e-13,0.0,75.67851,66.20912,66.27053,66.2668,66.685104
2018-01-01 04:06:00,0.1,0.0,66.36798,357730.44,0.0,0.0,12.110022,0.827819,1.0,1.0,68.21863,0.0,0.0,0.0,-2.4638202e-13,-0.91527116,0.21316528,-400.25253,66.36798,55.184006,0.0,0.9,0.0,-2.6280229e-13,0.0,75.680046,66.204834,66.2652,66.26279,66.68027
2018-01-01 04:07:00,0.1,0.0,66.36798,357730.44,0.0,0.0,12.125019,0.82768416,1.0,1.0,68.21525,0.0,0.0,0.0,-2.4630786e-13,-0.9151189,0.21310425,-400.25253,66.36798,55.184006,0.0,0.9,0.0,-2.627184e-13,0.0,75.68153,66.20055,66.25993,66.25877,66.67543
2018-01-01 04:08:00,0.1,0.0,66.36798,357730.44,0.0,0.0,12.140015,0.8275517,1.0,1.0,68.21183,0.0,0.0,0.0,-2.462259e-13,-0.9149738,0.21307373,-400.25253,66.36798,55.184006,0.0,0.9,0.0,-2.626322e-13,0.0,75.683014,66.19626,66.2546,66.254715,66.67055
2018-01-01 04:09:00,0.1,0.0,66.36798,357730.44,0.0,0.0,12.155012,0.82741463,1.0,1.0,68.20844,0.0,0.0,0.0,-2.4614937e-13,-0.9148216,0.21304321,-400.25253,66.36798,55.184006,0.0,0.9,0.0,-2.6254845e-13,0.0,75.68444,66.19203,66.24933,66.2507,66.66571
2018-01-01 04:10:00,0.1,0.0,66.36798,357730.44,0.0,0.0,12.170008,0.82728326,1.0,1.0,68.205,0.0,0.0,0.0,-2.4606353e-13,-0.91468066,0.2130127,-400.25253,66.36798,55.184006,0.0,0.9,0.0,-2.624612e-13,0.0,75.685814,66.1877,66.244,66.246635,66.66087
2018-01-01 04:11:00,0.1,0.0,66.36798,357730.44,0.0,0.0,12.185003,0.82714736,1.0,1.0,68.2016,0.0,0.0,0.0,-2.4598533e-13,-0.9145238,0.21298218,-400.25253,66.36798,55.184006,0.0,0.9,0.0,-2.6237882e-13,0.0,75.68724,66.18341,66.23872,66.24263,66.65599
2018-01-01 04:12:00,0.1,0.0,66.36798,357730.44,0.0,0.0,12.200001,0.82701373,1.0,1.0,68.19816,0.0,0.0,0.0,-2.4590453e-13,-0.9143759,0.21295166,-400.25253,66.36798,55.184006,0.0,0.9,0.0,-2.6229138e-13,0.0,75.68856,66.17912,66.2334,66.238556,66.65115
2018-01-01 04:13:00,0.1,0.0,66.36798,357730.44,0.0,0.0,12.214996,0.8268789,1.0,1.0,68.19473,0.0,0.0,0.0,-2.458244e-13,-0.9142305,0.21292114,-400.25253,66.36798,55.184006,0.0,0.9,0.0,-2.6220782e-13,0.0,75.68993,66.174835,66.22812,66.2345,66.64626
2018-01-01 04:14:00,0.1,0.0,66.36798,357730.44,0.0,0.0,12.229994,0.82674414,1.0,1.0,68.191284,0.0,0.0,0.0,-2.457489e-13,-0.9140824,0.21289062,-400.25253,66.36798,55.184006,0.0,0.9,0.0,-2.6212054e-13,0.0,75.69119,66.170555,66.22279,66.23043,66.64143
2018-01-01 04:15:00,0.1,0.0,66.36798,357730.44,0.0,0.0,12.244989,0.8266094,1.0,1.0,68.18782,0.0,0.0,0.0,-2.4566802e-13,-0.91393095,0.2128601,-400.25253,66.36798,55.184006,0.0,0.9,0.0,-2.6203725e-13,0.0,75.69252,66.166214,66.21747,66.226364,66.636536
2018-01-01 04:16:00,0.1,0.0,66.36798,357730.44,0.0,0.0,12.259985,0.82647574,1.0,1.0,68.18437,0.0,0.0,0.0,-2.4558816e-13,-0.9137677,0.21282959,-400.25253,66.36798,55.184006,0.0,0.9,0.0,-2.6195222e-13,0.0,75.69378,66.16193,66.21219,66.222305,66.63165
2018-01-01 04:17:00,0.1,0.0,66.36798,357730.44,0.0,0.0,12.275038,0.8263421,1.0,1.0,68.18089,0.0,0.0,0.0,-2.4550457e-13,-0.91363674,0.21279907,-400.25253,66.36798,55.184006,0.0,0.9,0.0,-2.618673e-13,0.0,75.69499,66.157646,66.20686,66.21823,66.62676
2018-01-01 04:18:00,0.1,0.0,66.36798,357730.44,0.0,0.0,12.290033,0.826205,1.0,1.0,68.177444,0.0,0.0,0.0,-2.454287e-13,-0.9134901,0.21273804,-400.25253,66.36798,55.184006,0.0,0.9,0.0,-2.6178042e-13,0.0,75.69625,66.153305,66.20159,66.21417,66.62187
2018-01-01 04:19:00,0.1,0.0,66.36798,357730.44,0.0,0.0,12.305029,0.8260737,1.0,1.0,68.17395,0.0,0.0,0.0,-2.4535314e-13,-0.9133454,0.21270752,-400.25253,66.36798,55.184006,0.0,0.9,0.0,-2.6169456e-13,0.0,75.6974,66.14902,66.19626,66.210106,66.61699
2018-01-01 04:20:00,0.1,0.0,66.36798,357730.44,0.0,0.0,12.320026,0.82594,1.0,1.0,68.17049,0.0,0.0,0.0,-2.452633e-13,-0.91319263,0.21264648,-400.25253,66.36798,55.184006,0.0,0.9,0.0,-2.6161297e-13,0.0,75.69861,66.144684,66.190994,66.20604,66.61209
2018-01-01 04:21:00,0.1,0.0,66.36798,357730.44,0.0,0.0,12.335022,0.82580525,1.0,1.0,68.16699,0.0,0.0,0.0,-2.4518983e-13,-0.91304874,0.21261597,-400.25253,66.36798,55.184006,0.0,0.9,0.0,-2.615242e-13,0.0,75.69977,66.14034,66.185715,66.20192,66.60721
2018-01-01 04:22:00,0.1,0.0,66.36798,357730.44,0.0,0.0,12.350019,0.8256728,1.0,1.0,68.1635,0.0,0.0,0.0,-2.4510946e-13,-0.91289335,0.21258545,-400.25253,66.36798,55.184006,0.0,0.9,0.0,-2.6144253e-13,0.0,75.70087,66.13606,66.18039,66.19786,66.60232
2018-01-01 04:23:00,0.1,0.0,66.36798,357730.44,0.0,0.0,12.365015,0.8255392,1.0,1.0,68.15999,0.0,0.0,0.0,-2.4502216e-13,-0.9127455,0.21255493,-400.25253,66.36798,55.184006,0.0,0.9,0.0,-2.6135748e-13,0.0,75.701965,66.131714,66.17511,66.19374,66.59743
2018-01-01 04:24:00,0.1,0.0,66.36798,357730.44,0.0,0.0,12.380011,0.8254032,1.0,1.0,68.15647,0.0,0.0,0.0,-2.4494808e-13,-0.9125981,0.21252441,-400.25253,66.36798,55.184006,0.0,0.9,0.0,-2.6126996e-13,0.0,75.703064,66.12738,66.169785,66.18967,66.59248
2018-01-01 04:25:00,0.1,0.0,66.36798,357730.44,0.0,0.0,12.395008,0.82526845,1.0,1.0,68.15298,0.0,0.0,0.0,-2.4487118e-13,-0.9124447,0.2124939,-400.25253,66.36798,55.184006,0.0,0.9,0.0,-2.6118596e-13,0.0,75.70416,66.12309,66.16451,66.18555,66.5876
2018-01-01 04:26:00,0.1,0.0,66.36798,357730.44,0.0,0.0,12.410004,0.8251313,1.0,1.0,68.14946,0.0,0.0,0.0,-2.44794e-13,-0.91229725,0.21246338,-400.25253,66.36798,55.184006,0.0,0.9,0.0,-2.611024e-13,0.0,75.7052,66.11876,66.15924,66.18149,66.58266
2018-01-01 04:27:00,0.1,0.0,66.36798,357730.44,0.0,0.0,12.425001,0.825,1.0,1.0,68.14593,0.0,0.0,0.0,-2.4471354e-13,-0.9121443,0.21243286,-400.25253,66.36798,55.184006,0.0,0.9,0.0,-2.61018e-13,0.0,75.70619,66.11441,66.153915,66.17737,66.57776
2018-01-01 04:28:00,0.1,0.0,66.36798,357730.44,0.0,0.0,12.439997,0.8248664,1.0,1.0,68.14241,0.0,0.0,0.0,-2.4463645e-13,-0.9120136,0.21240234,-400.25253,66.36798,55.184006,0.0,0.9,0.0,-2.6093057e-13,0.0,75.70724,66.11008,66.148636,66.17325,66.572815
2018-01-01 04:29:00,0.1,0.0,66.36798,357730.44,0.0,0.0,12.454992,0.82473165,1.0,1.0,68.13888,0.0,0.0,0.0,-2.445488e-13,-0.91185343,0.21237183,-400.25253,66.36798,55.184006,0.0,0.9,0.0,-2.6084758e-13,0.0,75.70822,66.105736,66.143364,66.16913,66.56793
2018-01-01 04:30:00,0.1,0.0,66.36798,357730.44,0.0,0.0,12.46999,0.82459795,1.0,1.0,68.13534,0.0,0.0,0.0,-2.444684e-13,-0.91170555,0.21234131,-400.25253,66.36798,55.184006,0.0,0.9,0.0,-2.6076228e-13,0.0,75.70916,66.101395,66.13809,66.16506,66.56299
2018-01-01 04:31:00,0.1,0.0,66.36798,357730.44,0.0,0.0,12.484985,0.8244632,1.0,1.0,68.13179,0.0,0.0,0.0,-2.443931e-13,-0.91156113,0.21231079,-400.25253,66.36798,55.184006,0.0,0.9,0.0,-2.6067866e-13,0.0,75.710144,66.09706,66.13277,66.16094,66.558044
2018-01-01 04:32:00,0.1,0.0,66.36798,357730.44,0.0,0.0,12.500036,0.8243284,1.0,1.0,68.12825,0.0,0.0,0.0,-2.4431387e-13,-0.91141397,0.21228027,-400.25253,66.36798,55.184006,0.0,0.9,0.0,-2.6059507e-13,0.0,75.71108,66.09271,66.12749,66.15682,66.553154
2018-01-01 04:33:00,0.1,0.0,66.36798,357730.44,0.0,0.0,12.515034,0.8241947,1.0,1.0,68.124695,0.0,0.0,0.0,-2.4423616e-13,-0.91126937,0.21221924,-400.25253,66.36798,55.184006,0.0,0.9,0.0,-2.605094e-13,0.0,75.71196,66.08838,66.122215,66.1527,66.54821
2018-01-01 04:34:00,0.1,0.0,66.36798,357730.44,0.0,0.0,12.530029,0.8240635,1.0,1.0,68.12115,0.0,0.0,0.0,-2.4415306e-13,-0.9111147,0.21218872,-400.25253,66.36798,55.184006,0.0,0.9,0.0,-2.6042327e-13,0.0,75.71289,66.08404,66.11694,66.14858,66.54327
2018-01-01 04:35:00,0.1,0.0,66.36792,357730.44,0.0,0.0,12.545027,0.8239264,1.0,1.0,68.11757,0.0,0.0,0.0,-2.4408226e-13,-0.910963,0.2121582,-400.25253,66.36792,55.184006,0.0,0.9,0.0,-2.6034188e-13,0.0,75.713776,66.07964,66.111664,66.14441,66.53832
2018-01-01 04:36:00,0.1,0.0,66.36792,357730.44,0.0,0.0,12.560022,0.823795,1.0,1.0,68.114,0.0,0.0,0.0,-2.4399582e-13,-0.9108181,0.21212769,-400.25253,66.36792,55.184006,0.0,0.9,0.0,-2.6025474e-13,0.0,75.7146,66.0753,66.1064,66.14029,66.53338
2018-01-01 04:37:00,0.1,0.0,66.36792,357730.44,0.0,0.0,12.575018,0.8236637,1.0,1.0,68.110435,0.0,0.0,0.0,-2.4391207e-13,-0.91067153,0.21209717,-400.25253,66.36792,55.184006,0.0,0.9,0.0,-2.6017196e-13,0.0,75.71548,66.07097,66.10112,66.13617,66.528435
2018-01-01 04:38:00,0.1,0.0,66.36792,357730.44,0.0,0.0,12.590015,0.8235278,1.0,1.0,68.106865,0.0,0.0,0.0,-2.4383756e-13,-0.91052705,0.21206665,-400.25253,66.36792,55.184006,0.0,0.9,0.0,-2.6008555e-13,0.0,75.7163,66.06662,66.09585,66.13205,66.52349
2018-01-01 04:39:00,0.1,0.0,66.36792,357730.44,0.0,0.0,12.605011,0.8233965,1.0,1.0,68.10327,0.0,0.0,0.0,-2.437579e-13,-0.91038305,0.21203613,-400.25253,66.36792,55.184006,0.0,0.9,0.0,-2.6000095e-13,0.0,75.717125,66.062225,66.090576,66.12787,66.51855
2018-01-01 04:40:00,0.1,0.0,66.36792,357730.44,0.0,0.0,12.620008,0.82325935,1.0,1.0,68.099686,0.0,0.0,0.0,-2.4368078e-13,-0.9102337,0.21200562,-400.25253,66.36792,55.184006,0.0,0.9,0.0,-2.5991817e-13,0.0,75.717896,66.05789,66.0853,66.12375,66.5136
2018-01-01 04:41:00,0.1,0.0,66.36792,357730.44,0.0,0.0,12.635004,0.8231269,1.0,1.0,68.09611,0.0,0.0,0.0,-2.4359643e-13,-0.91008186,0.2119751,-400.25253,66.36792,55.184006,0.0,0.9,0.0,-2.5983125e-13,0.0,75.71866,66.05355,66.08003,66.11963,66.50866
2018-01-01 04:42:00,0.1,0.0,66.36792,357730.44,0.0,0.0,12.65,0.82299215,1.0,1.0,68.092514,0.0,0.0,0.0,-2.4352569e-13,-0.9099329,0.21194458,-400.25253,66.36792,55.184006,0.0,0.9,0.0,-2.5974822e-13,0.0,75.71944,66.04916,66.074814,66.11546,66.503716
2018-01-01 04:43:00,0.1,0.0,66.36792,357730.44,0.0,0.0,12.664997,0.82285845,1.0,1.0,68.088936,0.0,0.0,0.0,-2.4344508e-13,-0.9097901,0.21191406,-400.25253,66.36792,55.184006,0.0,0.9,0.0,-2.596637e-13,0.0,75.7202,66.044815,66.069534,66.11134,66.49877
2018-01-01 04:44:00,0.1,0.0,66.36792,357730.44,0.0,0.0,12.679993,0.82272255,1.0,1.0,68.08533,0.0,0.0,0.0,-2.4336682e-13,-0.90964526,0.21188354,-400.25253,66.36792,55.184006,0.0,0.9,0.0,-2.5957996e-13,0.0,75.72092,66.04048,66.06426,66.10716,66.49383
2018-01-01 04:45:00,0.1,0.0,66.36792,357730.44,0.0,0.0,12.69499,0.82259005,1.0,1.0,68.08171,0.0,0.0,0.0,-2.432869e-13,-0.90949136,0.21185303,-400.25253,66.36792,55.184006,0.0,0.9,0.0,-2.5949636e-13,0.0,75.721634,66.03609,66.05899,66.10304,66.48883
2018-01-01 04:46:00,0.1,0.0,66.36792,357730.44,0.0,0.0,12.709986,0.82245994,1.0,1.0,68.078125,0.0,0.0,0.0,-2.432074e-13,-0.90934545,0.21182251,-400.25253,66.36792,55.184006,0.0,0.9,0.0,-2.5941114e-13,0.0,75.72234,66.03174,66.05377,66.09887,66.48389
2018-01-01 04:47:00,0.1,0.0,66.36792,357730.44,0.0,0.0,12.725037,0.8223251,1.0,1.0,68.07452,0.0,0.0,0.0,-2.4312724e-13,-0.90919733,0.21179199,-400.25253,66.36792,55.184006,0.0,0.9,0.0,-2.593273e-13,0.0,75.72305,66.02734,66.04849,66.09475,66.47894
2018-01-01 04:48:00,0.1,0.0,66.36792,357730.44,0.0,0.0,12.740034,0.82219034,1.0,1.0,68.070915,0.0,0.0,0.0,-2.4304964e-13,-0.9090543,0.21173096,-400.25253,66.36792,55.184006,0.0,0.9,0.0,-2.5924502e-13,0.0,75.72372,66.02301,66.043274,66.090576,66.474
2018-01-01 04:49:00,0.1,0.0,66.36792,357730.44,0.0,0.0,12.75503,0.8220579,1.0,1.0,68.067276,0.0,0.0,0.0,-2.429663e-13,-0.90889657,0.21166992,-400.25253,66.36792,55.184006,0.0,0.9,0.0,-2.591595e-13,0.0,75.72438,66.018616,66.03801,66.086395,66.468994
2018-01-01 04:50:00,0.1,0.0,66.36792,357730.44,0.0,0.0,12.770025,0.8219254,1.0,1.0,68.063675,0.0,0.0,0.0,-2.4289257e-13,-0.9087544,0.2116394,-400.25253,66.36792,55.184006,0.0,0.9,0.0,-2.5907428e-13,0.0,75.72504,66.014275,66.03279,66.08223,66.46405
2018-01-01 04:51:00,0.1,0.0,66.36792,357730.44,0.0,0.0,12.785023,0.82179296,1.0,1.0,68.06006,0.0,0.0,0.0,-2.4280998e-13,-0.90861565,0.21160889,-400.25253,66.36792,55.184006,0.0,0.9,0.0,-2.589893e-13,0.0,75.72569,66.00988,66.02751,66.07811,66.45911
2018-01-01 04:52:00,0.1,0.0,66.36792,357730.44,0.0,0.0,12.800018,0.8216593,1.0,1.0,68.05642,0.0,0.0,0.0,-2.4273473e-13,-0.9084547,0.21157837,-400.25253,66.36792,55.184006,0.0,0.9,0.0,-2.5890775e-13,0.0,75.7263,66.005486,66.02229,66.07393,66.45412
2018-01-01 04:53:00,0.1,0.0,66.36792,357730.44,0.0,0.0,12.815016,0.82152337,1.0,1.0,68.05281,0.0,0.0,0.0,-2.4265773e-13,-0.9083164,0.21154785,-400.25253,66.36792,55.184006,0.0,0.9,0.0,-2.5882223e-13,0.0,75.7269,66.001144,66.017075,66.069756,66.44917
2018-01-01 04:54:00,0.1,0.0,66.36792,357730.44,0.0,0.0,12.830011,0.8213932,1.0,1.0,68.04916,0.0,0.0,0.0,-2.4256926e-13,-0.90815324,0.21151733,-400.25253,66.36792,55.184006,0.0,0.9,0.0,-2.587385e-13,0.0,75.72751,65.99675,66.0118,66.06558,66.44417
2018-01-01 04:55:00,0.1,0.0,66.36792,357730.44,0.0,0.0,12.845007,0.8212573,1.0,1.0,68.04553,0.0,0.0,0.0,-2.4249355e-13,-0.9080131,0.21148682,-400.25253,66.36792,55.184006,0.0,0.9,0.0,-2.5865142e-13,0.0,75.72806,65.99242,66.006584,66.0614,66.439224
2018-01-01 04:56:00,0.1,0.0,66.36792,357730.44,0.0,0.0,12.860004,0.82112366,1.0,1.0,68.04191,0.0,0.0,0.0,-2.4241882e-13,-0.90787154,0.2114563,-400.25253,66.36792,55.184006,0.0,0.9,0.0,-2.585693e-13,0.0,75.72866,65.98802,66.001366,66.057236,66.43428
2018-01-01 04:57:00,0.1,0.0,66.36792,357730.44,0.0,0.0,12.875,0.8209877,1.0,1.0,68.03828,0.0,0.0,0.0,-2.4234556e-13,-0.9077178,0.21142578,-400.25253,66.36792,55.184006,0.0,0.9,0.0,-2.5848618e-13,0.0,75.72921,65.98363,65.99615,66.053116,66.42928
2018-01-01 04:58:00,0.1,0.0,66.36792,357730.44,0.0,0.0,12.8899975,0.8208552,1.0,1.0,68.03465,0.0,0.0,0.0,-2.4226007e-13,-0.90757257,0.21139526,-400.25253,66.36792,55.184006,0.0,0.9,0.0,-2.5840335e-13,0.0,75.72976,65.97928,65.99093,66.048935,66.42434
2018-01-01 04:59:00,0.1,0.0,66.36792,357730.44,0.0,0.0,12.904993,0.82072276,1.0,1.0,68.03099,0.0,0.0,0.0,-2.4218293e-13,-0.90742207,0.21136475,-400.25253,66.36792,55.184006,0.0,0.9,0.0,-2.5831846e-13,0.0,75.730255,65.974884,65.98571,66.04476,66.41934
2018-01-01 05:00:00,0.1,0.0,66.36792,357730.44,0.0,0.0,12.919989,0.8205892,1.0,1.0,68.02736,0.0,0.0,0.0,-2.42101e-13,-0.907271,0.21133423,-400.25253,66.36792,55.184006,0.0,0.9,0.0,-2.582366e-13,0.0,75.730804,65.97049,65.98049,66.04059,66.4144
2018-01-01 05:01:00,0.1,0.0,66.36792,357730.44,0.0,0.0,12.919989,0.8204567,1.0,1.0,68.02369,0.0,0.0,0.0,-2.4202678e-13,-0.9071343,0.21130371,-400.25253,66.36792,55.184006,0.0,0.9,0.0,-2.5815033e-13,0.0,75.73129,65.966095,65.97527,66.03636,66.40939
2018-01-01 05:02:00,0.1,0.0,66.36792,357730.44,0.0,0.0,12.919989,0.8203242,1.0,1.0,68.02005,0.0,0.0,0.0,-2.41941e-13,-0.90698165,0.21124268,-400.25253,66.36792,55.184006,0.0,0.9,0.0,-2.580682e-13,0.0,75.7318,65.96176,65.970055,66.03218,66.40445
2018-01-01 05:03:00,0.1,0.0,66.36792,357730.44,0.0,0.0,12.919989,0.8201906,1.0,1.0,68.016396,0.0,0.0,0.0,-2.4186577e-13,-0.9068316,0.21121216,-400.25253,66.36792,55.184006,0.0,0.9,0.0,-2.5798488e-13,0.0,75.732285,65.95737,65.964836,66.02801,66.39946
2018-01-01 05:04:00,0.1,0.0,66.36792,357730.44,0.0,0.0,12.919989,0.820057,1.0,1.0,68.01272,0.0,0.0,0.0,-2.4178177e-13,-0.9066984,0.21118164,-400.25253,66.36792,55.184006,0.0,0.9,0.0,-2.5789925e-13,0.0,75.73273,65.95297,65.95962,66.023834,66.394455
2018-01-01 05:05:00,0.1,0.0,66.36792,357730.44,0.0,0.0,12.919989,0.81992334,1.0,1.0,68.009056,0.0,0.0,0.0,-2.4171157e-13,-0.90654397,0.21115112,-400.25253,66.36792,55.184006,0.0,0.9,0.0,-2.5781544e-13,0.0,75.733215,65.94858,65.9544,66.01961,66.38946
2018-01-01 05:06:00,0.1,0.0,66.36792,357730.44,0.0,0.0,12.919989,0.8197874,1.0,1.0,68.00539,0.0,0.0,0.0,-2.4163923e-13,-0.9063923,0.2111206,-400.25253,66.36792,55.184006,0.0,0.9,0.0,-2.577323e-13,0.0,75.73366,65.94418,65.94918,66.01543,66.38446
2018-01-01 05:07:00,0.1,0.0,66.36792,357730.44,0.0,0.0,12.919989,0.8196584,1.0,1.0,68.0017,0.0,0.0,0.0,-2.4155265e-13,-0.9062484,0.21109009,-400.25253,66.36792,55.184006,0.0,0.9,0.0,-2.5764913e-13,0.0,75.7341,65.93979,65.94396,66.0112,66.379456
2018-01-01 05:08:00,0.1,0.0,66.36792,357730.44,0.0,0.0,12.919989,0.81952244,1.0,1.0,67.99803,0.0,0.0,0.0,-2.4147942e-13,-0.9061007,0.21105957,-400.25253,66.36792,55.184006,0.0,0.9,0.0,-2.575667e-13,0.0,75.73454,65.935394,65.93874,66.00702,66.374466
2018-01-01 05:09:00,0.1,0.0,66.36792,357730.44,0.0,0.0,12.919989,0.81939226,1.0,1.0,67.99432,0.0,0.0,0.0,-2.4139387e-13,-0.90595555,0.21102905,-400.25253,66.36792,55.184006,0.0,0.9,0.0,-2.574811e-13,0.0,75.734924,65.93094,65.933525,66.00279,66.36946
2018-01-01 05:10:00,0.1,0.0,66.36792,357730.44,0.0,0.0,12.919989,0.8192598,1.0,1.0,67.99063,0.0,0.0,0.0,-2.4131568e-13,-0.9058028,0.21099854,-400.25253,66.36792,55.184006,0.0,0.9,0.0,-2.5739756e-13,0.0,75.73537,65.926544,65.92825,65.998566,66.36441
2018-01-01 05:11:00,0.1,0.0,66.36792,357730.44,0.0,0.0,12.919989,0.8191239,1.0,1.0,67.98692,0.0,0.0,0.0,-2.412359e-13,-0.905656,0.21096802,-400.25253,66.36792,55.184006,0.0,0.9,0.0,-2.5731546e-13,0.0,75.73575,65.922104,65.923035,65.99434,66.359406
2018-01-01 05:12:00,0.1,0.0,66.36792,357730.44,0.0,0.0,12.919989,0.81899256,1.0,1.0,67.98323,0.0,0.0,0.0,-2.4116427e-13,-0.90551335,0.2109375,-400.25253,66.36792,55.184006,0.0,0.9,0.0,-2.5722913e-13,0.0,75.73613,65.91771,65.917816,65.990105,66.354355
2018-01-01 05:13:00,0.1,0.0,66.36792,357730.44,0.0,0.0,12.919989,0.8188589,1.0,1.0,67.97951,0.0,0.0,0.0,-2.4108168e-13,-0.9053669,0.21090698,-400.25253,66.36792,55.184006,0.0,0.9,0.0,-2.5714565e-13,0.0,75.73651,65.91325,65.91254,65.98587,66.34936
2018-01-01 05:14:00,0.1,0.0,66.36792,357730.44,0.0,0.0,12.919989,0.81872535,1.0,1.0,67.97579,0.0,0.0,0.0,-2.4100473e-13,-0.90521735,0.21087646,-400.25253,66.36792,55.184006,0.0,0.9,0.0,-2.5706374e-13,0.0,75.73685,65.90886,65.90732,65.98164,66.3443
2018-01-01 05:15:00,0.1,0.0,66.36792,357730.44,0.0,0.0,12.919989,0.8185917,1.0,1.0,67.972084,0.0,0.0,0.0,-2.409292e-13,-0.9050807,0.21084595,-400.25253,66.36792,55.184006,0.0,0.9,0.0,-2.569792e-13,0.0,75.73723,65.90441,65.9021,65.97742,66.33925
2018-01-01 05:16:00,0.1,0.0,66.36792,357730.44,0.0,0.0,12.919989,0.8184592,1.0,1.0,67.96834,0.0,0.0,0.0,-2.4084925e-13,-0.9049185,0.21081543,-400.25253,66.36792,55.184006,0.0,0.9,0.0,-2.5689666e-13,0.0,75.737564,65.89996,65.896835,65.97313,66.3342
2018-01-01 05:17:00,0.1,0.0,66.36792,357730.44,0.0,0.0,12.919989,0.8183279,1.0,1.0,67.96462,0.0,0.0,0.0,-2.4077154e-13,-0.9047864,0.2107544,-400.25253,66.36792,55.184006,0.0,0.9,0.0,-2.5681212e-13,0.0,75.737885,65.89557,65.89162,65.9689,66.32915
2018-01-01 05:18:00,0.1,0.0,66.36792,357730.44,0.0,0.0,12.919989,0.8181943,1.0,1.0,67.96089,0.0,0.0,0.0,-2.4069557e-13,-0.9046251,0.21072388,-400.25253,66.36792,55.184006,0.0,0.9,0.0,-2.5672967e-13,0.0,75.73822,65.89111,65.88634,65.964676,66.32409
2018-01-01 05:19:00,0.1,0.0,66.36792,357730.44,0.0,0.0,12.919989,0.8180583,1.0,1.0,67.95715,0.0,0.0,0.0,-2.4061764e-13,-0.90449125,0.21069336,-400.25253,66.36792,55.184006,0.0,0.9,0.0,-2.5664532e-13,0.0,75.73855,65.88667,65.88112,65.96039,66.31903
2018-01-01 05:20:00,0.1,0.0,66.36792,357730.44,0.0,0.0,12.919989,0.8179282,1.0,1.0,67.9534,0.0,0.0,0.0,-2.4052667e-13,-0.904335,0.21066284,-400.25253,66.36792,55.184006,0.0,0.9,0.0,-2.5656286e-13,0.0,75.73888,65.88222,65.87585,65.9561,66.31393
2018-01-01 05:21:00,0.1,0.0,66.36792,357730.44,0.0,0.0,12.919989,0.8177981,1.0,1.0,67.949646,0.0,0.0,0.0,-2.4045317e-13,-0.9041907,0.21063232,-400.25253,66.36792,55.184006,0.0,0.9,0.0,-2.5648025e-13,0.0,75.73915,65.87777,65.870575,65.95187,66.30887
2018-01-01 05:22:00,0.1,0.0,66.36792,357730.44,0.0,0.0,12.919989,0.81766444,1.0,1.0,67.94588,0.0,0.0,0.0,-2.4037868e-13,-0.9040349,0.21057129,-400.25253,66.36792,55.184006,0.0,0.9,0.0,-2.563966e-13,0.0,75.739426,65.87326,65.86536,65.947586,66.303764
2018-01-01 05:23:00,0.1,0.0,66.36792,357730.44,0.0,0.0,12.919989,0.8175297,1.0,1.0,67.94212,0.0,0.0,0.0,-2.4029877e-13,-0.9038988,0.21054077,-400.25253,66.36792,55.184006,0.0,0.9,0.0,-2.5631206e-13,0.0,75.7397,65.86882,65.86008,65.9433,66.298706
2018-01-01 05:24:00,0.1,0.0,66.36792,357730.44,0.0,0.0,12.919989,0.8173983,1.0,1.0,67.938354,0.0,0.0,0.0,-2.4022055e-13,-0.9037476,0.21051025,-400.25253,66.36792,55.184006,0.0,0.9,0.0,-2.5622904e-13,0.0,75.739975,65.864365,65.85481,65.93902,66.2936
2018-01-01 05:25:00,0.1,0.0,66.36792,357730.44,0.0,0.0,12.919989,0.81726587,1.0,1.0,67.93459,0.0,0.0,0.0,-2.4013837e-13,-0.9036062,0.21047974,-400.25253,66.36792,55.184006,0.0,0.9,0.0,-2.561483e-13,0.0,75.74025,65.85986,65.849594,65.93474,66.2885
2018-01-01 05:26:00,0.1,0.0,66.36792,357730.44,0.0,0.0,12.919989,0.8171311,1.0,1.0,67.93083,0.0,0.0,0.0,-2.4007502e-13,-0.90345013,0.21044922,-400.25253,66.36792,55.184006,0.0,0.9,0.0,-2.5606527e-13,0.0,75.740524,65.85541,65.844315,65.93045,66.28344
2018-01-01 05:27:00,0.1,0.0,66.36792,357730.44,0.0,0.0,12.919989,0.81699747,1.0,1.0,67.92705,0.0,0.0,0.0,-2.3999203e-13,-0.9033031,0.2104187,-400.25253,66.36792,55.184006,0.0,0.9,0.0,-2.5598146e-13,0.0,75.740746,65.85097,65.83904,65.92616,66.278336
2018-01-01 05:28:00,0.1,0.0,66.36792,357730.44,0.0,0.0,12.919989,0.8168673,1.0,1.0,67.92327,0.0,0.0,0.0,-2.3990456e-13,-0.9031622,0.21038818,-400.25253,66.36792,55.184006,0.0,0.9,0.0,-2.5589855e-13,0.0,75.74102,65.84646,65.83377,65.921875,66.273224
2018-01-01 05:29:00,0.1,0.0,66.36792,357730.44,0.0,0.0,12.919989,0.81673485,1.0,1.0,67.91947,0.0,0.0,0.0,-2.398311e-13,-0.9030097,0.21035767,-400.25253,66.36792,55.184006,0.0,0.9,0.0,-2.5581612e-13,0.0,75.74124,65.84195,65.82849,65.91754,66.26811
2018-01-01 05:30:00,0.1,0.0,66.36792,357730.44,0.0,0.0,12.919989,0.8166012,1.0,1.0,67.91567,0.0,0.0,0.0,-2.3975716e-13,-0.9028747,0.21032715,-400.25253,66.36792,55.184006,0.0,0.9,0.0,-2.557302e-13,0.0,75.741455,65.83751,65.82323,65.91325,66.262955
2018-01-01 05:31:00,0.1,0.0,66.36792,357730.44,0.0,0.0,12.919989,0.81646997,1.0,1.0,67.91189,0.0,0.0,0.0,-2.3967108e-13,-0.90271825,0.21029663,-400.25253,66.36792,55.184006,0.0,0.9,0.0,-2.556487e-13,0.0,75.741684,65.833,65.81801,65.90892,66.25784
2018-01-01 05:32:00,0.1,0.0,66.36792,357730.44,0.0,0.0,12.919989,0.8163363,1.0,1.0,67.9081,0.0,0.0,0.0,-2.396037e-13,-0.90257806,0.21026611,-400.25253,66.36792,55.184006,0.0,0.9,0.0,-2.5556486e-13,0.0,75.741844,65.82849,65.81273,65.90463,66.25273
2018-01-01 05:33:00,0.1,0.0,66.36792,357730.44,0.0,0.0,12.919989,0.8161992,1.0,1.0,67.904274,0.0,0.0,0.0,-2.3952598e-13,-0.9024285,0.21020508,-400.25253,66.36792,55.184006,0.0,0.9,0.0,-2.5548346e-13,0.0,75.742065,65.82399,65.80746,65.90029,66.247574
2018-01-01 05:34:00,0.1,0.0,66.36792,357730.44,0.0,0.0,12.919989,0.81606907,1.0,1.0,67.90048,0.0,0.0,0.0,-2.3944749e-13,-0.90227586,0.21017456,-400.25253,66.36792,55.184006,0.0,0.9,0.0,-2.554012e-13,0.0,75.74223,65.81954,65.802185,65.89601,66.24246
2018-01-01 05:35:00,0.1,0.0,66.36792,357730.44,0.0,0.0,12.919989,0.81593657,1.0,1.0,67.89668,0.0,0.0,0.0,-2.3936503e-13,-0.90213394,0.21014404,-400.25253,66.36792,55.184006,0.0,0.9,0.0,-2.5531617e-13,0.0,75.74245,65.81503,65.796906,65.89166,66.23735
2018-01-01 05:36:00,0.1,0.0,66.367874,357730.44,0.0,0.0,12.919989,0.81580645,1.0,1.0,67.89286,0.0,0.0,0.0,-2.3928735e-13,-0.9019958,0.21011353,-400.25253,66.367874,55.184006,0.0,0.9,0.0,-2.5523344e-13,0.0,75.742615,65.81053,65.79164,65.88733,66.23219
2018-01-01 05:37:00,0.1,0.0,66.367874,357730.44,0.0,0.0,12.919989,0.81567395,1.0,1.0,67.88904,0.0,0.0,0.0,-2.3921295e-13,-0.9018348,0.21008301,-400.25253,66.367874,55.184006,0.0,0.9,0.0,-2.551537e-13,0.0,75.74278,65.80603,65.78636,65.88299,66.22702
2018-01-01 05:38:00,0.1,0.0,66.367874,357730.44,0.0,0.0,12.919989,0.8155392,1.0,1.0,67.88521,0.0,0.0,0.0,-2.3913903e-13,-0.9016966,0.21005249,-400.25253,66.367874,55.184006,0.0,0.9,0.0,-2.550696e-13,0.0,75.74294,65.80147,65.78109,65.87865,66.22186
2018-01-01 05:39:00,0.1,0.0,66.367874,357730.44,0.0,0.0,12.919989,0.8154102,1.0,1.0,67.88137,0.0,0.0,0.0,-2.3905257e-13,-0.90154815,0.21002197,-400.25253,66.367874,55.184006,0.0,0.9,0.0,-2.5498521e-13,0.0,75.7431,65.79697,65.77576,65.87431,66.21675
2018-01-01 05:40:00,0.1,0.0,66.367874,357730.44,0.0,0.0,12.919989,0.81527656,1.0,1.0,67.87755,0.0,0.0,0.0,-2.3897488e-13,-0.90139806,0.20999146,-400.25253,66.367874,55.184006,0.0,0.9,0.0,-2.5490195e-13,0.0,75.74322,65.792465,65.77049,65.869965,66.21159
2018-01-01 05:41:00,0.1,0.0,66.367874,357730.44,0.0,0.0,12.919989,0.8151441,1.0,1.0,67.87372,0.0,0.0,0.0,-2.388989e-13,-0.90125376,0.20996094,-400.25253,66.367874,55.184006,0.0,0.9,0.0,-2.5481944e-13,0.0,75.74338,65.78796,65.76521,65.86563,66.20642
2018-01-01 05:42:00,0.1,0.0,66.367874,357730.44,0.0,0.0,12.919989,0.81500936,1.0,1.0,67.86988,0.0,0.0,0.0,-2.3882827e-13,-0.9011085,0.20993042,-400.25253,66.367874,55.184006,0.0,0.9,0.0,-2.5473926e-13,0.0,75.74349,65.7834,65.75994,65.86129,66.20126
2018-01-01 05:43:00,0.1,0.0,66.367874,357730.44,0.0,0.0,12.919989,0.81487805,1.0,1.0,67.866035,0.0,0.0,0.0,-2.3874736e-13,-0.9009642,0.2098999,-400.25253,66.367874,55.184006,0.0,0.9,0.0,-2.5465388e-13,0.0,75.74361,65.77889,65.75467,65.856895,66.1961
2018-01-01 05:44:00,0.1,0.0,66.367874,357730.44,0.0,0.0,12.919989,0.81474435,1.0,1.0,67.8622,0.0,0.0,0.0,-2.386708e-13,-0.90081173,0.20986938,-400.25253,66.367874,55.184006,0.0,0.9,0.0,-2.545721e-13,0.0,75.74371,65.77438,65.74939,65.852554,66.19093
2018-01-01 05:45:00,0.1,0.0,66.367874,357730.44,0.0,0.0,12.919989,0.8146108,1.0,1.0,67.85834,0.0,0.0,0.0,-2.3858988e-13,-0.900671,0.20983887,-400.25253,66.367874,55.184006,0.0,0.9,0.0,-2.544885e-13,0.0,75.74382,65.76983,65.744125,65.84822,66.185715
2018-01-01 05:46:00,0.1,0.0,66.367874,357730.44,0.0,0.0,12.919989,0.8144818,1.0,1.0,67.85448,0.0,0.0,0.0,-2.3850843e-13,-0.9005287,0.20980835,-400.25253,66.367874,55.184006,0.0,0.9,0.0,-2.54407e-13,0.0,75.74393,65.76532,65.73879,65.84383,66.18056
2018-01-01 05:47:00,0.1,0.0,66.367874,357730.44,0.0,0.0,12.919989,0.81434935,1.0,1.0,67.85064,0.0,0.0,0.0,-2.3843536e-13,-0.9003813,0.20977783,-400.25253,66.367874,55.184006,0.0,0.9,0.0,-2.5432236e-13,0.0,75.74404,65.760765,65.73352,65.83948,66.175385
2018-01-01 05:48:00,0.1,0.0,66.367874,357730.44,0.0,0.0,12.919989,0.81421685,1.0,1.0,67.84677,0.0,0.0,0.0,-2.3835973e-13,-0.90023,0.20974731,-400.25253,66.367874,55.184006,0.0,0.9,0.0,-2.542426e-13,0.0,75.744156,65.75621,65.72824,65.83508,66.170166
2018-01-01 05:49:00,0.1,0.0,66.367874,357730.44,0.0,0.0,12.919989,0.81408554,1.0,1.0,67.84291,0.0,0.0,0.0,-2.3828186e-13,-0.90008795,0.2097168,-400.25253,66.367874,55.184006,0.0,0.9,0.0,-2.5415737e-13,0.0,75.7442,65.7517,65.72298,65.83069,66.16501
2018-01-01 05:50:00,0.1,0.0,66.367874,357730.44,0.0,0.0,12.919989,0.81395423,1.0,1.0,67.83905,0.0,0.0,0.0,-2.3819488e-13,-0.899939,0.20965576,-400.25253,66.367874,55.184006,0.0,0.9,0.0,-2.5407608e-13,0.0,75.744316,65.74715,65.71764,65.826355,66.15979
2018-01-01 05:51:00,0.1,0.0,66.367874,357730.44,0.0,0.0,12.919989,0.8138218,1.0,1.0,67.83519,0.0,0.0,0.0,-2.3812666e-13,-0.89978945,0.20962524,-400.25253,66.367874,55.184006,0.0,0.9,0.0,-2.5399428e-13,0.0,75.74437,65.742584,65.71237,65.82196,66.154625
2018-01-01 05:52:00,0.1,0.0,66.367874,357730.44,0.0,0.0,12.919989,0.81368697,1.0,1.0,67.83131,0.0,0.0,0.0,-2.3804624e-13,-0.8996416,0.20959473,-400.25253,66.367874,55.184006,0.0,0.9,0.0,-2.5391324e-13,0.0,75.74443,65.73802,65.70709,65.817566,66.14941
2018-01-01 05:53:00,0.1,0.0,66.367874,357730.44,0.0,0.0,12.919989,0.81355685,1.0,1.0,67.82741,0.0,0.0,0.0,-2.3796858e-13,-0.8994984,0.20956421,-400.25253,66.367874,55.184006,0.0,0.9,0.0,-2.538291e-13,0.0,75.74448,65.73346,65.70177,65.81317,66.14419
2018-01-01 05:54:00,0.1,0.0,66.367874,357730.44,0.0,0.0,12.919989,0.8134209,1.0,1.0,67.82355,0.0,0.0,0.0,-2.3789794e-13,-0.89935285,0.20953369,-400.25253,66.367874,55.184006,0.0,0.9,0.0,-2.5374575e-13,0.0,75.74454,65.728905,65.696495,65.80878,66.13902
2018-01-01 05:55:00,0.1,0.0,66.367874,357730.44,0.0,0.0,12.919989,0.8132931,1.0,1.0,67.819664,0.0,0.0,0.0,-2.3781552e-13,-0.89921063,0.20947266,-400.25253,66.367874,55.184006,0.0,0.9,0.0,-2.5366455e-13,0.0,75.74459,65.72435,65.69122,65.80438,66.133804
2018-01-01 05:56:00,0.1,0.0,66.367874,357730.44,0.0,0.0,12.919989,0.8131571,1.0,1.0,67.81577,0.0,0.0,0.0,-2.3774155e-13,-0.89907,0.20944214,-400.25253,66.367874,55.184006,0.0,0.9,0.0,-2.5358036e-13,0.0,75.74459,65.71979,65.6859,65.79999,66.128586
2018-01-01 05:57:00,0.1,0.0,66.367874,357730.44,0.0,0.0,12.919989,0.8130293,1.0,1.0,67.81189,0.0,0.0,0.0,-2.3766015e-13,-0.8989052,0.20941162,-400.25253,66.367874,55.184006,0.0,0.9,0.0,-2.5350167e-13,0.0,75.744644,65.715225,65.68062,65.79559,66.12337
2018-01-01 05:58:00,0.1,0.0,66.367874,357730.44,0.0,0.0,12.919989,0.812898,1.0,1.0,67.808,0.0,0.0,0.0,-2.3758285e-13,-0.8987723,0.2093811,-400.25253,66.367874,55.184006,0.0,0.9,0.0,-2.5341735e-13,0.0,75.744644,65.71066,65.67535,65.7912,66.11815
2018-01-01 05:59:00,0.1,0.0,66.367874,357730.44,0.0,0.0,12.919989,0.8127609,1.0,1.0,67.8041,0.0,0.0,0.0,-2.3751102e-13,-0.89861745,0.20935059,-400.25253,66.367874,55.184006,0.0,0.9,0.0,-2.5333603e-13,0.0,75.744705,65.70611,65.67001,65.78674,66.11293
2018-01-01 06:00:00,0.1,0.0,66.367874,357730.44,0.0,0.0,12.919989,0.8126319,1.0,1.0,67.80022,0.0,0.0,0.0,-2.374328e-13,-0.89847344,0.20932007,-400.25253,66.367874,55.184006,0.0,0.9,0.0,-2.5325185e-13,0.0,75.744705,65.70155,65.66475,65.78235,66.10771
2018-01-01 06:01:00,0.1,0.0,66.367874,357730.44,0.0,0.0,12.919989,0.8124971,1.0,1.0,67.79631,0.0,0.0,0.0,-2.3735506e-13,-0.8983335,0.20928955,-400.25253,66.367874,55.184006,0.0,0.9,0.0,-2.531704e-13,0.0,75.744705,65.69699,65.65942,65.777954,66.10249
2018-01-01 06:02:00,0.1,0.0,66.367874,357730.44,0.0,0.0,12.919989,0.81236815,1.0,1.0,67.7924,0.0,0.0,0.0,-2.372736e-13,-0.8981922,0.20925903,-400.25253,66.367874,55.184006,0.0,0.9,0.0,-2.5308675e-13,0.0,75.744705,65.692375,65.654144,65.77351,66.09722
2018-01-01 06:03:00,0.1,0.0,66.367874,357730.44,0.0,0.0,12.919989,0.8122334,1.0,1.0,67.7885,0.0,0.0,0.0,-2.372035e-13,-0.898048,0.20922852,-400.25253,66.367874,55.184006,0.0,0.9,0.0,-2.530045e-13,0.0,75.744705,65.68782,65.64882,65.76912,66.092
2018-01-01 06:04:00,0.1,0.0,66.367874,357730.44,0.0,0.0,12.919989,0.8121044,1.0,1.0,67.78457,0.0,0.0,0.0,-2.371256e-13,-0.89789885,0.209198,-400.25253,66.367874,55.184006,0.0,0.9,0.0,-2.5292355e-13,0.0,75.744705,65.6832,65.64354,65.76466,66.08673
2018-01-01 06:05:00,0.1,0.0,66.367874,357730.44,0.0,0.0,12.919989,0.8119708,1.0,1.0,67.78063,0.0,0.0,0.0,-2.37042e-13,-0.8977495,0.20916748,-400.25253,66.367874,55.184006,0.0,0.9,0.0,-2.5284318e-13,0.0,75.744705,65.67859,65.638214,65.760216,66.08145
2018-01-01 06:06:00,0.1,0.0,66.367874,357730.44,0.0,0.0,12.919989,0.8118394,1.0,1.0,67.77671,0.0,0.0,0.0,-2.3696995e-13,-0.8975977,0.20913696,-400.25253,66.367874,55.184006,0.0,0.9,0.0,-2.527615e-13,0.0,75.744705,65.67403,65.63289,65.75577,66.07619
2018-01-01 06:07:00,0.1,0.0,66.367874,357730.44,0.0,0.0,12.919989,0.81170696,1.0,1.0,67.772766,0.0,0.0,0.0,-2.3689658e-13,-0.89745337,0.20907593,-400.25253,66.367874,55.184006,0.0,0.9,0.0,-2.5267768e-13,0.0,75.744644,65.66942,65.627556,65.75131,66.07091
2018-01-01 06:08:00,0.1,0.0,66.367874,357730.44,0.0,0.0,12.919989,0.8115757,1.0,1.0,67.76884,0.0,0.0,0.0,-2.368192e-13,-0.897308,0.20904541,-400.25253,66.367874,55.184006,0.0,0.9,0.0,-2.5259593e-13,0.0,75.744644,65.664795,65.62222,65.74687,66.065636
2018-01-01 06:09:00,0.1,0.0,66.367874,357730.44,0.0,0.0,12.919989,0.8114432,1.0,1.0,67.76488,0.0,0.0,0.0,-2.3673663e-13,-0.8971639,0.2090149,-400.25253,66.367874,55.184006,0.0,0.9,0.0,-2.525148e-13,0.0,75.74459,65.660126,65.6169,65.74242,66.06036
2018-01-01 06:10:00,0.1,0.0,66.367874,357730.44,0.0,0.0,12.919989,0.8113119,1.0,1.0,67.760925,0.0,0.0,0.0,-2.3666182e-13,-0.89701706,0.20898438,-400.25253,66.367874,55.184006,0.0,0.9,0.0,-2.524312e-13,0.0,75.74454,65.65552,65.61157,65.73797,66.05504
2018-01-01 06:11:00,0.1,0.0,66.367874,357730.44,0.0,0.0,12.919989,0.81117946,1.0,1.0,67.756966,0.0,0.0,0.0,-2.3658536e-13,-0.8968692,0.20895386,-400.25253,66.367874,55.184006,0.0,0.9,0.0,-2.523505e-13,0.0,75.74448,65.6509,65.60625,65.73346,66.049706
2018-01-01 06:12:00,0.1,0.0,66.367874,357730.44,0.0,0.0,12.919989,0.81104696,1.0,1.0,67.75299,0.0,0.0,0.0,-2.365101e-13,-0.896733,0.20892334,-400.25253,66.367874,55.184006,0.0,0.9,0.0,-2.5226712e-13,0.0,75.74443,65.64623,65.600914,65.72902,66.04437
2018-01-01 06:13:00,0.1,0.0,66.367874,357730.44,0.0,0.0,12.919989,0.810918,1.0,1.0,67.749,0.0,0.0,0.0,-2.3643462e-13,-0.8965858,0.20889282,-400.25253,66.367874,55.184006,0.0,0.9,0.0,-2.5218553e-13,0.0,75.74437,65.64156,65.595535,65.72451,66.03905
2018-01-01 06:14:00,0.1,0.0,66.367874,357730.44,0.0,0.0,12.919989,0.8107832,1.0,1.0,67.74504,0.0,0.0,0.0,-2.363557e-13,-0.89643455,0.2088623,-400.25253,66.367874,55.184006,0.0,0.9,0.0,-2.5210338e-13,0.0,75.744316,65.63695,65.5902,65.72,66.03372
2018-01-01 06:15:00,0.1,0.0,66.367874,357730.44,0.0,0.0,12.919989,0.8106542,1.0,1.0,67.741066,0.0,0.0,0.0,-2.3627262e-13,-0.89629805,0.20883179,-400.25253,66.367874,55.184006,0.0,0.9,0.0,-2.520216e-13,0.0,75.74426,65.63228,65.58482,65.71556,66.0284
2018-01-01 06:16:00,0.1,0.0,66.367874,357730.44,0.0,0.0,12.919989,0.8105217,1.0,1.0,67.737076,0.0,0.0,0.0,-2.3620418e-13,-0.89614856,0.20880127,-400.25253,66.367874,55.184006,0.0,0.9,0.0,-2.519408e-13,0.0,75.7442,65.62761,65.57949,65.71105,66.02301
2018-01-01 06:17:00,0.1,0.0,66.367874,357730.44,0.0,0.0,12.919989,0.81038815,1.0,1.0,67.73307,0.0,0.0,0.0,-2.3612433e-13,-0.8959873,0.20877075,-400.25253,66.367874,55.184006,0.0,0.9,0.0,-2.5186027e-13,0.0,75.744095,65.62294,65.57411,65.70654,66.017624
2018-01-01 06:18:00,0.1,0.0,66.367874,357730.44,0.0,0.0,12.919989,0.81025803,1.0,1.0,67.72907,0.0,0.0,0.0,-2.360462e-13,-0.8958485,0.20874023,-400.25253,66.367874,55.184006,0.0,0.9,0.0,-2.5177573e-13,0.0,75.74404,65.61827,65.568726,65.70204,66.0123
2018-01-01 06:19:00,0.1,0.0,66.367874,357730.44,0.0,0.0,12.919989,0.8101267,1.0,1.0,67.72504,0.0,0.0,0.0,-2.3597007e-13,-0.89570445,0.20870972,-400.25253,66.367874,55.184006,0.0,0.9,0.0,-2.5169745e-13,0.0,75.74393,65.61355,65.56334,65.69748,66.00691
2018-01-01 06:20:00,0.1,0.0,66.367874,357730.44,0.0,0.0,12.919989,0.80999535,1.0,1.0,67.72103,0.0,0.0,0.0,-2.3589293e-13,-0.89556384,0.2086792,-400.25253,66.367874,55.184006,0.0,0.9,0.0,-2.516111e-13,0.0,75.74388,65.60888,65.55795,65.69298,66.00148
2018-01-01 06:21:00,0.1,0.0,66.367874,357730.44,0.0,0.0,12.919989,0.80986404,1.0,1.0,67.71702,0.0,0.0,0.0,-2.3581427e-13,-0.8954174,0.20864868,-400.25253,66.367874,55.184006,0.0,0.9,0.0,-2.5153187e-13,0.0,75.74377,65.60416,65.552574,65.68848,65.99609
2018-01-01 06:22:00,0.1,0.0,66.367874,357730.44,0.0,0.0,12.919989,0.8097328,1.0,1.0,67.71299,0.0,0.0,0.0,-2.3574111e-13,-0.8952702,0.20861816,-400.25253,66.367874,55.184006,0.0,0.9,0.0,-2.5144993e-13,0.0,75.74365,65.59949,65.547195,65.683914,65.99071
2018-01-01 06:23:00,0.1,0.0,66.367874,357730.44,0.0,0.0,12.919989,0.8096015,1.0,1.0,67.70896,0.0,0.0,0.0,-2.3566706e-13,-0.89512444,0.20858765,-400.25253,66.367874,55.184006,0.0,0.9,0.0,-2.513695e-13,0.0,75.743546,65.59476,65.54181,65.67941,65.985275
2018-01-01 06:24:00,0.1,0.0,66.367874,357730.44,0.0,0.0,12.919989,0.8094702,1.0,1.0,67.70491,0.0,0.0,0.0,-2.3558423e-13,-0.89498204,0.20855713,-400.25253,66.367874,55.184006,0.0,0.9,0.0,-2.5128703e-13,0.0,75.74344,65.59004,65.53642,65.67485,65.97983
2018-01-01 06:25:00,0.1,0.0,66.367874,357730.44,0.0,0.0,12.919989,0.80933887,1.0,1.0,67.700874,0.0,0.0,0.0,-2.3550926e-13,-0.894839,0.20852661,-400.25253,66.367874,55.184006,0.0,0.9,0.0,-2.512039e-13,0.0,75.74333,65.58531,65.53104,65.67029,65.974396
2018-01-01 06:26:00,0.1,0.0,66.367874,357730.44,0.0,0.0,12.919989,0.80920637,1.0,1.0,67.69682,0.0,0.0,0.0,-2.3542954e-13,-0.8946929,0.20846558,-400.25253,66.367874,55.184006,0.0,0.9,0.0,-2.511236e-13,0.0,75.74322,65.58059,65.525604,65.66573,65.968956
2018-01-01 06:27:00,0.1,0.0,66.367874,357730.44,0.0,0.0,12.919989,0.8090739,1.0,1.0,67.69277,0.0,0.0,0.0,-2.3536137e-13,-0.8945514,0.20843506,-400.25253,66.367874,55.184006,0.0,0.9,0.0,-2.5104067e-13,0.0,75.7431,65.57587,65.52022,65.66118,65.96352
2018-01-01 06:28:00,0.1,0.0,66.367874,357730.44,0.0,0.0,12.919989,0.8089415,1.0,1.0,67.6887,0.0,0.0,0.0,-2.3528415e-13,-0.8944067,0.20837402,-400.25253,66.367874,55.184006,0.0,0.9,0.0,-2.509607e-13,0.0,75.74294,65.57109,65.514786,65.65662,65.958084
2018-01-01 06:29:00,0.1,0.0,66.367874,357730.44,0.0,0.0,12.919989,0.808809,1.0,1.0,67.68465,0.0,0.0,0.0,-2.352044e-13,-0.8942491,0.2083435,-400.25253,66.367874,55.184006,0.0,0.9,0.0,-2.508792e-13,0.0,75.74283,65.56636,65.5094,65.652054,65.95259
2018-01-01 06:30:00,0.1,0.0,66.367874,357730.44,0.0,0.0,12.919989,0.8086812,1.0,1.0,67.68057,0.0,0.0,0.0,-2.3512746e-13,-0.8941016,0.20831299,-400.25253,66.367874,55.184006,0.0,0.9,0.0,-2.507982e-13,0.0,75.74267,65.561584,65.50396,65.64749,65.94714
2018-01-01 06:31:00,0.1,0.0,66.367874,357730.44,0.0,0.0,12.919989,0.8085487,1.0,1.0,67.6765,0.0,0.0,0.0,-2.3505799e-13,-0.8939616,0.20828247,-400.25253,66.367874,55.184006,0.0,0.9,0.0,-2.5071622e-13,0.0,75.74255,65.556854,65.49852,65.64294,65.94165
2018-01-01 06:32:00,0.1,0.0,66.367874,357730.44,0.0,0.0,12.919989,0.8084186,1.0,1.0,67.67241,0.0,0.0,0.0,-2.3497626e-13,-0.8938172,0.20825195,-400.25253,66.367874,55.184006,0.0,0.9,0.0,-2.5063542e-13,0.0,75.74239,65.55208,65.49313,65.63832,65.93616
2018-01-01 06:33:00,0.1,0.0,66.367874,357730.44,0.0,0.0,12.919989,0.80828846,1.0,1.0,67.668335,0.0,0.0,0.0,-2.3490107e-13,-0.89366686,0.20822144,-400.25253,66.367874,55.184006,0.0,0.9,0.0,-2.5055468e-13,0.0,75.74223,65.5473,65.4877,65.63376,65.930664
2018-01-01 06:34:00,0.1,0.0,66.367874,357730.44,0.0,0.0,12.919989,0.80815715,1.0,1.0,67.664246,0.0,0.0,0.0,-2.348201e-13,-0.89353204,0.20819092,-400.25253,66.367874,55.184006,0.0,0.9,0.0,-2.5047052e-13,0.0,75.74212,65.54253,65.48226,65.62915,65.92517
2018-01-01 06:35:00,0.1,0.0,66.367874,357730.44,0.0,0.0,12.919989,0.8080212,1.0,1.0,67.66014,0.0,0.0,0.0,-2.3474628e-13,-0.8933832,0.2081604,-400.25253,66.367874,55.184006,0.0,0.9,0.0,-2.503899e-13,0.0,75.74196,65.53774,65.47682,65.624535,65.91968
2018-01-01 06:36:00,0.1,0.0,66.367874,357730.44,0.0,0.0,12.919989,0.80789334,1.0,1.0,67.65605,0.0,0.0,0.0,-2.3467548e-13,-0.89323807,0.20812988,-400.25253,66.367874,55.184006,0.0,0.9,0.0,-2.5030935e-13,0.0,75.74179,65.53296,65.47139,65.61998,65.91414
2018-01-01 06:37:00,0.1,0.0,66.367874,357730.44,0.0,0.0,12.919989,0.8077632,1.0,1.0,67.651955,0.0,0.0,0.0,-2.345935e-13,-0.89309347,0.20809937,-400.25253,66.367874,55.184006,0.0,0.9,0.0,-2.5022803e-13,0.0,75.74162,65.52818,65.46594,65.61536,65.908646
2018-01-01 06:38:00,0.1,0.0,66.367874,357730.44,0.0,0.0,12.919989,0.8076296,1.0,1.0,67.64781,0.0,0.0,0.0,-2.3452215e-13,-0.892937,0.20806885,-400.25253,66.367874,55.184006,0.0,0.9,0.0,-2.5014843e-13,0.0,75.74141,65.523346,65.46051,65.61075,65.90309
2018-01-01 06:39:00,0.1,0.0,66.367874,357730.44,0.0,0.0,12.919989,0.80749834,1.0,1.0,67.6437,0.0,0.0,0.0,-2.3444593e-13,-0.89280015,0.20803833,-400.25253,66.367874,55.184006,0.0,0.9,0.0,-2.500668e-13,0.0,75.74124,65.51857,65.45502,65.60613,65.897545
2018-01-01 06:40:00,0.1,0.0,66.367874,357730.44,0.0,0.0,12.919989,0.80736816,1.0,1.0,67.63958,0.0,0.0,0.0,-2.343658e-13,-0.89265805,0.20800781,-400.25253,66.367874,55.184006,0.0,0.9,0.0,-2.4998512e-13,0.0,75.74107,65.51373,65.44958,65.60152,65.892
2018-01-01 06:41:00,0.1,0.0,66.36781,357730.44,0.0,0.0,12.919989,0.80723566,1.0,1.0,67.63544,0.0,0.0,0.0,-2.3429403e-13,-0.8925089,0.2079773,-400.25253,66.36781,55.184006,0.0,0.9,0.0,-2.499039e-13,0.0,75.740906,65.5089,65.44414,65.596794,65.886444
2018-01-01 06:42:00,0.1,0.0,66.36781,357730.44,0.0,0.0,12.919989,0.80710673,1.0,1.0,67.63129,0.0,0.0,0.0,-2.342199e-13,-0.8923724,0.20794678,-400.25253,66.36781,55.184006,0.0,0.9,0.0,-2.4982292e-13,0.0,75.74069,65.50412,65.438644,65.59207,65.880905
2018-01-01 06:43:00,0.1,0.0,66.36781,357730.44,0.0,0.0,12.919989,0.8069754,1.0,1.0,67.62712,0.0,0.0,0.0,-2.3413387e-13,-0.89222133,0.20791626,-400.25253,66.36781,55.184006,0.0,0.9,0.0,-2.4974204e-13,0.0,75.740524,65.49929,65.43321,65.587296,65.8753
2018-01-01 06:44:00,0.1,0.0,66.36781,357730.44,0.0,0.0,12.919989,0.806843,1.0,1.0,67.62296,0.0,0.0,0.0,-2.3406757e-13,-0.8920847,0.20788574,-400.25253,66.36781,55.184006,0.0,0.9,0.0,-2.496585e-13,0.0,75.74031,65.49446,65.42772,65.582565,65.86975
2018-01-01 06:45:00,0.1,0.0,66.36781,357730.44,0.0,0.0,12.919989,0.80671275,1.0,1.0,67.6188,0.0,0.0,0.0,-2.339921e-13,-0.8919359,0.2078247,-400.25253,66.36781,55.184006,0.0,0.9,0.0,-2.4958036e-13,0.0,75.74008,65.489624,65.42227,65.57784,65.86415
2018-01-01 06:46:00,0.1,0.0,66.36781,357730.44,0.0,0.0,12.919989,0.8065826,1.0,1.0,67.614624,0.0,0.0,0.0,-2.339194e-13,-0.8917842,0.20779419,-400.25253,66.36781,55.184006,0.0,0.9,0.0,-2.494972e-13,0.0,75.73992,65.48479,65.41678,65.57306,65.8586
2018-01-01 06:47:00,0.1,0.0,66.36781,357730.44,0.0,0.0,12.919989,0.8064502,1.0,1.0,67.61046,0.0,0.0,0.0,-2.3383785e-13,-0.8916451,0.20776367,-400.25253,66.36781,55.184006,0.0,0.9,0.0,-2.494169e-13,0.0,75.7397,65.479904,65.41135,65.568344,65.853
2018-01-01 06:48:00,0.1,0.0,66.36781,357730.44,0.0,0.0,12.919989,0.8063201,1.0,1.0,67.60628,0.0,0.0,0.0,-2.3375486e-13,-0.89149535,0.20773315,-400.25253,66.36781,55.184006,0.0,0.9,0.0,-2.4933555e-13,0.0,75.73949,65.47507,65.40585,65.56356,65.8474
2018-01-01 06:49:00,0.1,0.0,66.36781,357730.44,0.0,0.0,12.919989,0.80618757,1.0,1.0,67.6021,0.0,0.0,0.0,-2.3368352e-13,-0.8913541,0.20770264,-400.25253,66.36781,55.184006,0.0,0.9,0.0,-2.4925372e-13,0.0,75.73926,65.47023,65.40036,65.55884,65.84179
2018-01-01 06:50:00,0.1,0.0,66.36781,357730.44,0.0,0.0,12.919989,0.80605745,1.0,1.0,67.597885,0.0,0.0,0.0,-2.336051e-13,-0.89121103,0.20767212,-400.25253,66.36781,55.184006,0.0,0.9,0.0,-2.491756e-13,0.0,75.739044,65.46535,65.39487,65.55406,65.836136
2018-01-01 06:51:00,0.1,0.0,66.36781,357730.44,0.0,0.0,12.919989,0.80592495,1.0,1.0,67.5937,0.0,0.0,0.0,-2.3353243e-13,-0.89106315,0.2076416,-400.25253,66.36781,55.184006,0.0,0.9,0.0,-2.4909274e-13,0.0,75.73882,65.46045,65.38937,65.54928,65.83053
2018-01-01 06:52:00,0.1,0.0,66.36781,357730.44,0.0,0.0,12.919989,0.80579716,1.0,1.0,67.5895,0.0,0.0,0.0,-2.3345486e-13,-0.89092225,0.20761108,-400.25253,66.36781,55.184006,0.0,0.9,0.0,-2.4901245e-13,0.0,75.7386,65.45562,65.38388,65.544495,65.82492
2018-01-01 06:53:00,0.1,0.0,66.36781,357730.44,0.0,0.0,12.919989,0.805667,1.0,1.0,67.58528,0.0,0.0,0.0,-2.3337904e-13,-0.8907799,0.20758057,-400.25253,66.36781,55.184006,0.0,0.9,0.0,-2.4893276e-13,0.0,75.73833,65.45073,65.37839,65.539665,65.81927
2018-01-01 06:54:00,0.1,0.0,66.36781,357730.44,0.0,0.0,12.919989,0.8055334,1.0,1.0,67.58107,0.0,0.0,0.0,-2.333113e-13,-0.8906293,0.20755005,-400.25253,66.36781,55.184006,0.0,0.9,0.0,-2.4885243e-13,0.0,75.73811,65.44585,65.372894,65.53488,65.813614
2018-01-01 06:55:00,0.1,0.0,66.36781,357730.44,0.0,0.0,12.919989,0.80540556,1.0,1.0,67.57687,0.0,0.0,0.0,-2.3322574e-13,-0.8904841,0.20751953,-400.25253,66.36781,55.184006,0.0,0.9,0.0,-2.4877003e-13,0.0,75.737885,65.44095,65.3674,65.530106,65.80801
2018-01-01 06:56:00,0.1,0.0,66.36781,357730.44,0.0,0.0,12.919989,0.8052743,1.0,1.0,67.57265,0.0,0.0,0.0,-2.331501e-13,-0.8903416,0.20748901,-400.25253,66.36781,55.184006,0.0,0.9,0.0,-2.4868863e-13,0.0,75.73761,65.436066,65.36191,65.52527,65.80235
2018-01-01 06:57:00,0.1,0.0,66.36781,357730.44,0.0,0.0,12.919989,0.8051418,1.0,1.0,67.56842,0.0,0.0,0.0,-2.3307712e-13,-0.8902022,0.2074585,-400.25253,66.36781,55.184006,0.0,0.9,0.0,-2.4861038e-13,0.0,75.7374,65.43112,65.356415,65.52049,65.79669
2018-01-01 06:58:00,0.1,0.0,66.36781,357730.44,0.0,0.0,12.919989,0.8050128,1.0,1.0,67.564186,0.0,0.0,0.0,-2.3299827e-13,-0.89004636,0.20742798,-400.25253,66.36781,55.184006,0.0,0.9,0.0,-2.4852798e-13,0.0,75.73712,65.42623,65.35092,65.515656,65.79098
2018-01-01 06:59:00,0.1,0.0,66.36781,357730.44,0.0,0.0,12.919989,0.8048792,1.0,1.0,67.55995,0.0,0.0,0.0,-2.3293157e-13,-0.88990855,0.20739746,-400.25253,66.36781,55.184006,0.0,0.9,0.0,-2.4844707e-13,0.0,75.7369,65.42134,65.34537,65.510826,65.785324
2018-01-01 07:00:00,0.1,0.0,66.36781,357730.44,0.0,0.0,12.919989,0.8047491,1.0,1.0,67.55571,0.0,0.0,0.0,-2.32851e-13,-0.8897674,0.20736694,-400.25253,66.36781,55.184006,0.0,0.9,0.0,-2.4836668e-13,0.0,75.736626,65.4164,65.339874,65.506,65.77966
2018-01-01 07:01:00,0.1,0.0,66.36781,357730.44,0.0,0.0,12.938007,0.8046201,1.0,1.0,67.55146,0.0,0.0,0.0,-2.3277848e-13,-0.889611,0.20730591,-400.25253,66.36781,55.184006,0.0,0.9,0.0,-2.4828517e-13,0.0,75.73635,65.411514,65.334335,65.50116,65.77395
2018-01-01 07:02:00,0.1,0.0,66.36781,357730.44,0.0,0.0,12.956024,0.80448526,1.0,1.0,67.54722,0.0,0.0,0.0,-2.3270126e-13,-0.8894736,0.20727539,-400.25253,66.36781,55.184006,0.0,0.9,0.0,-2.4820524e-13,0.0,75.73608,65.40657,65.32884,65.49632,65.768295
2018-01-01 07:03:00,0.1,0.0,66.36781,357730.44,0.0,0.0,12.973988,0.8043563,1.0,1.0,67.54299,0.0,0.0,0.0,-2.326257e-13,-0.88932645,0.20724487,-400.25253,66.36781,55.184006,0.0,0.9,0.0,-2.4812381e-13,0.0,75.7358,65.40167,65.32335,65.491486,65.762634
2018-01-01 07:04:00,0.1,0.0,66.36781,357730.44,0.0,0.0,12.992004,0.8042285,1.0,1.0,67.53874,0.0,0.0,0.0,-2.32542e-13,-0.88918203,0.20721436,-400.25253,66.36781,55.184006,0.0,0.9,0.0,-2.480436e-13,0.0,75.73553,65.39673,65.317856,65.48666,65.75697
2018-01-01 07:05:00,0.1,0.0,66.36781,357730.44,0.0,0.0,13.010023,0.80409485,1.0,1.0,67.53453,0.0,0.0,0.0,-2.3247704e-13,-0.8890385,0.20718384,-400.25253,66.36781,55.184006,0.0,0.9,0.0,-2.479644e-13,0.0,75.73525,65.391846,65.31236,65.48187,65.75131
2018-01-01 07:06:00,0.1,0.0,66.36781,357730.44,0.0,0.0,13.027985,0.80396587,1.0,1.0,67.53031,0.0,0.0,0.0,-2.3240006e-13,-0.88889974,0.2071228,-400.25253,66.36781,55.184006,0.0,0.9,0.0,-2.4788312e-13,0.0,75.73498,65.386955,65.306915,65.47704,65.74566
2018-01-01 07:07:00,0.1,0.0,66.36781,357730.44,0.0,0.0,13.046003,0.80383575,1.0,1.0,67.52608,0.0,0.0,0.0,-2.3231867e-13,-0.8887543,0.20709229,-400.25253,66.36781,55.184006,0.0,0.9,0.0,-2.4780183e-13,0.0,75.7347,65.382065,65.30142,65.47221,65.740005
2018-01-01 07:08:00,0.1,0.0,66.36781,357730.44,0.0,0.0,13.06402,0.8037056,1.0,1.0,67.52189,0.0,0.0,0.0,-2.322457e-13,-0.88861114,0.20706177,-400.25253,66.36781,55.184006,0.0,0.9,0.0,-2.4772223e-13,0.0,75.73443,65.37718,65.29599,65.46743,65.7344
2018-01-01 07:09:00,0.1,0.0,66.36781,357730.44,0.0,0.0,13.082037,0.80357546,1.0,1.0,67.51768,0.0,0.0,0.0,-2.3217265e-13,-0.88847005,0.20703125,-400.25253,66.36781,55.184006,0.0,0.9,0.0,-2.476407e-13,0.0,75.73415,65.372284,65.2905,65.46265,65.72879
2018-01-01 07:10:00,0.1,0.0,66.36781,357730.44,0.0,0.0,13.1,0.80344415,1.0,1.0,67.513466,0.0,0.0,0.0,-2.3209532e-13,-0.8883204,0.20700073,-400.25253,66.36781,55.184006,0.0,0.9,0.0,-2.4756073e-13,0.0,75.733826,65.3674,65.28506,65.45782,65.72319
2018-01-01 07:11:00,0.1,0.0,66.36781,357730.44,0.0,0.0,13.118017,0.8033117,1.0,1.0,67.50927,0.0,0.0,0.0,-2.3201823e-13,-0.8881799,0.20697021,-400.25253,66.36781,55.184006,0.0,0.9,0.0,-2.4747923e-13,0.0,75.73355,65.362564,65.27962,65.45303,65.71759
2018-01-01 07:12:00,0.1,0.0,66.36781,357730.44,0.0,0.0,13.136036,0.8031804,1.0,1.0,67.50508,0.0,0.0,0.0,-2.3194795e-13,-0.8880281,0.2069397,-400.25253,66.36781,55.184006,0.0,0.9,0.0,-2.4740016e-13,0.0,75.733215,65.35768,65.27423,65.44826,65.71199
2018-01-01 07:13:00,0.1,0.0,66.36781,357730.44,0.0,0.0,13.153997,0.8030514,1.0,1.0,67.50089,0.0,0.0,0.0,-2.3187086e-13,-0.88788575,0.20690918,-400.25253,66.36781,55.184006,0.0,0.9,0.0,-2.4731917e-13,0.0,75.73294,65.352844,65.2688,65.44348,65.70638
2018-01-01 07:14:00,0.1,0.0,66.36781,357730.44,0.0,0.0,13.172016,0.8029224,1.0,1.0,67.496704,0.0,0.0,0.0,-2.3179475e-13,-0.8877443,0.20687866,-400.25253,66.36781,55.184006,0.0,0.9,0.0,-2.4724138e-13,0.0,75.73262,65.34795,65.26341,65.438705,65.700836
2018-01-01 07:15:00,0.1,0.0,66.36781,357730.44,0.0,0.0,13.190033,0.8027888,1.0,1.0,67.49253,0.0,0.0,0.0,-2.317299e-13,-0.8876001,0.20684814,-400.25253,66.36781,55.184006,0.0,0.9,0.0,-2.4716007e-13,0.0,75.732346,65.343124,65.25798,65.43392,65.69528
2018-01-01 07:16:00,0.1,0.0,66.36781,357730.44,0.0,0.0,13.207996,0.8026587,1.0,1.0,67.48836,0.0,0.0,0.0,-2.3164652e-13,-0.8874549,0.20681763,-400.25253,66.36781,55.184006,0.0,0.9,0.0,-2.4707943e-13,0.0,75.73201,65.33829,65.252594,65.42914,65.68974
2018-01-01 07:17:00,0.1,0.0,66.36781,357730.44,0.0,0.0,13.226013,0.8025285,1.0,1.0,67.48419,0.0,0.0,0.0,-2.3157146e-13,-0.88730717,0.20678711,-400.25253,66.36781,55.184006,0.0,0.9,0.0,-2.4699847e-13,0.0,75.73168,65.33345,65.24721,65.42442,65.68419
2018-01-01 07:18:00,0.1,0.0,66.36781,357730.44,0.0,0.0,13.244032,0.8023995,1.0,1.0,67.48002,0.0,0.0,0.0,-2.3149427e-13,-0.88716877,0.20675659,-400.25253,66.36781,55.184006,0.0,0.9,0.0,-2.4691954e-13,0.0,75.73135,65.32861,65.24182,65.41964,65.67864
2018-01-01 07:19:00,0.1,0.0,66.36781,357730.44,0.0,0.0,13.261993,0.8022706,1.0,1.0,67.475876,0.0,0.0,0.0,-2.31418e-13,-0.88701844,0.20672607,-400.25253,66.36781,55.184006,0.0,0.9,0.0,-2.4683847e-13,0.0,75.73108,65.323784,65.236496,65.41492,65.673096
2018-01-01 07:20:00,0.1,0.0,66.36781,357730.44,0.0,0.0,13.280012,0.8021392,1.0,1.0,67.47171,0.0,0.0,0.0,-2.313455e-13,-0.88688076,0.20669556,-400.25253,66.36781,55.184006,0.0,0.9,0.0,-2.467585e-13,0.0,75.73074,65.318954,65.23111,65.41014,65.6676
2018-01-01 07:21:00,0.1,0.0,66.36781,357730.44,0.0,0.0,13.298029,0.8020079,1.0,1.0,67.467575,0.0,0.0,0.0,-2.3127607e-13,-0.88672715,0.20666504,-400.25253,66.36781,55.184006,0.0,0.9,0.0,-2.4668058e-13,0.0,75.73042,65.31417,65.225784,65.40541,65.66211
2018-01-01 07:22:00,0.1,0.0,66.36781,357730.44,0.0,0.0,13.315992,0.8018789,1.0,1.0,67.463425,0.0,0.0,0.0,-2.3119522e-13,-0.88659406,0.20663452,-400.25253,66.36781,55.184006,0.0,0.9,0.0,-2.4659766e-13,0.0,75.73009,65.30934,65.2204,65.40069,65.65662
2018-01-01 07:23:00,0.1,0.0,66.36781,357730.44,0.0,0.0,13.334009,0.8017477,1.0,1.0,67.4593,0.0,0.0,0.0,-2.3111892e-13,-0.88645005,0.206604,-400.25253,66.36781,55.184006,0.0,0.9,0.0,-2.46519e-13,0.0,75.72976,65.30456,65.21507,65.395966,65.65112
2018-01-01 07:24:00,0.1,0.0,66.36781,357730.44,0.0,0.0,13.352026,0.8016187,1.0,1.0,67.455154,0.0,0.0,0.0,-2.310424e-13,-0.88629794,0.20657349,-400.25253,66.36781,55.184006,0.0,0.9,0.0,-2.4644005e-13,0.0,75.72937,65.29973,65.2098,65.391235,65.64563
2018-01-01 07:25:00,0.1,0.0,66.36781,357730.44,0.0,0.0,13.369989,0.8014886,1.0,1.0,67.451035,0.0,0.0,0.0,-2.309698e-13,-0.886157,0.20654297,-400.25253,66.36781,55.184006,0.0,0.9,0.0,-2.4635694e-13,0.0,75.72905,65.294945,65.20447,65.38652,65.64019
2018-01-01 07:26:00,0.1,0.0,66.36781,357730.44,0.0,0.0,13.388006,0.8013584,1.0,1.0,67.4469,0.0,0.0,0.0,-2.3088917e-13,-0.8860133,0.20651245,-400.25253,66.36781,55.184006,0.0,0.9,0.0,-2.4627766e-13,0.0,75.728714,65.29016,65.19914,65.38179,65.6347
2018-01-01 07:27:00,0.1,0.0,66.36781,357730.44,0.0,0.0,13.406025,0.8012259,1.0,1.0,67.44304,0.0,0.0,0.0,-2.3082382e-13,-0.88587195,0.20648193,-400.25253,66.36781,55.184006,0.0,0.9,0.0,-2.461982e-13,0.0,75.728386,65.285446,65.193985,65.37767,65.6297
2018-01-01 07:28:00,0.1,0.0,66.36781,357730.44,0.0,0.0,13.423986,0.80109924,1.0,1.0,67.43925,0.0,0.0,0.0,-2.307449e-13,-0.8857266,0.20645142,-400.25253,66.36781,55.184006,0.0,0.9,0.0,-2.461177e-13,0.0,75.72806,65.28078,65.18887,65.37372,65.62481
2018-01-01 07:29:00,0.1,0.0,66.36776,357730.44,0.0,0.0,13.442005,0.80096567,1.0,1.0,67.43546,0.0,0.0,0.0,-2.306692e-13,-0.8855847,0.20639038,-400.25253,66.36776,55.184006,0.0,0.9,0.0,-2.4603922e-13,0.0,75.72768,65.27611,65.18376,65.36977,65.61998
2018-01-01 07:30:00,0.1,0.0,66.36776,357730.44,0.0,0.0,13.460022,0.800839,1.0,1.0,67.43171,0.0,0.0,0.0,-2.3059403e-13,-0.88543165,0.20635986,-400.25253,66.36776,55.184006,0.0,0.9,0.0,-2.4595853e-13,0.0,75.72734,65.271484,65.17865,65.36586,65.6152
2018-01-01 07:31:00,0.1,0.0,66.36776,357730.44,0.0,0.0,13.477985,0.80070657,1.0,1.0,67.42797,0.0,0.0,0.0,-2.3051596e-13,-0.8852927,0.20632935,-400.25253,66.36776,55.184006,0.0,0.9,0.0,-2.4587935e-13,0.0,75.72701,65.266815,65.1736,65.362015,65.61041
2018-01-01 07:32:00,0.1,0.0,66.36776,357730.44,0.0,0.0,13.496002,0.80057526,1.0,1.0,67.42434,0.0,0.0,0.0,-2.3044866e-13,-0.88515365,0.20629883,-400.25253,66.36776,55.184006,0.0,0.9,0.0,-2.4579882e-13,0.0,75.72662,65.26221,65.16855,65.35839,65.60591
2018-01-01 07:33:00,0.1,0.0,66.36776,357730.44,0.0,0.0,13.514021,0.8004486,1.0,1.0,67.42079,0.0,0.0,0.0,-2.3036702e-13,-0.88500446,0.20626831,-400.25253,66.36776,55.184006,0.0,0.9,0.0,-2.4571995e-13,0.0,75.7263,65.25759,65.1635,65.35504,65.60152
2018-01-01 07:34:00,0.1,0.0,66.36776,357730.44,0.0,0.0,13.532038,0.8003172,1.0,1.0,67.41734,0.0,0.0,0.0,-2.3029682e-13,-0.88486195,0.20620728,-400.25253,66.36776,55.184006,0.0,0.9,0.0,-2.4564015e-13,0.0,75.72597,65.25304,65.15849,65.35185,65.59734
2018-01-01 07:35:00,0.1,0.0,66.36776,357730.44,0.0,0.0,13.550001,0.8001871,1.0,1.0,67.41398,0.0,0.0,0.0,-2.302265e-13,-0.8847157,0.20617676,-400.25253,66.36776,55.184006,0.0,0.9,0.0,-2.4556052e-13,0.0,75.72564,65.248474,65.15355,65.34889,65.59334
2018-01-01 07:36:00,0.1,0.0,66.36776,357730.44,0.0,0.0,13.568018,0.800057,1.0,1.0,67.41068,0.0,0.0,0.0,-2.3014728e-13,-0.8845677,0.20614624,-400.25253,66.36776,55.184006,0.0,0.9,0.0,-2.454814e-13,0.0,75.725365,65.24391,65.148605,65.346085,65.58943
2018-01-01 07:37:00,0.1,0.0,66.36776,357730.44,0.0,0.0,13.586035,0.7999268,1.0,1.0,67.407486,0.0,0.0,0.0,-2.3007112e-13,-0.8844381,0.20611572,-400.25253,66.36776,55.184006,0.0,0.9,0.0,-2.454001e-13,0.0,75.72504,65.23935,65.14366,65.34356,65.58581
2018-01-01 07:38:00,0.1,0.0,66.36771,357730.44,0.0,0.0,13.603998,0.7997979,1.0,1.0,67.404465,0.0,0.0,0.0,-2.299926e-13,-0.8842805,0.2060852,-400.25253,66.36771,55.184006,0.0,0.9,0.0,-2.4532045e-13,0.0,75.72476,65.23485,65.13878,65.341415,65.58251
2018-01-01 07:39:00,0.1,0.0,66.36771,357730.44,0.0,0.0,13.622015,0.7996689,1.0,1.0,67.40158,0.0,0.0,0.0,-2.2992326e-13,-0.88415086,0.20605469,-400.25253,66.36771,55.184006,0.0,0.9,0.0,-2.4524173e-13,0.0,75.72449,65.2304,65.13394,65.339554,65.57949
2018-01-01 07:40:00,0.1,0.0,66.36771,357730.44,0.0,0.0,13.640034,0.7995364,1.0,1.0,67.39876,0.0,0.0,0.0,-2.298486e-13,-0.8840003,0.20602417,-400.25253,66.36771,55.184006,0.0,0.9,0.0,-2.451608e-13,0.0,75.72421,65.22589,65.129105,65.337906,65.57669
2018-01-01 07:41:00,0.1,0.0,66.36771,357730.44,0.0,0.0,13.657995,0.79940856,1.0,1.0,67.396095,0.0,0.0,0.0,-2.2977003e-13,-0.88385403,0.20599365,-400.25253,66.36771,55.184006,0.0,0.9,0.0,-2.4508233e-13,0.0,75.72399,65.22145,65.12433,65.33658,65.57411
2018-01-01 07:42:00,0.1,0.0,66.36771,357730.44,0.0,0.0,13.676014,0.79927963,1.0,1.0,67.393524,0.0,0.0,0.0,-2.2969807e-13,-0.88371396,0.20596313,-400.25253,66.36771,55.184006,0.0,0.9,0.0,-2.4500172e-13,0.0,75.72377,65.21706,65.11955,65.335434,65.5718
2018-01-01 07:43:00,0.1,0.0,66.36771,357730.44,0.0,0.0,13.694031,0.799146,1.0,1.0,67.391075,0.0,0.0,0.0,-2.2962502e-13,-0.88356787,0.20593262,-400.25253,66.36771,55.184006,0.0,0.9,0.0,-2.449246e-13,0.0,75.72356,65.21266,65.11482,65.33461,65.56972
2018-01-01 07:44:00,0.1,0.0,66.36771,357730.44,0.0,0.0,13.711994,0.799017,1.0,1.0,67.38874,0.0,0.0,0.0,-2.295431e-13,-0.8834258,0.2059021,-400.25253,66.36771,55.184006,0.0,0.9,0.0,-2.4484353e-13,0.0,75.72339,65.20827,65.11015,65.334,65.5679
2018-01-01 07:45:00,0.1,0.0,66.36771,357730.44,0.0,0.0,13.730011,0.798888,1.0,1.0,67.38651,0.0,0.0,0.0,-2.2947234e-13,-0.88328075,0.20587158,-400.25253,66.36771,55.184006,0.0,0.9,0.0,-2.447623e-13,0.0,75.72322,65.20387,65.105484,65.33362,65.56636
2018-01-01 07:46:00,0.1,0.0,66.36771,357730.44,0.0,0.0,13.74803,0.79876137,1.0,1.0,67.384415,0.0,0.0,0.0,-2.2940195e-13,-0.88314,0.20584106,-400.25253,66.36771,55.184006,0.0,0.9,0.0,-2.4468375e-13,0.0,75.723114,65.199524,65.100815,65.33356,65.56505
2018-01-01 07:47:00,0.1,0.0,66.367645,357730.44,0.0,0.0,13.765991,0.7986278,1.0,1.0,67.38246,0.0,0.0,0.0,-2.293309e-13,-0.88299704,0.20581055,-400.25253,66.367645,55.184006,0.0,0.9,0.0,-2.446049e-13,0.0,75.72305,65.195244,65.09625,65.333725,65.56406
2018-01-01 07:48:00,0.1,0.0,66.367645,357730.44,0.0,0.0,13.78401,0.7984976,1.0,1.0,67.380615,0.0,0.0,0.0,-2.2924975e-13,-0.8828581,0.20578003,-400.25253,66.367645,55.184006,0.0,0.9,0.0,-2.4452616e-13,0.0,75.72301,65.19096,65.091644,65.33417,65.563286
2018-01-01 07:49:00,0.1,0.0,66.367645,357730.44,0.0,0.0,13.802027,0.7983721,1.0,1.0,67.37892,0.0,0.0,0.0,-2.291703e-13,-0.8827127,0.20574951,-400.25253,66.367645,55.184006,0.0,0.9,0.0,-2.4444753e-13,0.0,75.72301,65.186676,65.08714,65.334885,65.56285
2018-01-01 07:50:00,0.1,0.0,66.367645,357730.44,0.0,0.0,13.81999,0.7982373,1.0,1.0,67.377335,0.0,0.0,0.0,-2.2910466e-13,-0.882564,0.205719,-400.25253,66.367645,55.184006,0.0,0.9,0.0,-2.4436817e-13,0.0,75.72301,65.18245,65.082634,65.33587,65.56268
2018-01-01 07:51:00,0.1,0.0,66.367645,357730.44,0.0,0.0,13.838007,0.79811066,1.0,1.0,67.37587,0.0,0.0,0.0,-2.2902838e-13,-0.88242525,0.20568848,-400.25253,66.367645,55.184006,0.0,0.9,0.0,-2.4428745e-13,0.0,75.72305,65.178215,65.078125,65.33713,65.56279
2018-01-01 07:52:00,0.1,0.0,66.367645,357730.44,0.0,0.0,13.856024,0.79798055,1.0,1.0,67.37455,0.0,0.0,0.0,-2.2895482e-13,-0.882283,0.20565796,-400.25253,66.367645,55.184006,0.0,0.9,0.0,-2.442076e-13,0.0,75.72317,65.17398,65.07373,65.338615,65.56323
2018-01-01 07:53:00,0.1,0.0,66.367645,357730.44,0.0,0.0,13.873987,0.7978539,1.0,1.0,67.37338,0.0,0.0,0.0,-2.2887223e-13,-0.8821337,0.20562744,-400.25253,66.367645,55.184006,0.0,0.9,0.0,-2.4412934e-13,0.0,75.72333,65.169815,65.069336,65.34042,65.563995
2018-01-01 07:54:00,0.1,0.0,66.367645,357730.44,0.0,0.0,13.892004,0.79772145,1.0,1.0,67.37234,0.0,0.0,0.0,-2.2880623e-13,-0.8819939,0.2055664,-400.25253,66.367645,55.184006,0.0,0.9,0.0,-2.4404925e-13,0.0,75.723495,65.165695,65.06494,65.342514,65.56505
2018-01-01 07:55:00,0.1,0.0,66.367645,357730.44,0.0,0.0,13.910023,0.79759127,1.0,1.0,67.371445,0.0,0.0,0.0,-2.2872844e-13,-0.8818561,0.20553589,-400.25253,66.367645,55.184006,0.0,0.9,0.0,-2.439686e-13,0.0,75.72372,65.161575,65.06061,65.34488,65.56647
2018-01-01 07:56:00,0.1,0.0,66.3676,357730.44,0.0,0.0,13.927984,0.7974634,1.0,1.0,67.37067,0.0,0.0,0.0,-2.2865976e-13,-0.8817088,0.20550537,-400.25253,66.3676,55.184006,0.0,0.9,0.0,-2.4389177e-13,0.0,75.72394,65.157455,65.05632,65.34746,65.56818
2018-01-01 07:57:00,0.1,0.0,66.3676,357730.44,0.0,0.0,13.946003,0.7973333,1.0,1.0,67.37007,0.0,0.0,0.0,-2.2858308e-13,-0.88156873,0.20547485,-400.25253,66.3676,55.184006,0.0,0.9,0.0,-2.4381089e-13,0.0,75.724266,65.15338,65.05209,65.35037,65.570206
2018-01-01 07:58:00,0.1,0.0,66.3676,357730.44,0.0,0.0,13.96402,0.797202,1.0,1.0,67.36958,0.0,0.0,0.0,-2.2850596e-13,-0.8814175,0.20544434,-400.25253,66.3676,55.184006,0.0,0.9,0.0,-2.4373307e-13,0.0,75.724594,65.14932,65.04787,65.35356,65.57257
2018-01-01 07:59:00,0.1,0.0,66.3676,357730.44,0.0,0.0,13.9820385,0.7970742,1.0,1.0,67.369286,0.0,0.0,0.0,-2.2844094e-13,-0.88127536,0.20541382,-400.25253,66.3676,55.184006,0.0,0.9,0.0,-2.4365297e-13,0.0,75.72504,65.14531,65.043686,65.35707,65.57532
2018-01-01 08:00:00,0.1,0.0,66.3676,357730.44,0.0,0.0,14.0,0.796944,1.0,1.0,67.36909,0.0,0.0,0.0,-2.2835897e-13,-0.8811327,0.2053833,-400.25253,66.3676,55.184006,0.0,0.9,0.0,-2.4357472e-13,0.0,75.72548,65.14136,65.03951,65.36075,65.57834
2018-01-01 08:01:00,0.1,0.0,66.3676,357730.44,0.0,0.0,14.033014,0.79681623,1.0,1.0,67.369026,0.0,0.0,0.0,-2.282826e-13,-0.8809964,0.20535278,-400.25253,66.3676,55.184006,0.0,0.9,0.0,-2.4349414e-13,0.0,75.72597,65.137344,65.03539,65.36471,65.58169
2018-01-01 08:02:00,0.1,0.0,66.3676,357730.44,0.0,0.0,14.066029,0.7966826,1.0,1.0,67.369095,0.0,0.0,0.0,-2.2821418e-13,-0.88085043,0.20532227,-400.25253,66.3676,55.184006,0.0,0.9,0.0,-2.434176e-13,0.0,75.72646,65.133446,65.03133,65.36888,65.58531
2018-01-01 08:03:00,0.1,0.0,66.3676,357730.44,0.0,0.0,14.098988,0.79655474,1.0,1.0,67.36928,0.0,0.0,0.0,-2.2813714e-13,-0.88070786,0.20529175,-400.25253,66.3676,55.184006,0.0,0.9,0.0,-2.4333863e-13,0.0,75.727066,65.129486,65.02727,65.37334,65.589264
2018-01-01 08:04:00,0.1,0.0,66.3676,357730.44,0.0,0.0,14.132002,0.7964281,1.0,1.0,67.36959,0.0,0.0,0.0,-2.2805987e-13,-0.8805581,0.20526123,-400.25253,66.3676,55.184006,0.0,0.9,0.0,-2.4325878e-13,0.0,75.72768,65.125595,65.023254,65.377945,65.5935
2018-01-01 08:05:00,0.1,0.0,66.36754,357730.44,0.0,0.0,14.165014,0.7963003,1.0,1.0,67.37006,0.0,0.0,0.0,-2.2798525e-13,-0.8804079,0.20523071,-400.25253,66.36754,55.184006,0.0,0.9,0.0,-2.4318045e-13,0.0,75.728386,65.12175,65.0193,65.382835,65.59805
2018-01-01 08:06:00,0.1,0.0,66.36754,357730.44,0.0,0.0,14.198029,0.796169,1.0,1.0,67.37063,0.0,0.0,0.0,-2.2791247e-13,-0.8802741,0.2052002,-400.25253,66.36754,55.184006,0.0,0.9,0.0,-2.4310144e-13,0.0,75.729095,65.11784,65.01534,65.38794,65.60295
2018-01-01 08:07:00,0.1,0.0,66.36754,357730.44,0.0,0.0,14.230988,0.7960377,1.0,1.0,67.37142,0.0,0.0,0.0,-2.2783587e-13,-0.8801224,0.20516968,-400.25253,66.36754,55.184006,0.0,0.9,0.0,-2.430227e-13,0.0,75.72987,65.11406,65.0115,65.39339,65.60828
2018-01-01 08:08:00,0.1,0.0,66.36754,357730.44,0.0,0.0,14.264002,0.7959111,1.0,1.0,67.37234,0.0,0.0,0.0,-2.277681e-13,-0.8799875,0.20510864,-400.25253,66.36754,55.184006,0.0,0.9,0.0,-2.429433e-13,0.0,75.7307,65.11032,65.00765,65.39909,65.61394
2018-01-01 08:09:00,0.1,0.0,66.36754,357730.44,0.0,0.0,14.297016,0.7957821,1.0,1.0,67.37339,0.0,0.0,0.0,-2.2769194e-13,-0.87984836,0.20507812,-400.25253,66.36754,55.184006,0.0,0.9,0.0,-2.4286514e-13,0.0,75.73157,65.10653,65.00386,65.40503,65.61992
2018-01-01 08:10:00,0.1,0.0,66.36754,357730.44,0.0,0.0,14.33003,0.7956496,1.0,1.0,67.37457,0.0,0.0,0.0,-2.2762106e-13,-0.8797049,0.2050476,-400.25253,66.36754,55.184006,0.0,0.9,0.0,-2.4278396e-13,0.0,75.732506,65.102844,65.00012,65.41118,65.626236
2018-01-01 08:11:00,0.1,0.0,66.36754,357730.44,0.0,0.0,14.362989,0.7955218,1.0,1.0,67.37589,0.0,0.0,0.0,-2.2754146e-13,-0.87957203,0.20501709,-400.25253,66.36754,55.184006,0.0,0.9,0.0,-2.427045e-13,0.0,75.73349,65.09911,64.99639,65.41756,65.63289
2018-01-01 08:12:00,0.1,0.0,66.36754,357730.44,0.0,0.0,14.396002,0.7953916,1.0,1.0,67.377365,0.0,0.0,0.0,-2.274703e-13,-0.87941945,0.20498657,-400.25253,66.36754,55.184006,0.0,0.9,0.0,-2.4262742e-13,0.0,75.73448,65.09549,64.99277,65.42415,65.639915
2018-01-01 08:13:00,0.1,0.0,66.36754,357730.44,0.0,0.0,14.429016,0.79526615,1.0,1.0,67.37895,0.0,0.0,0.0,-2.273909e-13,-0.87927866,0.20495605,-400.25253,66.36754,55.184006,0.0,0.9,0.0,-2.4254863e-13,0.0,75.73558,65.09181,64.989136,65.431015,65.64722
2018-01-01 08:14:00,0.1,0.0,66.367485,357730.44,0.0,0.0,14.46203,0.79513484,1.0,1.0,67.38068,0.0,0.0,0.0,-2.2731436e-13,-0.8791318,0.20492554,-400.25253,66.367485,55.184006,0.0,0.9,0.0,-2.4246883e-13,0.0,75.73668,65.08824,64.98552,65.43804,65.65491
2018-01-01 08:15:00,0.1,0.0,66.367485,357730.44,0.0,0.0,14.494989,0.79500467,1.0,1.0,67.38254,0.0,0.0,0.0,-2.2724921e-13,-0.8789962,0.20489502,-400.25253,66.367485,55.184006,0.0,0.9,0.0,-2.4239055e-13,0.0,75.73784,65.08461,64.98195,65.44534,65.66293
2018-01-01 08:16:00,0.1,0.0,66.367485,357730.44,0.0,0.0,14.528004,0.79487807,1.0,1.0,67.38456,0.0,0.0,0.0,-2.2717245e-13,-0.878851,0.2048645,-400.25253,66.367485,55.184006,0.0,0.9,0.0,-2.4231146e-13,0.0,75.7391,65.08104,64.978424,65.45287,65.67134
2018-01-01 08:17:00,0.1,0.0,66.367485,357730.44,0.0,0.0,14.561018,0.79474443,1.0,1.0,67.38672,0.0,0.0,0.0,-2.2710439e-13,-0.8787067,0.20483398,-400.25253,66.367485,55.184006,0.0,0.9,0.0,-2.4223302e-13,0.0,75.74036,65.07753,64.97497,65.46062,65.68013
2018-01-01 08:18:00,0.1,0.0,66.367485,357730.44,0.0,0.0,14.59403,0.7946201,1.0,1.0,67.38901,0.0,0.0,0.0,-2.2702832e-13,-0.87856954,0.20480347,-400.25253,66.367485,55.184006,0.0,0.9,0.0,-2.421561e-13,0.0,75.741684,65.074005,64.97151,65.46858,65.68924
2018-01-01 08:19:00,0.1,0.0,66.367485,357730.44,0.0,0.0,14.626989,0.7944888,1.0,1.0,67.39146,0.0,0.0,0.0,-2.269616e-13,-0.8784195,0.20477295,-400.25253,66.367485,55.184006,0.0,0.9,0.0,-2.4207803e-13,0.0,75.74306,65.07055,64.9681,65.47677,65.69881
2018-01-01 08:20:00,0.1,0.0,66.367485,357730.44,0.0,0.0,14.660004,0.7943598,1.0,1.0,67.39402,0.0,0.0,0.0,-2.2687844e-13,-0.8782737,0.20474243,-400.25253,66.367485,55.184006,0.0,0.9,0.0,-2.4199683e-13,0.0,75.74443,65.06709,64.96475,65.48512,65.708694
2018-01-01 08:21:00,0.1,0.0,66.367485,357730.44,0.0,0.0,14.693018,0.7942309,1.0,1.0,67.39674,0.0,0.0,0.0,-2.2680717e-13,-0.87813413,0.20471191,-400.25253,66.367485,55.184006,0.0,0.9,0.0,-2.4191792e-13,0.0,75.74591,65.06368,64.961395,65.493744,65.71896
2018-01-01 08:22:00,0.1,0.0,66.367485,357730.44,0.0,0.0,14.726032,0.79410183,1.0,1.0,67.3996,0.0,0.0,0.0,-2.2673116e-13,-0.87799007,0.20465088,-400.25253,66.367485,55.184006,0.0,0.9,0.0,-2.4184233e-13,0.0,75.74739,65.06027,64.95816,65.50259,65.72957
2018-01-01 08:23:00,0.1,0.0,66.36743,357730.44,0.0,0.0,14.758991,0.79397285,1.0,1.0,67.40258,0.0,0.0,0.0,-2.2665835e-13,-0.87784797,0.20462036,-400.25253,66.36743,55.184006,0.0,0.9,0.0,-2.4176307e-13,0.0,75.748985,65.05687,64.954865,65.5116,65.7406
2018-01-01 08:24:00,0.1,0.0,66.36743,357730.44,0.0,0.0,14.792006,0.79384387,1.0,1.0,67.40575,0.0,0.0,0.0,-2.265887e-13,-0.87770593,0.20458984,-400.25253,66.36743,55.184006,0.0,0.9,0.0,-2.416849e-13,0.0,75.75058,65.05357,64.951675,65.520874,65.75203
2018-01-01 08:25:00,0.1,0.0,66.36743,357730.44,0.0,0.0,14.825018,0.79371375,1.0,1.0,67.40902,0.0,0.0,0.0,-2.2651051e-13,-0.87755686,0.20455933,-400.25253,66.36743,55.184006,0.0,0.9,0.0,-2.4160624e-13,0.0,75.75223,65.050224,64.94849,65.53038,65.76379
2018-01-01 08:26:00,0.1,0.0,66.36743,357730.44,0.0,0.0,14.858032,0.79358596,1.0,1.0,67.41246,0.0,0.0,0.0,-2.2644038e-13,-0.8774218,0.20452881,-400.25253,66.36743,55.184006,0.0,0.9,0.0,-2.4152715e-13,0.0,75.75393,65.04693,64.94536,65.5401,65.775986
2018-01-01 08:27:00,0.1,0.0,66.36743,357730.44,0.0,0.0,14.890991,0.7934581,1.0,1.0,67.41603,0.0,0.0,0.0,-2.2636354e-13,-0.8772764,0.20449829,-400.25253,66.36743,55.184006,0.0,0.9,0.0,-2.414483e-13,0.0,75.75563,65.043686,64.94228,65.55005,65.788506
2018-01-01 08:28:00,0.1,0.0,66.36743,357730.44,0.0,0.0,14.9240055,0.7933291,1.0,1.0,67.41976,0.0,0.0,0.0,-2.2629117e-13,-0.87713456,0.20446777,-400.25253,66.36743,55.184006,0.0,0.9,0.0,-2.4136956e-13,0.0,75.757385,65.0405,64.93926,65.56021,65.80147
2018-01-01 08:29:00,0.1,0.0,66.36743,357730.44,0.0,0.0,14.95702,0.7931979,1.0,1.0,67.42362,0.0,0.0,0.0,-2.2622076e-13,-0.87698245,0.20443726,-400.25253,66.36743,55.184006,0.0,0.9,0.0,-2.412933e-13,0.0,75.7592,65.03726,64.93624,65.57059,65.81482
2018-01-01 08:30:00,0.1,0.0,66.36743,357730.44,0.0,0.0,14.990034,0.79307,1.0,1.0,67.42764,0.0,0.0,0.0,-2.2614416e-13,-0.87684804,0.20440674,-400.25253,66.36743,55.184006,0.0,0.9,0.0,-2.41215e-13,0.0,75.76107,65.034134,64.93327,65.58119,65.82855
2018-01-01 08:31:00,0.1,0.0,66.36743,357730.44,0.0,0.0,15.022993,0.7929387,1.0,1.0,67.43178,0.0,0.0,0.0,-2.2608155e-13,-0.87671447,0.20437622,-400.25253,66.36743,55.184006,0.0,0.9,0.0,-2.411346e-13,0.0,75.76294,65.031,64.93031,65.59201,65.84261
2018-01-01 08:32:00,0.1,0.0,66.36737,357730.44,0.0,0.0,15.0560055,0.7928132,1.0,1.0,67.43605,0.0,0.0,0.0,-2.2599286e-13,-0.87656844,0.2043457,-400.25253,66.36737,55.184006,0.0,0.9,0.0,-2.4105726e-13,0.0,75.76486,65.02786,64.92745,65.603,65.857056
2018-01-01 08:33:00,0.1,0.0,66.36737,357730.44,0.0,0.0,15.08902,0.79268306,1.0,1.0,67.44043,0.0,0.0,0.0,-2.2592658e-13,-0.87641907,0.20431519,-400.25253,66.36737,55.184006,0.0,0.9,0.0,-2.4097908e-13,0.0,75.76684,65.024796,64.92459,65.6141,65.87184
2018-01-01 08:34:00,0.1,0.0,66.36737,357730.44,0.0,0.0,15.122034,0.79255754,1.0,1.0,67.44489,0.0,0.0,0.0,-2.2585173e-13,-0.8762716,0.20428467,-400.25253,66.36737,55.184006,0.0,0.9,0.0,-2.40901e-13,0.0,75.768814,65.02171,64.92174,65.62536,65.88683
2018-01-01 08:35:00,0.1,0.0,66.36737,357730.44,0.0,0.0,15.154993,0.7924263,1.0,1.0,67.449486,0.0,0.0,0.0,-2.2577716e-13,-0.8761435,0.20425415,-400.25253,66.36737,55.184006,0.0,0.9,0.0,-2.4082225e-13,0.0,75.77084,65.01869,64.91894,65.636734,65.902214
2018-01-01 08:36:00,0.1,0.0,66.36737,357730.44,0.0,0.0,15.188007,0.7922973,1.0,1.0,67.45418,0.0,0.0,0.0,-2.2570184e-13,-0.8759914,0.20422363,-400.25253,66.36737,55.184006,0.0,0.9,0.0,-2.4074417e-13,0.0,75.77288,65.01573,64.91619,65.64827,65.917816
2018-01-01 08:37:00,0.1,0.0,66.36737,357730.44,0.0,0.0,15.221022,0.79217064,1.0,1.0,67.45897,0.0,0.0,0.0,-2.2562596e-13,-0.87585074,0.20419312,-400.25253,66.36737,55.184006,0.0,0.9,0.0,-2.4066494e-13,0.0,75.77496,65.01276,64.9135,65.65985,65.93375
2018-01-01 08:38:00,0.1,0.0,66.36737,357730.44,0.0,0.0,15.254034,0.79204285,1.0,1.0,67.46385,0.0,0.0,0.0,-2.2555826e-13,-0.87571293,0.2041626,-400.25253,66.36737,55.184006,0.0,0.9,0.0,-2.4058785e-13,0.0,75.777115,65.009796,64.91081,65.671616,65.94995
2018-01-01 08:39:00,0.1,0.0,66.36737,357730.44,0.0,0.0,15.286993,0.79191154,1.0,1.0,67.46883,0.0,0.0,0.0,-2.2548661e-13,-0.87556744,0.20413208,-400.25253,66.36737,55.184006,0.0,0.9,0.0,-2.4051003e-13,0.0,75.7792,65.00688,64.90817,65.683426,65.96643
2018-01-01 08:40:00,0.1,0.0,66.36737,357730.44,0.0,0.0,15.320007,0.7917837,1.0,1.0,67.47391,0.0,0.0,0.0,-2.2540932e-13,-0.8754257,0.20410156,-400.25253,66.36737,55.184006,0.0,0.9,0.0,-2.4043148e-13,0.0,75.781395,65.00397,64.90553,65.6954,65.98324
2018-01-01 08:41:00,0.1,0.0,66.367325,357730.44,0.0,0.0,15.353022,0.7916536,1.0,1.0,67.47906,0.0,0.0,0.0,-2.2534176e-13,-0.8752766,0.20407104,-400.25253,66.367325,55.184006,0.0,0.9,0.0,-2.4035393e-13,0.0,75.78354,65.001114,64.902954,65.70743,66.00027
2018-01-01 08:42:00,0.1,0.0,66.367325,357730.44,0.0,0.0,15.386036,0.7915269,1.0,1.0,67.4843,0.0,0.0,0.0,-2.2526844e-13,-0.8751406,0.20401001,-400.25253,66.367325,55.184006,0.0,0.9,0.0,-2.40274e-13,0.0,75.785736,64.99826,64.900375,65.71957,66.01757
2018-01-01 08:43:00,0.1,0.0,66.367325,357730.44,0.0,0.0,15.418995,0.79139787,1.0,1.0,67.48967,0.0,0.0,0.0,-2.2518921e-13,-0.87500125,0.20397949,-400.25253,66.367325,55.184006,0.0,0.9,0.0,-2.4019735e-13,0.0,75.78799,64.99545,64.8979,65.73181,66.0352
2018-01-01 08:44:00,0.1,0.0,66.367325,357730.44,0.0,0.0,15.452009,0.7912666,1.0,1.0,67.49508,0.0,0.0,0.0,-2.251188e-13,-0.8748642,0.20394897,-400.25253,66.367325,55.184006,0.0,0.9,0.0,-2.4011858e-13,0.0,75.790184,64.99266,64.89537,65.744125,66.053055
2018-01-01 08:45:00,0.1,0.0,66.367325,357730.44,0.0,0.0,15.485022,0.7911411,1.0,1.0,67.500595,0.0,0.0,0.0,-2.2503962e-13,-0.8747109,0.20391846,-400.25253,66.367325,55.184006,0.0,0.9,0.0,-2.4004228e-13,0.0,75.792435,64.989914,64.89296,65.756485,66.07118
2018-01-01 08:46:00,0.1,0.0,66.367325,357730.44,0.0,0.0,15.518036,0.7910121,1.0,1.0,67.50618,0.0,0.0,0.0,-2.249766e-13,-0.8745718,0.20388794,-400.25253,66.367325,55.184006,0.0,0.9,0.0,-2.3996414e-13,0.0,75.79469,64.98717,64.89049,65.76895,66.089584
2018-01-01 08:47:00,0.1,0.0,66.367325,357730.44,0.0,0.0,15.550995,0.790882,1.0,1.0,67.51184,0.0,0.0,0.0,-2.2490503e-13,-0.8744392,0.20385742,-400.25253,66.367325,55.184006,0.0,0.9,0.0,-2.398858e-13,0.0,75.796936,64.98442,64.88812,65.78148,66.10826
2018-01-01 08:48:00,0.1,0.0,66.367325,357730.44,0.0,0.0,15.584009,0.7907565,1.0,1.0,67.5176,0.0,0.0,0.0,-2.2482638e-13,-0.8742955,0.2038269,-400.25253,66.367325,55.184006,0.0,0.9,0.0,-2.398074e-13,0.0,75.79925,64.98172,64.88576,65.79411,66.12716
2018-01-01 08:49:00,0.1,0.0,66.367325,357730.44,0.0,0.0,15.617023,0.79062635,1.0,1.0,67.52343,0.0,0.0,0.0,-2.2475197e-13,-0.8741517,0.20379639,-400.25253,66.367325,55.184006,0.0,0.9,0.0,-2.3973054e-13,0.0,75.8015,64.97909,64.88345,65.80675,66.146385
2018-01-01 08:50:00,0.1,0.0,66.367325,357730.44,0.0,0.0,15.650038,0.79049975,1.0,1.0,67.52934,0.0,0.0,0.0,-2.2468034e-13,-0.8740064,0.20376587,-400.25253,66.367325,55.184006,0.0,0.9,0.0,-2.396522e-13,0.0,75.8038,64.976456,64.88115,65.81949,66.16583
2018-01-01 08:51:00,0.1,0.0,66.36726,357730.44,0.0,0.0,15.682997,0.7903696,1.0,1.0,67.53532,0.0,0.0,0.0,-2.2460832e-13,-0.8738597,0.20373535,-400.25253,66.36726,55.184006,0.0,0.9,0.0,-2.3957334e-13,0.0,75.806114,64.973816,64.87884,65.83223,66.18555
2018-01-01 08:52:00,0.1,0.0,66.36726,357730.44,0.0,0.0,15.716009,0.7902406,1.0,1.0,67.54138,0.0,0.0,0.0,-2.2453632e-13,-0.8737267,0.20370483,-400.25253,66.36726,55.184006,0.0,0.9,0.0,-2.3949527e-13,0.0,75.808426,64.97124,64.87664,65.845085,66.20549
2018-01-01 08:53:00,0.1,0.0,66.36726,357730.44,0.0,0.0,15.749023,0.79011166,1.0,1.0,67.54751,0.0,0.0,0.0,-2.2445855e-13,-0.87358344,0.20367432,-400.25253,66.36726,55.184006,0.0,0.9,0.0,-2.3941718e-13,0.0,75.81073,64.96865,64.87444,65.85794,66.22576
2018-01-01 08:54:00,0.1,0.0,66.36726,357730.44,0.0,0.0,15.782038,0.789985,1.0,1.0,67.553696,0.0,0.0,0.0,-2.2439182e-13,-0.87344706,0.2036438,-400.25253,66.36726,55.184006,0.0,0.9,0.0,-2.3933907e-13,0.0,75.813034,64.966125,64.872246,65.8709,66.2462
2018-01-01 08:55:00,0.1,0.0,66.36726,357730.44,0.0,0.0,15.814997,0.78985596,1.0,1.0,67.559975,0.0,0.0,0.0,-2.243112e-13,-0.8732969,0.20358276,-400.25253,66.36726,55.184006,0.0,0.9,0.0,-2.392639e-13,0.0,75.81534,64.96359,64.8701,65.883865,66.26696
2018-01-01 08:56:00,0.1,0.0,66.36726,357730.44,0.0,0.0,15.848011,0.789727,1.0,1.0,67.56631,0.0,0.0,0.0,-2.2424186e-13,-0.8731571,0.20355225,-400.25253,66.36726,55.184006,0.0,0.9,0.0,-2.391863e-13,0.0,75.81765,64.96112,64.867966,65.896835,66.28795
2018-01-01 08:57:00,0.1,0.0,66.36726,357730.44,0.0,0.0,15.881025,0.7896015,1.0,1.0,67.572716,0.0,0.0,0.0,-2.2417437e-13,-0.87301385,0.20352173,-400.25253,66.36726,55.184006,0.0,0.9,0.0,-2.3910791e-13,0.0,75.81996,64.95865,64.865875,65.909904,66.309204
2018-01-01 08:58:00,0.1,0.0,66.36726,357730.44,0.0,0.0,15.914038,0.7894725,1.0,1.0,67.579185,0.0,0.0,0.0,-2.2409808e-13,-0.8728747,0.20349121,-400.25253,66.36726,55.184006,0.0,0.9,0.0,-2.3903026e-13,0.0,75.822205,64.95624,64.863846,65.92293,66.330734
2018-01-01 08:59:00,0.1,0.0,66.36726,357730.44,0.0,0.0,15.946997,0.78934354,1.0,1.0,67.58573,0.0,0.0,0.0,-2.2402432e-13,-0.8727321,0.2034607,-400.25253,66.36726,55.184006,0.0,0.9,0.0,-2.38954e-13,0.0,75.82452,64.95382,64.86181,65.93605,66.35249
2018-01-01 09:00:00,0.1,0.0,66.36721,357730.44,0.0,0.0,15.980011,0.7892169,1.0,1.0,67.59233,0.0,0.0,0.0,-2.2394845e-13,-0.8725859,0.20343018,-400.25253,66.36721,55.184006,0.0,0.9,0.0,-2.3887674e-13,0.0,75.82683,64.9514,64.85983,65.94913,66.374466
2018-01-01 09:01:00,0.1,0.0,66.36721,357730.44,0.0,0.0,16.045984,0.7890879,1.0,1.0,67.59901,0.0,0.0,0.0,-2.2388165e-13,-0.8724426,0.20339966,-400.25253,66.36721,55.184006,0.0,0.9,0.0,-2.387948e-13,0.0,75.82913,64.949036,64.85785,65.96225,66.39676
2018-01-01 09:02:00,0.1,0.0,66.36721,357730.44,0.0,0.0,16.112011,0.78895664,1.0,1.0,67.60575,0.0,0.0,0.0,-2.23807e-13,-0.8723037,0.20336914,-400.25253,66.36721,55.184006,0.0,0.9,0.0,-2.387216e-13,0.0,75.83138,64.94668,64.85588,65.97555,66.419235
2018-01-01 09:03:00,0.1,0.0,66.36721,357730.44,0.0,0.0,16.177986,0.7888311,1.0,1.0,67.61257,0.0,0.0,0.0,-2.237359e-13,-0.8721678,0.20333862,-400.25253,66.36721,55.184006,0.0,0.9,0.0,-2.3864225e-13,0.0,75.833694,64.94437,64.854004,65.988846,66.44197
2018-01-01 09:04:00,0.1,0.0,66.36721,357730.44,0.0,0.0,16.244013,0.7887033,1.0,1.0,67.61944,0.0,0.0,0.0,-2.2366196e-13,-0.872022,0.2033081,-400.25253,66.36721,55.184006,0.0,0.9,0.0,-2.385655e-13,0.0,75.83594,64.94206,64.85214,66.00214,66.464935
2018-01-01 09:05:00,0.1,0.0,66.36721,357730.44,0.0,0.0,16.309986,0.7885755,1.0,1.0,67.62638,0.0,0.0,0.0,-2.2359062e-13,-0.87187535,0.20327759,-400.25253,66.36721,55.184006,0.0,0.9,0.0,-2.3848797e-13,0.0,75.838196,64.93981,64.85027,66.01549,66.48811
2018-01-01 09:06:00,0.1,0.0,66.36721,357730.44,0.0,0.0,16.376015,0.7884477,1.0,1.0,67.633354,0.0,0.0,0.0,-2.2351421e-13,-0.8717385,0.20324707,-400.25253,66.36721,55.184006,0.0,0.9,0.0,-2.3840904e-13,0.0,75.84045,64.9375,64.848465,66.02878,66.511566
2018-01-01 09:07:00,0.1,0.0,66.36721,357730.44,0.0,0.0,16.441986,0.7883199,1.0,1.0,67.64039,0.0,0.0,0.0,-2.234403e-13,-0.8715981,0.20321655,-400.25253,66.36721,55.184006,0.0,0.9,0.0,-2.38334e-13,0.0,75.8427,64.9353,64.8467,66.04207,66.53519
2018-01-01 09:08:00,0.1,0.0,66.36721,357730.44,0.0,0.0,16.508015,0.78818965,1.0,1.0,67.64747,0.0,0.0,0.0,-2.2336928e-13,-0.87145054,0.20318604,-400.25253,66.36721,55.184006,0.0,0.9,0.0,-2.3825706e-13,0.0,75.844894,64.93306,64.84494,66.05536,66.55908
2018-01-01 09:09:00,0.1,0.0,66.36716,357730.44,0.0,0.0,16.573986,0.78806186,1.0,1.0,67.654625,0.0,0.0,0.0,-2.2330088e-13,-0.8713131,0.20315552,-400.25253,66.36716,55.184006,0.0,0.9,0.0,-2.3818005e-13,0.0,75.84709,64.93091,64.84325,66.06866,66.583206
2018-01-01 09:10:00,0.1,0.0,66.36716,357730.44,0.0,0.0,16.640015,0.7879329,1.0,1.0,67.66182,0.0,0.0,0.0,-2.2322374e-13,-0.87117153,0.203125,-400.25253,66.36716,55.184006,0.0,0.9,0.0,-2.3810072e-13,0.0,75.84929,64.92871,64.84154,66.081955,66.60759
2018-01-01 09:11:00,0.1,0.0,66.36716,357730.44,0.0,0.0,16.705988,0.7878074,1.0,1.0,67.66905,0.0,0.0,0.0,-2.2314935e-13,-0.87103325,0.20309448,-400.25253,66.36716,55.184006,0.0,0.9,0.0,-2.3802385e-13,0.0,75.85149,64.926575,64.83989,66.095184,66.63214
2018-01-01 09:12:00,0.1,0.0,66.36716,357730.44,0.0,0.0,16.772015,0.7876784,1.0,1.0,67.676346,0.0,0.0,0.0,-2.2307498e-13,-0.87088877,0.20306396,-400.25253,66.36716,55.184006,0.0,0.9,0.0,-2.379471e-13,0.0,75.85368,64.92443,64.83824,66.10837,66.656975
2018-01-01 09:13:00,0.1,0.0,66.36716,357730.44,0.0,0.0,16.83799,0.7875506,1.0,1.0,67.68369,0.0,0.0,0.0,-2.2300636e-13,-0.8707414,0.20303345,-400.25253,66.36716,55.184006,0.0,0.9,0.0,-2.378696e-13,0.0,75.85583,64.92235,64.836655,66.12161,66.68202
2018-01-01 09:14:00,0.1,0.0,66.36716,357730.44,0.0,0.0,16.904016,0.78742397,1.0,1.0,67.69108,0.0,0.0,0.0,-2.2293801e-13,-0.87061495,0.20300293,-400.25253,66.36716,55.184006,0.0,0.9,0.0,-2.377913e-13,0.0,75.85797,64.92026,64.83511,66.134735,66.70729
2018-01-01 09:15:00,0.1,0.0,66.36716,357730.44,0.0,0.0,16.96999,0.7872938,1.0,1.0,67.69851,0.0,0.0,0.0,-2.2286196e-13,-0.87046343,0.2029419,-400.25253,66.36716,55.184006,0.0,0.9,0.0,-2.3771393e-13,0.0,75.86011,64.91823,64.83357,66.14787,66.73278
2018-01-01 09:16:00,0.1,0.0,66.36716,357730.44,0.0,0.0,17.036018,0.7871683,1.0,1.0,67.70599,0.0,0.0,0.0,-2.2279482e-13,-0.8703224,0.20291138,-400.25253,66.36716,55.184006,0.0,0.9,0.0,-2.3763752e-13,0.0,75.8622,64.91619,64.83209,66.16094,66.758545
2018-01-01 09:17:00,0.1,0.0,66.36716,357730.44,0.0,0.0,17.10199,0.78704053,1.0,1.0,67.71352,0.0,0.0,0.0,-2.2271673e-13,-0.8701784,0.20288086,-400.25253,66.36716,55.184006,0.0,0.9,0.0,-2.3756022e-13,0.0,75.86434,64.914154,64.83061,66.173965,66.78447
2018-01-01 09:18:00,0.1,0.0,66.367096,357730.44,0.0,0.0,17.168018,0.78691155,1.0,1.0,67.721085,0.0,0.0,0.0,-2.2265249e-13,-0.8700343,0.20285034,-400.25253,66.367096,55.184006,0.0,0.9,0.0,-2.374851e-13,0.0,75.86638,64.912186,64.82918,66.18698,66.81067
2018-01-01 09:19:00,0.1,0.0,66.367096,357730.44,0.0,0.0,17.23399,0.7867849,1.0,1.0,67.72868,0.0,0.0,0.0,-2.2257482e-13,-0.86989737,0.20281982,-400.25253,66.367096,55.184006,0.0,0.9,0.0,-2.374061e-13,0.0,75.86846,64.9102,64.827805,66.19994,66.837036
2018-01-01 09:20:00,0.1,0.0,66.367096,357730.44,0.0,0.0,17.300018,0.7866547,1.0,1.0,67.736336,0.0,0.0,0.0,-2.2250839e-13,-0.8697573,0.2027893,-400.25253,66.367096,55.184006,0.0,0.9,0.0,-2.3732538e-13,0.0,75.8705,64.90828,64.82643,66.2128,66.86368
2018-01-01 09:21:00,0.1,0.0,66.367096,357730.44,0.0,0.0,17.365992,0.7865281,1.0,1.0,67.74405,0.0,0.0,0.0,-2.2242565e-13,-0.8696178,0.20275879,-400.25253,66.367096,55.184006,0.0,0.9,0.0,-2.3725146e-13,0.0,75.87253,64.90636,64.82512,66.22565,66.890594
2018-01-01 09:22:00,0.1,0.0,66.367096,357730.44,0.0,0.0,17.432018,0.7864026,1.0,1.0,67.75177,0.0,0.0,0.0,-2.2236028e-13,-0.8694746,0.20272827,-400.25253,66.367096,55.184006,0.0,0.9,0.0,-2.3717522e-13,0.0,75.874504,64.904495,64.82379,66.238396,66.91768
2018-01-01 09:23:00,0.1,0.0,66.367096,357730.44,0.0,0.0,17.497993,0.7862713,1.0,1.0,67.75957,0.0,0.0,0.0,-2.222871e-13,-0.86933804,0.20269775,-400.25253,66.367096,55.184006,0.0,0.9,0.0,-2.3709658e-13,0.0,75.87648,64.90262,64.82253,66.251144,66.94504
2018-01-01 09:24:00,0.1,0.0,66.367096,357730.44,0.0,0.0,17.56402,0.7861434,1.0,1.0,67.76737,0.0,0.0,0.0,-2.2221421e-13,-0.86919504,0.20266724,-400.25253,66.367096,55.184006,0.0,0.9,0.0,-2.3702112e-13,0.0,75.87846,64.90076,64.82127,66.26378,66.97261
2018-01-01 09:25:00,0.1,0.0,66.367096,357730.44,0.0,0.0,17.629993,0.7860156,1.0,1.0,67.77523,0.0,0.0,0.0,-2.2214018e-13,-0.8690514,0.20263672,-400.25253,66.367096,55.184006,0.0,0.9,0.0,-2.3694436e-13,0.0,75.88039,64.89894,64.82006,66.27635,67.00041
2018-01-01 09:26:00,0.1,0.0,66.367096,357730.44,0.0,0.0,17.696022,0.7858901,1.0,1.0,67.783104,0.0,0.0,0.0,-2.2206286e-13,-0.8689143,0.2026062,-400.25253,66.367096,55.184006,0.0,0.9,0.0,-2.3686616e-13,0.0,75.88231,64.897125,64.81885,66.28882,67.02843
2018-01-01 09:27:00,0.1,0.0,66.36705,357730.44,0.0,0.0,17.761993,0.7857611,1.0,1.0,67.79104,0.0,0.0,0.0,-2.22002e-13,-0.86876756,0.20257568,-400.25253,66.36705,55.184006,0.0,0.9,0.0,-2.3678946e-13,0.0,75.88423,64.89537,64.8177,66.30124,67.056656
2018-01-01 09:28:00,0.1,0.0,66.36705,357730.44,0.0,0.0,17.828022,0.785638,1.0,1.0,67.79902,0.0,0.0,0.0,-2.2192168e-13,-0.86862123,0.20254517,-400.25253,66.36705,55.184006,0.0,0.9,0.0,-2.3671405e-13,0.0,75.88609,64.893616,64.816605,66.3136,67.08517
2018-01-01 09:29:00,0.1,0.0,66.36705,357730.44,0.0,0.0,17.893993,0.785509,1.0,1.0,67.80702,0.0,0.0,0.0,-2.2185511e-13,-0.8684847,0.20251465,-400.25253,66.36705,55.184006,0.0,0.9,0.0,-2.3663629e-13,0.0,75.88796,64.89191,64.815506,66.32585,67.11389
2018-01-01 09:30:00,0.1,0.0,66.36705,357730.44,0.0,0.0,17.960022,0.7853812,1.0,1.0,67.81507,0.0,0.0,0.0,-2.21779e-13,-0.8683447,0.20248413,-400.25253,66.36705,55.184006,0.0,0.9,0.0,-2.365593e-13,0.0,75.88983,64.89021,64.81445,66.33798,67.142845
2018-01-01 09:31:00,0.1,0.0,66.36705,357730.44,0.0,0.0,18.025995,0.785251,1.0,1.0,67.82314,0.0,0.0,0.0,-2.217106e-13,-0.86821204,0.20245361,-400.25253,66.36705,55.184006,0.0,0.9,0.0,-2.3648236e-13,0.0,75.89165,64.888504,64.813416,66.35007,67.17207
2018-01-01 09:32:00,0.1,0.0,66.36705,357730.44,0.0,0.0,18.092022,0.7851232,1.0,1.0,67.83125,0.0,0.0,0.0,-2.2163957e-13,-0.86806506,0.2024231,-400.25253,66.36705,55.184006,0.0,0.9,0.0,-2.3640538e-13,0.0,75.893456,64.886856,64.81242,66.362045,67.20146
2018-01-01 09:33:00,0.1,0.0,66.36705,357730.44,0.0,0.0,18.157997,0.7849989,1.0,1.0,67.83934,0.0,0.0,0.0,-2.2156636e-13,-0.86791563,0.20239258,-400.25253,66.36705,55.184006,0.0,0.9,0.0,-2.363297e-13,0.0,75.89526,64.88521,64.81143,66.373856,67.23096
2018-01-01 09:34:00,0.1,0.0,66.36705,357730.44,0.0,0.0,18.224024,0.7848699,1.0,1.0,67.84747,0.0,0.0,0.0,-2.2149538e-13,-0.8677813,0.20236206,-400.25253,66.36705,55.184006,0.0,0.9,0.0,-2.36253e-13,0.0,75.897026,64.88362,64.8105,66.38556,67.26067
2018-01-01 09:35:00,0.1,0.0,66.36705,357730.44,0.0,0.0,18.289997,0.7847421,1.0,1.0,67.8556,0.0,0.0,0.0,-2.2142128e-13,-0.86763954,0.20233154,-400.25253,66.36705,55.184006,0.0,0.9,0.0,-2.36177e-13,0.0,75.89879,64.88202,64.80957,66.39703,67.29056
2018-01-01 09:36:00,0.1,0.0,66.36705,357730.44,0.0,0.0,18.356026,0.78461546,1.0,1.0,67.86373,0.0,0.0,0.0,-2.2134353e-13,-0.867498,0.20230103,-400.25253,66.36705,55.184006,0.0,0.9,0.0,-2.361001e-13,0.0,75.90054,64.880486,64.80864,66.408356,67.3206
2018-01-01 09:37:00,0.1,0.0,66.36699,357730.44,0.0,0.0,18.421997,0.78448766,1.0,1.0,67.871826,0.0,0.0,0.0,-2.2127711e-13,-0.86736405,0.20223999,-400.25253,66.36699,55.184006,0.0,0.9,0.0,-2.360206e-13,0.0,75.902245,64.87889,64.807755,66.41945,67.350815
2018-01-01 09:38:00,0.1,0.0,66.36699,357730.44,0.0,0.0,18.488026,0.7843575,1.0,1.0,67.879974,0.0,0.0,0.0,-2.2120591e-13,-0.86722326,0.20220947,-400.25253,66.36699,55.184006,0.0,0.9,0.0,-2.3594646e-13,0.0,75.903946,64.87741,64.80693,66.43038,67.381195
2018-01-01 09:39:00,0.1,0.0,66.36699,357730.44,0.0,0.0,18.553997,0.784232,1.0,1.0,67.88806,0.0,0.0,0.0,-2.2113237e-13,-0.86708534,0.20217896,-400.25253,66.36699,55.184006,0.0,0.9,0.0,-2.3586772e-13,0.0,75.905594,64.87587,64.80605,66.44109,67.41168
2018-01-01 09:40:00,0.1,0.0,66.36699,357730.44,0.0,0.0,18.620026,0.78410417,1.0,1.0,67.896194,0.0,0.0,0.0,-2.2105924e-13,-0.8669369,0.20214844,-400.25253,66.36699,55.184006,0.0,0.9,0.0,-2.3579294e-13,0.0,75.90724,64.87439,64.80528,66.451645,67.44238
2018-01-01 09:41:00,0.1,0.0,66.36699,357730.44,0.0,0.0,18.685999,0.78397405,1.0,1.0,67.9043,0.0,0.0,0.0,-2.2099224e-13,-0.86679476,0.20211792,-400.25253,66.36699,55.184006,0.0,0.9,0.0,-2.3571843e-13,0.0,75.90889,64.87291,64.80446,66.46202,67.473206
2018-01-01 09:42:00,0.1,0.0,66.36699,357730.44,0.0,0.0,18.752026,0.7838509,1.0,1.0,67.912415,0.0,0.0,0.0,-2.209172e-13,-0.86665946,0.2020874,-400.25253,66.36699,55.184006,0.0,0.9,0.0,-2.3563944e-13,0.0,75.91054,64.871475,64.803696,66.47218,67.50418
2018-01-01 09:43:00,0.1,0.0,66.36699,357730.44,0.0,0.0,18.818,0.78372073,1.0,1.0,67.92053,0.0,0.0,0.0,-2.2084553e-13,-0.86652094,0.20205688,-400.25253,66.36699,55.184006,0.0,0.9,0.0,-2.35562e-13,0.0,75.91213,64.87005,64.80298,66.48218,67.53533
2018-01-01 09:44:00,0.1,0.0,66.36699,357730.44,0.0,0.0,18.884027,0.7835941,1.0,1.0,67.928635,0.0,0.0,0.0,-2.2078484e-13,-0.86637604,0.20202637,-400.25253,66.36699,55.184006,0.0,0.9,0.0,-2.3548443e-13,0.0,75.91373,64.868675,64.80221,66.49196,67.56659
2018-01-01 09:45:00,0.1,0.0,66.36699,357730.44,0.0,0.0,18.95,0.78346974,1.0,1.0,67.936745,0.0,0.0,0.0,-2.2070112e-13,-0.8662323,0.20199585,-400.25253,66.36699,55.184006,0.0,0.9,0.0,-2.3540965e-13,0.0,75.91531,64.86725,64.8015,66.50157,67.59807
2018-01-01 09:46:00,0.1,0.0,66.366936,357730.44,0.0,0.0,19.01603,0.78334194,1.0,1.0,67.94485,0.0,0.0,0.0,-2.2063769e-13,-0.8660935,0.20196533,-400.25253,66.366936,55.184006,0.0,0.9,0.0,-2.35333e-13,0.0,75.916855,64.86593,64.800835,66.51097,67.629654
2018-01-01 09:47:00,0.1,0.0,66.366936,357730.44,0.0,0.0,19.082,0.78321296,1.0,1.0,67.952934,0.0,0.0,0.0,-2.2055269e-13,-0.8659476,0.20193481,-400.25253,66.366936,55.184006,0.0,0.9,0.0,-2.352564e-13,0.0,75.918396,64.864555,64.80017,66.520195,67.66135
2018-01-01 09:48:00,0.1,0.0,66.366936,357730.44,0.0,0.0,19.14803,0.7830851,1.0,1.0,67.96101,0.0,0.0,0.0,-2.2048165e-13,-0.8658109,0.2019043,-400.25253,66.366936,55.184006,0.0,0.9,0.0,-2.3518148e-13,0.0,75.919876,64.863235,64.799515,66.529205,67.69326
2018-01-01 09:49:00,0.1,0.0,66.366936,357730.44,0.0,0.0,19.214,0.78295964,1.0,1.0,67.9691,0.0,0.0,0.0,-2.2041814e-13,-0.8656704,0.20184326,-400.25253,66.366936,55.184006,0.0,0.9,0.0,-2.3510415e-13,0.0,75.92142,64.86192,64.79891,66.537994,67.72528
2018-01-01 09:50:00,0.1,0.0,66.366936,357730.44,0.0,0.0,19.28003,0.78282946,1.0,1.0,67.9772,0.0,0.0,0.0,-2.2035164e-13,-0.8655313,0.20181274,-400.25253,66.366936,55.184006,0.0,0.9,0.0,-2.3502915e-13,0.0,75.9229,64.86066,64.79831,66.54668,67.75748
2018-01-01 09:51:00,0.1,0.0,66.366936,357730.44,0.0,0.0,19.346003,0.7827063,1.0,1.0,67.98527,0.0,0.0,0.0,-2.2027371e-13,-0.865392,0.20178223,-400.25253,66.366936,55.184006,0.0,0.9,0.0,-2.3495184e-13,0.0,75.92438,64.85939,64.7977,66.55508,67.78978
2018-01-01 09:52:00,0.1,0.0,66.366936,357730.44,0.0,0.0,19.41203,0.78257847,1.0,1.0,67.99334,0.0,0.0,0.0,-2.2019776e-13,-0.8652405,0.20175171,-400.25253,66.366936,55.184006,0.0,0.9,0.0,-2.348778e-13,0.0,75.925865,64.85812,64.79715,66.56332,67.822235
2018-01-01 09:53:00,0.1,0.0,66.366936,357730.44,0.0,0.0,19.478004,0.7824495,1.0,1.0,68.00142,0.0,0.0,0.0,-2.2012713e-13,-0.86510605,0.20172119,-400.25253,66.366936,55.184006,0.0,0.9,0.0,-2.3479924e-13,0.0,75.92729,64.85692,64.7966,66.571396,67.85487
2018-01-01 09:54:00,0.1,0.0,66.366936,357730.44,0.0,0.0,19.544031,0.7823229,1.0,1.0,68.00947,0.0,0.0,0.0,-2.2006221e-13,-0.8649715,0.20169067,-400.25253,66.366936,55.184006,0.0,0.9,0.0,-2.3472394e-13,0.0,75.92873,64.85571,64.79605,66.57925,67.8876
2018-01-01 09:55:00,0.1,0.0,66.36688,357730.44,0.0,0.0,19.610004,0.78219503,1.0,1.0,68.01753,0.0,0.0,0.0,-2.1998665e-13,-0.8648304,0.20166016,-400.25253,66.36688,55.184006,0.0,0.9,0.0,-2.346481e-13,0.0,75.930145,64.85455,64.79556,66.58688,67.92052
2018-01-01 09:56:00,0.1,0.0,66.36688,357730.44,0.0,0.0,19.676033,0.78206956,1.0,1.0,68.02559,0.0,0.0,0.0,-2.1991748e-13,-0.8646924,0.20162964,-400.25253,66.36688,55.184006,0.0,0.9,0.0,-2.345724e-13,0.0,75.93158,64.85335,64.79507,66.59435,67.95358
2018-01-01 09:57:00,0.1,0.0,66.36688,357730.44,0.0,0.0,19.742004,0.7819406,1.0,1.0,68.03365,0.0,0.0,0.0,-2.1984496e-13,-0.8645465,0.20159912,-400.25253,66.36688,55.184006,0.0,0.9,0.0,-2.3449518e-13,0.0,75.93301,64.85225,64.79463,66.601654,67.986755
2018-01-01 09:58:00,0.1,0.0,66.36688,357730.44,0.0,0.0,19.808033,0.78181624,1.0,1.0,68.04168,0.0,0.0,0.0,-2.1977258e-13,-0.8644034,0.2015686,-400.25253,66.36688,55.184006,0.0,0.9,0.0,-2.344197e-13,0.0,75.93438,64.8511,64.79419,66.60869,68.02005
2018-01-01 09:59:00,0.1,0.0,66.36688,357730.44,0.0,0.0,19.874004,0.7816896,1.0,1.0,68.049736,0.0,0.0,0.0,-2.1970305e-13,-0.86426616,0.20153809,-400.25253,66.36688,55.184006,0.0,0.9,0.0,-2.343412e-13,0.0,75.93575,64.85,64.79375,66.615616,68.05356
2018-01-01 10:00:00,0.1,0.0,66.36688,357730.44,0.0,0.0,19.940033,0.7815606,1.0,1.0,68.057755,0.0,0.0,0.0,-2.1963017e-13,-0.8641285,0.20150757,-400.25253,66.36688,55.184006,0.0,0.9,0.0,-2.3426427e-13,0.0,75.937126,64.8489,64.793304,66.622314,68.08712
2018-01-01 10:01:00,0.1,0.0,66.36688,357730.44,0.0,0.0,19.991009,0.78143513,1.0,1.0,68.065796,0.0,0.0,0.0,-2.1956274e-13,-0.86398405,0.20147705,-400.25253,66.36688,55.184006,0.0,0.9,0.0,-2.3419087e-13,0.0,75.9385,64.847855,64.79292,66.6288,68.1209
2018-01-01 10:02:00,0.1,0.0,66.36688,357730.44,0.0,0.0,20.041986,0.7813085,1.0,1.0,68.07384,0.0,0.0,0.0,-2.1948715e-13,-0.8638422,0.20144653,-400.25253,66.36688,55.184006,0.0,0.9,0.0,-2.3411438e-13,0.0,75.93987,64.84682,64.792595,66.63512,68.1548
2018-01-01 10:03:00,0.1,0.0,66.36688,357730.44,0.0,0.0,20.093018,0.7811795,1.0,1.0,68.08185,0.0,0.0,0.0,-2.1942025e-13,-0.8637008,0.20141602,-400.25253,66.36688,55.184006,0.0,0.9,0.0,-2.3404016e-13,0.0,75.94119,64.845764,64.792206,66.641205,68.18886
2018-01-01 10:04:00,0.1,0.0,66.36688,357730.44,0.0,0.0,20.143993,0.78105515,1.0,1.0,68.08989,0.0,0.0,0.0,-2.1934535e-13,-0.86356235,0.2013855,-400.25253,66.36688,55.184006,0.0,0.9,0.0,-2.3396291e-13,0.0,75.942505,64.84478,64.791885,66.6472,68.223076
2018-01-01 10:05:00,0.1,0.0,66.36682,357730.44,0.0,0.0,20.195026,0.7809285,1.0,1.0,68.097946,0.0,0.0,0.0,-2.1927356e-13,-0.86342704,0.20135498,-400.25253,66.36682,55.184006,0.0,0.9,0.0,-2.338845e-13,0.0,75.94383,64.84384,64.79161,66.65297,68.25752
2018-01-01 10:06:00,0.1,0.0,66.36682,357730.44,0.0,0.0,20.246002,0.7808007,1.0,1.0,68.105995,0.0,0.0,0.0,-2.1919661e-13,-0.8632815,0.20132446,-400.25253,66.36682,55.184006,0.0,0.9,0.0,-2.3381094e-13,0.0,75.945145,64.84291,64.791336,66.65851,68.29207
2018-01-01 10:07:00,0.1,0.0,66.36682,357730.44,0.0,0.0,20.297035,0.7806717,1.0,1.0,68.11405,0.0,0.0,0.0,-2.1913988e-13,-0.863145,0.20129395,-400.25253,66.36682,55.184006,0.0,0.9,0.0,-2.3373572e-13,0.0,75.946465,64.84198,64.79111,66.663895,68.32678
2018-01-01 10:08:00,0.1,0.0,66.36682,357730.44,0.0,0.0,20.348011,0.78054506,1.0,1.0,68.1221,0.0,0.0,0.0,-2.1906179e-13,-0.8630038,0.20126343,-400.25253,66.36682,55.184006,0.0,0.9,0.0,-2.3365828e-13,0.0,75.947784,64.841095,64.79083,66.66911,68.361664
2018-01-01 10:09:00,0.1,0.0,66.36682,357730.44,0.0,0.0,20.398987,0.7804207,1.0,1.0,68.130165,0.0,0.0,0.0,-2.1898943e-13,-0.8628567,0.20123291,-400.25253,66.36682,55.184006,0.0,0.9,0.0,-2.335833e-13,0.0,75.94905,64.84027,64.79067,66.674164,68.39666
2018-01-01 10:10:00,0.1,0.0,66.36682,357730.44,0.0,0.0,20.45002,0.78029174,1.0,1.0,68.138245,0.0,0.0,0.0,-2.1892228e-13,-0.86272115,0.2012024,-400.25253,66.36682,55.184006,0.0,0.9,0.0,-2.3350682e-13,0.0,75.95036,64.83945,64.79051,66.679,68.43187
2018-01-01 10:11:00,0.1,0.0,66.36682,357730.44,0.0,0.0,20.500996,0.78016627,1.0,1.0,68.14632,0.0,0.0,0.0,-2.1884889e-13,-0.86258554,0.20117188,-400.25253,66.36682,55.184006,0.0,0.9,0.0,-2.3343103e-13,0.0,75.95163,64.83862,64.790344,66.68373,68.46725
2018-01-01 10:12:00,0.1,0.0,66.36682,357730.44,0.0,0.0,20.552027,0.7800384,1.0,1.0,68.15438,0.0,0.0,0.0,-2.1877541e-13,-0.862444,0.20114136,-400.25253,66.36682,55.184006,0.0,0.9,0.0,-2.3335446e-13,0.0,75.952896,64.83786,64.79018,66.68823,68.50273
2018-01-01 10:13:00,0.1,0.0,66.36682,357730.44,0.0,0.0,20.603004,0.7799141,1.0,1.0,68.16246,0.0,0.0,0.0,-2.1870412e-13,-0.86229295,0.20111084,-400.25253,66.36682,55.184006,0.0,0.9,0.0,-2.3328098e-13,0.0,75.954155,64.83709,64.79007,66.692566,68.53844
2018-01-01 10:14:00,0.1,0.0,66.366776,357730.44,0.0,0.0,20.654034,0.7797863,1.0,1.0,68.17056,0.0,0.0,0.0,-2.1862934e-13,-0.8621622,0.20108032,-400.25253,66.366776,55.184006,0.0,0.9,0.0,-2.332045e-13,0.0,75.955414,64.83638,64.79001,66.69675,68.57425
2018-01-01 10:15:00,0.1,0.0,66.366776,357730.44,0.0,0.0,20.705011,0.77966076,1.0,1.0,68.17865,0.0,0.0,0.0,-2.1856311e-13,-0.86201364,0.2010498,-400.25253,66.366776,55.184006,0.0,0.9,0.0,-2.3312984e-13,0.0,75.95668,64.83566,64.7899,66.70076,68.61023
2018-01-01 10:16:00,0.1,0.0,66.366776,357730.44,0.0,0.0,20.75599,0.7795318,1.0,1.0,68.18675,0.0,0.0,0.0,-2.1849172e-13,-0.8618821,0.20101929,-400.25253,66.366776,55.184006,0.0,0.9,0.0,-2.3305376e-13,0.0,75.957886,64.83501,64.7899,66.704605,68.64638
2018-01-01 10:17:00,0.1,0.0,66.366776,357730.44,0.0,0.0,20.807018,0.7794052,1.0,1.0,68.19486,0.0,0.0,0.0,-2.1842654e-13,-0.86175334,0.20098877,-400.25253,66.366776,55.184006,0.0,0.9,0.0,-2.3297556e-13,0.0,75.95915,64.83434,64.78985,66.70828,68.68269
2018-01-01 10:18:00,0.1,0.0,66.366776,357730.44,0.0,0.0,20.857996,0.7792785,1.0,1.0,68.20297,0.0,0.0,0.0,-2.1835389e-13,-0.8616005,0.20095825,-400.25253,66.366776,55.184006,0.0,0.9,0.0,-2.329015e-13,0.0,75.96036,64.83374,64.78985,66.71179,68.71911
2018-01-01 10:19:00,0.1,0.0,66.366776,357730.44,0.0,0.0,20.909027,0.77915186,1.0,1.0,68.2111,0.0,0.0,0.0,-2.1828112e-13,-0.8614654,0.20092773,-400.25253,66.366776,55.184006,0.0,0.9,0.0,-2.3282418e-13,0.0,75.96157,64.83313,64.7899,66.71515,68.75575
2018-01-01 10:20:00,0.1,0.0,66.366776,357730.44,0.0,0.0,20.960003,0.77902865,1.0,1.0,68.21924,0.0,0.0,0.0,-2.1820488e-13,-0.8613215,0.20089722,-400.25253,66.366776,55.184006,0.0,0.9,0.0,-2.3274958e-13,0.0,75.96283,64.832535,64.78996,66.71838,68.792496
2018-01-01 10:21:00,0.1,0.0,66.366776,357730.44,0.0,0.0,21.011036,0.77889854,1.0,1.0,68.22738,0.0,0.0,0.0,-2.1814131e-13,-0.8611782,0.2008667,-400.25253,66.366776,55.184006,0.0,0.9,0.0,-2.326749e-13,0.0,75.96404,64.831985,64.79001,66.721466,68.82941
2018-01-01 10:22:00,0.1,0.0,66.366776,357730.44,0.0,0.0,21.062012,0.7787765,1.0,1.0,68.235535,0.0,0.0,0.0,-2.1806882e-13,-0.86105597,0.20083618,-400.25253,66.366776,55.184006,0.0,0.9,0.0,-2.325973e-13,0.0,75.965256,64.83148,64.79007,66.72438,68.866486
2018-01-01 10:23:00,0.1,0.0,66.366776,357730.44,0.0,0.0,21.112988,0.7786464,1.0,1.0,68.24369,0.0,0.0,0.0,-2.1799904e-13,-0.8609029,0.20080566,-400.25253,66.366776,55.184006,0.0,0.9,0.0,-2.3252277e-13,0.0,75.96646,64.83099,64.79018,66.72713,68.90368
2018-01-01 10:24:00,0.1,0.0,66.366714,357730.44,0.0,0.0,21.16402,0.77851975,1.0,1.0,68.25187,0.0,0.0,0.0,-2.1792966e-13,-0.8607689,0.20074463,-400.25253,66.366714,55.184006,0.0,0.9,0.0,-2.3244717e-13,0.0,75.96767,64.8305,64.790344,66.72976,68.941086
2018-01-01 10:25:00,0.1,0.0,66.366714,357730.44,0.0,0.0,21.214996,0.7783931,1.0,1.0,68.26006,0.0,0.0,0.0,-2.1785773e-13,-0.8606167,0.20071411,-400.25253,66.366714,55.184006,0.0,0.9,0.0,-2.323743e-13,0.0,75.96887,64.83006,64.79051,66.732285,68.97861
2018-01-01 10:26:00,0.1,0.0,66.366714,357730.44,0.0,0.0,21.26603,0.77826756,1.0,1.0,68.26824,0.0,0.0,0.0,-2.1778025e-13,-0.8604812,0.2006836,-400.25253,66.366714,55.184006,0.0,0.9,0.0,-2.3229926e-13,0.0,75.97003,64.82962,64.79067,66.73465,69.016235
2018-01-01 10:27:00,0.1,0.0,66.366714,357730.44,0.0,0.0,21.317005,0.7781421,1.0,1.0,68.276474,0.0,0.0,0.0,-2.1771028e-13,-0.860341,0.20065308,-400.25253,66.366714,55.184006,0.0,0.9,0.0,-2.3222315e-13,0.0,75.97124,64.82924,64.79089,66.7369,69.05408
2018-01-01 10:28:00,0.1,0.0,66.366714,357730.44,0.0,0.0,21.368036,0.77801543,1.0,1.0,68.2847,0.0,0.0,0.0,-2.1764302e-13,-0.86019754,0.20062256,-400.25253,66.366714,55.184006,0.0,0.9,0.0,-2.321447e-13,0.0,75.97244,64.82885,64.79111,66.739044,69.09204
2018-01-01 10:29:00,0.1,0.0,66.366714,357730.44,0.0,0.0,21.419014,0.7778899,1.0,1.0,68.29292,0.0,0.0,0.0,-2.1757562e-13,-0.8600692,0.20059204,-400.25253,66.366714,55.184006,0.0,0.9,0.0,-2.3207093e-13,0.0,75.9736,64.82852,64.791336,66.74102,69.13011
2018-01-01 10:30:00,0.1,0.0,66.366714,357730.44,0.0,0.0,21.46999,0.77776325,1.0,1.0,68.30119,0.0,0.0,0.0,-2.1750786e-13,-0.85992324,0.20056152,-400.25253,66.366714,55.184006,0.0,0.9,0.0,-2.3199704e-13,0.0,75.97481,64.828186,64.79161,66.74294,69.168396
2018-01-01 10:31:00,0.1,0.0,66.366714,357730.44,0.0,0.0,21.52102,0.77763313,1.0,1.0,68.30944,0.0,0.0,0.0,-2.1743366e-13,-0.859791,0.200531,-400.25253,66.366714,55.184006,0.0,0.9,0.0,-2.3192014e-13,0.0,75.97597,64.827866,64.791885,66.744705,69.20679
2018-01-01 10:32:00,0.1,0.0,66.366714,357730.44,0.0,0.0,21.571999,0.7775088,1.0,1.0,68.31771,0.0,0.0,0.0,-2.1736279e-13,-0.8596454,0.20050049,-400.25253,66.366714,55.184006,0.0,0.9,0.0,-2.3184438e-13,0.0,75.97717,64.82759,64.792206,66.7464,69.24519
2018-01-01 10:33:00,0.1,0.0,66.36666,357730.44,0.0,0.0,21.623028,0.7773833,1.0,1.0,68.32596,0.0,0.0,0.0,-2.1729127e-13,-0.85951495,0.20046997,-400.25253,66.36666,55.184006,0.0,0.9,0.0,-2.3176833e-13,0.0,75.978325,64.82736,64.79254,66.748,69.28353
2018-01-01 10:34:00,0.1,0.0,66.36666,357730.44,0.0,0.0,21.674006,0.7772578,1.0,1.0,68.334206,0.0,0.0,0.0,-2.172171e-13,-0.859366,0.20043945,-400.25253,66.36666,55.184006,0.0,0.9,0.0,-2.3169203e-13,0.0,75.97948,64.82715,64.79292,66.749535,69.32193
2018-01-01 10:35:00,0.1,0.0,66.36666,357730.44,0.0,0.0,21.725037,0.77713114,1.0,1.0,68.34243,0.0,0.0,0.0,-2.1714809e-13,-0.8592225,0.20040894,-400.25253,66.36666,55.184006,0.0,0.9,0.0,-2.3161784e-13,0.0,75.98064,64.82698,64.793304,66.75096,69.360275
2018-01-01 10:36:00,0.1,0.0,66.36666,357730.44,0.0,0.0,21.776012,0.7770057,1.0,1.0,68.35067,0.0,0.0,0.0,-2.1707858e-13,-0.8590807,0.20037842,-400.25253,66.36666,55.184006,0.0,0.9,0.0,-2.31543e-13,0.0,75.98184,64.82687,64.79381,66.75228,69.39856
2018-01-01 10:37:00,0.1,0.0,66.36666,357730.44,0.0,0.0,21.82699,0.776879,1.0,1.0,68.35888,0.0,0.0,0.0,-2.1701137e-13,-0.85894686,0.2003479,-400.25253,66.36666,55.184006,0.0,0.9,0.0,-2.3146762e-13,0.0,75.982994,64.82677,64.79424,66.7536,69.43679
2018-01-01 10:38:00,0.1,0.0,66.36666,357730.44,0.0,0.0,21.878021,0.7767535,1.0,1.0,68.36708,0.0,0.0,0.0,-2.1693517e-13,-0.8588024,0.20031738,-400.25253,66.36666,55.184006,0.0,0.9,0.0,-2.3139284e-13,0.0,75.984146,64.82665,64.79479,66.75481,69.47497
2018-01-01 10:39:00,0.1,0.0,66.36666,357730.44,0.0,0.0,21.928997,0.7766269,1.0,1.0,68.37526,0.0,0.0,0.0,-2.1686978e-13,-0.85867244,0.20028687,-400.25253,66.36666,55.184006,0.0,0.9,0.0,-2.3131892e-13,0.0,75.985306,64.8266,64.79529,66.75597,69.513145
2018-01-01 10:40:00,0.1,0.0,66.36666,357730.44,0.0,0.0,21.98003,0.77649903,1.0,1.0,68.383446,0.0,0.0,0.0,-2.1679911e-13,-0.8585231,0.20025635,-400.25253,66.36666,55.184006,0.0,0.9,0.0,-2.3124425e-13,0.0,75.98645,64.8266,64.79589,66.757065,69.55121
2018-01-01 10:41:00,0.1,0.0,66.36666,357730.44,0.0,0.0,22.031006,0.77637124,1.0,1.0,68.39162,0.0,0.0,0.0,-2.1672873e-13,-0.85838765,0.20022583,-400.25253,66.36666,55.184006,0.0,0.9,0.0,-2.311674e-13,0.0,75.98761,64.8266,64.79649,66.75816,69.589226
2018-01-01 10:42:00,0.1,0.0,66.36666,357730.44,0.0,0.0,22.082039,0.77624804,1.0,1.0,68.399796,0.0,0.0,0.0,-2.1666081e-13,-0.8582521,0.20019531,-400.25253,66.36666,55.184006,0.0,0.9,0.0,-2.3109246e-13,0.0,75.98876,64.82665,64.79715,66.75915,69.62724
2018-01-01 10:43:00,0.1,0.0,66.36661,357730.44,0.0,0.0,22.133015,0.7761214,1.0,1.0,68.407936,0.0,0.0,0.0,-2.165898e-13,-0.8581064,0.20013428,-400.25253,66.36661,55.184006,0.0,0.9,0.0,-2.3101781e-13,0.0,75.98986,64.82677,64.79781,66.76013,69.665085
2018-01-01 10:44:00,0.1,0.0,66.36661,357730.44,0.0,0.0,22.18399,0.7759959,1.0,1.0,68.416084,0.0,0.0,0.0,-2.1650992e-13,-0.85797065,0.20010376,-400.25253,66.36661,55.184006,0.0,0.9,0.0,-2.3094092e-13,0.0,75.99101,64.82687,64.79852,66.76107,69.702934
2018-01-01 10:45:00,0.1,0.0,66.36661,357730.44,0.0,0.0,22.235023,0.7758716,1.0,1.0,68.42423,0.0,0.0,0.0,-2.1644883e-13,-0.8578356,0.20007324,-400.25253,66.36661,55.184006,0.0,0.9,0.0,-2.3086803e-13,0.0,75.99217,64.82698,64.7993,66.76201,69.74068
2018-01-01 10:46:00,0.1,0.0,66.36661,357730.44,0.0,0.0,22.286,0.77574146,1.0,1.0,68.43234,0.0,0.0,0.0,-2.1638041e-13,-0.85768646,0.20004272,-400.25253,66.36661,55.184006,0.0,0.9,0.0,-2.3079366e-13,0.0,75.99327,64.82715,64.800064,66.76288,69.77835
2018-01-01 10:47:00,0.1,0.0,66.36661,357730.44,0.0,0.0,22.33703,0.77561593,1.0,1.0,68.44047,0.0,0.0,0.0,-2.1630801e-13,-0.85755056,0.2000122,-400.25253,66.36661,55.184006,0.0,0.9,0.0,-2.307169e-13,0.0,75.994415,64.82736,64.80089,66.76376,69.81593
2018-01-01 10:48:00,0.1,0.0,66.36661,357730.44,0.0,0.0,22.388008,0.7754893,1.0,1.0,68.44857,0.0,0.0,0.0,-2.1624453e-13,-0.8574083,0.19998169,-400.25253,66.36661,55.184006,0.0,0.9,0.0,-2.3064528e-13,0.0,75.995514,64.82759,64.80171,66.76459,69.85345
2018-01-01 10:49:00,0.1,0.0,66.36661,357730.44,0.0,0.0,22.439037,0.77536494,1.0,1.0,68.45669,0.0,0.0,0.0,-2.1616345e-13,-0.8572742,0.19995117,-400.25253,66.36661,55.184006,0.0,0.9,0.0,-2.3056952e-13,0.0,75.99667,64.827866,64.8026,66.765465,69.890854
2018-01-01 10:50:00,0.1,0.0,66.36661,357730.44,0.0,0.0,22.490015,0.77523714,1.0,1.0,68.46478,0.0,0.0,0.0,-2.1609354e-13,-0.85712695,0.19992065,-400.25253,66.36661,55.184006,0.0,0.9,0.0,-2.3049523e-13,0.0,75.99777,64.82814,64.80353,66.76629,69.92821
2018-01-01 10:51:00,0.1,0.0,66.36661,357730.44,0.0,0.0,22.540993,0.77511394,1.0,1.0,68.472855,0.0,0.0,0.0,-2.1602392e-13,-0.8569973,0.19989014,-400.25253,66.36661,55.184006,0.0,0.9,0.0,-2.3041866e-13,0.0,75.99887,64.82846,64.80446,66.76711,69.96539
2018-01-01 10:52:00,0.1,0.0,66.36655,357730.44,0.0,0.0,22.592022,0.7749873,1.0,1.0,68.48095,0.0,0.0,0.0,-2.1595482e-13,-0.8568544,0.19985962,-400.25253,66.36655,55.184006,0.0,0.9,0.0,-2.3034542e-13,0.0,75.99997,64.82885,64.80545,66.76788,70.00259
2018-01-01 10:53:00,0.1,0.0,66.36655,357730.44,0.0,0.0,22.643,0.77486295,1.0,1.0,68.48901,0.0,0.0,0.0,-2.158779e-13,-0.8567256,0.1998291,-400.25253,66.36655,55.184006,0.0,0.9,0.0,-2.3026706e-13,0.0,76.00107,64.82924,64.80644,66.76871,70.03961
2018-01-01 10:54:00,0.1,0.0,66.36655,357730.44,0.0,0.0,22.69403,0.77473515,1.0,1.0,68.49707,0.0,0.0,0.0,-2.1582015e-13,-0.8565872,0.19979858,-400.25253,66.36655,55.184006,0.0,0.9,0.0,-2.3019266e-13,0.0,76.00217,64.82962,64.80748,66.76953,70.07652
2018-01-01 10:55:00,0.1,0.0,66.36655,357730.44,0.0,0.0,22.745007,0.7746108,1.0,1.0,68.50514,0.0,0.0,0.0,-2.1574839e-13,-0.85644305,0.19976807,-400.25253,66.36655,55.184006,0.0,0.9,0.0,-2.3012131e-13,0.0,76.003265,64.83006,64.80858,66.77041,70.11339
2018-01-01 10:56:00,0.1,0.0,66.36655,357730.44,0.0,0.0,22.795984,0.774483,1.0,1.0,68.5132,0.0,0.0,0.0,-2.1567433e-13,-0.85630333,0.19973755,-400.25253,66.36655,55.184006,0.0,0.9,0.0,-2.300453e-13,0.0,76.004364,64.83055,64.80974,66.77123,70.15008
2018-01-01 10:57:00,0.1,0.0,66.36655,357730.44,0.0,0.0,22.847015,0.7743587,1.0,1.0,68.521225,0.0,0.0,0.0,-2.1560634e-13,-0.856167,0.19970703,-400.25253,66.36655,55.184006,0.0,0.9,0.0,-2.2997018e-13,0.0,76.0054,64.83105,64.81088,66.77211,70.18672
2018-01-01 10:58:00,0.1,0.0,66.36655,357730.44,0.0,0.0,22.897991,0.77423316,1.0,1.0,68.52928,0.0,0.0,0.0,-2.1553295e-13,-0.85603005,0.199646,-400.25253,66.36655,55.184006,0.0,0.9,0.0,-2.2989355e-13,0.0,76.0065,64.8316,64.81204,66.772995,70.22325
2018-01-01 10:59:00,0.1,0.0,66.36655,357730.44,0.0,0.0,22.949024,0.7741065,1.0,1.0,68.537285,0.0,0.0,0.0,-2.1546511e-13,-0.8558861,0.19961548,-400.25253,66.36655,55.184006,0.0,0.9,0.0,-2.2982077e-13,0.0,76.00755,64.832146,64.81325,66.773865,70.25961
2018-01-01 11:00:00,0.1,0.0,66.36655,357730.44,0.0,0.0,23.0,0.77398217,1.0,1.0,68.5453,0.0,0.0,0.0,-2.1539998e-13,-0.85573614,0.19958496,-400.25253,66.36655,55.184006,0.0,0.9,0.0,-2.2974705e-13,0.0,76.00865,64.832695,64.814514,66.77475,70.29592
2018-01-01 11:01:00,0.1,0.0,66.36655,357730.44,0.0,0.0,23.051033,0.7738544,1.0,1.0,68.55334,0.0,0.0,0.0,-2.1532816e-13,-0.8556073,0.19955444,-400.25253,66.36655,55.184006,0.0,0.9,0.0,-2.2967167e-13,0.0,76.00969,64.83336,64.81583,66.77574,70.33206
2018-01-01 11:02:00,0.1,0.0,66.3665,357730.44,0.0,0.0,23.102009,0.77373004,1.0,1.0,68.56134,0.0,0.0,0.0,-2.1525327e-13,-0.8554648,0.19952393,-400.25253,66.3665,55.184006,0.0,0.9,0.0,-2.2959797e-13,0.0,76.010735,64.833954,64.817154,66.77667,70.36816
2018-01-01 11:03:00,0.1,0.0,66.3665,357730.44,0.0,0.0,23.152985,0.7736034,1.0,1.0,68.56934,0.0,0.0,0.0,-2.1518545e-13,-0.85533,0.19949341,-400.25253,66.3665,55.184006,0.0,0.9,0.0,-2.295228e-13,0.0,76.01183,64.83467,64.81847,66.777664,70.40408
2018-01-01 11:04:00,0.1,0.0,66.3665,357730.44,0.0,0.0,23.204018,0.77347785,1.0,1.0,68.57735,0.0,0.0,0.0,-2.1511562e-13,-0.855189,0.19946289,-400.25253,66.3665,55.184006,0.0,0.9,0.0,-2.2944838e-13,0.0,76.01288,64.83539,64.8199,66.7787,70.43984
2018-01-01 11:05:00,0.1,0.0,66.3665,357730.44,0.0,0.0,23.254993,0.7733524,1.0,1.0,68.58533,0.0,0.0,0.0,-2.150454e-13,-0.85504913,0.19943237,-400.25253,66.3665,55.184006,0.0,0.9,0.0,-2.2937303e-13,0.0,76.013916,64.836105,64.82132,66.77975,70.47555
2018-01-01 11:06:00,0.1,0.0,66.3665,357730.44,0.0,0.0,23.306025,0.77322686,1.0,1.0,68.59331,0.0,0.0,0.0,-2.1497162e-13,-0.8549142,0.19940186,-400.25253,66.3665,55.184006,0.0,0.9,0.0,-2.2929887e-13,0.0,76.01497,64.83687,64.82281,66.78079,70.51109
2018-01-01 11:07:00,0.1,0.0,66.3665,357730.44,0.0,0.0,23.357002,0.77309906,1.0,1.0,68.60126,0.0,0.0,0.0,-2.1490527e-13,-0.8547691,0.19937134,-400.25253,66.3665,55.184006,0.0,0.9,0.0,-2.292254e-13,0.0,76.01595,64.83764,64.824295,66.78189,70.546524
2018-01-01 11:08:00,0.1,0.0,66.3665,357730.44,0.0,0.0,23.408031,0.7729747,1.0,1.0,68.60924,0.0,0.0,0.0,-2.148356e-13,-0.8546332,0.19934082,-400.25253,66.3665,55.184006,0.0,0.9,0.0,-2.2915057e-13,0.0,76.017,64.83846,64.82583,66.78304,70.58184
2018-01-01 11:09:00,0.1,0.0,66.3665,357730.44,0.0,0.0,23.45901,0.77284926,1.0,1.0,68.61721,0.0,0.0,0.0,-2.1476192e-13,-0.8544934,0.1993103,-400.25253,66.3665,55.184006,0.0,0.9,0.0,-2.2907593e-13,0.0,76.018036,64.83934,64.82742,66.784256,70.617
2018-01-01 11:10:00,0.1,0.0,66.3665,357730.44,0.0,0.0,23.509987,0.77272373,1.0,1.0,68.62515,0.0,0.0,0.0,-2.146984e-13,-0.8543541,0.19927979,-400.25253,66.3665,55.184006,0.0,0.9,0.0,-2.2900217e-13,0.0,76.01903,64.840225,64.82901,66.78546,70.65204
2018-01-01 11:11:00,0.1,0.0,66.3665,357730.44,0.0,0.0,23.561016,0.7726006,1.0,1.0,68.63309,0.0,0.0,0.0,-2.1462347e-13,-0.8542116,0.19924927,-400.25253,66.3665,55.184006,0.0,0.9,0.0,-2.289288e-13,0.0,76.02007,64.841095,64.83066,66.78667,70.68692
2018-01-01 11:12:00,0.1,0.0,66.36644,357730.44,0.0,0.0,23.611994,0.772474,1.0,1.0,68.64093,0.0,0.0,0.0,-2.1455968e-13,-0.85408604,0.19921875,-400.25253,66.36644,55.184006,0.0,0.9,0.0,-2.2885011e-13,0.0,76.02106,64.84198,64.83226,66.78787,70.72148
2018-01-01 11:13:00,0.1,0.0,66.36644,357730.44,0.0,0.0,23.663025,0.77234846,1.0,1.0,68.64874,0.0,0.0,0.0,-2.1448208e-13,-0.8539503,0.19918823,-400.25253,66.36644,55.184006,0.0,0.9,0.0,-2.287788e-13,0.0,76.02211,64.84286,64.83385,66.789085,70.75581
2018-01-01 11:14:00,0.1,0.0,66.36644,357730.44,0.0,0.0,23.714,0.7722253,1.0,1.0,68.65653,0.0,0.0,0.0,-2.1441707e-13,-0.85379696,0.19915771,-400.25253,66.36644,55.184006,0.0,0.9,0.0,-2.287048e-13,0.0,76.023094,64.843796,64.83544,66.7903,70.79003
2018-01-01 11:15:00,0.1,0.0,66.36644,357730.44,0.0,0.0,23.765034,0.77209747,1.0,1.0,68.6643,0.0,0.0,0.0,-2.1434854e-13,-0.8536578,0.1991272,-400.25253,66.36644,55.184006,0.0,0.9,0.0,-2.2863146e-13,0.0,76.02408,64.844666,64.83709,66.79156,70.82409
2018-01-01 11:16:00,0.1,0.0,66.36644,357730.44,0.0,0.0,23.81601,0.77197313,1.0,1.0,68.67205,0.0,0.0,0.0,-2.1427838e-13,-0.8535272,0.19909668,-400.25253,66.36644,55.184006,0.0,0.9,0.0,-2.2855527e-13,0.0,76.02507,64.845604,64.83874,66.792816,70.85803
2018-01-01 11:17:00,0.1,0.0,66.36644,357730.44,0.0,0.0,23.866985,0.77184767,1.0,1.0,68.679794,0.0,0.0,0.0,-2.1420813e-13,-0.8533787,0.19906616,-400.25253,66.36644,55.184006,0.0,0.9,0.0,-2.2848227e-13,0.0,76.02606,64.84659,64.84044,66.79414,70.89177
2018-01-01 11:18:00,0.1,0.0,66.36644,357730.44,0.0,0.0,23.918018,0.7717198,1.0,1.0,68.68754,0.0,0.0,0.0,-2.1414248e-13,-0.85324323,0.19903564,-400.25253,66.36644,55.184006,0.0,0.9,0.0,-2.2840887e-13,0.0,76.027054,64.84758,64.84215,66.795456,70.92544
2018-01-01 11:19:00,0.1,0.0,66.36644,357730.44,0.0,0.0,23.968994,0.77159667,1.0,1.0,68.69526,0.0,0.0,0.0,-2.1406364e-13,-0.85310006,0.19900513,-400.25253,66.36644,55.184006,0.0,0.9,0.0,-2.2833425e-13,0.0,76.02804,64.848625,64.8439,66.79683,70.95889
2018-01-01 11:20:00,0.1,0.0,66.36644,357730.44,0.0,0.0,24.020025,0.77147,1.0,1.0,68.70296,0.0,0.0,0.0,-2.1400224e-13,-0.8529712,0.19897461,-400.25253,66.36644,55.184006,0.0,0.9,0.0,-2.2825668e-13,0.0,76.02902,64.84967,64.84566,66.7982,70.99223
2018-01-01 11:21:00,0.1,0.0,66.36644,357730.44,0.0,0.0,24.071003,0.7713468,1.0,1.0,68.710625,0.0,0.0,0.0,-2.1392615e-13,-0.85283107,0.19894409,-400.25253,66.36644,55.184006,0.0,0.9,0.0,-2.2818452e-13,0.0,76.02996,64.85071,64.84747,66.799576,71.02541
2018-01-01 11:22:00,0.1,0.0,66.36639,357730.44,0.0,0.0,24.122034,0.77122134,1.0,1.0,68.71831,0.0,0.0,0.0,-2.1385683e-13,-0.8526961,0.19891357,-400.25253,66.36639,55.184006,0.0,0.9,0.0,-2.2811082e-13,0.0,76.030945,64.85181,64.849335,66.80101,71.05849
2018-01-01 11:23:00,0.1,0.0,66.36639,357730.44,0.0,0.0,24.17301,0.7710947,1.0,1.0,68.725975,0.0,0.0,0.0,-2.1378175e-13,-0.85254943,0.19888306,-400.25253,66.36639,55.184006,0.0,0.9,0.0,-2.280371e-13,0.0,76.03188,64.852905,64.85121,66.80249,71.091385
2018-01-01 11:24:00,0.1,0.0,66.36639,357730.44,0.0,0.0,24.223988,0.77097034,1.0,1.0,68.73363,0.0,0.0,0.0,-2.1371796e-13,-0.8524191,0.19885254,-400.25253,66.36639,55.184006,0.0,0.9,0.0,-2.2796183e-13,0.0,76.03287,64.854065,64.853134,66.80397,71.12413
2018-01-01 11:25:00,0.1,0.0,66.36639,357730.44,0.0,0.0,24.275019,0.77084255,1.0,1.0,68.74125,0.0,0.0,0.0,-2.1365096e-13,-0.85228443,0.19882202,-400.25253,66.36639,55.184006,0.0,0.9,0.0,-2.2788986e-13,0.0,76.033806,64.85522,64.85506,66.80545,71.1567
2018-01-01 11:26:00,0.1,0.0,66.36639,357730.44,0.0,0.0,24.325994,0.7707205,1.0,1.0,68.74886,0.0,0.0,0.0,-2.1358603e-13,-0.852132,0.1987915,-400.25253,66.36639,55.184006,0.0,0.9,0.0,-2.2781576e-13,0.0,76.034744,64.85643,64.857025,66.80694,71.18916
2018-01-01 11:27:00,0.1,0.0,66.36639,357730.44,0.0,0.0,24.377026,0.770595,1.0,1.0,68.75644,0.0,0.0,0.0,-2.1351212e-13,-0.85200256,0.19876099,-400.25253,66.36639,55.184006,0.0,0.9,0.0,-2.2774222e-13,0.0,76.035675,64.857635,64.85901,66.808426,71.221466
2018-01-01 11:28:00,0.1,0.0,66.36639,357730.44,0.0,0.0,24.428003,0.7704695,1.0,1.0,68.76402,0.0,0.0,0.0,-2.1344615e-13,-0.8518652,0.19873047,-400.25253,66.36639,55.184006,0.0,0.9,0.0,-2.276653e-13,0.0,76.036606,64.85884,64.86104,66.80996,71.253654
2018-01-01 11:29:00,0.1,0.0,66.36639,357730.44,0.0,0.0,24.479034,0.770344,1.0,1.0,68.77159,0.0,0.0,0.0,-2.1337827e-13,-0.85172504,0.19869995,-400.25253,66.36639,55.184006,0.0,0.9,0.0,-2.2759317e-13,0.0,76.03754,64.86011,64.86313,66.81149,71.285675
2018-01-01 11:30:00,0.1,0.0,66.36639,357730.44,0.0,0.0,24.53001,0.7702197,1.0,1.0,68.77911,0.0,0.0,0.0,-2.1330836e-13,-0.85159147,0.19866943,-400.25253,66.36639,55.184006,0.0,0.9,0.0,-2.2751817e-13,0.0,76.038475,64.861374,64.86522,66.813034,71.31749
2018-01-01 11:31:00,0.1,0.0,66.36639,357730.44,0.0,0.0,24.580988,0.7700965,1.0,1.0,68.78666,0.0,0.0,0.0,-2.1323362e-13,-0.8514537,0.19863892,-400.25253,66.36639,55.184006,0.0,0.9,0.0,-2.274456e-13,0.0,76.03941,64.862686,64.867355,66.814575,71.349236
2018-01-01 11:32:00,0.1,0.0,66.36633,357730.44,0.0,0.0,24.632019,0.7699687,1.0,1.0,68.79411,0.0,0.0,0.0,-2.1316748e-13,-0.85130644,0.19857788,-400.25253,66.36633,55.184006,0.0,0.9,0.0,-2.2737155e-13,0.0,76.040344,64.864006,64.8695,66.81612,71.3806
2018-01-01 11:33:00,0.1,0.0,66.36633,357730.44,0.0,0.0,24.682995,0.7698432,1.0,1.0,68.80151,0.0,0.0,0.0,-2.131039e-13,-0.8511702,0.19854736,-400.25253,66.36633,55.184006,0.0,0.9,0.0,-2.2729991e-13,0.0,76.04122,64.86538,64.87164,66.81765,71.4117
2018-01-01 11:34:00,0.1,0.0,66.36633,357730.44,0.0,0.0,24.734028,0.7697189,1.0,1.0,68.80885,0.0,0.0,0.0,-2.1302906e-13,-0.8510329,0.19851685,-400.25253,66.36633,55.184006,0.0,0.9,0.0,-2.2722626e-13,0.0,76.04216,64.8667,64.87384,66.81914,71.4424
2018-01-01 11:35:00,0.1,0.0,66.36633,357730.44,0.0,0.0,24.785004,0.7695934,1.0,1.0,68.81611,0.0,0.0,0.0,-2.1296001e-13,-0.85088897,0.19848633,-400.25253,66.36633,55.184006,0.0,0.9,0.0,-2.2715137e-13,0.0,76.04303,64.86807,64.87604,66.82062,71.47278
2018-01-01 11:36:00,0.1,0.0,66.36633,357730.44,0.0,0.0,24.836035,0.7694691,1.0,1.0,68.82331,0.0,0.0,0.0,-2.1288879e-13,-0.8507555,0.19845581,-400.25253,66.36633,55.184006,0.0,0.9,0.0,-2.2707513e-13,0.0,76.04397,64.869446,64.878235,66.8221,71.50277
2018-01-01 11:37:00,0.1,0.0,66.36633,357730.44,0.0,0.0,24.887012,0.76934475,1.0,1.0,68.83044,0.0,0.0,0.0,-2.1281745e-13,-0.8506124,0.1984253,-400.25253,66.36633,55.184006,0.0,0.9,0.0,-2.2700417e-13,0.0,76.044846,64.87087,64.880486,66.82353,71.53243
2018-01-01 11:38:00,0.1,0.0,66.36633,357730.44,0.0,0.0,24.937988,0.7692193,1.0,1.0,68.83748,0.0,0.0,0.0,-2.1275699e-13,-0.8504828,0.19839478,-400.25253,66.36633,55.184006,0.0,0.9,0.0,-2.2692872e-13,0.0,76.04578,64.872246,64.88268,66.82495,71.56171
2018-01-01 11:39:00,0.1,0.0,66.36633,357730.44,0.0,0.0,24.98902,0.7690961,1.0,1.0,68.84447,0.0,0.0,0.0,-2.1268007e-13,-0.8503417,0.19836426,-400.25253,66.36633,55.184006,0.0,0.9,0.0,-2.2685425e-13,0.0,76.04666,64.87367,64.884995,66.826385,71.59061
2018-01-01 11:40:00,0.1,0.0,66.36633,357730.44,0.0,0.0,25.039997,0.7689683,1.0,1.0,68.851364,0.0,0.0,0.0,-2.1261679e-13,-0.8502083,0.19833374,-400.25253,66.36633,55.184006,0.0,0.9,0.0,-2.2678201e-13,0.0,76.04754,64.87511,64.88724,66.82776,71.61917
2018-01-01 11:41:00,0.1,0.0,66.36627,357730.44,0.0,0.0,25.091028,0.76884395,1.0,1.0,68.85819,0.0,0.0,0.0,-2.1254538e-13,-0.85006136,0.19830322,-400.25253,66.36627,55.184006,0.0,0.9,0.0,-2.2670819e-13,0.0,76.048416,64.87659,64.88955,66.82907,71.647354
2018-01-01 11:42:00,0.1,0.0,66.36627,357730.44,0.0,0.0,25.142004,0.7687196,1.0,1.0,68.86493,0.0,0.0,0.0,-2.1247666e-13,-0.84993476,0.1982727,-400.25253,66.36627,55.184006,0.0,0.9,0.0,-2.266339e-13,0.0,76.0493,64.87801,64.8918,66.8304,71.67514
2018-01-01 11:43:00,0.1,0.0,66.36627,357730.44,0.0,0.0,25.193035,0.7685941,1.0,1.0,68.871605,0.0,0.0,0.0,-2.1241101e-13,-0.849787,0.19824219,-400.25253,66.36627,55.184006,0.0,0.9,0.0,-2.2656197e-13,0.0,76.05017,64.8795,64.894165,66.83166,71.70256
2018-01-01 11:44:00,0.1,0.0,66.36627,357730.44,0.0,0.0,25.244013,0.7684686,1.0,1.0,68.878204,0.0,0.0,0.0,-2.1234039e-13,-0.84965247,0.19821167,-400.25253,66.36627,55.184006,0.0,0.9,0.0,-2.2648796e-13,0.0,76.051056,64.88098,64.89647,66.83292,71.72958
2018-01-01 11:45:00,0.1,0.0,66.36627,357730.44,0.0,0.0,25.294989,0.7683443,1.0,1.0,68.884705,0.0,0.0,0.0,-2.1226215e-13,-0.84951764,0.19818115,-400.25253,66.36627,55.184006,0.0,0.9,0.0,-2.2641336e-13,0.0,76.05188,64.88246,64.898834,66.83413,71.756226
2018-01-01 11:46:00,0.1,0.0,66.36627,357730.44,0.0,0.0,25.34602,0.76821995,1.0,1.0,68.89115,0.0,0.0,0.0,-2.1220649e-13,-0.84937704,0.19815063,-400.25253,66.36627,55.184006,0.0,0.9,0.0,-2.2633966e-13,0.0,76.05276,64.88394,64.9012,66.83534,71.782486
2018-01-01 11:47:00,0.1,0.0,66.36627,357730.44,0.0,0.0,25.396997,0.7680956,1.0,1.0,68.89749,0.0,0.0,0.0,-2.1213173e-13,-0.8492376,0.19812012,-400.25253,66.36627,55.184006,0.0,0.9,0.0,-2.2626744e-13,0.0,76.05358,64.88548,64.90356,66.83649,71.80835
2018-01-01 11:48:00,0.1,0.0,66.36627,357730.44,0.0,0.0,25.448029,0.7679713,1.0,1.0,68.90376,0.0,0.0,0.0,-2.1205977e-13,-0.8491068,0.1980896,-400.25253,66.36627,55.184006,0.0,0.9,0.0,-2.2619198e-13,0.0,76.05446,64.88696,64.905914,66.837585,71.83385
2018-01-01 11:49:00,0.1,0.0,66.36627,357730.44,0.0,0.0,25.499004,0.76784694,1.0,1.0,68.90993,0.0,0.0,0.0,-2.1199917e-13,-0.8489619,0.19805908,-400.25253,66.36627,55.184006,0.0,0.9,0.0,-2.2612036e-13,0.0,76.05528,64.888504,64.90834,66.83864,71.85889
2018-01-01 11:50:00,0.1,0.0,66.36627,357730.44,0.0,0.0,25.550037,0.7677203,1.0,1.0,68.91603,0.0,0.0,0.0,-2.1192789e-13,-0.84881955,0.19802856,-400.25253,66.36627,55.184006,0.0,0.9,0.0,-2.2604816e-13,0.0,76.05611,64.890045,64.9107,66.839676,71.883606
2018-01-01 11:51:00,0.1,0.0,66.36623,357730.44,0.0,0.0,25.601013,0.76759714,1.0,1.0,68.922066,0.0,0.0,0.0,-2.1185203e-13,-0.84868747,0.19799805,-400.25253,66.36623,55.184006,0.0,0.9,0.0,-2.25973e-13,0.0,76.05693,64.89159,64.91317,66.84072,71.90789
2018-01-01 11:52:00,0.1,0.0,66.36623,357730.44,0.0,0.0,25.651989,0.7674717,1.0,1.0,68.92797,0.0,0.0,0.0,-2.1178538e-13,-0.84854573,0.19796753,-400.25253,66.36623,55.184006,0.0,0.9,0.0,-2.2590068e-13,0.0,76.0577,64.89312,64.91559,66.84166,71.931786
2018-01-01 11:53:00,0.1,0.0,66.36623,357730.44,0.0,0.0,25.703022,0.76734614,1.0,1.0,68.93384,0.0,0.0,0.0,-2.1172181e-13,-0.84841835,0.19793701,-400.25253,66.36623,55.184006,0.0,0.9,0.0,-2.2582501e-13,0.0,76.058525,64.894714,64.918,66.84264,71.95529
2018-01-01 11:54:00,0.1,0.0,66.36623,357730.44,0.0,0.0,25.753998,0.7672218,1.0,1.0,68.93958,0.0,0.0,0.0,-2.1165083e-13,-0.8482748,0.1979065,-400.25253,66.36623,55.184006,0.0,0.9,0.0,-2.2575206e-13,0.0,76.059296,64.896255,64.92047,66.84352,71.97836
2018-01-01 11:55:00,0.1,0.0,66.36623,357730.44,0.0,0.0,25.805029,0.76709867,1.0,1.0,68.94529,0.0,0.0,0.0,-2.1158396e-13,-0.8481321,0.19787598,-400.25253,66.36623,55.184006,0.0,0.9,0.0,-2.2567968e-13,0.0,76.06012,64.89784,64.92294,66.84445,72.001114
2018-01-01 11:56:00,0.1,0.0,66.36623,357730.44,0.0,0.0,25.856007,0.766972,1.0,1.0,68.95072,0.0,0.0,0.0,-2.1151192e-13,-0.84798616,0.19784546,-400.25253,66.36623,55.184006,0.0,0.9,0.0,-2.2560796e-13,0.0,76.06088,64.89938,64.92537,66.845276,72.0227
2018-01-01 11:57:00,0.1,0.0,66.36623,357730.44,0.0,0.0,25.907038,0.7668465,1.0,1.0,68.95602,0.0,0.0,0.0,-2.1144852e-13,-0.84786433,0.19781494,-400.25253,66.36623,55.184006,0.0,0.9,0.0,-2.2553144e-13,0.0,76.06166,64.900925,64.92778,66.846054,72.043686
2018-01-01 11:58:00,0.1,0.0,66.36623,357730.44,0.0,0.0,25.958014,0.76672566,1.0,1.0,68.96126,0.0,0.0,0.0,-2.1137256e-13,-0.84772134,0.19778442,-400.25253,66.36623,55.184006,0.0,0.9,0.0,-2.2545929e-13,0.0,76.06237,64.90251,64.93025,66.84688,72.064285
2018-01-01 11:59:00,0.1,0.0,66.36623,357730.44,0.0,0.0,26.008991,0.7665978,1.0,1.0,68.9664,0.0,0.0,0.0,-2.1130527e-13,-0.8475885,0.1977539,-400.25253,66.36623,55.184006,0.0,0.9,0.0,-2.2538799e-13,0.0,76.06314,64.904106,64.93267,66.84764,72.08444
2018-01-01 12:00:00,0.1,0.0,66.36623,357730.44,0.0,0.0,26.060022,0.76647466,1.0,1.0,68.971436,0.0,0.0,0.0,-2.1123901e-13,-0.84744436,0.19772339,-400.25253,66.36623,55.184006,0.0,0.9,0.0,-2.2531404e-13,0.0,76.06386,64.9057,64.93509,66.84841,72.10411
2018-01-01 12:01:00,0.1,0.0,66.366165,357730.44,0.0,0.0,26.093037,0.76634914,1.0,1.0,68.976425,0.0,0.0,0.0,-2.1116858e-13,-0.8473137,0.19769287,-400.25253,66.366165,55.184006,0.0,0.9,0.0,-2.2523945e-13,0.0,76.06457,64.90735,64.93756,66.849236,72.12338
2018-01-01 12:02:00,0.1,0.0,66.366165,357730.44,0.0,0.0,26.125996,0.766226,1.0,1.0,68.98131,0.0,0.0,0.0,-2.1109868e-13,-0.84715915,0.19766235,-400.25253,66.366165,55.184006,0.0,0.9,0.0,-2.2516823e-13,0.0,76.06528,64.909,64.94003,66.849945,72.14229
2018-01-01 12:03:00,0.1,0.0,66.366165,357730.44,0.0,0.0,26.159008,0.76610047,1.0,1.0,68.98611,0.0,0.0,0.0,-2.1103109e-13,-0.8470287,0.19763184,-400.25253,66.366165,55.184006,0.0,0.9,0.0,-2.2509539e-13,0.0,76.065994,64.910645,64.942505,66.85072,72.16069
2018-01-01 12:04:00,0.1,0.0,66.366165,357730.44,0.0,0.0,26.192022,0.7659773,1.0,1.0,68.990845,0.0,0.0,0.0,-2.1096022e-13,-0.8468983,0.19760132,-400.25253,66.366165,55.184006,0.0,0.9,0.0,-2.2502104e-13,0.0,76.06671,64.912346,64.94498,66.85149,72.1787
2018-01-01 12:05:00,0.1,0.0,66.366165,357730.44,0.0,0.0,26.225037,0.765853,1.0,1.0,68.99548,0.0,0.0,0.0,-2.108943e-13,-0.8467609,0.1975708,-400.25253,66.366165,55.184006,0.0,0.9,0.0,-2.2494884e-13,0.0,76.06737,64.91405,64.94745,66.8522,72.196335
2018-01-01 12:06:00,0.1,0.0,66.366165,357730.44,0.0,0.0,26.257996,0.76572865,1.0,1.0,69.000046,0.0,0.0,0.0,-2.1082748e-13,-0.8466241,0.19754028,-400.25253,66.366165,55.184006,0.0,0.9,0.0,-2.248758e-13,0.0,76.06802,64.9158,64.94992,66.85297,72.21353
2018-01-01 12:07:00,0.1,0.0,66.366165,357730.44,0.0,0.0,26.29101,0.765602,1.0,1.0,69.00453,0.0,0.0,0.0,-2.1075825e-13,-0.84648037,0.19747925,-400.25253,66.366165,55.184006,0.0,0.9,0.0,-2.2480343e-13,0.0,76.06869,64.917564,64.952446,66.85368,72.230286
2018-01-01 12:08:00,0.1,0.0,66.366165,357730.44,0.0,0.0,26.324024,0.76547885,1.0,1.0,69.00893,0.0,0.0,0.0,-2.1068967e-13,-0.8463398,0.19744873,-400.25253,66.366165,55.184006,0.0,0.9,0.0,-2.2473137e-13,0.0,76.06929,64.91937,64.95492,66.8544,72.24666
2018-01-01 12:09:00,0.1,0.0,66.366165,357730.44,0.0,0.0,26.357037,0.76535565,1.0,1.0,69.01326,0.0,0.0,0.0,-2.1062163e-13,-0.8462094,0.19741821,-400.25253,66.366165,55.184006,0.0,0.9,0.0,-2.2465652e-13,0.0,76.06995,64.92119,64.95744,66.85512,72.26259
2018-01-01 12:10:00,0.1,0.0,66.36611,357730.44,0.0,0.0,26.389996,0.7652302,1.0,1.0,69.0175,0.0,0.0,0.0,-2.1055639e-13,-0.8460654,0.1973877,-400.25253,66.36611,55.184006,0.0,0.9,0.0,-2.2458226e-13,0.0,76.07056,64.923004,64.95998,66.85583,72.27813
2018-01-01 12:11:00,0.1,0.0,66.36611,357730.44,0.0,0.0,26.42301,0.765107,1.0,1.0,69.02165,0.0,0.0,0.0,-2.1048061e-13,-0.8459324,0.19735718,-400.25253,66.36611,55.184006,0.0,0.9,0.0,-2.2450934e-13,0.0,76.07116,64.924866,64.96245,66.85654,72.293236
2018-01-01 12:12:00,0.1,0.0,66.36611,357730.44,0.0,0.0,26.456024,0.76498383,1.0,1.0,69.025734,0.0,0.0,0.0,-2.1041288e-13,-0.84579194,0.19732666,-400.25253,66.36611,55.184006,0.0,0.9,0.0,-2.2443635e-13,0.0,76.07176,64.92674,64.964966,66.857254,72.30791
2018-01-01 12:13:00,0.1,0.0,66.36611,357730.44,0.0,0.0,26.489038,0.7648595,1.0,1.0,69.029724,0.0,0.0,0.0,-2.1035022e-13,-0.8456614,0.19729614,-400.25253,66.36611,55.184006,0.0,0.9,0.0,-2.2436423e-13,0.0,76.07231,64.928665,64.9675,66.85791,72.322235
2018-01-01 12:14:00,0.1,0.0,66.36611,357730.44,0.0,0.0,26.521997,0.76473284,1.0,1.0,69.033646,0.0,0.0,0.0,-2.1027955e-13,-0.84552664,0.19726562,-400.25253,66.36611,55.184006,0.0,0.9,0.0,-2.2429156e-13,0.0,76.07286,64.93059,64.970024,66.85863,72.336136
2018-01-01 12:15:00,0.1,0.0,66.36611,357730.44,0.0,0.0,26.555012,0.7646073,1.0,1.0,69.03749,0.0,0.0,0.0,-2.1021375e-13,-0.8453823,0.1972351,-400.25253,66.36611,55.184006,0.0,0.9,0.0,-2.2421892e-13,0.0,76.07341,64.93251,64.97261,66.85928,72.349594
2018-01-01 12:16:00,0.1,0.0,66.36611,357730.44,0.0,0.0,26.588024,0.7644853,1.0,1.0,69.041245,0.0,0.0,0.0,-2.1014172e-13,-0.84524226,0.19720459,-400.25253,66.36611,55.184006,0.0,0.9,0.0,-2.2414545e-13,0.0,76.07396,64.93448,64.97513,66.85995,72.362724
2018-01-01 12:17:00,0.1,0.0,66.36611,357730.44,0.0,0.0,26.620983,0.76436335,1.0,1.0,69.044945,0.0,0.0,0.0,-2.1007184e-13,-0.8451168,0.19717407,-400.25253,66.36611,55.184006,0.0,0.9,0.0,-2.2407168e-13,0.0,76.07451,64.93646,64.977715,66.86066,72.37541
2018-01-01 12:18:00,0.1,0.0,66.36611,357730.44,0.0,0.0,26.653997,0.76423556,1.0,1.0,69.04854,0.0,0.0,0.0,-2.1001022e-13,-0.84496754,0.19714355,-400.25253,66.36611,55.184006,0.0,0.9,0.0,-2.2400215e-13,0.0,76.075005,64.93844,64.98024,66.86132,72.387665
2018-01-01 12:19:00,0.1,0.0,66.36611,357730.44,0.0,0.0,26.687012,0.76411235,1.0,1.0,69.05208,0.0,0.0,0.0,-2.0994366e-13,-0.8448276,0.19711304,-400.25253,66.36611,55.184006,0.0,0.9,0.0,-2.2392967e-13,0.0,76.075554,64.940475,64.98282,66.861984,72.39953
2018-01-01 12:20:00,0.1,0.0,66.36606,357730.44,0.0,0.0,26.720026,0.76399034,1.0,1.0,69.05553,0.0,0.0,0.0,-2.098638e-13,-0.84470004,0.19708252,-400.25253,66.36606,55.184006,0.0,0.9,0.0,-2.2385595e-13,0.0,76.07605,64.942505,64.985405,66.86264,72.41101
2018-01-01 12:21:00,0.1,0.0,66.36606,357730.44,0.0,0.0,26.752985,0.7638649,1.0,1.0,69.058876,0.0,0.0,0.0,-2.098002e-13,-0.84455746,0.197052,-400.25253,66.36606,55.184006,0.0,0.9,0.0,-2.2378177e-13,0.0,76.07649,64.944534,64.98793,66.8633,72.422104
2018-01-01 12:22:00,0.1,0.0,66.36606,357730.44,0.0,0.0,26.786,0.76374054,1.0,1.0,69.06202,0.0,0.0,0.0,-2.0973812e-13,-0.84441936,0.19702148,-400.25253,66.36606,55.184006,0.0,0.9,0.0,-2.2370978e-13,0.0,76.07698,64.94652,64.99051,66.86391,72.43216
2018-01-01 12:23:00,0.1,0.0,66.36606,357730.44,0.0,0.0,26.819012,0.7636162,1.0,1.0,69.065025,0.0,0.0,0.0,-2.0966804e-13,-0.84428567,0.19699097,-400.25253,66.36606,55.184006,0.0,0.9,0.0,-2.2363876e-13,0.0,76.07742,64.94849,64.99304,66.8645,72.441666
2018-01-01 12:24:00,0.1,0.0,66.36606,357730.44,0.0,0.0,26.852026,0.76349413,1.0,1.0,69.067986,0.0,0.0,0.0,-2.0959332e-13,-0.8441517,0.19696045,-400.25253,66.36606,55.184006,0.0,0.9,0.0,-2.2356415e-13,0.0,76.07791,64.95047,64.99562,66.865166,72.450775
2018-01-01 12:25:00,0.1,0.0,66.36606,357730.44,0.0,0.0,26.884985,0.7633652,1.0,1.0,69.07084,0.0,0.0,0.0,-2.095314e-13,-0.84400773,0.19692993,-400.25253,66.36606,55.184006,0.0,0.9,0.0,-2.2349256e-13,0.0,76.078354,64.952446,64.99815,66.86577,72.45946
2018-01-01 12:26:00,0.1,0.0,66.36606,357730.44,0.0,0.0,26.918,0.76324433,1.0,1.0,69.07362,0.0,0.0,0.0,-2.0946641e-13,-0.8438702,0.19689941,-400.25253,66.36606,55.184006,0.0,0.9,0.0,-2.234202e-13,0.0,76.078735,64.95448,65.00073,66.86638,72.46776
2018-01-01 12:27:00,0.1,0.0,66.36606,357730.44,0.0,0.0,26.951014,0.76311886,1.0,1.0,69.07631,0.0,0.0,0.0,-2.0939842e-13,-0.84373754,0.1968689,-400.25253,66.36606,55.184006,0.0,0.9,0.0,-2.2334714e-13,0.0,76.07918,64.95645,65.00331,66.866974,72.47561
2018-01-01 12:28:00,0.1,0.0,66.36606,357730.44,0.0,0.0,26.984028,0.76299804,1.0,1.0,69.0789,0.0,0.0,0.0,-2.0932484e-13,-0.843597,0.19683838,-400.25253,66.36606,55.184006,0.0,0.9,0.0,-2.2327421e-13,0.0,76.07956,64.95849,65.005844,66.86752,72.48308
2018-01-01 12:29:00,0.1,0.0,66.36606,357730.44,0.0,0.0,27.016987,0.7628737,1.0,1.0,69.08143,0.0,0.0,0.0,-2.09257e-13,-0.8434577,0.19680786,-400.25253,66.36606,55.184006,0.0,0.9,0.0,-2.2320278e-13,0.0,76.07995,64.960464,65.00842,66.86813,72.490166
2018-01-01 12:30:00,0.1,0.0,66.366,357730.44,0.0,0.0,27.05,0.7627494,1.0,1.0,69.08388,0.0,0.0,0.0,-2.0918917e-13,-0.8433292,0.19677734,-400.25253,66.366,55.184006,0.0,0.9,0.0,-2.2312916e-13,0.0,76.08034,64.962494,65.011,66.86874,72.49681
2018-01-01 12:31:00,0.1,0.0,66.366,357730.44,0.0,0.0,27.083014,0.7626227,1.0,1.0,69.08624,0.0,0.0,0.0,-2.0912917e-13,-0.8431976,0.19674683,-400.25253,66.366,55.184006,0.0,0.9,0.0,-2.2305789e-13,0.0,76.08072,64.96453,65.01358,66.869286,72.503075
2018-01-01 12:32:00,0.1,0.0,66.366,357730.44,0.0,0.0,27.116028,0.762503,1.0,1.0,69.088554,0.0,0.0,0.0,-2.0905552e-13,-0.8430527,0.19671631,-400.25253,66.366,55.184006,0.0,0.9,0.0,-2.229852e-13,0.0,76.0811,64.96651,65.01617,66.86989,72.50912
2018-01-01 12:33:00,0.1,0.0,66.366,357730.44,0.0,0.0,27.148987,0.7623787,1.0,1.0,69.090836,0.0,0.0,0.0,-2.089853e-13,-0.8429185,0.19668579,-400.25253,66.366,55.184006,0.0,0.9,0.0,-2.2291189e-13,0.0,76.081436,64.96854,65.01875,66.87044,72.515
2018-01-01 12:34:00,0.1,0.0,66.366,357730.44,0.0,0.0,27.182001,0.76225203,1.0,1.0,69.09306,0.0,0.0,0.0,-2.0891802e-13,-0.84277683,0.19665527,-400.25253,66.366,55.184006,0.0,0.9,0.0,-2.2283874e-13,0.0,76.08176,64.97057,65.02133,66.87099,72.52065
2018-01-01 12:35:00,0.1,0.0,66.366,357730.44,0.0,0.0,27.215015,0.7621265,1.0,1.0,69.09527,0.0,0.0,0.0,-2.0885011e-13,-0.84264266,0.19662476,-400.25253,66.366,55.184006,0.0,0.9,0.0,-2.2276782e-13,0.0,76.08209,64.97261,65.02397,66.87154,72.526146
2018-01-01 12:36:00,0.1,0.0,66.366,357730.44,0.0,0.0,27.248028,0.7620068,1.0,1.0,69.097435,0.0,0.0,0.0,-2.0878207e-13,-0.8425016,0.19659424,-400.25253,66.366,55.184006,0.0,0.9,0.0,-2.2269397e-13,0.0,76.08242,64.97469,65.02655,66.872086,72.53142
2018-01-01 12:37:00,0.1,0.0,66.366,357730.44,0.0,0.0,27.280987,0.7618836,1.0,1.0,69.09954,0.0,0.0,0.0,-2.0871709e-13,-0.8423672,0.19656372,-400.25253,66.366,55.184006,0.0,0.9,0.0,-2.2262186e-13,0.0,76.082695,64.97673,65.02913,66.872635,72.53653
2018-01-01 12:38:00,0.1,0.0,66.366,357730.44,0.0,0.0,27.314001,0.7617582,1.0,1.0,69.10163,0.0,0.0,0.0,-2.0864643e-13,-0.8422367,0.1965332,-400.25253,66.366,55.184006,0.0,0.9,0.0,-2.2255051e-13,0.0,76.08297,64.97876,65.03177,66.873184,72.54147
2018-01-01 12:39:00,0.1,0.0,66.366,357730.44,0.0,0.0,27.347015,0.7616339,1.0,1.0,69.1037,0.0,0.0,0.0,-2.0858058e-13,-0.8420922,0.19650269,-400.25253,66.366,55.184006,0.0,0.9,0.0,-2.2247689e-13,0.0,76.0833,64.98085,65.03435,66.87373,72.54625
2018-01-01 12:40:00,0.1,0.0,66.36595,357730.44,0.0,0.0,27.38003,0.76150954,1.0,1.0,69.105705,0.0,0.0,0.0,-2.085098e-13,-0.8419477,0.19647217,-400.25253,66.36595,55.184006,0.0,0.9,0.0,-2.224063e-13,0.0,76.08352,64.98288,65.03699,66.87428,72.550865
2018-01-01 12:41:00,0.1,0.0,66.36595,357730.44,0.0,0.0,27.412989,0.7613852,1.0,1.0,69.10768,0.0,0.0,0.0,-2.084441e-13,-0.84181917,0.19644165,-400.25253,66.36595,55.184006,0.0,0.9,0.0,-2.2233279e-13,0.0,76.08379,64.98497,65.039566,66.87478,72.55531
2018-01-01 12:42:00,0.1,0.0,66.36595,357730.44,0.0,0.0,27.446003,0.7612643,1.0,1.0,69.10966,0.0,0.0,0.0,-2.0837853e-13,-0.8416786,0.19644165,-400.25253,66.36595,55.184006,0.0,0.9,0.0,-2.222617e-13,0.0,76.08407,64.987,65.042206,66.87533,72.559654
2018-01-01 12:43:00,0.1,0.0,66.36595,357730.44,0.0,0.0,27.479015,0.7611412,1.0,1.0,69.11159,0.0,0.0,0.0,-2.0831107e-13,-0.84155244,0.19638062,-400.25253,66.36595,55.184006,0.0,0.9,0.0,-2.2218893e-13,0.0,76.08434,64.98909,65.044846,66.87588,72.563774
2018-01-01 12:44:00,0.1,0.0,66.36595,357730.44,0.0,0.0,27.51203,0.7610145,1.0,1.0,69.113464,0.0,0.0,0.0,-2.0824655e-13,-0.84141344,0.1963501,-400.25253,66.36595,55.184006,0.0,0.9,0.0,-2.2211757e-13,0.0,76.084564,64.99117,65.047424,66.87637,72.56778
2018-01-01 12:45:00,0.1,0.0,66.36595,357730.44,0.0,0.0,27.544989,0.76089364,1.0,1.0,69.115326,0.0,0.0,0.0,-2.081737e-13,-0.8412745,0.19631958,-400.25253,66.36595,55.184006,0.0,0.9,0.0,-2.2204397e-13,0.0,76.08478,64.993256,65.050064,66.87692,72.571625
2018-01-01 12:46:00,0.1,0.0,66.36595,357730.44,0.0,0.0,27.578003,0.76076585,1.0,1.0,69.11716,0.0,0.0,0.0,-2.081146e-13,-0.8411314,0.19628906,-400.25253,66.36595,55.184006,0.0,0.9,0.0,-2.2197477e-13,0.0,76.08501,64.995346,65.0527,66.87741,72.57531
2018-01-01 12:47:00,0.1,0.0,66.36595,357730.44,0.0,0.0,27.611017,0.76064384,1.0,1.0,69.118965,0.0,0.0,0.0,-2.0804845e-13,-0.84100825,0.19625854,-400.25253,66.36595,55.184006,0.0,0.9,0.0,-2.2190186e-13,0.0,76.08522,64.99749,65.05533,66.877914,72.57888
2018-01-01 12:48:00,0.1,0.0,66.36595,357730.44,0.0,0.0,27.644032,0.7605218,1.0,1.0,69.12074,0.0,0.0,0.0,-2.0797525e-13,-0.84086376,0.19622803,-400.25253,66.36595,55.184006,0.0,0.9,0.0,-2.2182909e-13,0.0,76.08544,64.99957,65.05797,66.8784,72.58229
2018-01-01 12:49:00,0.1,0.0,66.36595,357730.44,0.0,0.0,27.67699,0.760401,1.0,1.0,69.12251,0.0,0.0,0.0,-2.0791081e-13,-0.84072316,0.19619751,-400.25253,66.36595,55.184006,0.0,0.9,0.0,-2.2175703e-13,0.0,76.08566,65.001724,65.06061,66.87895,72.58559
2018-01-01 12:50:00,0.1,0.0,66.36589,357730.44,0.0,0.0,27.710003,0.7602767,1.0,1.0,69.12422,0.0,0.0,0.0,-2.0783615e-13,-0.8405899,0.19616699,-400.25253,66.36589,55.184006,0.0,0.9,0.0,-2.2168431e-13,0.0,76.08588,65.00381,65.06325,66.87945,72.588715
2018-01-01 12:51:00,0.1,0.0,66.36589,357730.44,0.0,0.0,27.743017,0.76015115,1.0,1.0,69.12593,0.0,0.0,0.0,-2.0777046e-13,-0.84045005,0.19613647,-400.25253,66.36589,55.184006,0.0,0.9,0.0,-2.2161401e-13,0.0,76.086105,65.00595,65.06593,66.879944,72.591736
2018-01-01 12:52:00,0.1,0.0,66.36589,357730.44,0.0,0.0,27.776031,0.760028,1.0,1.0,69.1276,0.0,0.0,0.0,-2.0770216e-13,-0.84031,0.19610596,-400.25253,66.36589,55.184006,0.0,0.9,0.0,-2.2154224e-13,0.0,76.08632,65.00809,65.06857,66.88043,72.59459
2018-01-01 12:53:00,0.1,0.0,66.36589,357730.44,0.0,0.0,27.80899,0.7599071,1.0,1.0,69.12926,0.0,0.0,0.0,-2.0763096e-13,-0.8401799,0.19607544,-400.25253,66.36589,55.184006,0.0,0.9,0.0,-2.2146906e-13,0.0,76.08654,65.010284,65.07121,66.880936,72.597336
2018-01-01 12:54:00,0.1,0.0,66.36589,357730.44,0.0,0.0,27.842005,0.75978047,1.0,1.0,69.13088,0.0,0.0,0.0,-2.075652e-13,-0.84006095,0.19604492,-400.25253,66.36589,55.184006,0.0,0.9,0.0,-2.2139487e-13,0.0,76.0867,65.012436,65.0739,66.881424,72.599976
2018-01-01 12:55:00,0.1,0.0,66.36589,357730.44,0.0,0.0,27.87502,0.75965965,1.0,1.0,69.13249,0.0,0.0,0.0,-2.0749742e-13,-0.8399054,0.1960144,-400.25253,66.36589,55.184006,0.0,0.9,0.0,-2.213258e-13,0.0,76.08693,65.01463,65.07654,66.88192,72.60245
2018-01-01 12:56:00,0.1,0.0,66.36589,357730.44,0.0,0.0,27.908031,0.7595353,1.0,1.0,69.13407,0.0,0.0,0.0,-2.0743571e-13,-0.839769,0.19598389,-400.25253,66.36589,55.184006,0.0,0.9,0.0,-2.2125541e-13,0.0,76.08709,65.01683,65.07922,66.882416,72.60481
2018-01-01 12:57:00,0.1,0.0,66.36589,357730.44,0.0,0.0,27.94099,0.75941217,1.0,1.0,69.13562,0.0,0.0,0.0,-2.0736319e-13,-0.83963954,0.19595337,-400.25253,66.36589,55.184006,0.0,0.9,0.0,-2.2118216e-13,0.0,76.08725,65.01903,65.08186,66.882904,72.607056
2018-01-01 12:58:00,0.1,0.0,66.36589,357730.44,0.0,0.0,27.974005,0.7592855,1.0,1.0,69.137146,0.0,0.0,0.0,-2.0729889e-13,-0.83949965,0.19592285,-400.25253,66.36589,55.184006,0.0,0.9,0.0,-2.2111124e-13,0.0,76.08742,65.021225,65.08456,66.88341,72.609146
2018-01-01 12:59:00,0.1,0.0,66.36589,357730.44,0.0,0.0,28.007019,0.7591635,1.0,1.0,69.13869,0.0,0.0,0.0,-2.072289e-13,-0.83935696,0.19589233,-400.25253,66.36589,55.184006,0.0,0.9,0.0,-2.2104124e-13,0.0,76.08764,65.02347,65.08725,66.883896,72.611176
2018-01-01 13:00:00,0.1,0.0,66.36584,357730.44,0.0,0.0,28.040033,0.759038,1.0,1.0,69.140175,0.0,0.0,0.0,-2.0716347e-13,-0.8392204,0.19586182,-400.25253,66.36584,55.184006,0.0,0.9,0.0,-2.2096687e-13,0.0,76.0878,65.02573,65.08989,66.88439,72.61305
2018-01-01 13:01:00,0.1,0.0,66.36584,357730.44,0.0,0.0,28.072992,0.7589183,1.0,1.0,69.14164,0.0,0.0,0.0,-2.0709186e-13,-0.8390938,0.1958313,-400.25253,66.36584,55.184006,0.0,0.9,0.0,-2.2089356e-13,0.0,76.08797,65.02798,65.092575,66.88489,72.61481
2018-01-01 13:02:00,0.1,0.0,66.36584,357730.44,0.0,0.0,28.106007,0.75879514,1.0,1.0,69.14308,0.0,0.0,0.0,-2.0702857e-13,-0.83895046,0.19580078,-400.25253,66.36584,55.184006,0.0,0.9,0.0,-2.2082179e-13,0.0,76.08807,65.03029,65.09527,66.885376,72.616394
2018-01-01 13:03:00,0.1,0.0,66.36584,357730.44,0.0,0.0,28.139019,0.75867194,1.0,1.0,69.14435,0.0,0.0,0.0,-2.0695735e-13,-0.8388171,0.19577026,-400.25253,66.36584,55.184006,0.0,0.9,0.0,-2.2075062e-13,0.0,76.08824,65.032425,65.0979,66.88582,72.617386
2018-01-01 13:04:00,0.1,0.0,66.36584,357730.44,0.0,0.0,28.172033,0.7585488,1.0,1.0,69.14562,0.0,0.0,0.0,-2.0689156e-13,-0.8386866,0.19573975,-400.25253,66.36584,55.184006,0.0,0.9,0.0,-2.2067886e-13,0.0,76.08841,65.03462,65.1006,66.886314,72.61816
2018-01-01 13:05:00,0.1,0.0,66.36584,357730.44,0.0,0.0,28.204992,0.75842446,1.0,1.0,69.14681,0.0,0.0,0.0,-2.0682554e-13,-0.83854294,0.19570923,-400.25253,66.36584,55.184006,0.0,0.9,0.0,-2.2060706e-13,0.0,76.08858,65.036766,65.10323,66.88675,72.61876
2018-01-01 13:06:00,0.1,0.0,66.36584,357730.44,0.0,0.0,28.238007,0.7583001,1.0,1.0,69.14801,0.0,0.0,0.0,-2.0676519e-13,-0.83840317,0.19567871,-400.25253,66.36584,55.184006,0.0,0.9,0.0,-2.2053885e-13,0.0,76.088684,65.03896,65.105865,66.88719,72.61931
2018-01-01 13:07:00,0.1,0.0,66.36584,357730.44,0.0,0.0,28.27102,0.75818044,1.0,1.0,69.14918,0.0,0.0,0.0,-2.0668836e-13,-0.83828384,0.1956482,-400.25253,66.36584,55.184006,0.0,0.9,0.0,-2.2046466e-13,0.0,76.08885,65.04116,65.108505,66.88769,72.61969
2018-01-01 13:08:00,0.1,0.0,66.36584,357730.44,0.0,0.0,28.304035,0.7580561,1.0,1.0,69.150314,0.0,0.0,0.0,-2.066162e-13,-0.83813775,0.19561768,-400.25253,66.36584,55.184006,0.0,0.9,0.0,-2.203937e-13,0.0,76.08896,65.04336,65.111145,66.88812,72.619965
2018-01-01 13:09:00,0.1,0.0,66.36584,357730.44,0.0,0.0,28.336994,0.75793296,1.0,1.0,69.15144,0.0,0.0,0.0,-2.065564e-13,-0.83799875,0.19558716,-400.25253,66.36584,55.184006,0.0,0.9,0.0,-2.2032144e-13,0.0,76.08913,65.045555,65.11383,66.888565,72.62013
2018-01-01 13:10:00,0.1,0.0,66.36578,357730.44,0.0,0.0,28.370007,0.7578109,1.0,1.0,69.15254,0.0,0.0,0.0,-2.0648775e-13,-0.8378736,0.19555664,-400.25253,66.36578,55.184006,0.0,0.9,0.0,-2.2025091e-13,0.0,76.08923,65.047806,65.11647,66.88901,72.62019
2018-01-01 13:11:00,0.1,0.0,66.36578,357730.44,0.0,0.0,28.40302,0.75768656,1.0,1.0,69.153625,0.0,0.0,0.0,-2.0642438e-13,-0.83773535,0.19552612,-400.25253,66.36578,55.184006,0.0,0.9,0.0,-2.2017812e-13,0.0,76.08934,65.050064,65.11911,66.889496,72.62013
2018-01-01 13:12:00,0.1,0.0,66.36578,357730.44,0.0,0.0,28.436035,0.7575622,1.0,1.0,69.1547,0.0,0.0,0.0,-2.063608e-13,-0.8375943,0.1954956,-400.25253,66.36578,55.184006,0.0,0.9,0.0,-2.2010657e-13,0.0,76.08945,65.05237,65.121796,66.88994,72.61992
2018-01-01 13:13:00,0.1,0.0,66.36578,357730.44,0.0,0.0,28.468994,0.7574368,1.0,1.0,69.15572,0.0,0.0,0.0,-2.062913e-13,-0.8374603,0.19546509,-400.25253,66.36578,55.184006,0.0,0.9,0.0,-2.200351e-13,0.0,76.08956,65.05462,65.124435,66.89038,72.619644
2018-01-01 13:14:00,0.1,0.0,66.36578,357730.44,0.0,0.0,28.502008,0.7573171,1.0,1.0,69.15676,0.0,0.0,0.0,-2.0622456e-13,-0.8373232,0.19543457,-400.25253,66.36578,55.184006,0.0,0.9,0.0,-2.1996287e-13,0.0,76.089676,65.05693,65.12713,66.89082,72.619255
2018-01-01 13:15:00,0.1,0.0,66.36578,357730.44,0.0,0.0,28.535023,0.7571939,1.0,1.0,69.15776,0.0,0.0,0.0,-2.0615295e-13,-0.8371803,0.19540405,-400.25253,66.36578,55.184006,0.0,0.9,0.0,-2.1989271e-13,0.0,76.08978,65.05929,65.12976,66.89126,72.618706
2018-01-01 13:16:00,0.1,0.0,66.36578,357730.44,0.0,0.0,28.568035,0.7570719,1.0,1.0,69.15874,0.0,0.0,0.0,-2.060865e-13,-0.8370505,0.19537354,-400.25253,66.36578,55.184006,0.0,0.9,0.0,-2.1982196e-13,0.0,76.08989,65.0616,65.1324,66.89169,72.6181
2018-01-01 13:17:00,0.1,0.0,66.36578,357730.44,0.0,0.0,28.600994,0.75694644,1.0,1.0,69.15973,0.0,0.0,0.0,-2.0602498e-13,-0.8369124,0.19534302,-400.25253,66.36578,55.184006,0.0,0.9,0.0,-2.1975039e-13,0.0,76.09,65.06396,65.13509,66.8922,72.617386
2018-01-01 13:18:00,0.1,0.0,66.36578,357730.44,0.0,0.0,28.634008,0.75682557,1.0,1.0,69.16068,0.0,0.0,0.0,-2.059628e-13,-0.8367847,0.19528198,-400.25253,66.36578,55.184006,0.0,0.9,0.0,-2.19678e-13,0.0,76.09006,65.066376,65.13779,66.89263,72.61656
2018-01-01 13:19:00,0.1,0.0,66.36578,357730.44,0.0,0.0,28.667023,0.75670236,1.0,1.0,69.16163,0.0,0.0,0.0,-2.0589498e-13,-0.836641,0.19525146,-400.25253,66.36578,55.184006,0.0,0.9,0.0,-2.196077e-13,0.0,76.090164,65.06879,65.14043,66.89307,72.615685
2018-01-01 13:20:00,0.1,0.0,66.36578,357730.44,0.0,0.0,28.700037,0.7565793,1.0,1.0,69.16254,0.0,0.0,0.0,-2.0581638e-13,-0.8364953,0.19522095,-400.25253,66.36578,55.184006,0.0,0.9,0.0,-2.1953802e-13,0.0,76.090225,65.07121,65.14311,66.89351,72.61464
2018-01-01 13:21:00,0.1,0.0,66.36572,357730.44,0.0,0.0,28.732996,0.7564561,1.0,1.0,69.16344,0.0,0.0,0.0,-2.0575424e-13,-0.8363661,0.19519043,-400.25253,66.36572,55.184006,0.0,0.9,0.0,-2.1946603e-13,0.0,76.09033,65.07362,65.14575,66.89395,72.61354
2018-01-01 13:22:00,0.1,0.0,66.36572,357730.44,0.0,0.0,28.76601,0.75633293,1.0,1.0,69.16432,0.0,0.0,0.0,-2.0569286e-13,-0.836232,0.19515991,-400.25253,66.36572,55.184006,0.0,0.9,0.0,-2.19394e-13,0.0,76.090385,65.076096,65.14844,66.894394,72.612335
2018-01-01 13:23:00,0.1,0.0,66.36572,357730.44,0.0,0.0,28.799023,0.75620973,1.0,1.0,69.16524,0.0,0.0,0.0,-2.0562408e-13,-0.8360998,0.1951294,-400.25253,66.36572,55.184006,0.0,0.9,0.0,-2.1932274e-13,0.0,76.0905,65.07863,65.15114,66.89483,72.61107
2018-01-01 13:24:00,0.1,0.0,66.36572,357730.44,0.0,0.0,28.832037,0.75608885,1.0,1.0,69.16609,0.0,0.0,0.0,-2.0555309e-13,-0.8359565,0.19509888,-400.25253,66.36572,55.184006,0.0,0.9,0.0,-2.1925058e-13,0.0,76.090546,65.08115,65.15377,66.89526,72.609695
2018-01-01 13:25:00,0.1,0.0,66.36572,357730.44,0.0,0.0,28.864996,0.7559657,1.0,1.0,69.16693,0.0,0.0,0.0,-2.0549025e-13,-0.83581996,0.19506836,-400.25253,66.36572,55.184006,0.0,0.9,0.0,-2.1917853e-13,0.0,76.09061,65.08368,65.15646,66.895706,72.608215
2018-01-01 13:26:00,0.1,0.0,66.36572,357730.44,0.0,0.0,28.89801,0.7558437,1.0,1.0,69.16777,0.0,0.0,0.0,-2.0542278e-13,-0.8356863,0.19503784,-400.25253,66.36572,55.184006,0.0,0.9,0.0,-2.1910948e-13,0.0,76.09066,65.086205,65.15915,66.8962,72.606674
2018-01-01 13:27:00,0.1,0.0,66.36572,357730.44,0.0,0.0,28.931025,0.75572175,1.0,1.0,69.1686,0.0,0.0,0.0,-2.053527e-13,-0.83555925,0.19500732,-400.25253,66.36572,55.184006,0.0,0.9,0.0,-2.1903798e-13,0.0,76.09071,65.08879,65.16185,66.89664,72.60503
2018-01-01 13:28:00,0.1,0.0,66.36572,357730.44,0.0,0.0,28.964039,0.75559735,1.0,1.0,69.16942,0.0,0.0,0.0,-2.0528203e-13,-0.835411,0.1949768,-400.25253,66.36572,55.184006,0.0,0.9,0.0,-2.1896715e-13,0.0,76.090775,65.09142,65.164536,66.89708,72.60327
2018-01-01 13:29:00,0.1,0.0,66.36572,357730.44,0.0,0.0,28.996998,0.7554742,1.0,1.0,69.17021,0.0,0.0,0.0,-2.0522525e-13,-0.8352738,0.19494629,-400.25253,66.36572,55.184006,0.0,0.9,0.0,-2.1889725e-13,0.0,76.09082,65.094055,65.16723,66.89752,72.601456
2018-01-01 13:30:00,0.1,0.0,66.36572,357730.44,0.0,0.0,29.03001,0.755351,1.0,1.0,69.171,0.0,0.0,0.0,-2.0516145e-13,-0.8351472,0.19491577,-400.25253,66.36572,55.184006,0.0,0.9,0.0,-2.1882377e-13,0.0,76.09088,65.096695,65.16992,66.897964,72.59953
2018-01-01 13:31:00,0.1,0.0,66.36568,357730.44,0.0,0.0,29.063025,0.7552313,1.0,1.0,69.171776,0.0,0.0,0.0,-2.0508516e-13,-0.8350091,0.19488525,-400.25253,66.36568,55.184006,0.0,0.9,0.0,-2.187526e-13,0.0,76.090935,65.09939,65.17261,66.8984,72.59756
2018-01-01 13:32:00,0.1,0.0,66.36568,357730.44,0.0,0.0,29.095984,0.7551035,1.0,1.0,69.17253,0.0,0.0,0.0,-2.0502232e-13,-0.834874,0.19485474,-400.25253,66.36568,55.184006,0.0,0.9,0.0,-2.1868277e-13,0.0,76.090935,65.10208,65.17531,66.898834,72.59552
2018-01-01 13:33:00,0.1,0.0,66.36568,357730.44,0.0,0.0,29.128998,0.7549815,1.0,1.0,69.173294,0.0,0.0,0.0,-2.0495647e-13,-0.83472914,0.19482422,-400.25253,66.36568,55.184006,0.0,0.9,0.0,-2.1861133e-13,0.0,76.09099,65.10477,65.17794,66.89928,72.59349
2018-01-01 13:34:00,0.1,0.0,66.36568,357730.44,0.0,0.0,29.162012,0.7548583,1.0,1.0,69.17406,0.0,0.0,0.0,-2.0488735e-13,-0.8346075,0.1947937,-400.25253,66.36568,55.184006,0.0,0.9,0.0,-2.1853995e-13,0.0,76.09105,65.10747,65.18063,66.89972,72.5914
2018-01-01 13:35:00,0.1,0.0,66.36568,357730.44,0.0,0.0,29.195026,0.7547387,1.0,1.0,69.17482,0.0,0.0,0.0,-2.048229e-13,-0.8344674,0.19476318,-400.25253,66.36568,55.184006,0.0,0.9,0.0,-2.184691e-13,0.0,76.091095,65.110214,65.18332,66.90016,72.58932
2018-01-01 13:36:00,0.1,0.0,66.36568,357730.44,0.0,0.0,29.227985,0.75461316,1.0,1.0,69.17556,0.0,0.0,0.0,-2.0475956e-13,-0.834333,0.19473267,-400.25253,66.36568,55.184006,0.0,0.9,0.0,-2.1839687e-13,0.0,76.091095,65.11296,65.18596,66.9006,72.58717
2018-01-01 13:37:00,0.1,0.0,66.36568,357730.44,0.0,0.0,29.260998,0.75449467,1.0,1.0,69.176285,0.0,0.0,0.0,-2.0469062e-13,-0.83419186,0.19470215,-400.25253,66.36568,55.184006,0.0,0.9,0.0,-2.1832914e-13,0.0,76.091156,65.11571,65.1886,66.900986,72.58498
2018-01-01 13:38:00,0.1,0.0,66.36568,357730.44,0.0,0.0,29.294012,0.75436914,1.0,1.0,69.177025,0.0,0.0,0.0,-2.0462359e-13,-0.83406776,0.19467163,-400.25253,66.36568,55.184006,0.0,0.9,0.0,-2.182537e-13,0.0,76.091156,65.118454,65.19124,66.90142,72.58284
2018-01-01 13:39:00,0.1,0.0,66.36568,357730.44,0.0,0.0,29.327026,0.75424945,1.0,1.0,69.17775,0.0,0.0,0.0,-2.0455442e-13,-0.83392787,0.19464111,-400.25253,66.36568,55.184006,0.0,0.9,0.0,-2.1818577e-13,0.0,76.09121,65.1212,65.19387,66.90181,72.58064
2018-01-01 13:40:00,0.1,0.0,66.36568,357730.44,0.0,0.0,29.359985,0.75412166,1.0,1.0,69.178444,0.0,0.0,0.0,-2.0449004e-13,-0.83378756,0.1946106,-400.25253,66.36568,55.184006,0.0,0.9,0.0,-2.1811544e-13,0.0,76.09121,65.12399,65.19646,66.90219,72.578384
2018-01-01 13:41:00,0.1,0.0,66.36568,357730.44,0.0,0.0,29.393,0.75400317,1.0,1.0,69.17918,0.0,0.0,0.0,-2.0442113e-13,-0.8336556,0.19458008,-400.25253,66.36568,55.184006,0.0,0.9,0.0,-2.180432e-13,0.0,76.09126,65.1268,65.19909,66.90257,72.57619
2018-01-01 13:42:00,0.1,0.0,66.36568,357730.44,0.0,0.0,29.426014,0.75388116,1.0,1.0,69.179886,0.0,0.0,0.0,-2.0435894e-13,-0.8335254,0.19454956,-400.25253,66.36568,55.184006,0.0,0.9,0.0,-2.1797363e-13,0.0,76.09126,65.1296,65.201675,66.902954,72.57394
2018-01-01 13:43:00,0.1,0.0,66.36568,357730.44,0.0,0.0,29.459026,0.75375795,1.0,1.0,69.18059,0.0,0.0,0.0,-2.0428921e-13,-0.83338416,0.19451904,-400.25253,66.36568,55.184006,0.0,0.9,0.0,-2.1790149e-13,0.0,76.09126,65.13246,65.204254,66.90334,72.571625
2018-01-01 13:44:00,0.1,0.0,66.36568,357730.44,0.0,0.0,29.491985,0.75363594,1.0,1.0,69.18131,0.0,0.0,0.0,-2.0421884e-13,-0.8332538,0.19448853,-400.25253,66.36568,55.184006,0.0,0.9,0.0,-2.1783172e-13,0.0,76.091324,65.135254,65.20683,66.90373,72.56938
2018-01-01 13:45:00,0.1,0.0,66.36568,357730.44,0.0,0.0,29.525,0.75351274,1.0,1.0,69.18201,0.0,0.0,0.0,-2.0415904e-13,-0.8331171,0.19445801,-400.25253,66.36568,55.184006,0.0,0.9,0.0,-2.1776156e-13,0.0,76.091324,65.138115,65.20941,66.90411,72.56707
2018-01-01 13:46:00,0.1,0.0,66.36568,357730.44,0.0,0.0,29.558014,0.75339305,1.0,1.0,69.18269,0.0,0.0,0.0,-2.0408966e-13,-0.8329817,0.19442749,-400.25253,66.36568,55.184006,0.0,0.9,0.0,-2.1769178e-13,0.0,76.091324,65.14102,65.211945,66.90444,72.56471
2018-01-01 13:47:00,0.1,0.0,66.36568,357730.44,0.0,0.0,29.591028,0.7532688,1.0,1.0,69.18338,0.0,0.0,0.0,-2.0402834e-13,-0.8328381,0.19439697,-400.25253,66.36568,55.184006,0.0,0.9,0.0,-2.1761966e-13,0.0,76.09137,65.14388,65.21447,66.90477,72.5624
2018-01-01 13:48:00,0.1,0.0,66.36568,357730.44,0.0,0.0,29.623987,0.7531433,1.0,1.0,69.18407,0.0,0.0,0.0,-2.0396265e-13,-0.8327158,0.19436646,-400.25253,66.36568,55.184006,0.0,0.9,0.0,-2.1754906e-13,0.0,76.09137,65.14679,65.216995,66.90515,72.56004
2018-01-01 13:49:00,0.1,0.0,66.36568,357730.44,0.0,0.0,29.657001,0.75302356,1.0,1.0,69.18475,0.0,0.0,0.0,-2.0389268e-13,-0.83257145,0.19436646,-400.25253,66.36568,55.184006,0.0,0.9,0.0,-2.1747892e-13,0.0,76.09137,65.149704,65.21953,66.90549,72.55768
2018-01-01 13:50:00,0.1,0.0,66.36568,357730.44,0.0,0.0,29.690014,0.75290275,1.0,1.0,69.18544,0.0,0.0,0.0,-2.03822e-13,-0.83244413,0.19433594,-400.25253,66.36568,55.184006,0.0,0.9,0.0,-2.1740801e-13,0.0,76.09137,65.15262,65.222046,66.905815,72.55531
2018-01-01 13:51:00,0.1,0.0,66.36568,357730.44,0.0,0.0,29.723028,0.75277954,1.0,1.0,69.18612,0.0,0.0,0.0,-2.0376355e-13,-0.8323031,0.19430542,-400.25253,66.36568,55.184006,0.0,0.9,0.0,-2.1733681e-13,0.0,76.09143,65.15558,65.22452,66.90614,72.5529
2018-01-01 13:52:00,0.1,0.0,66.365616,357730.44,0.0,0.0,29.755987,0.75265753,1.0,1.0,69.18678,0.0,0.0,0.0,-2.0369653e-13,-0.832168,0.1942749,-400.25253,66.365616,55.184006,0.0,0.9,0.0,-2.172659e-13,0.0,76.09143,65.158554,65.22705,66.90642,72.550476
2018-01-01 13:53:00,0.1,0.0,66.365616,357730.44,0.0,0.0,29.789001,0.7525344,1.0,1.0,69.187454,0.0,0.0,0.0,-2.0363285e-13,-0.83203095,0.19421387,-400.25253,66.365616,55.184006,0.0,0.9,0.0,-2.1719798e-13,0.0,76.09143,65.161514,65.22952,66.90675,72.548065
2018-01-01 13:54:00,0.1,0.0,66.365616,357730.44,0.0,0.0,29.822016,0.7524159,1.0,1.0,69.188126,0.0,0.0,0.0,-2.0356645e-13,-0.83190876,0.19418335,-400.25253,66.365616,55.184006,0.0,0.9,0.0,-2.1712471e-13,0.0,76.091484,65.164536,65.23193,66.90703,72.54565
2018-01-01 13:55:00,0.1,0.0,66.365616,357730.44,0.0,0.0,29.85503,0.75228804,1.0,1.0,69.188805,0.0,0.0,0.0,-2.0349653e-13,-0.83176,0.19415283,-400.25253,66.365616,55.184006,0.0,0.9,0.0,-2.1705485e-13,0.0,76.091484,65.16756,65.234406,66.90735,72.54323
2018-01-01 13:56:00,0.1,0.0,66.365616,357730.44,0.0,0.0,29.887989,0.75216955,1.0,1.0,69.18945,0.0,0.0,0.0,-2.034237e-13,-0.8316214,0.19412231,-400.25253,66.365616,55.184006,0.0,0.9,0.0,-2.1698728e-13,0.0,76.091484,65.17058,65.23683,66.90762,72.54076
2018-01-01 13:57:00,0.1,0.0,66.365616,357730.44,0.0,0.0,29.921001,0.75204754,1.0,1.0,69.19011,0.0,0.0,0.0,-2.0336303e-13,-0.831495,0.1940918,-400.25253,66.365616,55.184006,0.0,0.9,0.0,-2.1691365e-13,0.0,76.091484,65.17366,65.23924,66.9079,72.538284
2018-01-01 13:58:00,0.1,0.0,66.365616,357730.44,0.0,0.0,29.954016,0.75192434,1.0,1.0,69.19078,0.0,0.0,0.0,-2.0329486e-13,-0.8313604,0.19406128,-400.25253,66.365616,55.184006,0.0,0.9,0.0,-2.1684233e-13,0.0,76.09154,65.17673,65.24166,66.90817,72.53581
2018-01-01 13:59:00,0.1,0.0,66.365616,357730.44,0.0,0.0,29.98703,0.7518024,1.0,1.0,69.19145,0.0,0.0,0.0,-2.032284e-13,-0.8312257,0.19403076,-400.25253,66.365616,55.184006,0.0,0.9,0.0,-2.1677412e-13,0.0,76.09154,65.17986,65.24408,66.90845,72.53334
2018-01-01 14:00:00,0.1,0.0,66.365616,357730.44,0.0,0.0,30.019989,0.7516815,1.0,1.0,69.1921,0.0,0.0,0.0,-2.0316656e-13,-0.8310881,0.19400024,-400.25253,66.365616,55.184006,0.0,0.9,0.0,-2.1670087e-13,0.0,76.09154,65.18294,65.246445,66.90872,72.53087
2018-01-01 14:01:00,0.1,0.0,66.365616,357730.44,0.0,0.0,30.019989,0.75155604,1.0,1.0,69.1927,0.0,0.0,0.0,-2.0310557e-13,-0.8309568,0.19396973,-400.25253,66.365616,55.184006,0.0,0.9,0.0,-2.1663053e-13,0.0,76.0916,65.186066,65.24858,66.90895,72.52834
2018-01-01 14:02:00,0.1,0.0,66.365616,357730.44,0.0,0.0,30.019989,0.751434,1.0,1.0,69.19331,0.0,0.0,0.0,-2.0303305e-13,-0.8308154,0.19393921,-400.25253,66.365616,55.184006,0.0,0.9,0.0,-2.1656095e-13,0.0,76.0916,65.189255,65.25067,66.909225,72.52582
2018-01-01 14:03:00,0.1,0.0,66.365616,357730.44,0.0,0.0,30.019989,0.75131315,1.0,1.0,69.19389,0.0,0.0,0.0,-2.0296784e-13,-0.8306794,0.19390869,-400.25253,66.365616,55.184006,0.0,0.9,0.0,-2.1649152e-13,0.0,76.0916,65.19238,65.25276,66.90944,72.523285
2018-01-01 14:04:00,0.1,0.0,66.365616,357730.44,0.0,0.0,30.019989,0.75119114,1.0,1.0,69.19448,0.0,0.0,0.0,-2.0289854e-13,-0.8305415,0.19387817,-400.25253,66.365616,55.184006,0.0,0.9,0.0,-2.1642295e-13,0.0,76.091644,65.19557,65.25479,66.90966,72.52077
2018-01-01 14:05:00,0.1,0.0,66.365616,357730.44,0.0,0.0,30.019989,0.75106794,1.0,1.0,69.19503,0.0,0.0,0.0,-2.0283421e-13,-0.8304103,0.19384766,-400.25253,66.365616,55.184006,0.0,0.9,0.0,-2.163515e-13,0.0,76.091644,65.19876,65.25682,66.90982,72.51813
2018-01-01 14:06:00,0.1,0.0,66.365616,357730.44,0.0,0.0,30.019989,0.7509471,1.0,1.0,69.195595,0.0,0.0,0.0,-2.027673e-13,-0.83027416,0.19381714,-400.25253,66.365616,55.184006,0.0,0.9,0.0,-2.1628223e-13,0.0,76.091644,65.20195,65.258804,66.90999,72.51555
2018-01-01 14:07:00,0.1,0.0,66.365616,357730.44,0.0,0.0,30.019989,0.750824,1.0,1.0,69.19614,0.0,0.0,0.0,-2.0270874e-13,-0.83013934,0.19378662,-400.25253,66.365616,55.184006,0.0,0.9,0.0,-2.1621145e-13,0.0,76.091705,65.20513,65.26077,66.91016,72.51291
2018-01-01 14:08:00,0.1,0.0,66.365616,357730.44,0.0,0.0,30.019989,0.7507031,1.0,1.0,69.19668,0.0,0.0,0.0,-2.0264168e-13,-0.8300041,0.1937561,-400.25253,66.365616,55.184006,0.0,0.9,0.0,-2.1614099e-13,0.0,76.091705,65.208374,65.26276,66.910324,72.51027
2018-01-01 14:09:00,0.1,0.0,66.365616,357730.44,0.0,0.0,30.019989,0.7505811,1.0,1.0,69.197205,0.0,0.0,0.0,-2.0257294e-13,-0.8298811,0.19372559,-400.25253,66.365616,55.184006,0.0,0.9,0.0,-2.1606947e-13,0.0,76.09176,65.21156,65.26468,66.91043,72.50758
2018-01-01 14:10:00,0.1,0.0,66.365616,357730.44,0.0,0.0,30.019989,0.7504591,1.0,1.0,69.19771,0.0,0.0,0.0,-2.0250681e-13,-0.82973313,0.19369507,-400.25253,66.365616,55.184006,0.0,0.9,0.0,-2.160018e-13,0.0,76.09176,65.2148,65.26654,66.91054,72.50488
2018-01-01 14:11:00,0.1,0.0,66.365616,357730.44,0.0,0.0,30.019989,0.75033945,1.0,1.0,69.19822,0.0,0.0,0.0,-2.0243965e-13,-0.8295973,0.19366455,-400.25253,66.365616,55.184006,0.0,0.9,0.0,-2.1593114e-13,0.0,76.09181,65.21804,65.26842,66.910645,72.5022
2018-01-01 14:12:00,0.1,0.0,66.365616,357730.44,0.0,0.0,30.019989,0.7502151,1.0,1.0,69.198715,0.0,0.0,0.0,-2.0237509e-13,-0.8294727,0.19363403,-400.25253,66.365616,55.184006,0.0,0.9,0.0,-2.1586114e-13,0.0,76.09181,65.22134,65.27028,66.910706,72.49945
2018-01-01 14:13:00,0.1,0.0,66.36556,357730.44,0.0,0.0,30.019989,0.7500931,1.0,1.0,69.199356,0.0,0.0,0.0,-2.0231134e-13,-0.8293406,0.19360352,-400.25253,66.36556,55.184006,0.0,0.9,0.0,-2.1578941e-13,0.0,76.09187,65.22479,65.27215,66.91081,72.49715
2018-01-01 14:14:00,0.1,0.0,66.36556,357730.44,0.0,0.0,30.019989,0.7499711,1.0,1.0,69.19999,0.0,0.0,0.0,-2.0224553e-13,-0.82919556,0.193573,-400.25253,66.36556,55.184006,0.0,0.9,0.0,-2.1572185e-13,0.0,76.09187,65.22836,65.27396,66.91087,72.49489
2018-01-01 14:15:00,0.1,0.0,66.36556,357730.44,0.0,0.0,30.019989,0.7498479,1.0,1.0,69.20065,0.0,0.0,0.0,-2.021792e-13,-0.82906324,0.19354248,-400.25253,66.36556,55.184006,0.0,0.9,0.0,-2.1564978e-13,0.0,76.09192,65.231995,65.27583,66.91092,72.492584
2018-01-01 14:16:00,0.1,0.0,66.36556,357730.44,0.0,0.0,30.019989,0.749727,1.0,1.0,69.20129,0.0,0.0,0.0,-2.0211358e-13,-0.82892436,0.19351196,-400.25253,66.36556,55.184006,0.0,0.9,0.0,-2.1558197e-13,0.0,76.09198,65.235565,65.27759,66.91098,72.490326
2018-01-01 14:17:00,0.1,0.0,66.36556,357730.44,0.0,0.0,30.019989,0.74960625,1.0,1.0,69.20193,0.0,0.0,0.0,-2.0204324e-13,-0.8287937,0.19348145,-400.25253,66.36556,55.184006,0.0,0.9,0.0,-2.1550864e-13,0.0,76.09198,65.23924,65.2794,66.91098,72.48802
2018-01-01 14:18:00,0.1,0.0,66.36556,357730.44,0.0,0.0,30.019989,0.7494854,1.0,1.0,69.20256,0.0,0.0,0.0,-2.0198071e-13,-0.82865614,0.19345093,-400.25253,66.36556,55.184006,0.0,0.9,0.0,-2.154414e-13,0.0,76.09203,65.242874,65.28116,66.91103,72.48572
2018-01-01 14:19:00,0.1,0.0,66.36556,357730.44,0.0,0.0,30.019989,0.7493645,1.0,1.0,69.2032,0.0,0.0,0.0,-2.0191855e-13,-0.8285272,0.19342041,-400.25253,66.36556,55.184006,0.0,0.9,0.0,-2.153698e-13,0.0,76.09209,65.24655,65.28286,66.91103,72.48346
2018-01-01 14:20:00,0.1,0.0,66.36556,357730.44,0.0,0.0,30.019989,0.7492437,1.0,1.0,69.20381,0.0,0.0,0.0,-2.0185287e-13,-0.8284024,0.1933899,-400.25253,66.36556,55.184006,0.0,0.9,0.0,-2.1530018e-13,0.0,76.09209,65.25029,65.28456,66.91098,72.481155
2018-01-01 14:21:00,0.1,0.0,66.36556,357730.44,0.0,0.0,30.019989,0.74911934,1.0,1.0,69.20443,0.0,0.0,0.0,-2.0178696e-13,-0.82825994,0.19335938,-400.25253,66.36556,55.184006,0.0,0.9,0.0,-2.1522924e-13,0.0,76.09215,65.25397,65.28627,66.91098,72.47879
2018-01-01 14:22:00,0.1,0.0,66.36556,357730.44,0.0,0.0,30.019989,0.74899733,1.0,1.0,69.20504,0.0,0.0,0.0,-2.017171e-13,-0.8281187,0.19332886,-400.25253,66.36556,55.184006,0.0,0.9,0.0,-2.1516149e-13,0.0,76.09219,65.257706,65.28792,66.91092,72.47649
2018-01-01 14:23:00,0.1,0.0,66.36556,357730.44,0.0,0.0,30.019989,0.7488753,1.0,1.0,69.20565,0.0,0.0,0.0,-2.016578e-13,-0.82799155,0.19329834,-400.25253,66.36556,55.184006,0.0,0.9,0.0,-2.1509154e-13,0.0,76.092255,65.26149,65.289566,66.91081,72.47412
2018-01-01 14:24:00,0.1,0.0,66.36556,357730.44,0.0,0.0,30.019989,0.74875563,1.0,1.0,69.206245,0.0,0.0,0.0,-2.0158713e-13,-0.8278569,0.19326782,-400.25253,66.36556,55.184006,0.0,0.9,0.0,-2.1502064e-13,0.0,76.09231,65.26523,65.29115,66.91076,72.47176
2018-01-01 14:25:00,0.1,0.0,66.36556,357730.44,0.0,0.0,30.019989,0.74863476,1.0,1.0,69.20683,0.0,0.0,0.0,-2.0152482e-13,-0.82770956,0.1932373,-400.25253,66.36556,55.184006,0.0,0.9,0.0,-2.1495114e-13,0.0,76.09236,65.26901,65.29275,66.910645,72.469406
2018-01-01 14:26:00,0.1,0.0,66.36556,357730.44,0.0,0.0,30.019989,0.7485104,1.0,1.0,69.20742,0.0,0.0,0.0,-2.0145933e-13,-0.827586,0.19320679,-400.25253,66.36556,55.184006,0.0,0.9,0.0,-2.1488119e-13,0.0,76.09242,65.27281,65.29428,66.91054,72.46704
2018-01-01 14:27:00,0.1,0.0,66.36556,357730.44,0.0,0.0,30.019989,0.7483908,1.0,1.0,69.208015,0.0,0.0,0.0,-2.0139e-13,-0.8274452,0.19317627,-400.25253,66.36556,55.184006,0.0,0.9,0.0,-2.1481283e-13,0.0,76.09253,65.27666,65.29582,66.91043,72.46462
2018-01-01 14:28:00,0.1,0.0,66.36556,357730.44,0.0,0.0,30.019989,0.7482699,1.0,1.0,69.20857,0.0,0.0,0.0,-2.0132714e-13,-0.82731783,0.19311523,-400.25253,66.36556,55.184006,0.0,0.9,0.0,-2.1474172e-13,0.0,76.09258,65.28044,65.29736,66.91026,72.462204
2018-01-01 14:29:00,0.1,0.0,66.36556,357730.44,0.0,0.0,30.019989,0.7481456,1.0,1.0,69.20913,0.0,0.0,0.0,-2.0126418e-13,-0.82717985,0.19308472,-400.25253,66.36556,55.184006,0.0,0.9,0.0,-2.1467237e-13,0.0,76.092636,65.28429,65.29884,66.910095,72.45979
2018-01-01 14:30:00,0.1,0.0,66.36556,357730.44,0.0,0.0,30.019989,0.74802244,1.0,1.0,69.209694,0.0,0.0,0.0,-2.0120395e-13,-0.82704043,0.1930542,-400.25253,66.36556,55.184006,0.0,0.9,0.0,-2.1460428e-13,0.0,76.0927,65.28813,65.30032,66.909935,72.45737
2018-01-01 14:31:00,0.1,0.0,66.36556,357730.44,0.0,0.0,30.019989,0.7479051,1.0,1.0,69.21024,0.0,0.0,0.0,-2.0113116e-13,-0.8269174,0.1930542,-400.25253,66.36556,55.184006,0.0,0.9,0.0,-2.1453415e-13,0.0,76.092804,65.29204,65.30176,66.90971,72.454895
2018-01-01 14:32:00,0.1,0.0,66.36551,357730.44,0.0,0.0,30.019989,0.74778074,1.0,1.0,69.21077,0.0,0.0,0.0,-2.0106719e-13,-0.8267779,0.19302368,-400.25253,66.36551,55.184006,0.0,0.9,0.0,-2.1446275e-13,0.0,76.09286,65.29588,65.303185,66.9095,72.45238
2018-01-01 14:33:00,0.1,0.0,66.36551,357730.44,0.0,0.0,30.019989,0.7476587,1.0,1.0,69.21128,0.0,0.0,0.0,-2.0100394e-13,-0.8266446,0.19299316,-400.25253,66.36551,55.184006,0.0,0.9,0.0,-2.1439297e-13,0.0,76.09297,65.299774,65.30456,66.90927,72.449844
2018-01-01 14:34:00,0.1,0.0,66.36551,357730.44,0.0,0.0,30.019989,0.74754024,1.0,1.0,69.21178,0.0,0.0,0.0,-2.0093402e-13,-0.82650495,0.19296265,-400.25253,66.36551,55.184006,0.0,0.9,0.0,-2.1432481e-13,0.0,76.09308,65.30362,65.30593,66.90906,72.447205
2018-01-01 14:35:00,0.1,0.0,66.36551,357730.44,0.0,0.0,30.019989,0.7474182,1.0,1.0,69.212265,0.0,0.0,0.0,-2.0086478e-13,-0.82637876,0.19293213,-400.25253,66.36551,55.184006,0.0,0.9,0.0,-2.1425243e-13,0.0,76.093185,65.307465,65.307304,66.90878,72.44457
2018-01-01 14:36:00,0.1,0.0,66.36551,357730.44,0.0,0.0,30.019989,0.74729615,1.0,1.0,69.21272,0.0,0.0,0.0,-2.0080571e-13,-0.82623935,0.19290161,-400.25253,66.36551,55.184006,0.0,0.9,0.0,-2.141849e-13,0.0,76.09325,65.31131,65.308624,66.90851,72.44188
2018-01-01 14:37:00,0.1,0.0,66.36551,357730.44,0.0,0.0,30.019989,0.74717414,1.0,1.0,69.21315,0.0,0.0,0.0,-2.0073881e-13,-0.82610685,0.1928711,-400.25253,66.36551,55.184006,0.0,0.9,0.0,-2.1411547e-13,0.0,76.09335,65.315155,65.30994,66.90823,72.43908
2018-01-01 14:38:00,0.1,0.0,66.36551,357730.44,0.0,0.0,30.019989,0.7470545,1.0,1.0,69.21358,0.0,0.0,0.0,-2.0067377e-13,-0.82597166,0.19284058,-400.25253,66.36551,55.184006,0.0,0.9,0.0,-2.1404594e-13,0.0,76.09346,65.319,65.311264,66.90796,72.43622
2018-01-01 14:39:00,0.1,0.0,66.36551,357730.44,0.0,0.0,30.019989,0.7469302,1.0,1.0,69.21397,0.0,0.0,0.0,-2.0061184e-13,-0.8258404,0.19281006,-400.25253,66.36551,55.184006,0.0,0.9,0.0,-2.1397437e-13,0.0,76.09357,65.3228,65.31252,66.90762,72.43331
2018-01-01 14:40:00,0.1,0.0,66.36551,357730.44,0.0,0.0,30.019989,0.7468128,1.0,1.0,69.21437,0.0,0.0,0.0,-2.0054546e-13,-0.8256995,0.19277954,-400.25253,66.36551,55.184006,0.0,0.9,0.0,-2.139072e-13,0.0,76.09368,65.326645,65.31378,66.9073,72.430405
2018-01-01 14:41:00,0.1,0.0,66.36551,357730.44,0.0,0.0,30.019989,0.74668616,1.0,1.0,69.21471,0.0,0.0,0.0,-2.0048198e-13,-0.8255759,0.19274902,-400.25253,66.36551,55.184006,0.0,0.9,0.0,-2.1383772e-13,0.0,76.093796,65.33043,65.314995,66.90697,72.42738
2018-01-01 14:42:00,0.1,0.0,66.36551,357730.44,0.0,0.0,30.019989,0.7465688,1.0,1.0,69.215065,0.0,0.0,0.0,-2.0041267e-13,-0.82543904,0.1927185,-400.25253,66.36551,55.184006,0.0,0.9,0.0,-2.1376683e-13,0.0,76.093956,65.33422,65.31625,66.90664,72.42425
2018-01-01 14:43:00,0.1,0.0,66.36545,357730.44,0.0,0.0,30.019989,0.7464468,1.0,1.0,69.21536,0.0,0.0,0.0,-2.0034906e-13,-0.8252969,0.19268799,-400.25253,66.36545,55.184006,0.0,0.9,0.0,-2.13698e-13,0.0,76.09407,65.33795,65.31741,66.90625,72.42111
2018-01-01 14:44:00,0.1,0.0,66.36545,357730.44,0.0,0.0,30.019989,0.74632597,1.0,1.0,69.21567,0.0,0.0,0.0,-2.0028323e-13,-0.82516575,0.19265747,-400.25253,66.36545,55.184006,0.0,0.9,0.0,-2.136304e-13,0.0,76.09418,65.34175,65.31862,66.90587,72.41793
2018-01-01 14:45:00,0.1,0.0,66.36545,357730.44,0.0,0.0,30.019989,0.74620277,1.0,1.0,69.21596,0.0,0.0,0.0,-2.0021743e-13,-0.8250373,0.19262695,-400.25253,66.36545,55.184006,0.0,0.9,0.0,-2.1355835e-13,0.0,76.094345,65.34548,65.31978,66.90549,72.41469
2018-01-01 14:46:00,0.1,0.0,66.36545,357730.44,0.0,0.0,30.019989,0.7460842,1.0,1.0,69.21619,0.0,0.0,0.0,-2.0015398e-13,-0.8248994,0.19259644,-400.25253,66.36545,55.184006,0.0,0.9,0.0,-2.134914e-13,0.0,76.09445,65.34921,65.32088,66.905045,72.41134
2018-01-01 14:47:00,0.1,0.0,66.36545,357730.44,0.0,0.0,30.019989,0.7459622,1.0,1.0,69.216415,0.0,0.0,0.0,-2.0009055e-13,-0.8247723,0.19256592,-400.25253,66.36545,55.184006,0.0,0.9,0.0,-2.1341994e-13,0.0,76.09456,65.35295,65.32202,66.9046,72.40793
2018-01-01 14:48:00,0.1,0.0,66.36545,357730.44,0.0,0.0,30.019989,0.7458449,1.0,1.0,69.21663,0.0,0.0,0.0,-2.0001686e-13,-0.82463634,0.1925354,-400.25253,66.36545,55.184006,0.0,0.9,0.0,-2.1335127e-13,0.0,76.09473,65.35663,65.323074,66.90417,72.404526
2018-01-01 14:49:00,0.1,0.0,66.36545,357730.44,0.0,0.0,30.019989,0.7457194,1.0,1.0,69.21681,0.0,0.0,0.0,-1.9995952e-13,-0.8244979,0.19250488,-400.25253,66.36545,55.184006,0.0,0.9,0.0,-2.1328158e-13,0.0,76.09483,65.36031,65.32417,66.90373,72.40102
2018-01-01 14:50:00,0.1,0.0,66.36545,357730.44,0.0,0.0,30.019989,0.74559736,1.0,1.0,69.216995,0.0,0.0,0.0,-1.998939e-13,-0.82435924,0.19247437,-400.25253,66.36545,55.184006,0.0,0.9,0.0,-2.1321343e-13,0.0,76.095,65.364,65.32521,66.90329,72.397446
2018-01-01 14:51:00,0.1,0.0,66.36545,357730.44,0.0,0.0,30.019989,0.7454742,1.0,1.0,69.217125,0.0,0.0,0.0,-1.9983632e-13,-0.82423055,0.19244385,-400.25253,66.36545,55.184006,0.0,0.9,0.0,-2.1314362e-13,0.0,76.09517,65.367615,65.326256,66.902794,72.393814
2018-01-01 14:52:00,0.1,0.0,66.36545,357730.44,0.0,0.0,30.019989,0.74535805,1.0,1.0,69.21724,0.0,0.0,0.0,-1.9975686e-13,-0.824088,0.19241333,-400.25253,66.36545,55.184006,0.0,0.9,0.0,-2.1307512e-13,0.0,76.095276,65.37125,65.32724,66.9023,72.39014
2018-01-01 14:53:00,0.1,0.0,66.3654,357730.44,0.0,0.0,30.019989,0.74523604,1.0,1.0,69.21733,0.0,0.0,0.0,-1.9969807e-13,-0.823955,0.19238281,-400.25253,66.3654,55.184006,0.0,0.9,0.0,-2.1300787e-13,0.0,76.09544,65.37487,65.32823,66.90175,72.386345
2018-01-01 14:54:00,0.1,0.0,66.3654,357730.44,0.0,0.0,30.019989,0.7451175,1.0,1.0,69.21739,0.0,0.0,0.0,-1.9963444e-13,-0.8238302,0.1923523,-400.25253,66.3654,55.184006,0.0,0.9,0.0,-2.1293771e-13,0.0,76.09555,65.37844,65.32922,66.9012,72.38255
2018-01-01 14:55:00,0.1,0.0,66.3654,357730.44,0.0,0.0,30.019989,0.7449943,1.0,1.0,69.21744,0.0,0.0,0.0,-1.9957122e-13,-0.8236963,0.19232178,-400.25253,66.3654,55.184006,0.0,0.9,0.0,-2.1286874e-13,0.0,76.09572,65.38201,65.330154,66.90065,72.378654
2018-01-01 14:56:00,0.1,0.0,66.3654,357730.44,0.0,0.0,30.019989,0.7448723,1.0,1.0,69.21748,0.0,0.0,0.0,-1.9950256e-13,-0.82356846,0.19229126,-400.25253,66.3654,55.184006,0.0,0.9,0.0,-2.1279705e-13,0.0,76.09588,65.38558,65.331085,66.9001,72.374756
2018-01-01 14:57:00,0.1,0.0,66.3654,357730.44,0.0,0.0,30.019989,0.74475026,1.0,1.0,69.21748,0.0,0.0,0.0,-1.9944158e-13,-0.82342726,0.19226074,-400.25253,66.3654,55.184006,0.0,0.9,0.0,-2.1272891e-13,0.0,76.09599,65.3891,65.33202,66.89955,72.37074
2018-01-01 14:58:00,0.1,0.0,66.3654,357730.44,0.0,0.0,30.019989,0.74463177,1.0,1.0,69.217445,0.0,0.0,0.0,-1.9937825e-13,-0.8232971,0.19223022,-400.25253,66.3654,55.184006,0.0,0.9,0.0,-2.1265933e-13,0.0,76.09615,65.39256,65.3329,66.89895,72.366684
2018-01-01 14:59:00,0.1,0.0,66.3654,357730.44,0.0,0.0,30.019989,0.7445121,1.0,1.0,69.21742,0.0,0.0,0.0,-1.9931023e-13,-0.82315344,0.1921997,-400.25253,66.3654,55.184006,0.0,0.9,0.0,-2.12592e-13,0.0,76.09631,65.39607,65.333786,66.898346,72.362564
2018-01-01 15:00:00,0.1,0.0,66.3654,357730.44,0.0,0.0,30.019989,0.7443901,1.0,1.0,69.21733,0.0,0.0,0.0,-1.9923719e-13,-0.8230189,0.19216919,-400.25253,66.3654,55.184006,0.0,0.9,0.0,-2.1252313e-13,0.0,76.09643,65.399475,65.33461,66.897736,72.35838
2018-01-01 15:01:00,0.1,0.0,66.3654,357730.44,0.0,0.0,30.019989,0.7442704,1.0,1.0,69.21724,0.0,0.0,0.0,-1.9917466e-13,-0.82289314,0.19213867,-400.25253,66.3654,55.184006,0.0,0.9,0.0,-2.1245267e-13,0.0,76.09659,65.40294,65.335434,66.89708,72.35416
2018-01-01 15:02:00,0.1,0.0,66.3654,357730.44,0.0,0.0,30.019989,0.74414724,1.0,1.0,69.21715,0.0,0.0,0.0,-1.9911732e-13,-0.8227586,0.19210815,-400.25253,66.3654,55.184006,0.0,0.9,0.0,-2.1238436e-13,0.0,76.096756,65.40634,65.336365,66.89642,72.34987
2018-01-01 15:03:00,0.1,0.0,66.3654,357730.44,0.0,0.0,30.019989,0.74402755,1.0,1.0,69.21702,0.0,0.0,0.0,-1.9905515e-13,-0.8226269,0.19207764,-400.25253,66.3654,55.184006,0.0,0.9,0.0,-2.1231615e-13,0.0,76.09686,65.4097,65.33724,66.89577,72.345535
2018-01-01 15:04:00,0.1,0.0,66.36534,357730.44,0.0,0.0,30.019989,0.74390554,1.0,1.0,69.2169,0.0,0.0,0.0,-1.9898882e-13,-0.8224997,0.1920166,-400.25253,66.36534,55.184006,0.0,0.9,0.0,-2.1224636e-13,0.0,76.09703,65.41305,65.33818,66.8951,72.34119
2018-01-01 15:05:00,0.1,0.0,66.36534,357730.44,0.0,0.0,30.019989,0.743787,1.0,1.0,69.216736,0.0,0.0,0.0,-1.9891868e-13,-0.82235605,0.1920166,-400.25253,66.36534,55.184006,0.0,0.9,0.0,-2.121776e-13,0.0,76.09714,65.4164,65.339005,66.894394,72.33675
2018-01-01 15:06:00,0.1,0.0,66.36534,357730.44,0.0,0.0,30.019989,0.74366266,1.0,1.0,69.21657,0.0,0.0,0.0,-1.9885784e-13,-0.8222254,0.19198608,-400.25253,66.36534,55.184006,0.0,0.9,0.0,-2.121083e-13,0.0,76.097305,65.41969,65.339874,66.89373,72.33224
2018-01-01 15:07:00,0.1,0.0,66.36534,357730.44,0.0,0.0,30.019989,0.74354184,1.0,1.0,69.21637,0.0,0.0,0.0,-1.987984e-13,-0.82209766,0.19195557,-400.25253,66.36534,55.184006,0.0,0.9,0.0,-2.120399e-13,0.0,76.09741,65.42299,65.3407,66.89302,72.32773
2018-01-01 15:08:00,0.1,0.0,66.36534,357730.44,0.0,0.0,30.019989,0.74342215,1.0,1.0,69.21616,0.0,0.0,0.0,-1.987321e-13,-0.821957,0.19192505,-400.25253,66.36534,55.184006,0.0,0.9,0.0,-2.11971e-13,0.0,76.09758,65.426285,65.34152,66.8923,72.32312
2018-01-01 15:09:00,0.1,0.0,66.36534,357730.44,0.0,0.0,30.019989,0.74330133,1.0,1.0,69.21593,0.0,0.0,0.0,-1.9866903e-13,-0.8218207,0.19189453,-400.25253,66.36534,55.184006,0.0,0.9,0.0,-2.1190193e-13,0.0,76.09769,65.429474,65.34235,66.89159,72.318504
2018-01-01 15:10:00,0.1,0.0,66.36534,357730.44,0.0,0.0,30.019989,0.7431839,1.0,1.0,69.215675,0.0,0.0,0.0,-1.9859956e-13,-0.82168984,0.19186401,-400.25253,66.36534,55.184006,0.0,0.9,0.0,-2.1183271e-13,0.0,76.097855,65.43271,65.343124,66.89082,72.313835
2018-01-01 15:11:00,0.1,0.0,66.36534,357730.44,0.0,0.0,30.019989,0.74306196,1.0,1.0,69.21539,0.0,0.0,0.0,-1.9853497e-13,-0.82156295,0.1918335,-400.25253,66.36534,55.184006,0.0,0.9,0.0,-2.1176408e-13,0.0,76.09796,65.4359,65.34389,66.89011,72.30911
2018-01-01 15:12:00,0.1,0.0,66.36534,357730.44,0.0,0.0,30.019989,0.7429376,1.0,1.0,69.2151,0.0,0.0,0.0,-1.9847145e-13,-0.82142276,0.19180298,-400.25253,66.36534,55.184006,0.0,0.9,0.0,-2.1169484e-13,0.0,76.098076,65.43909,65.34466,66.889336,72.30434
2018-01-01 15:13:00,0.1,0.0,66.36534,357730.44,0.0,0.0,30.019989,0.7428191,1.0,1.0,69.2148,0.0,0.0,0.0,-1.9840634e-13,-0.8212923,0.19177246,-400.25253,66.36534,55.184006,0.0,0.9,0.0,-2.1162649e-13,0.0,76.098236,65.442215,65.34543,66.888565,72.29955
2018-01-01 15:14:00,0.1,0.0,66.36529,357730.44,0.0,0.0,30.019989,0.74269474,1.0,1.0,69.214455,0.0,0.0,0.0,-1.9834862e-13,-0.8211513,0.19174194,-400.25253,66.36529,55.184006,0.0,0.9,0.0,-2.1155773e-13,0.0,76.09835,65.4453,65.346146,66.8878,72.29466
2018-01-01 15:15:00,0.1,0.0,66.36529,357730.44,0.0,0.0,30.019989,0.7425774,1.0,1.0,69.21409,0.0,0.0,0.0,-1.982815e-13,-0.8210237,0.19171143,-400.25253,66.36529,55.184006,0.0,0.9,0.0,-2.1148971e-13,0.0,76.098465,65.448364,65.346855,66.88698,72.28978
2018-01-01 15:16:00,0.1,0.0,66.36529,357730.44,0.0,0.0,30.019989,0.7424589,1.0,1.0,69.2137,0.0,0.0,0.0,-1.982157e-13,-0.8208957,0.19168091,-400.25253,66.36529,55.184006,0.0,0.9,0.0,-2.114202e-13,0.0,76.09857,65.45145,65.34752,66.886154,72.284775
2018-01-01 15:17:00,0.1,0.0,66.36529,357730.44,0.0,0.0,30.019989,0.74233574,1.0,1.0,69.2133,0.0,0.0,0.0,-1.9815092e-13,-0.82075584,0.19165039,-400.25253,66.36529,55.184006,0.0,0.9,0.0,-2.1135349e-13,0.0,76.09868,65.45447,65.34823,66.885376,72.27978
2018-01-01 15:18:00,0.1,0.0,66.36529,357730.44,0.0,0.0,30.019989,0.7422172,1.0,1.0,69.212875,0.0,0.0,0.0,-1.9808469e-13,-0.82062244,0.19161987,-400.25253,66.36529,55.184006,0.0,0.9,0.0,-2.1128139e-13,0.0,76.098785,65.45743,65.34889,66.88455,72.27472
2018-01-01 15:19:00,0.1,0.0,66.36529,357730.44,0.0,0.0,30.019989,0.7420975,1.0,1.0,69.21242,0.0,0.0,0.0,-1.9801515e-13,-0.8204888,0.19158936,-400.25253,66.36529,55.184006,0.0,0.9,0.0,-2.1121451e-13,0.0,76.0989,65.4604,65.34949,66.88368,72.269615
2018-01-01 15:20:00,0.1,0.0,66.36529,357730.44,0.0,0.0,30.019989,0.74197435,1.0,1.0,69.21196,0.0,0.0,0.0,-1.9795489e-13,-0.8203565,0.19155884,-400.25253,66.36529,55.184006,0.0,0.9,0.0,-2.1114714e-13,0.0,76.099014,65.46331,65.35015,66.88286,72.26445
2018-01-01 15:21:00,0.1,0.0,66.36529,357730.44,0.0,0.0,30.019989,0.7418558,1.0,1.0,69.211365,0.0,0.0,0.0,-1.9789376e-13,-0.82022965,0.19152832,-400.25253,66.36529,55.184006,0.0,0.9,0.0,-2.1107598e-13,0.0,76.09912,65.466,65.35075,66.88197,72.25896
2018-01-01 15:22:00,0.1,0.0,66.36529,357730.44,0.0,0.0,30.019989,0.74173266,1.0,1.0,69.21069,0.0,0.0,0.0,-1.9782998e-13,-0.8200964,0.1914978,-400.25253,66.36529,55.184006,0.0,0.9,0.0,-2.1100865e-13,0.0,76.099174,65.46853,65.3513,66.881096,72.25336
2018-01-01 15:23:00,0.1,0.0,66.36529,357730.44,0.0,0.0,30.019989,0.74161065,1.0,1.0,69.21001,0.0,0.0,0.0,-1.9776967e-13,-0.819953,0.19146729,-400.25253,66.36529,55.184006,0.0,0.9,0.0,-2.1094111e-13,0.0,76.09929,65.471054,65.35185,66.88016,72.247696
2018-01-01 15:24:00,0.1,0.0,66.36529,357730.44,0.0,0.0,30.019989,0.7414945,1.0,1.0,69.209335,0.0,0.0,0.0,-1.9769818e-13,-0.8198241,0.19143677,-400.25253,66.36529,55.184006,0.0,0.9,0.0,-2.1087192e-13,0.0,76.099396,65.47359,65.3524,66.87929,72.24199
2018-01-01 15:25:00,0.1,0.0,66.365234,357730.44,0.0,0.0,30.019989,0.74137014,1.0,1.0,69.20858,0.0,0.0,0.0,-1.9763348e-13,-0.8197033,0.19140625,-400.25253,66.365234,55.184006,0.0,0.9,0.0,-2.1080338e-13,0.0,76.09945,65.476,65.3529,66.87835,72.23622
2018-01-01 15:26:00,0.1,0.0,66.365234,357730.44,0.0,0.0,30.019989,0.7412504,1.0,1.0,69.207825,0.0,0.0,0.0,-1.9757343e-13,-0.8195595,0.19137573,-400.25253,66.365234,55.184006,0.0,0.9,0.0,-2.1073627e-13,0.0,76.0995,65.47842,65.35339,66.87741,72.23039
2018-01-01 15:27:00,0.1,0.0,66.365234,357730.44,0.0,0.0,30.019989,0.7411296,1.0,1.0,69.20706,0.0,0.0,0.0,-1.975086e-13,-0.8194266,0.19134521,-400.25253,66.365234,55.184006,0.0,0.9,0.0,-2.1066589e-13,0.0,76.09961,65.480774,65.35388,66.87648,72.22457
2018-01-01 15:28:00,0.1,0.0,66.365234,357730.44,0.0,0.0,30.019989,0.7410122,1.0,1.0,69.20626,0.0,0.0,0.0,-1.9744734e-13,-0.8192904,0.1913147,-400.25253,66.365234,55.184006,0.0,0.9,0.0,-2.1059825e-13,0.0,76.09967,65.483086,65.354385,66.87555,72.21864
2018-01-01 15:29:00,0.1,0.0,66.365234,357730.44,0.0,0.0,30.019989,0.7408902,1.0,1.0,69.20543,0.0,0.0,0.0,-1.9738116e-13,-0.8191574,0.19128418,-400.25253,66.365234,55.184006,0.0,0.9,0.0,-2.1053068e-13,0.0,76.099724,65.4854,65.35482,66.87456,72.21265
2018-01-01 15:30:00,0.1,0.0,66.365234,357730.44,0.0,0.0,30.019989,0.7407717,1.0,1.0,69.20457,0.0,0.0,0.0,-1.9731563e-13,-0.81903034,0.19125366,-400.25253,66.365234,55.184006,0.0,0.9,0.0,-2.1046182e-13,0.0,76.09978,65.48764,65.355255,66.873566,72.206604
2018-01-01 15:31:00,0.1,0.0,66.365234,357730.44,0.0,0.0,30.019989,0.74065083,1.0,1.0,69.20368,0.0,0.0,0.0,-1.9725099e-13,-0.81889206,0.19122314,-400.25253,66.365234,55.184006,0.0,0.9,0.0,-2.1039301e-13,0.0,76.09978,65.48984,65.355644,66.87258,72.20056
2018-01-01 15:32:00,0.1,0.0,66.365234,357730.44,0.0,0.0,30.019989,0.74052995,1.0,1.0,69.20278,0.0,0.0,0.0,-1.971893e-13,-0.8187589,0.19119263,-400.25253,66.365234,55.184006,0.0,0.9,0.0,-2.1032582e-13,0.0,76.09984,65.49199,65.35608,66.8716,72.19441
2018-01-01 15:33:00,0.1,0.0,66.365234,357730.44,0.0,0.0,30.019989,0.7404103,1.0,1.0,69.20186,0.0,0.0,0.0,-1.9712504e-13,-0.81862485,0.19116211,-400.25253,66.365234,55.184006,0.0,0.9,0.0,-2.1025754e-13,0.0,76.09984,65.494125,65.35647,66.870605,72.18826
2018-01-01 15:34:00,0.1,0.0,66.365234,357730.44,0.0,0.0,30.019989,0.7402883,1.0,1.0,69.20095,0.0,0.0,0.0,-1.9705774e-13,-0.8184969,0.19116211,-400.25253,66.365234,55.184006,0.0,0.9,0.0,-2.1018818e-13,0.0,76.099884,65.49627,65.35686,66.86961,72.18211
2018-01-01 15:35:00,0.1,0.0,66.365234,357730.44,0.0,0.0,30.019989,0.74016863,1.0,1.0,69.199974,0.0,0.0,0.0,-1.9699256e-13,-0.8183691,0.19113159,-400.25253,66.365234,55.184006,0.0,0.9,0.0,-2.1012058e-13,0.0,76.099884,65.49835,65.35724,66.868576,72.17584
2018-01-01 15:36:00,0.1,0.0,66.36517,357730.44,0.0,0.0,30.019989,0.7400501,1.0,1.0,69.19899,0.0,0.0,0.0,-1.9692506e-13,-0.81823885,0.19110107,-400.25253,66.36517,55.184006,0.0,0.9,0.0,-2.1005187e-13,0.0,76.099884,65.50039,65.35757,66.86752,72.169586
2018-01-01 15:37:00,0.1,0.0,66.36517,357730.44,0.0,0.0,30.019989,0.7399281,1.0,1.0,69.19801,0.0,0.0,0.0,-1.9686572e-13,-0.81809705,0.19107056,-400.25253,66.36517,55.184006,0.0,0.9,0.0,-2.0998429e-13,0.0,76.099884,65.502426,65.357956,66.866486,72.16332
2018-01-01 15:38:00,0.1,0.0,66.36517,357730.44,0.0,0.0,30.019989,0.7398096,1.0,1.0,69.19701,0.0,0.0,0.0,-1.967998e-13,-0.81796217,0.19104004,-400.25253,66.36517,55.184006,0.0,0.9,0.0,-2.0991608e-13,0.0,76.099884,65.504456,65.35828,66.86544,72.15695
2018-01-01 15:39:00,0.1,0.0,66.36517,357730.44,0.0,0.0,30.019989,0.7396887,1.0,1.0,69.195984,0.0,0.0,0.0,-1.9673586e-13,-0.81782216,0.19100952,-400.25253,66.36517,55.184006,0.0,0.9,0.0,-2.0984921e-13,0.0,76.09984,65.50643,65.35861,66.864395,72.150635
2018-01-01 15:40:00,0.1,0.0,66.36517,357730.44,0.0,0.0,30.019989,0.739569,1.0,1.0,69.19495,0.0,0.0,0.0,-1.966735e-13,-0.8176965,0.190979,-400.25253,66.36517,55.184006,0.0,0.9,0.0,-2.0977935e-13,0.0,76.09984,65.508354,65.35894,66.86336,72.14421
2018-01-01 15:41:00,0.1,0.0,66.36517,357730.44,0.0,0.0,30.019989,0.7394494,1.0,1.0,69.193886,0.0,0.0,0.0,-1.9661167e-13,-0.8175659,0.19091797,-400.25253,66.36517,55.184006,0.0,0.9,0.0,-2.0971115e-13,0.0,76.09978,65.51028,65.359215,66.862305,72.13783
2018-01-01 15:42:00,0.1,0.0,66.36517,357730.44,0.0,0.0,30.019989,0.7393274,1.0,1.0,69.192795,0.0,0.0,0.0,-1.9654557e-13,-0.81742734,0.19088745,-400.25253,66.36517,55.184006,0.0,0.9,0.0,-2.0964315e-13,0.0,76.099724,65.5122,65.35949,66.861206,72.13135
2018-01-01 15:43:00,0.1,0.0,66.36517,357730.44,0.0,0.0,30.019989,0.7392076,1.0,1.0,69.19171,0.0,0.0,0.0,-1.9648191e-13,-0.8172988,0.19085693,-400.25253,66.36517,55.184006,0.0,0.9,0.0,-2.0957473e-13,0.0,76.09967,65.51407,65.35982,66.86011,72.12487
2018-01-01 15:44:00,0.1,0.0,66.36517,357730.44,0.0,0.0,30.019989,0.73908913,1.0,1.0,69.19063,0.0,0.0,0.0,-1.9641642e-13,-0.81716734,0.19082642,-400.25253,66.36517,55.184006,0.0,0.9,0.0,-2.0950753e-13,0.0,76.09961,65.51593,65.36009,66.85907,72.11839
2018-01-01 15:45:00,0.1,0.0,66.36517,357730.44,0.0,0.0,30.019989,0.7389672,1.0,1.0,69.1895,0.0,0.0,0.0,-1.9635575e-13,-0.8170332,0.1907959,-400.25253,66.36517,55.184006,0.0,0.9,0.0,-2.0943966e-13,0.0,76.09956,65.517746,65.36031,66.85797,72.11191
2018-01-01 15:46:00,0.1,0.0,66.36517,357730.44,0.0,0.0,30.019989,0.7388463,1.0,1.0,69.18836,0.0,0.0,0.0,-1.9629552e-13,-0.8168992,0.19076538,-400.25253,66.36517,55.184006,0.0,0.9,0.0,-2.0937131e-13,0.0,76.09945,65.51956,65.36059,66.85687,72.105316
2018-01-01 15:47:00,0.1,0.0,66.36517,357730.44,0.0,0.0,30.019989,0.73872775,1.0,1.0,69.187225,0.0,0.0,0.0,-1.96231e-13,-0.8167726,0.19073486,-400.25253,66.36517,55.184006,0.0,0.9,0.0,-2.09303e-13,0.0,76.099396,65.52138,65.36081,66.855774,72.09878
2018-01-01 15:48:00,0.1,0.0,66.36517,357730.44,0.0,0.0,30.019989,0.7386092,1.0,1.0,69.186066,0.0,0.0,0.0,-1.9615979e-13,-0.816628,0.19070435,-400.25253,66.36517,55.184006,0.0,0.9,0.0,-2.0923812e-13,0.0,76.09929,65.52313,65.361084,66.854614,72.092186
2018-01-01 15:49:00,0.1,0.0,66.36513,357730.44,0.0,0.0,30.019989,0.73848844,1.0,1.0,69.18488,0.0,0.0,0.0,-1.96095e-13,-0.816495,0.19067383,-400.25253,66.36513,55.184006,0.0,0.9,0.0,-2.0916728e-13,0.0,76.09923,65.52483,65.3613,66.853516,72.08554
2018-01-01 15:50:00,0.1,0.0,66.36513,357730.44,0.0,0.0,30.019989,0.73836756,1.0,1.0,69.18371,0.0,0.0,0.0,-1.9603926e-13,-0.81636864,0.19064331,-400.25253,66.36513,55.184006,0.0,0.9,0.0,-2.0909938e-13,0.0,76.09912,65.526596,65.36153,66.85237,72.07895
2018-01-01 15:51:00,0.1,0.0,66.36513,357730.44,0.0,0.0,30.019989,0.738249,1.0,1.0,69.18251,0.0,0.0,0.0,-1.9597248e-13,-0.8162337,0.1906128,-400.25253,66.36513,55.184006,0.0,0.9,0.0,-2.0903216e-13,0.0,76.099014,65.52829,65.36169,66.85127,72.07225
2018-01-01 15:52:00,0.1,0.0,66.36513,357730.44,0.0,0.0,30.019989,0.7381282,1.0,1.0,69.18129,0.0,0.0,0.0,-1.9590385e-13,-0.816109,0.19058228,-400.25253,66.36513,55.184006,0.0,0.9,0.0,-2.0896388e-13,0.0,76.09885,65.52994,65.36191,66.85011,72.0656
2018-01-01 15:53:00,0.1,0.0,66.36513,357730.44,0.0,0.0,30.019989,0.7380062,1.0,1.0,69.18005,0.0,0.0,0.0,-1.9585181e-13,-0.81597704,0.19055176,-400.25253,66.36513,55.184006,0.0,0.9,0.0,-2.0889489e-13,0.0,76.09874,65.531586,65.362076,66.84896,72.0589
2018-01-01 15:54:00,0.1,0.0,66.36513,357730.44,0.0,0.0,30.019989,0.7378877,1.0,1.0,69.17881,0.0,0.0,0.0,-1.9578538e-13,-0.81583536,0.19052124,-400.25253,66.36513,55.184006,0.0,0.9,0.0,-2.0882884e-13,0.0,76.098625,65.53319,65.36229,66.84781,72.05214
2018-01-01 15:55:00,0.1,0.0,66.36513,357730.44,0.0,0.0,30.019989,0.7377691,1.0,1.0,69.17756,0.0,0.0,0.0,-1.9571881e-13,-0.81570876,0.19049072,-400.25253,66.36513,55.184006,0.0,0.9,0.0,-2.0875992e-13,0.0,76.098465,65.534775,65.36246,66.84665,72.04544
2018-01-01 15:56:00,0.1,0.0,66.36513,357730.44,0.0,0.0,30.019989,0.73764825,1.0,1.0,69.176285,0.0,0.0,0.0,-1.9565584e-13,-0.8155719,0.1904602,-400.25253,66.36513,55.184006,0.0,0.9,0.0,-2.0869249e-13,0.0,76.0983,65.53637,65.362625,66.845505,72.03863
2018-01-01 15:57:00,0.1,0.0,66.36513,357730.44,0.0,0.0,30.019989,0.73752975,1.0,1.0,69.17499,0.0,0.0,0.0,-1.9559078e-13,-0.8154416,0.19042969,-400.25253,66.36513,55.184006,0.0,0.9,0.0,-2.0862542e-13,0.0,76.09813,65.53786,65.362785,66.844345,72.031815
2018-01-01 15:58:00,0.1,0.0,66.36513,357730.44,0.0,0.0,30.019989,0.73741007,1.0,1.0,69.17368,0.0,0.0,0.0,-1.955289e-13,-0.81531185,0.19039917,-400.25253,66.36513,55.184006,0.0,0.9,0.0,-2.0855714e-13,0.0,76.09796,65.53939,65.3629,66.84314,72.02501
2018-01-01 15:59:00,0.1,0.0,66.36513,357730.44,0.0,0.0,30.019989,0.73728925,1.0,1.0,69.17236,0.0,0.0,0.0,-1.9546627e-13,-0.8151811,0.19039917,-400.25253,66.36513,55.184006,0.0,0.9,0.0,-2.0848984e-13,0.0,76.0978,65.54082,65.36306,66.84198,72.01814
2018-01-01 16:00:00,0.1,0.0,66.36513,357730.44,0.0,0.0,30.019989,0.73717076,1.0,1.0,69.17102,0.0,0.0,0.0,-1.9540356e-13,-0.81504846,0.19036865,-400.25253,66.36513,55.184006,0.0,0.9,0.0,-2.0842041e-13,0.0,76.09764,65.54225,65.363174,66.840775,72.01128
2018-01-01 16:01:00,0.1,0.0,66.36513,357730.44,0.0,0.0,30.019989,0.7370499,1.0,1.0,69.16968,0.0,0.0,0.0,-1.9533573e-13,-0.81491107,0.19033813,-400.25253,66.36513,55.184006,0.0,0.9,0.0,-2.0835388e-13,0.0,76.09747,65.54367,65.36328,66.83962,72.00435
2018-01-01 16:02:00,0.1,0.0,66.36513,357730.44,0.0,0.0,30.019989,0.736929,1.0,1.0,69.16831,0.0,0.0,0.0,-1.9527592e-13,-0.8147837,0.19030762,-400.25253,66.36513,55.184006,0.0,0.9,0.0,-2.0828729e-13,0.0,76.09725,65.545044,65.36339,66.83841,71.99743
2018-01-01 16:03:00,0.1,0.0,66.36507,357730.44,0.0,0.0,30.019989,0.7368093,1.0,1.0,69.16692,0.0,0.0,0.0,-1.9520693e-13,-0.8146532,0.1902771,-400.25253,66.36507,55.184006,0.0,0.9,0.0,-2.0821868e-13,0.0,76.09709,65.54637,65.363495,66.837204,71.99045
2018-01-01 16:04:00,0.1,0.0,66.36507,357730.44,0.0,0.0,30.019989,0.7366896,1.0,1.0,69.16551,0.0,0.0,0.0,-1.951502e-13,-0.8145095,0.19024658,-400.25253,66.36507,55.184006,0.0,0.9,0.0,-2.0815192e-13,0.0,76.09686,65.54763,65.36361,66.836,71.983475
2018-01-01 16:05:00,0.1,0.0,66.36507,357730.44,0.0,0.0,30.019989,0.73657113,1.0,1.0,69.164085,0.0,0.0,0.0,-1.950877e-13,-0.81439036,0.19021606,-400.25253,66.36507,55.184006,0.0,0.9,0.0,-2.0808341e-13,0.0,76.09665,65.54889,65.36366,66.83479,71.97644
2018-01-01 16:06:00,0.1,0.0,66.36507,357730.44,0.0,0.0,30.019989,0.7364538,1.0,1.0,69.16265,0.0,0.0,0.0,-1.9502007e-13,-0.8142467,0.19018555,-400.25253,66.36507,55.184006,0.0,0.9,0.0,-2.0801537e-13,0.0,76.09643,65.5501,65.36372,66.83358,71.96941
2018-01-01 16:07:00,0.1,0.0,66.36507,357730.44,0.0,0.0,30.019989,0.73632944,1.0,1.0,69.16122,0.0,0.0,0.0,-1.9495871e-13,-0.8141213,0.19015503,-400.25253,66.36507,55.184006,0.0,0.9,0.0,-2.079486e-13,0.0,76.09621,65.551315,65.36383,66.83243,71.962326
2018-01-01 16:08:00,0.1,0.0,66.36507,357730.44,0.0,0.0,30.019989,0.7362121,1.0,1.0,69.15977,0.0,0.0,0.0,-1.9489796e-13,-0.8139773,0.19012451,-400.25253,66.36507,55.184006,0.0,0.9,0.0,-2.078815e-13,0.0,76.09599,65.55246,65.36383,66.83127,71.955246
2018-01-01 16:09:00,0.1,0.0,66.36507,357730.44,0.0,0.0,30.019989,0.7360947,1.0,1.0,69.15828,0.0,0.0,0.0,-1.9482754e-13,-0.81385374,0.190094,-400.25253,66.36507,55.184006,0.0,0.9,0.0,-2.078132e-13,0.0,76.09572,65.55356,65.363884,66.830124,71.948105
2018-01-01 16:10:00,0.1,0.0,66.36507,357730.44,0.0,0.0,30.019989,0.7359727,1.0,1.0,69.1568,0.0,0.0,0.0,-1.9476437e-13,-0.8137241,0.19006348,-400.25253,66.36507,55.184006,0.0,0.9,0.0,-2.0774621e-13,0.0,76.09549,65.55466,65.363884,66.828964,71.94096
2018-01-01 16:11:00,0.1,0.0,66.36507,357730.44,0.0,0.0,30.019989,0.735853,1.0,1.0,69.15527,0.0,0.0,0.0,-1.9470757e-13,-0.813592,0.19003296,-400.25253,66.36507,55.184006,0.0,0.9,0.0,-2.0767783e-13,0.0,76.095215,65.55565,65.36394,66.82781,71.93376
2018-01-01 16:12:00,0.1,0.0,66.36507,357730.44,0.0,0.0,30.019989,0.7357334,1.0,1.0,69.15376,0.0,0.0,0.0,-1.9464396e-13,-0.813457,0.19000244,-400.25253,66.36507,55.184006,0.0,0.9,0.0,-2.0761101e-13,0.0,76.09494,65.556694,65.36394,66.82666,71.92657
2018-01-01 16:13:00,0.1,0.0,66.36507,357730.44,0.0,0.0,30.019989,0.73561364,1.0,1.0,69.15218,0.0,0.0,0.0,-1.9458487e-13,-0.8133335,0.18997192,-400.25253,66.36507,55.184006,0.0,0.9,0.0,-2.0754351e-13,0.0,76.094666,65.55752,65.36394,66.8255,71.91931
2018-01-01 16:14:00,0.1,0.0,66.36507,357730.44,0.0,0.0,30.019989,0.73549515,1.0,1.0,69.1506,0.0,0.0,0.0,-1.9451434e-13,-0.8131939,0.1899414,-400.25253,66.36507,55.184006,0.0,0.9,0.0,-2.0747579e-13,0.0,76.09439,65.55834,65.363884,66.824295,71.91206
2018-01-01 16:15:00,0.1,0.0,66.36501,357730.44,0.0,0.0,30.019989,0.7353754,1.0,1.0,69.149,0.0,0.0,0.0,-1.9445285e-13,-0.8130524,0.18991089,-400.25253,66.36501,55.184006,0.0,0.9,0.0,-2.074096e-13,0.0,76.09412,65.55911,65.363884,66.82314,71.904755
2018-01-01 16:16:00,0.1,0.0,66.36501,357730.44,0.0,0.0,30.019989,0.7352558,1.0,1.0,69.14738,0.0,0.0,0.0,-1.9438749e-13,-0.8129304,0.18984985,-400.25253,66.36501,55.184006,0.0,0.9,0.0,-2.0734141e-13,0.0,76.09384,65.55983,65.36383,66.82193,71.89745
2018-01-01 16:17:00,0.1,0.0,66.36501,357730.44,0.0,0.0,30.019989,0.7351349,1.0,1.0,69.14575,0.0,0.0,0.0,-1.9433228e-13,-0.81278867,0.18981934,-400.25253,66.36501,55.184006,0.0,0.9,0.0,-2.0727413e-13,0.0,76.09352,65.56054,65.36377,66.820786,71.89015
2018-01-01 16:18:00,0.1,0.0,66.36501,357730.44,0.0,0.0,30.019989,0.73501873,1.0,1.0,69.144104,0.0,0.0,0.0,-1.9425974e-13,-0.8126592,0.18978882,-400.25253,66.36501,55.184006,0.0,0.9,0.0,-2.0720785e-13,0.0,76.09325,65.5612,65.36372,66.81957,71.88278
2018-01-01 16:19:00,0.1,0.0,66.36501,357730.44,0.0,0.0,30.019989,0.7348979,1.0,1.0,69.14243,0.0,0.0,0.0,-1.9419861e-13,-0.8125353,0.1897583,-400.25253,66.36501,55.184006,0.0,0.9,0.0,-2.071397e-13,0.0,76.09291,65.5618,65.36366,66.81836,71.87543
2018-01-01 16:20:00,0.1,0.0,66.36501,357730.44,0.0,0.0,30.019989,0.7347759,1.0,1.0,69.14074,0.0,0.0,0.0,-1.941398e-13,-0.8124014,0.18972778,-400.25253,66.36501,55.184006,0.0,0.9,0.0,-2.0707302e-13,0.0,76.09258,65.56235,65.36361,66.817154,71.86801
2018-01-01 16:21:00,0.1,0.0,66.36501,357730.44,0.0,0.0,30.019989,0.73465854,1.0,1.0,69.13905,0.0,0.0,0.0,-1.9407119e-13,-0.8122719,0.18969727,-400.25253,66.36501,55.184006,0.0,0.9,0.0,-2.0700565e-13,0.0,76.09231,65.5629,65.363495,66.81595,71.860596
2018-01-01 16:22:00,0.1,0.0,66.36501,357730.44,0.0,0.0,30.019989,0.73454,1.0,1.0,69.13734,0.0,0.0,0.0,-1.9400788e-13,-0.8121375,0.18966675,-400.25253,66.36501,55.184006,0.0,0.9,0.0,-2.0693707e-13,0.0,76.09198,65.5634,65.36345,66.81474,71.85312
2018-01-01 16:23:00,0.1,0.0,66.36501,357730.44,0.0,0.0,30.019989,0.7344203,1.0,1.0,69.1356,0.0,0.0,0.0,-1.9394883e-13,-0.812003,0.18966675,-400.25253,66.36501,55.184006,0.0,0.9,0.0,-2.0687092e-13,0.0,76.0916,65.563835,65.363335,66.81353,71.84566
2018-01-01 16:24:00,0.1,0.0,66.36501,357730.44,0.0,0.0,30.019989,0.73430294,1.0,1.0,69.13383,0.0,0.0,0.0,-1.9388598e-13,-0.8118703,0.18963623,-400.25253,66.36501,55.184006,0.0,0.9,0.0,-2.0680376e-13,0.0,76.09126,65.564224,65.36322,66.81227,71.83813
2018-01-01 16:25:00,0.1,0.0,66.36501,357730.44,0.0,0.0,30.019989,0.7341821,1.0,1.0,69.13205,0.0,0.0,0.0,-1.938241e-13,-0.81174123,0.18960571,-400.25253,66.36501,55.184006,0.0,0.9,0.0,-2.0673685e-13,0.0,76.090935,65.564545,65.36311,66.81106,71.8306
2018-01-01 16:26:00,0.1,0.0,66.36501,357730.44,0.0,0.0,30.019989,0.7340636,1.0,1.0,69.13013,0.0,0.0,0.0,-1.9375479e-13,-0.81160456,0.1895752,-400.25253,66.36501,55.184006,0.0,0.9,0.0,-2.0666833e-13,0.0,76.090546,65.56466,65.36284,66.80974,71.82286
2018-01-01 16:27:00,0.1,0.0,66.36496,357730.44,0.0,0.0,30.019989,0.73394275,1.0,1.0,69.12822,0.0,0.0,0.0,-1.9369821e-13,-0.8114777,0.18954468,-400.25253,66.36496,55.184006,0.0,0.9,0.0,-2.0660178e-13,0.0,76.090225,65.56471,65.362625,66.808426,71.81511
2018-01-01 16:28:00,0.1,0.0,66.36496,357730.44,0.0,0.0,30.019989,0.73382187,1.0,1.0,69.12626,0.0,0.0,0.0,-1.9363322e-13,-0.81133735,0.18951416,-400.25253,66.36496,55.184006,0.0,0.9,0.0,-2.0653581e-13,0.0,76.089836,65.56471,65.36235,66.8071,71.80731
2018-01-01 16:29:00,0.1,0.0,66.36496,357730.44,0.0,0.0,30.019989,0.7337045,1.0,1.0,69.12431,0.0,0.0,0.0,-1.9357016e-13,-0.81121355,0.18948364,-400.25253,66.36496,55.184006,0.0,0.9,0.0,-2.064688e-13,0.0,76.08945,65.56471,65.362076,66.805786,71.79956
2018-01-01 16:30:00,0.1,0.0,66.36496,357730.44,0.0,0.0,30.019989,0.7335872,1.0,1.0,69.12236,0.0,0.0,0.0,-1.9350363e-13,-0.81108516,0.18945312,-400.25253,66.36496,55.184006,0.0,0.9,0.0,-2.0640128e-13,0.0,76.089066,65.56471,65.3618,66.80447,71.79176
2018-01-01 16:31:00,0.1,0.0,66.36496,357730.44,0.0,0.0,30.019989,0.73346865,1.0,1.0,69.120384,0.0,0.0,0.0,-1.9344017e-13,-0.81094503,0.1894226,-400.25253,66.36496,55.184006,0.0,0.9,0.0,-2.0633293e-13,0.0,76.088684,65.56466,65.36153,66.80309,71.783966
2018-01-01 16:32:00,0.1,0.0,66.36496,357730.44,0.0,0.0,30.019989,0.7333478,1.0,1.0,69.11842,0.0,0.0,0.0,-1.9338794e-13,-0.8108148,0.18939209,-400.25253,66.36496,55.184006,0.0,0.9,0.0,-2.0626861e-13,0.0,76.08824,65.564606,65.3613,66.80177,71.77617
2018-01-01 16:33:00,0.1,0.0,66.36496,357730.44,0.0,0.0,30.019989,0.7332316,1.0,1.0,69.11649,0.0,0.0,0.0,-1.9331044e-13,-0.8106912,0.18936157,-400.25253,66.36496,55.184006,0.0,0.9,0.0,-2.0619873e-13,0.0,76.08786,65.5645,65.36119,66.80046,71.76842
2018-01-01 16:34:00,0.1,0.0,66.36496,357730.44,0.0,0.0,30.019989,0.7331108,1.0,1.0,69.114525,0.0,0.0,0.0,-1.9325192e-13,-0.8105507,0.18933105,-400.25253,66.36496,55.184006,0.0,0.9,0.0,-2.0613359e-13,0.0,76.08742,65.564384,65.361084,66.79913,71.76062
2018-01-01 16:35:00,0.1,0.0,66.36496,357730.44,0.0,0.0,30.019989,0.7329911,1.0,1.0,69.112564,0.0,0.0,0.0,-1.9319271e-13,-0.8104224,0.18930054,-400.25253,66.36496,55.184006,0.0,0.9,0.0,-2.060665e-13,0.0,76.087036,65.56427,65.360916,66.79776,71.75282
2018-01-01 16:36:00,0.1,0.0,66.36496,357730.44,0.0,0.0,30.019989,0.73287135,1.0,1.0,69.11061,0.0,0.0,0.0,-1.9312834e-13,-0.8102908,0.18927002,-400.25253,66.36496,55.184006,0.0,0.9,0.0,-2.0600022e-13,0.0,76.08659,65.56416,65.36081,66.79645,71.74502
2018-01-01 16:37:00,0.1,0.0,66.36496,357730.44,0.0,0.0,30.019989,0.73275405,1.0,1.0,69.10865,0.0,0.0,0.0,-1.930621e-13,-0.81016624,0.1892395,-400.25253,66.36496,55.184006,0.0,0.9,0.0,-2.0593156e-13,0.0,76.08615,65.56406,65.3607,66.79513,71.73721
2018-01-01 16:38:00,0.1,0.0,66.36496,357730.44,0.0,0.0,30.019989,0.7326332,1.0,1.0,69.106705,0.0,0.0,0.0,-1.9300833e-13,-0.8100307,0.18920898,-400.25253,66.36496,55.184006,0.0,0.9,0.0,-2.0586446e-13,0.0,76.08572,65.56389,65.36059,66.79381,71.72948
2018-01-01 16:39:00,0.1,0.0,66.36496,357730.44,0.0,0.0,30.019989,0.7325135,1.0,1.0,69.104675,0.0,0.0,0.0,-1.9294733e-13,-0.80989945,0.18917847,-400.25253,66.36496,55.184006,0.0,0.9,0.0,-2.0579923e-13,0.0,76.08522,65.56372,65.36047,66.792435,71.72151
2018-01-01 16:40:00,0.1,0.0,66.36496,357730.44,0.0,0.0,30.019989,0.732395,1.0,1.0,69.102684,0.0,0.0,0.0,-1.9287725e-13,-0.8097576,0.18914795,-400.25253,66.36496,55.184006,0.0,0.9,0.0,-2.0573376e-13,0.0,76.08478,65.56356,65.36037,66.79112,71.71359
2018-01-01 16:41:00,0.1,0.0,66.36496,357730.44,0.0,0.0,30.019989,0.73227644,1.0,1.0,69.10069,0.0,0.0,0.0,-1.9281721e-13,-0.80963916,0.18911743,-400.25253,66.36496,55.184006,0.0,0.9,0.0,-2.0566506e-13,0.0,76.08434,65.5634,65.36026,66.789795,71.70569
2018-01-01 16:42:00,0.1,0.0,66.36496,357730.44,0.0,0.0,30.019989,0.73215675,1.0,1.0,69.09866,0.0,0.0,0.0,-1.9275243e-13,-0.8095051,0.18908691,-400.25253,66.36496,55.184006,0.0,0.9,0.0,-2.0559852e-13,0.0,76.08385,65.56317,65.36009,66.78842,71.69778
2018-01-01 16:43:00,0.1,0.0,66.36496,357730.44,0.0,0.0,30.019989,0.73203826,1.0,1.0,69.09668,0.0,0.0,0.0,-1.9269495e-13,-0.8093752,0.1890564,-400.25253,66.36496,55.184006,0.0,0.9,0.0,-2.0553253e-13,0.0,76.083405,65.56301,65.359985,66.78711,71.689865
2018-01-01 16:44:00,0.1,0.0,66.36496,357730.44,0.0,0.0,30.019989,0.73191977,1.0,1.0,69.094666,0.0,0.0,0.0,-1.9262748e-13,-0.8092301,0.1890564,-400.25253,66.36496,55.184006,0.0,0.9,0.0,-2.0546511e-13,0.0,76.08292,65.56279,65.35988,66.78579,71.68196
2018-01-01 16:45:00,0.1,0.0,66.36496,357730.44,0.0,0.0,30.019989,0.7318001,1.0,1.0,69.09267,0.0,0.0,0.0,-1.9257205e-13,-0.80910677,0.18902588,-400.25253,66.36496,55.184006,0.0,0.9,0.0,-2.053991e-13,0.0,76.08242,65.56258,65.359764,66.78447,71.6741
2018-01-01 16:46:00,0.1,0.0,66.36496,357730.44,0.0,0.0,30.019989,0.73168266,1.0,1.0,69.09066,0.0,0.0,0.0,-1.9250305e-13,-0.80897754,0.18899536,-400.25253,66.36496,55.184006,0.0,0.9,0.0,-2.0533136e-13,0.0,76.081985,65.56235,65.35965,66.7831,71.666245
2018-01-01 16:47:00,0.1,0.0,66.36496,357730.44,0.0,0.0,30.019989,0.73156184,1.0,1.0,69.08867,0.0,0.0,0.0,-1.9244228e-13,-0.80884963,0.18896484,-400.25253,66.36496,55.184006,0.0,0.9,0.0,-2.052632e-13,0.0,76.08148,65.56213,65.35954,66.781784,71.65839
2018-01-01 16:48:00,0.1,0.0,66.36496,357730.44,0.0,0.0,30.019989,0.73144215,1.0,1.0,69.08667,0.0,0.0,0.0,-1.9238109e-13,-0.80871916,0.18893433,-400.25253,66.36496,55.184006,0.0,0.9,0.0,-2.0519757e-13,0.0,76.08099,65.56191,65.359436,66.78046,71.650536
2018-01-01 16:49:00,0.1,0.0,66.36496,357730.44,0.0,0.0,30.019989,0.7313271,1.0,1.0,69.08466,0.0,0.0,0.0,-1.9231521e-13,-0.8085888,0.18890381,-400.25253,66.36496,55.184006,0.0,0.9,0.0,-2.051319e-13,0.0,76.0805,65.56169,65.35933,66.77908,71.64273
2018-01-01 16:50:00,0.1,0.0,66.36496,357730.44,0.0,0.0,30.019989,0.7312063,1.0,1.0,69.08267,0.0,0.0,0.0,-1.9225249e-13,-0.8084521,0.18887329,-400.25253,66.36496,55.184006,0.0,0.9,0.0,-2.0506383e-13,0.0,76.08,65.56148,65.359215,66.77777,71.63488
2018-01-01 16:51:00,0.1,0.0,66.36496,357730.44,0.0,0.0,30.019989,0.73108894,1.0,1.0,69.08067,0.0,0.0,0.0,-1.9219752e-13,-0.80832374,0.18884277,-400.25253,66.36496,55.184006,0.0,0.9,0.0,-2.0499818e-13,0.0,76.07951,65.56125,65.3591,66.77645,71.627075
2018-01-01 16:52:00,0.1,0.0,66.36496,357730.44,0.0,0.0,30.019989,0.7309704,1.0,1.0,69.078674,0.0,0.0,0.0,-1.9213271e-13,-0.8081818,0.18881226,-400.25253,66.36496,55.184006,0.0,0.9,0.0,-2.0493397e-13,0.0,76.07901,65.560974,65.35899,66.77508,71.61934
2018-01-01 16:53:00,0.1,0.0,66.36496,357730.44,0.0,0.0,30.019989,0.7308507,1.0,1.0,69.076675,0.0,0.0,0.0,-1.9206583e-13,-0.80806476,0.18875122,-400.25253,66.36496,55.184006,0.0,0.9,0.0,-2.0486445e-13,0.0,76.07852,65.56076,65.358826,66.77376,71.611534
2018-01-01 16:54:00,0.1,0.0,66.36496,357730.44,0.0,0.0,30.019989,0.73073107,1.0,1.0,69.07469,0.0,0.0,0.0,-1.9200768e-13,-0.8079238,0.1887207,-400.25253,66.36496,55.184006,0.0,0.9,0.0,-2.0479996e-13,0.0,76.078026,65.560486,65.35872,66.772446,71.60379
2018-01-01 16:55:00,0.1,0.0,66.36496,357730.44,0.0,0.0,30.019989,0.73061365,1.0,1.0,69.07269,0.0,0.0,0.0,-1.9194116e-13,-0.8078016,0.18869019,-400.25253,66.36496,55.184006,0.0,0.9,0.0,-2.0473213e-13,0.0,76.07753,65.560265,65.35861,66.77107,71.59599
2018-01-01 16:56:00,0.1,0.0,66.36496,357730.44,0.0,0.0,30.019989,0.73049283,1.0,1.0,69.0707,0.0,0.0,0.0,-1.9188118e-13,-0.8076643,0.18865967,-400.25253,66.36496,55.184006,0.0,0.9,0.0,-2.0466764e-13,0.0,76.07704,65.55999,65.358505,66.769745,71.58824
2018-01-01 16:57:00,0.1,0.0,66.36496,357730.44,0.0,0.0,30.019989,0.73037434,1.0,1.0,69.06869,0.0,0.0,0.0,-1.9182228e-13,-0.80753255,0.18862915,-400.25253,66.36496,55.184006,0.0,0.9,0.0,-2.0459911e-13,0.0,76.07649,65.559715,65.35834,66.76837,71.58055
2018-01-01 16:58:00,0.1,0.0,66.36496,357730.44,0.0,0.0,30.019989,0.730257,1.0,1.0,69.06672,0.0,0.0,0.0,-1.9175758e-13,-0.80739486,0.18859863,-400.25253,66.36496,55.184006,0.0,0.9,0.0,-2.0453265e-13,0.0,76.07599,65.559494,65.35823,66.76706,71.57281
2018-01-01 16:59:00,0.1,0.0,66.36496,357730.44,0.0,0.0,30.019989,0.7301372,1.0,1.0,69.06473,0.0,0.0,0.0,-1.9169354e-13,-0.80726403,0.18856812,-400.25253,66.36496,55.184006,0.0,0.9,0.0,-2.0446745e-13,0.0,76.0755,65.55922,65.358116,66.765686,71.56512
2018-01-01 17:00:00,0.1,0.0,66.36496,357730.44,0.0,0.0,30.019989,0.73002106,1.0,1.0,69.06274,0.0,0.0,0.0,-1.9162852e-13,-0.8071453,0.1885376,-400.25253,66.36496,55.184006,0.0,0.9,0.0,-2.044006e-13,0.0,76.075005,65.558945,65.357956,66.764366,71.55743
2018-01-01 17:01:00,0.1,0.0,66.36496,357730.44,0.0,0.0,30.002026,0.7299014,1.0,1.0,69.06075,0.0,0.0,0.0,-1.9157091e-13,-0.8070111,0.18850708,-400.25253,66.36496,55.184006,0.0,0.9,0.0,-2.0433405e-13,0.0,76.07451,65.55867,65.35784,66.76299,71.549736
2018-01-01 17:02:00,0.1,0.0,66.36496,357730.44,0.0,0.0,29.984009,0.7297828,1.0,1.0,69.058754,0.0,0.0,0.0,-1.9150951e-13,-0.8068706,0.18847656,-400.25253,66.36496,55.184006,0.0,0.9,0.0,-2.042691e-13,0.0,76.07402,65.558395,65.35768,66.76162,71.542046
2018-01-01 17:03:00,0.1,0.0,66.36496,357730.44,0.0,0.0,29.965992,0.72966313,1.0,1.0,69.05675,0.0,0.0,0.0,-1.9144057e-13,-0.8067437,0.18844604,-400.25253,66.36496,55.184006,0.0,0.9,0.0,-2.0420224e-13,0.0,76.07352,65.55812,65.35751,66.76025,71.534355
2018-01-01 17:04:00,0.1,0.0,66.36496,357730.44,0.0,0.0,29.948029,0.72954464,1.0,1.0,69.054726,0.0,0.0,0.0,-1.9138463e-13,-0.8066117,0.18841553,-400.25253,66.36496,55.184006,0.0,0.9,0.0,-2.0413668e-13,0.0,76.07297,65.55779,65.35729,66.75887,71.526665
2018-01-01 17:05:00,0.1,0.0,66.36496,357730.44,0.0,0.0,29.930012,0.72942847,1.0,1.0,69.05271,0.0,0.0,0.0,-1.91314e-13,-0.8064879,0.18841553,-400.25253,66.36496,55.184006,0.0,0.9,0.0,-2.0406857e-13,0.0,76.07248,65.557465,65.35713,66.7575,71.518974
2018-01-01 17:06:00,0.1,0.0,66.36496,357730.44,0.0,0.0,29.911993,0.7293099,1.0,1.0,69.05069,0.0,0.0,0.0,-1.9125927e-13,-0.8063611,0.18838501,-400.25253,66.36496,55.184006,0.0,0.9,0.0,-2.0400242e-13,0.0,76.07198,65.55713,65.3569,66.75613,71.511284
2018-01-01 17:07:00,0.1,0.0,66.36496,357730.44,0.0,0.0,29.894032,0.7291914,1.0,1.0,69.04867,0.0,0.0,0.0,-1.9119457e-13,-0.8062269,0.18835449,-400.25253,66.36496,55.184006,0.0,0.9,0.0,-2.039358e-13,0.0,76.07149,65.55681,65.35674,66.7547,71.50359
2018-01-01 17:08:00,0.1,0.0,66.36496,357730.44,0.0,0.0,29.876013,0.72907406,1.0,1.0,69.04663,0.0,0.0,0.0,-1.9112804e-13,-0.8060921,0.18832397,-400.25253,66.36496,55.184006,0.0,0.9,0.0,-2.0386938e-13,0.0,76.071,65.55642,65.35652,66.75333,71.4959
2018-01-01 17:09:00,0.1,0.0,66.36496,357730.44,0.0,0.0,29.857996,0.72895086,1.0,1.0,69.04457,0.0,0.0,0.0,-1.9107742e-13,-0.80595636,0.18829346,-400.25253,66.36496,55.184006,0.0,0.9,0.0,-2.0380387e-13,0.0,76.070496,65.55603,65.35625,66.75189,71.48816
2018-01-01 17:10:00,0.1,0.0,66.36496,357730.44,0.0,0.0,29.840033,0.728837,1.0,1.0,69.04253,0.0,0.0,0.0,-1.9101036e-13,-0.8058269,0.18826294,-400.25253,66.36496,55.184006,0.0,0.9,0.0,-2.0373792e-13,0.0,76.07001,65.55565,65.35603,66.75047,71.48047
2018-01-01 17:11:00,0.1,0.0,66.36496,357730.44,0.0,0.0,29.822016,0.72871846,1.0,1.0,69.04048,0.0,0.0,0.0,-1.9095083e-13,-0.80570686,0.18823242,-400.25253,66.36496,55.184006,0.0,0.9,0.0,-2.036708e-13,0.0,76.06951,65.55527,65.355804,66.74904,71.47278
2018-01-01 17:12:00,0.1,0.0,66.36496,357730.44,0.0,0.0,29.803997,0.7285988,1.0,1.0,69.03843,0.0,0.0,0.0,-1.9088272e-13,-0.80556285,0.1882019,-400.25253,66.36496,55.184006,0.0,0.9,0.0,-2.0360578e-13,0.0,76.069016,65.554886,65.35553,66.74761,71.46509
2018-01-01 17:13:00,0.1,0.0,66.36496,357730.44,0.0,0.0,29.786036,0.7284803,1.0,1.0,69.036354,0.0,0.0,0.0,-1.9081777e-13,-0.8054356,0.18817139,-400.25253,66.36496,55.184006,0.0,0.9,0.0,-2.0353746e-13,0.0,76.06853,65.55444,65.355255,66.746185,71.45734
2018-01-01 17:14:00,0.1,0.0,66.36496,357730.44,0.0,0.0,29.768017,0.7283629,1.0,1.0,69.03429,0.0,0.0,0.0,-1.9076644e-13,-0.805309,0.18814087,-400.25253,66.36496,55.184006,0.0,0.9,0.0,-2.0347164e-13,0.0,76.06802,65.55406,65.35498,66.74475,71.449646
2018-01-01 17:15:00,0.1,0.0,66.36496,357730.44,0.0,0.0,29.75,0.72824323,1.0,1.0,69.03221,0.0,0.0,0.0,-1.907003e-13,-0.80518186,0.18811035,-400.25253,66.36496,55.184006,0.0,0.9,0.0,-2.0340667e-13,0.0,76.067535,65.55362,65.35466,66.74327,71.441956
2018-01-01 17:16:00,0.1,0.0,66.36496,357730.44,0.0,0.0,29.732037,0.7281259,1.0,1.0,69.03013,0.0,0.0,0.0,-1.9063843e-13,-0.8050476,0.18807983,-400.25253,66.36496,55.184006,0.0,0.9,0.0,-2.0334172e-13,0.0,76.06709,65.55312,65.354385,66.741844,71.43422
2018-01-01 17:17:00,0.1,0.0,66.36496,357730.44,0.0,0.0,29.71402,0.7280074,1.0,1.0,69.02804,0.0,0.0,0.0,-1.9057461e-13,-0.8049098,0.18804932,-400.25253,66.36496,55.184006,0.0,0.9,0.0,-2.0327571e-13,0.0,76.066605,65.55269,65.35405,66.74036,71.42653
2018-01-01 17:18:00,0.1,0.0,66.36496,357730.44,0.0,0.0,29.696003,0.72788996,1.0,1.0,69.025925,0.0,0.0,0.0,-1.9051142e-13,-0.8047814,0.1880188,-400.25253,66.36496,55.184006,0.0,0.9,0.0,-2.0320864e-13,0.0,76.0661,65.552185,65.35372,66.73888,71.41878
2018-01-01 17:19:00,0.1,0.0,66.36496,357730.44,0.0,0.0,29.677984,0.7277703,1.0,1.0,69.02385,0.0,0.0,0.0,-1.9045227e-13,-0.8046546,0.18798828,-400.25253,66.36496,55.184006,0.0,0.9,0.0,-2.0314223e-13,0.0,76.06561,65.55175,65.35339,66.7374,71.41109
2018-01-01 17:20:00,0.1,0.0,66.36496,357730.44,0.0,0.0,29.660023,0.7276518,1.0,1.0,69.02175,0.0,0.0,0.0,-1.9039021e-13,-0.8045256,0.18795776,-400.25253,66.36496,55.184006,0.0,0.9,0.0,-2.0307675e-13,0.0,76.06517,65.551254,65.35306,66.735916,71.4034
2018-01-01 17:21:00,0.1,0.0,66.36496,357730.44,0.0,0.0,29.642004,0.7275333,1.0,1.0,69.01965,0.0,0.0,0.0,-1.903288e-13,-0.804387,0.18792725,-400.25253,66.36496,55.184006,0.0,0.9,0.0,-2.0301074e-13,0.0,76.06468,65.550766,65.35274,66.73443,71.39565
2018-01-01 17:22:00,0.1,0.0,66.36496,357730.44,0.0,0.0,29.623987,0.7274147,1.0,1.0,69.017525,0.0,0.0,0.0,-1.9026997e-13,-0.8042572,0.18789673,-400.25253,66.36496,55.184006,0.0,0.9,0.0,-2.0294474e-13,0.0,76.06418,65.55022,65.35235,66.732895,71.38796
2018-01-01 17:23:00,0.1,0.0,66.36496,357730.44,0.0,0.0,29.606024,0.72729856,1.0,1.0,69.01543,0.0,0.0,0.0,-1.9020456e-13,-0.8041289,0.18786621,-400.25253,66.36496,55.184006,0.0,0.9,0.0,-2.0287884e-13,0.0,76.06374,65.54971,65.35196,66.73141,71.38027
2018-01-01 17:24:00,0.1,0.0,66.36496,357730.44,0.0,0.0,29.588007,0.72718,1.0,1.0,69.013275,0.0,0.0,0.0,-1.9014641e-13,-0.80399776,0.18786621,-400.25253,66.36496,55.184006,0.0,0.9,0.0,-2.0281342e-13,0.0,76.06325,65.549164,65.35158,66.72987,71.37253
2018-01-01 17:25:00,0.1,0.0,66.36496,357730.44,0.0,0.0,29.569988,0.7270603,1.0,1.0,69.011154,0.0,0.0,0.0,-1.9008552e-13,-0.8038732,0.1878357,-400.25253,66.36496,55.184006,0.0,0.9,0.0,-2.0274757e-13,0.0,76.06276,65.548615,65.3512,66.728386,71.36484
2018-01-01 17:26:00,0.1,0.0,66.36496,357730.44,0.0,0.0,29.552027,0.726943,1.0,1.0,69.009026,0.0,0.0,0.0,-1.9002576e-13,-0.80373377,0.18780518,-400.25253,66.36496,55.184006,0.0,0.9,0.0,-2.026823e-13,0.0,76.06232,65.548065,65.350815,66.72685,71.357086
2018-01-01 17:27:00,0.1,0.0,66.36496,357730.44,0.0,0.0,29.534008,0.7268256,1.0,1.0,69.00688,0.0,0.0,0.0,-1.8995668e-13,-0.803599,0.18777466,-400.25253,66.36496,55.184006,0.0,0.9,0.0,-2.0261657e-13,0.0,76.06182,65.547516,65.35037,66.72531,71.349396
2018-01-01 17:28:00,0.1,0.0,66.36496,357730.44,0.0,0.0,29.515991,0.7267071,1.0,1.0,69.00477,0.0,0.0,0.0,-1.8989499e-13,-0.80347455,0.18774414,-400.25253,66.36496,55.184006,0.0,0.9,0.0,-2.0254902e-13,0.0,76.061386,65.54697,65.34999,66.72377,71.341705
2018-01-01 17:29:00,0.1,0.0,66.36496,357730.44,0.0,0.0,29.498028,0.7265886,1.0,1.0,69.00262,0.0,0.0,0.0,-1.8983743e-13,-0.8033476,0.18771362,-400.25253,66.36496,55.184006,0.0,0.9,0.0,-2.0248407e-13,0.0,76.06094,65.54637,65.34955,66.72223,71.334015
2018-01-01 17:30:00,0.1,0.0,66.36496,357730.44,0.0,0.0,29.480011,0.7264712,1.0,1.0,69.000465,0.0,0.0,0.0,-1.8977143e-13,-0.8032117,0.18765259,-400.25253,66.36496,55.184006,0.0,0.9,0.0,-2.0241782e-13,0.0,76.06045,65.54582,65.349106,66.720695,71.32628
2018-01-01 17:31:00,0.1,0.0,66.36496,357730.44,0.0,0.0,29.461994,0.7263515,1.0,1.0,68.998314,0.0,0.0,0.0,-1.8971233e-13,-0.8030871,0.18762207,-400.25253,66.36496,55.184006,0.0,0.9,0.0,-2.0235278e-13,0.0,76.06001,65.54521,65.34866,66.7191,71.31859
2018-01-01 17:32:00,0.1,0.0,66.36496,357730.44,0.0,0.0,29.44403,0.72623765,1.0,1.0,68.99617,0.0,0.0,0.0,-1.8964878e-13,-0.8029571,0.18759155,-400.25253,66.36496,55.184006,0.0,0.9,0.0,-2.0228579e-13,0.0,76.05957,65.54461,65.348175,66.71756,71.3109
2018-01-01 17:33:00,0.1,0.0,66.36496,357730.44,0.0,0.0,29.426014,0.7261145,1.0,1.0,68.994,0.0,0.0,0.0,-1.8958843e-13,-0.802815,0.18756104,-400.25253,66.36496,55.184006,0.0,0.9,0.0,-2.0222172e-13,0.0,76.059074,65.54401,65.34773,66.71597,71.30321
2018-01-01 17:34:00,0.1,0.0,66.36496,357730.44,0.0,0.0,29.407995,0.7259983,1.0,1.0,68.99182,0.0,0.0,0.0,-1.8953209e-13,-0.8026921,0.18753052,-400.25253,66.36496,55.184006,0.0,0.9,0.0,-2.0215673e-13,0.0,76.05864,65.54335,65.347244,66.71443,71.295456
2018-01-01 17:35:00,0.1,0.0,66.36496,357730.44,0.0,0.0,29.390034,0.72588325,1.0,1.0,68.98966,0.0,0.0,0.0,-1.8945918e-13,-0.8025605,0.1875,-400.25253,66.36496,55.184006,0.0,0.9,0.0,-2.020893e-13,0.0,76.0582,65.54274,65.34674,66.712845,71.287766
2018-01-01 17:36:00,0.1,0.0,66.36496,357730.44,0.0,0.0,29.372015,0.7257659,1.0,1.0,68.98749,0.0,0.0,0.0,-1.8940025e-13,-0.8024373,0.18746948,-400.25253,66.36496,55.184006,0.0,0.9,0.0,-2.0202362e-13,0.0,76.057755,65.54208,65.34625,66.71124,71.280075
2018-01-01 17:37:00,0.1,0.0,66.36496,357730.44,0.0,0.0,29.353998,0.7256427,1.0,1.0,68.985306,0.0,0.0,0.0,-1.8934747e-13,-0.8022983,0.18743896,-400.25253,66.36496,55.184006,0.0,0.9,0.0,-2.0196023e-13,0.0,76.05727,65.54143,65.34576,66.709656,71.272385
2018-01-01 17:38:00,0.1,0.0,66.36496,357730.44,0.0,0.0,29.336035,0.7255266,1.0,1.0,68.983116,0.0,0.0,0.0,-1.8928335e-13,-0.8021712,0.18740845,-400.25253,66.36496,55.184006,0.0,0.9,0.0,-2.018945e-13,0.0,76.05682,65.540764,65.34526,66.70806,71.264694
2018-01-01 17:39:00,0.1,0.0,66.36496,357730.44,0.0,0.0,29.318018,0.725408,1.0,1.0,68.98094,0.0,0.0,0.0,-1.8922376e-13,-0.8020465,0.18737793,-400.25253,66.36496,55.184006,0.0,0.9,0.0,-2.018282e-13,0.0,76.05638,65.5401,65.34477,66.70647,71.257
2018-01-01 17:40:00,0.1,0.0,66.36496,357730.44,0.0,0.0,29.3,0.7252906,1.0,1.0,68.978745,0.0,0.0,0.0,-1.891644e-13,-0.8019165,0.18734741,-400.25253,66.36496,55.184006,0.0,0.9,0.0,-2.0176138e-13,0.0,76.05594,65.539444,65.34422,66.70482,71.24931
2018-01-01 17:41:00,0.1,0.0,66.36496,357730.44,0.0,0.0,29.282038,0.7251756,1.0,1.0,68.97656,0.0,0.0,0.0,-1.8910065e-13,-0.80178326,0.1873169,-400.25253,66.36496,55.184006,0.0,0.9,0.0,-2.0169596e-13,0.0,76.055504,65.53879,65.34367,66.70323,71.24162
2018-01-01 17:42:00,0.1,0.0,66.36496,357730.44,0.0,0.0,29.264019,0.72505826,1.0,1.0,68.97435,0.0,0.0,0.0,-1.8903385e-13,-0.8016597,0.1873169,-400.25253,66.36496,55.184006,0.0,0.9,0.0,-2.0163122e-13,0.0,76.05507,65.53807,65.343124,66.701584,71.23393
2018-01-01 17:43:00,0.1,0.0,66.36496,357730.44,0.0,0.0,29.246002,0.7249374,1.0,1.0,68.97215,0.0,0.0,0.0,-1.8897632e-13,-0.8015208,0.18728638,-400.25253,66.36496,55.184006,0.0,0.9,0.0,-2.0156591e-13,0.0,76.05463,65.53735,65.342575,66.69998,71.22624
2018-01-01 17:44:00,0.1,0.0,66.36496,357730.44,0.0,0.0,29.227985,0.7248212,1.0,1.0,68.96997,0.0,0.0,0.0,-1.8891007e-13,-0.80138576,0.18725586,-400.25253,66.36496,55.184006,0.0,0.9,0.0,-2.0150018e-13,0.0,76.054245,65.5367,65.342026,66.69833,71.21855
2018-01-01 17:45:00,0.1,0.0,66.36496,357730.44,0.0,0.0,29.210022,0.72470385,1.0,1.0,68.96776,0.0,0.0,0.0,-1.8885509e-13,-0.8012626,0.18722534,-400.25253,66.36496,55.184006,0.0,0.9,0.0,-2.0143537e-13,0.0,76.0538,65.53598,65.341415,66.696686,71.21092
2018-01-01 17:46:00,0.1,0.0,66.36496,357730.44,0.0,0.0,29.192005,0.7245853,1.0,1.0,68.96554,0.0,0.0,0.0,-1.8878852e-13,-0.80113506,0.18719482,-400.25253,66.36496,55.184006,0.0,0.9,0.0,-2.0136926e-13,0.0,76.05336,65.53522,65.340866,66.69504,71.20323
2018-01-01 17:47:00,0.1,0.0,66.36496,357730.44,0.0,0.0,29.173986,0.724468,1.0,1.0,68.96332,0.0,0.0,0.0,-1.8873129e-13,-0.801005,0.1871643,-400.25253,66.36496,55.184006,0.0,0.9,0.0,-2.0130378e-13,0.0,76.05292,65.5345,65.34026,66.69339,71.19554
2018-01-01 17:48:00,0.1,0.0,66.36496,357730.44,0.0,0.0,29.156025,0.7243506,1.0,1.0,68.96111,0.0,0.0,0.0,-1.8866518e-13,-0.80088073,0.18713379,-400.25253,66.36496,55.184006,0.0,0.9,0.0,-2.0123839e-13,0.0,76.05248,65.53378,65.33966,66.69174,71.1879
2018-01-01 17:49:00,0.1,0.0,66.36496,357730.44,0.0,0.0,29.138006,0.7242309,1.0,1.0,68.95889,0.0,0.0,0.0,-1.8860862e-13,-0.8007332,0.18710327,-400.25253,66.36496,55.184006,0.0,0.9,0.0,-2.0117449e-13,0.0,76.05209,65.53302,65.33905,66.690094,71.18021
2018-01-01 17:50:00,0.1,0.0,66.36496,357730.44,0.0,0.0,29.11999,0.7241147,1.0,1.0,68.956665,0.0,0.0,0.0,-1.8854502e-13,-0.80061156,0.18707275,-400.25253,66.36496,55.184006,0.0,0.9,0.0,-2.0110771e-13,0.0,76.05166,65.5323,65.338455,66.6884,71.172516
2018-01-01 17:51:00,0.1,0.0,66.36496,357730.44,0.0,0.0,29.102026,0.72399503,1.0,1.0,68.95445,0.0,0.0,0.0,-1.8848905e-13,-0.8004839,0.18704224,-400.25253,66.36496,55.184006,0.0,0.9,0.0,-2.0104193e-13,0.0,76.05122,65.53154,65.337845,66.68675,71.16489
2018-01-01 17:52:00,0.1,0.0,66.36496,357730.44,0.0,0.0,29.08401,0.72387886,1.0,1.0,68.9522,0.0,0.0,0.0,-1.8842488e-13,-0.80034816,0.18701172,-400.25253,66.36496,55.184006,0.0,0.9,0.0,-2.0097818e-13,0.0,76.050835,65.53076,65.33719,66.68504,71.157196
2018-01-01 17:53:00,0.1,0.0,66.36496,357730.44,0.0,0.0,29.06599,0.7237638,1.0,1.0,68.94998,0.0,0.0,0.0,-1.8835693e-13,-0.8002146,0.1869812,-400.25253,66.36496,55.184006,0.0,0.9,0.0,-2.0091157e-13,0.0,76.0504,65.53,65.33653,66.683395,71.14956
2018-01-01 17:54:00,0.1,0.0,66.36496,357730.44,0.0,0.0,29.048029,0.7236464,1.0,1.0,68.94773,0.0,0.0,0.0,-1.8830266e-13,-0.80009305,0.18695068,-400.25253,66.36496,55.184006,0.0,0.9,0.0,-2.0084665e-13,0.0,76.04996,65.529175,65.33592,66.681694,71.14192
2018-01-01 17:55:00,0.1,0.0,66.36496,357730.44,0.0,0.0,29.03001,0.72352797,1.0,1.0,68.945496,0.0,0.0,0.0,-1.8823606e-13,-0.79996085,0.18692017,-400.25253,66.36496,55.184006,0.0,0.9,0.0,-2.0078245e-13,0.0,76.049576,65.528404,65.335266,66.67999,71.13423
2018-01-01 17:56:00,0.1,0.0,66.36496,357730.44,0.0,0.0,29.011993,0.7234082,1.0,1.0,68.94325,0.0,0.0,0.0,-1.8817642e-13,-0.79983705,0.18688965,-400.25253,66.36496,55.184006,0.0,0.9,0.0,-2.0071736e-13,0.0,76.04913,65.52763,65.33461,66.67828,71.1266
2018-01-01 17:57:00,0.1,0.0,66.36496,357730.44,0.0,0.0,28.99403,0.72329086,1.0,1.0,68.941,0.0,0.0,0.0,-1.8812024e-13,-0.7996962,0.18685913,-400.25253,66.36496,55.184006,0.0,0.9,0.0,-2.0065137e-13,0.0,76.04875,65.52681,65.33389,66.67659,71.11896
2018-01-01 17:58:00,0.1,0.0,66.36496,357730.44,0.0,0.0,28.976013,0.7231747,1.0,1.0,68.93874,0.0,0.0,0.0,-1.8806002e-13,-0.79956675,0.18682861,-400.25253,66.36496,55.184006,0.0,0.9,0.0,-2.0058621e-13,0.0,76.04831,65.525986,65.33324,66.67488,71.11133
2018-01-01 17:59:00,0.1,0.0,66.36496,357730.44,0.0,0.0,28.957996,0.72305846,1.0,1.0,68.9365,0.0,0.0,0.0,-1.879962e-13,-0.79944456,0.18682861,-400.25253,66.36496,55.184006,0.0,0.9,0.0,-2.0052022e-13,0.0,76.04793,65.52516,65.33257,66.67313,71.10369
2018-01-01 18:00:00,0.1,0.0,66.36496,357730.44,0.0,0.0,28.940033,0.72293764,1.0,1.0,68.93423,0.0,0.0,0.0,-1.8793421e-13,-0.7993074,0.1867981,-400.25253,66.36496,55.184006,0.0,0.9,0.0,-2.0045719e-13,0.0,76.047485,65.52434,65.33186,66.67142,71.096054
2018-01-01 18:01:00,0.1,0.0,66.36496,357730.44,0.0,0.0,28.925037,0.7228238,1.0,1.0,68.931984,0.0,0.0,0.0,-1.8786809e-13,-0.7991852,0.18676758,-400.25253,66.36496,55.184006,0.0,0.9,0.0,-2.0039097e-13,0.0,76.047104,65.52351,65.33115,66.66972,71.088425
2018-01-01 18:02:00,0.1,0.0,66.36496,357730.44,0.0,0.0,28.909985,0.72270405,1.0,1.0,68.92971,0.0,0.0,0.0,-1.8781194e-13,-0.7990537,0.18673706,-400.25253,66.36496,55.184006,0.0,0.9,0.0,-2.0032504e-13,0.0,76.046715,65.52269,65.33043,66.66796,71.08078
2018-01-01 18:03:00,0.1,0.0,66.36496,357730.44,0.0,0.0,28.894989,0.72258556,1.0,1.0,68.927414,0.0,0.0,0.0,-1.877483e-13,-0.79891604,0.18670654,-400.25253,66.36496,55.184006,0.0,0.9,0.0,-2.0026149e-13,0.0,76.04628,65.52181,65.32971,66.6662,71.07309
2018-01-01 18:04:00,0.1,0.0,66.36496,357730.44,0.0,0.0,28.879993,0.7224682,1.0,1.0,68.92516,0.0,0.0,0.0,-1.8769425e-13,-0.79879576,0.18667603,-400.25253,66.36496,55.184006,0.0,0.9,0.0,-2.001958e-13,0.0,76.04589,65.52099,65.329,66.664505,71.06546
2018-01-01 18:05:00,0.1,0.0,66.36496,357730.44,0.0,0.0,28.864996,0.7223543,1.0,1.0,68.92287,0.0,0.0,0.0,-1.8762883e-13,-0.7986604,0.18664551,-400.25253,66.36496,55.184006,0.0,0.9,0.0,-2.0013167e-13,0.0,76.0455,65.52011,65.32823,66.66274,71.05777
2018-01-01 18:06:00,0.1,0.0,66.36496,357730.44,0.0,0.0,28.85,0.7222335,1.0,1.0,68.92056,0.0,0.0,0.0,-1.8756955e-13,-0.7985385,0.18661499,-400.25253,66.36496,55.184006,0.0,0.9,0.0,-2.0006517e-13,0.0,76.04512,65.51918,65.32747,66.66098,71.05008
2018-01-01 18:07:00,0.1,0.0,66.36496,357730.44,0.0,0.0,28.835003,0.7221173,1.0,1.0,68.918236,0.0,0.0,0.0,-1.8750484e-13,-0.79841226,0.18655396,-400.25253,66.36496,55.184006,0.0,0.9,0.0,-1.9999978e-13,0.0,76.04468,65.51824,65.32669,66.65917,71.04239
2018-01-01 18:08:00,0.1,0.0,66.36496,357730.44,0.0,0.0,28.820007,0.7220011,1.0,1.0,68.91591,0.0,0.0,0.0,-1.8744648e-13,-0.7982671,0.18652344,-400.25253,66.36496,55.184006,0.0,0.9,0.0,-1.9993715e-13,0.0,76.0443,65.5173,65.32593,66.65741,71.03464
2018-01-01 18:09:00,0.1,0.0,66.36496,357730.44,0.0,0.0,28.805012,0.7218849,1.0,1.0,68.91359,0.0,0.0,0.0,-1.8737763e-13,-0.7981407,0.18649292,-400.25253,66.36496,55.184006,0.0,0.9,0.0,-1.9987104e-13,0.0,76.043915,65.51632,65.32516,66.6556,71.0269
2018-01-01 18:10:00,0.1,0.0,66.36496,357730.44,0.0,0.0,28.790014,0.7217687,1.0,1.0,68.91123,0.0,0.0,0.0,-1.873297e-13,-0.79801476,0.1864624,-400.25253,66.36496,55.184006,0.0,0.9,0.0,-1.9980645e-13,0.0,76.04353,65.515335,65.32433,66.65379,71.01915
2018-01-01 18:11:00,0.1,0.0,66.36496,357730.44,0.0,0.0,28.775019,0.72164786,1.0,1.0,68.90888,0.0,0.0,0.0,-1.8726397e-13,-0.7978869,0.18643188,-400.25253,66.36496,55.184006,0.0,0.9,0.0,-1.997406e-13,0.0,76.043144,65.51434,65.32351,66.65198,71.011406
2018-01-01 18:12:00,0.1,0.0,66.36496,357730.44,0.0,0.0,28.760021,0.7215317,1.0,1.0,68.906494,0.0,0.0,0.0,-1.8720239e-13,-0.79774797,0.18640137,-400.25253,66.36496,55.184006,0.0,0.9,0.0,-1.9967696e-13,0.0,76.042755,65.5133,65.32263,66.65016,71.0036
2018-01-01 18:13:00,0.1,0.0,66.36496,357730.44,0.0,0.0,28.745026,0.72141314,1.0,1.0,68.9041,0.0,0.0,0.0,-1.8714532e-13,-0.7976256,0.18637085,-400.25253,66.36496,55.184006,0.0,0.9,0.0,-1.9961246e-13,0.0,76.04232,65.51225,65.32181,66.648346,70.995804
2018-01-01 18:14:00,0.1,0.0,66.36496,357730.44,0.0,0.0,28.73003,0.7212969,1.0,1.0,68.9017,0.0,0.0,0.0,-1.8708078e-13,-0.79749167,0.18634033,-400.25253,66.36496,55.184006,0.0,0.9,0.0,-1.9954851e-13,0.0,76.04193,65.511215,65.32088,66.646484,70.98801
2018-01-01 18:15:00,0.1,0.0,66.36496,357730.44,0.0,0.0,28.715033,0.72118074,1.0,1.0,68.89929,0.0,0.0,0.0,-1.8702305e-13,-0.79736567,0.18634033,-400.25253,66.36496,55.184006,0.0,0.9,0.0,-1.9948145e-13,0.0,76.04155,65.51016,65.31999,66.644615,70.98015
2018-01-01 18:16:00,0.1,0.0,66.36496,357730.44,0.0,0.0,28.700037,0.7210634,1.0,1.0,68.896866,0.0,0.0,0.0,-1.8696187e-13,-0.7972371,0.18630981,-400.25253,66.36496,55.184006,0.0,0.9,0.0,-1.9941769e-13,0.0,76.04117,65.50906,65.31906,66.642746,70.97229
2018-01-01 18:17:00,0.1,0.0,66.36496,357730.44,0.0,0.0,28.684986,0.7209472,1.0,1.0,68.894424,0.0,0.0,0.0,-1.8689832e-13,-0.7971094,0.1862793,-400.25253,66.36496,55.184006,0.0,0.9,0.0,-1.9935252e-13,0.0,76.04079,65.50792,65.31813,66.64082,70.96444
2018-01-01 18:18:00,0.1,0.0,66.36496,357730.44,0.0,0.0,28.669989,0.7208263,1.0,1.0,68.89198,0.0,0.0,0.0,-1.868467e-13,-0.7969661,0.18624878,-400.25253,66.36496,55.184006,0.0,0.9,0.0,-1.99289e-13,0.0,76.0404,65.50682,65.31714,66.63896,70.95659
2018-01-01 18:19:00,0.1,0.0,66.36496,357730.44,0.0,0.0,28.654993,0.7207136,1.0,1.0,68.8895,0.0,0.0,0.0,-1.8678489e-13,-0.7968617,0.18621826,-400.25253,66.36496,55.184006,0.0,0.9,0.0,-1.9922329e-13,0.0,76.04001,65.50566,65.31615,66.63704,70.94867
2018-01-01 18:20:00,0.1,0.0,66.36496,357730.44,0.0,0.0,28.639996,0.7205951,1.0,1.0,68.88701,0.0,0.0,0.0,-1.8671611e-13,-0.7967142,0.18618774,-400.25253,66.36496,55.184006,0.0,0.9,0.0,-1.9915937e-13,0.0,76.03963,65.504456,65.315155,66.635056,70.940765
2018-01-01 18:21:00,0.1,0.0,66.36496,357730.44,0.0,0.0,28.625,0.72047544,1.0,1.0,68.88454,0.0,0.0,0.0,-1.8665791e-13,-0.79659295,0.18615723,-400.25253,66.36496,55.184006,0.0,0.9,0.0,-1.990932e-13,0.0,76.039246,65.503296,65.31412,66.63313,70.93285
2018-01-01 18:22:00,0.1,0.0,66.36496,357730.44,0.0,0.0,28.610004,0.7203592,1.0,1.0,68.88202,0.0,0.0,0.0,-1.8659808e-13,-0.79647124,0.18612671,-400.25253,66.36496,55.184006,0.0,0.9,0.0,-1.9902802e-13,0.0,76.038864,65.50209,65.31307,66.63116,70.92489
2018-01-01 18:23:00,0.1,0.0,66.3649,357730.44,0.0,0.0,28.595007,0.72024536,1.0,1.0,68.8795,0.0,0.0,0.0,-1.8653727e-13,-0.79633105,0.18609619,-400.25253,66.3649,55.184006,0.0,0.9,0.0,-1.9896496e-13,0.0,76.03853,65.500824,65.31203,66.62918,70.91698
2018-01-01 18:24:00,0.1,0.0,66.3649,357730.44,0.0,0.0,28.580011,0.7201245,1.0,1.0,68.87697,0.0,0.0,0.0,-1.8647787e-13,-0.7961958,0.18606567,-400.25253,66.3649,55.184006,0.0,0.9,0.0,-1.9890135e-13,0.0,76.03815,65.49962,65.31093,66.6272,70.90896
2018-01-01 18:25:00,0.1,0.0,66.3649,357730.44,0.0,0.0,28.565014,0.72000825,1.0,1.0,68.87441,0.0,0.0,0.0,-1.8641489e-13,-0.7960647,0.18603516,-400.25253,66.3649,55.184006,0.0,0.9,0.0,-1.988365e-13,0.0,76.037766,65.49835,65.30978,66.62517,70.90099
2018-01-01 18:26:00,0.1,0.0,66.3649,357730.44,0.0,0.0,28.550018,0.7198933,1.0,1.0,68.87185,0.0,0.0,0.0,-1.8635481e-13,-0.7959359,0.18600464,-400.25253,66.3649,55.184006,0.0,0.9,0.0,-1.9877336e-13,0.0,76.03738,65.49709,65.30868,66.62314,70.892975
2018-01-01 18:27:00,0.1,0.0,66.3649,357730.44,0.0,0.0,28.535023,0.7197736,1.0,1.0,68.86927,0.0,0.0,0.0,-1.8629976e-13,-0.7958039,0.18597412,-400.25253,66.3649,55.184006,0.0,0.9,0.0,-1.987082e-13,0.0,76.03699,65.49577,65.307465,66.62111,70.88501
2018-01-01 18:28:00,0.1,0.0,66.3649,357730.44,0.0,0.0,28.520025,0.7196609,1.0,1.0,68.86668,0.0,0.0,0.0,-1.8623194e-13,-0.7956837,0.1859436,-400.25253,66.3649,55.184006,0.0,0.9,0.0,-1.9864233e-13,0.0,76.036606,65.49446,65.30632,66.61902,70.87694
2018-01-01 18:29:00,0.1,0.0,66.3649,357730.44,0.0,0.0,28.50503,0.7195423,1.0,1.0,68.86406,0.0,0.0,0.0,-1.8616592e-13,-0.7955527,0.18591309,-400.25253,66.3649,55.184006,0.0,0.9,0.0,-1.9857892e-13,0.0,76.036224,65.49313,65.30511,66.61693,70.86891
2018-01-01 18:30:00,0.1,0.0,66.3649,357730.44,0.0,0.0,28.490032,0.7194261,1.0,1.0,68.86143,0.0,0.0,0.0,-1.8610786e-13,-0.7954261,0.18588257,-400.25253,66.3649,55.184006,0.0,0.9,0.0,-1.9851296e-13,0.0,76.03584,65.49176,65.30385,66.61484,70.86084
2018-01-01 18:31:00,0.1,0.0,66.3649,357730.44,0.0,0.0,28.475037,0.71930647,1.0,1.0,68.85884,0.0,0.0,0.0,-1.8605724e-13,-0.7952978,0.18588257,-400.25253,66.3649,55.184006,0.0,0.9,0.0,-1.984486e-13,0.0,76.03545,65.49039,65.30258,66.612755,70.85298
2018-01-01 18:32:00,0.1,0.0,66.3649,357730.44,0.0,0.0,28.459986,0.71919376,1.0,1.0,68.85622,0.0,0.0,0.0,-1.8598422e-13,-0.79516214,0.18585205,-400.25253,66.3649,55.184006,0.0,0.9,0.0,-1.9838386e-13,0.0,76.035065,65.48901,65.301315,66.61061,70.84508
2018-01-01 18:33:00,0.1,0.0,66.3649,357730.44,0.0,0.0,28.444988,0.7190729,1.0,1.0,68.85359,0.0,0.0,0.0,-1.8592819e-13,-0.795033,0.18582153,-400.25253,66.3649,55.184006,0.0,0.9,0.0,-1.9831859e-13,0.0,76.03468,65.48764,65.3,66.608475,70.83716
2018-01-01 18:34:00,0.1,0.0,66.3649,357730.44,0.0,0.0,28.429993,0.71896017,1.0,1.0,68.850945,0.0,0.0,0.0,-1.8586939e-13,-0.79491085,0.18579102,-400.25253,66.3649,55.184006,0.0,0.9,0.0,-1.9825595e-13,0.0,76.034355,65.48622,65.29863,66.60632,70.82919
2018-01-01 18:35:00,0.1,0.0,66.3649,357730.44,0.0,0.0,28.414997,0.7188451,1.0,1.0,68.848274,0.0,0.0,0.0,-1.8580433e-13,-0.7947786,0.1857605,-400.25253,66.3649,55.184006,0.0,0.9,0.0,-1.9819023e-13,0.0,76.033966,65.48479,65.29726,66.604126,70.82123
2018-01-01 18:36:00,0.1,0.0,66.3649,357730.44,0.0,0.0,28.4,0.7187243,1.0,1.0,68.8456,0.0,0.0,0.0,-1.8575227e-13,-0.79465675,0.18572998,-400.25253,66.3649,55.184006,0.0,0.9,0.0,-1.9812616e-13,0.0,76.033585,65.48336,65.29588,66.60193,70.81326
2018-01-01 18:37:00,0.1,0.0,66.3649,357730.44,0.0,0.0,28.385004,0.71860695,1.0,1.0,68.842896,0.0,0.0,0.0,-1.8569144e-13,-0.79452103,0.18569946,-400.25253,66.3649,55.184006,0.0,0.9,0.0,-1.9806165e-13,0.0,76.0332,65.48187,65.29445,66.599686,70.80525
2018-01-01 18:38:00,0.1,0.0,66.3649,357730.44,0.0,0.0,28.370007,0.71849424,1.0,1.0,68.84021,0.0,0.0,0.0,-1.8562125e-13,-0.79439163,0.18566895,-400.25253,66.3649,55.184006,0.0,0.9,0.0,-1.9799864e-13,0.0,76.03282,65.48039,65.29302,66.59749,70.79729
2018-01-01 18:39:00,0.1,0.0,66.3649,357730.44,0.0,0.0,28.355011,0.71837455,1.0,1.0,68.83744,0.0,0.0,0.0,-1.8556664e-13,-0.7942657,0.18563843,-400.25253,66.3649,55.184006,0.0,0.9,0.0,-1.9793345e-13,0.0,76.03243,65.47885,65.29143,66.59523,70.78926
2018-01-01 18:40:00,0.1,0.0,66.3649,357730.44,0.0,0.0,28.340015,0.7182583,1.0,1.0,68.83466,0.0,0.0,0.0,-1.8550832e-13,-0.79413056,0.18560791,-400.25253,66.3649,55.184006,0.0,0.9,0.0,-1.9786913e-13,0.0,76.03204,65.47737,65.28978,66.592926,70.78119
2018-01-01 18:41:00,0.1,0.0,66.3649,357730.44,0.0,0.0,28.325018,0.7181398,1.0,1.0,68.831894,0.0,0.0,0.0,-1.854523e-13,-0.79400903,0.1855774,-400.25253,66.3649,55.184006,0.0,0.9,0.0,-1.9780605e-13,0.0,76.03166,65.47583,65.28813,66.59067,70.77316
2018-01-01 18:42:00,0.1,0.0,66.3649,357730.44,0.0,0.0,28.310022,0.71802247,1.0,1.0,68.82912,0.0,0.0,0.0,-1.8538854e-13,-0.793877,0.18554688,-400.25253,66.3649,55.184006,0.0,0.9,0.0,-1.9774006e-13,0.0,76.031334,65.4743,65.28648,66.58836,70.76509
2018-01-01 18:43:00,0.1,0.0,66.3649,357730.44,0.0,0.0,28.295025,0.7179074,1.0,1.0,68.8263,0.0,0.0,0.0,-1.8532897e-13,-0.79375607,0.18548584,-400.25253,66.3649,55.184006,0.0,0.9,0.0,-1.9767497e-13,0.0,76.030945,65.4727,65.28478,66.58606,70.75702
2018-01-01 18:44:00,0.1,0.0,66.3649,357730.44,0.0,0.0,28.28003,0.71778893,1.0,1.0,68.82347,0.0,0.0,0.0,-1.8526648e-13,-0.79361904,0.18545532,-400.25253,66.3649,55.184006,0.0,0.9,0.0,-1.9761307e-13,0.0,76.03056,65.471115,65.28308,66.583694,70.748886
2018-01-01 18:45:00,0.1,0.0,66.3649,357730.44,0.0,0.0,28.265034,0.7176739,1.0,1.0,68.82063,0.0,0.0,0.0,-1.8521599e-13,-0.7934944,0.1854248,-400.25253,66.3649,55.184006,0.0,0.9,0.0,-1.9754714e-13,0.0,76.03018,65.46951,65.28137,66.58133,70.74075
2018-01-01 18:46:00,0.1,0.0,66.3649,357730.44,0.0,0.0,28.250036,0.71755767,1.0,1.0,68.817795,0.0,0.0,0.0,-1.8514674e-13,-0.79336035,0.18539429,-400.25253,66.3649,55.184006,0.0,0.9,0.0,-1.9748336e-13,0.0,76.0298,65.467926,65.27962,66.57897,70.73263
2018-01-01 18:47:00,0.1,0.0,66.3649,357730.44,0.0,0.0,28.234985,0.7174415,1.0,1.0,68.81492,0.0,0.0,0.0,-1.850925e-13,-0.79323775,0.18539429,-400.25253,66.3649,55.184006,0.0,0.9,0.0,-1.9742105e-13,0.0,76.02941,65.46628,65.27786,66.57655,70.7245
2018-01-01 18:48:00,0.1,0.0,66.3649,357730.44,0.0,0.0,28.21999,0.71732414,1.0,1.0,68.81204,0.0,0.0,0.0,-1.8502459e-13,-0.7931012,0.18536377,-400.25253,66.3649,55.184006,0.0,0.9,0.0,-1.9735626e-13,0.0,76.02902,65.46468,65.27605,66.57414,70.71631
2018-01-01 18:49:00,0.1,0.0,66.3649,357730.44,0.0,0.0,28.204992,0.7172068,1.0,1.0,68.80914,0.0,0.0,0.0,-1.849704e-13,-0.79297477,0.18533325,-400.25253,66.3649,55.184006,0.0,0.9,0.0,-1.9729094e-13,0.0,76.02864,65.46298,65.27423,66.57172,70.70813
2018-01-01 18:50:00,0.1,0.0,66.3649,357730.44,0.0,0.0,28.189997,0.71709174,1.0,1.0,68.80626,0.0,0.0,0.0,-1.8490905e-13,-0.7928489,0.18530273,-400.25253,66.3649,55.184006,0.0,0.9,0.0,-1.9722855e-13,0.0,76.02826,65.461334,65.27242,66.569305,70.69994
2018-01-01 18:51:00,0.1,0.0,66.3649,357730.44,0.0,0.0,28.175,0.7169744,1.0,1.0,68.80333,0.0,0.0,0.0,-1.848484e-13,-0.79271907,0.18527222,-400.25253,66.3649,55.184006,0.0,0.9,0.0,-1.9716295e-13,0.0,76.02788,65.459625,65.27055,66.56683,70.69176
2018-01-01 18:52:00,0.1,0.0,66.3649,357730.44,0.0,0.0,28.160004,0.71685934,1.0,1.0,68.8004,0.0,0.0,0.0,-1.8478497e-13,-0.79258937,0.1852417,-400.25253,66.3649,55.184006,0.0,0.9,0.0,-1.9709776e-13,0.0,76.02749,65.45793,65.26869,66.56436,70.68352
2018-01-01 18:53:00,0.1,0.0,66.3649,357730.44,0.0,0.0,28.145008,0.7167408,1.0,1.0,68.79745,0.0,0.0,0.0,-1.8472946e-13,-0.79246384,0.18521118,-400.25253,66.3649,55.184006,0.0,0.9,0.0,-1.9703586e-13,0.0,76.0271,65.45622,65.266815,66.56183,70.67528
2018-01-01 18:54:00,0.1,0.0,66.3649,357730.44,0.0,0.0,28.13001,0.71662813,1.0,1.0,68.79448,0.0,0.0,0.0,-1.8466359e-13,-0.7923354,0.18518066,-400.25253,66.3649,55.184006,0.0,0.9,0.0,-1.9697265e-13,0.0,76.02672,65.45452,65.26489,66.55931,70.666985
2018-01-01 18:55:00,0.1,0.0,66.3649,357730.44,0.0,0.0,28.115015,0.71650726,1.0,1.0,68.79152,0.0,0.0,0.0,-1.8460822e-13,-0.7921998,0.18515015,-400.25253,66.3649,55.184006,0.0,0.9,0.0,-1.9690815e-13,0.0,76.02634,65.45276,65.26297,66.55678,70.658745
2018-01-01 18:56:00,0.1,0.0,66.3649,357730.44,0.0,0.0,28.100018,0.71639335,1.0,1.0,68.78853,0.0,0.0,0.0,-1.8454562e-13,-0.7920685,0.18511963,-400.25253,66.3649,55.184006,0.0,0.9,0.0,-1.9684505e-13,0.0,76.025955,65.451004,65.261,66.55425,70.65045
2018-01-01 18:57:00,0.1,0.0,66.3649,357730.44,0.0,0.0,28.085022,0.7162784,1.0,1.0,68.78552,0.0,0.0,0.0,-1.8448731e-13,-0.7919454,0.18508911,-400.25253,66.3649,55.184006,0.0,0.9,0.0,-1.9678027e-13,0.0,76.025566,65.44919,65.25902,66.55167,70.64215
2018-01-01 18:58:00,0.1,0.0,66.3649,357730.44,0.0,0.0,28.070026,0.71616215,1.0,1.0,68.78251,0.0,0.0,0.0,-1.8442341e-13,-0.7918129,0.1850586,-400.25253,66.3649,55.184006,0.0,0.9,0.0,-1.9671695e-13,0.0,76.02518,65.44743,65.25704,66.54909,70.633804
2018-01-01 18:59:00,0.1,0.0,66.3649,357730.44,0.0,0.0,28.055029,0.7160436,1.0,1.0,68.77949,0.0,0.0,0.0,-1.8436775e-13,-0.79168904,0.18502808,-400.25253,66.3649,55.184006,0.0,0.9,0.0,-1.9665121e-13,0.0,76.024796,65.44562,65.255066,66.54651,70.62546
2018-01-01 19:00:00,0.1,0.0,66.3649,357730.44,0.0,0.0,28.040033,0.7159263,1.0,1.0,68.77645,0.0,0.0,0.0,-1.8430785e-13,-0.79156417,0.18499756,-400.25253,66.3649,55.184006,0.0,0.9,0.0,-1.9658858e-13,0.0,76.024414,65.44381,65.25304,66.54387,70.61711
2018-01-01 19:01:00,0.1,0.0,66.3649,357730.44,0.0,0.0,28.072992,0.7158124,1.0,1.0,68.77341,0.0,0.0,0.0,-1.8424704e-13,-0.7914274,0.18499756,-400.25253,66.3649,55.184006,0.0,0.9,0.0,-1.9652436e-13,0.0,76.02403,65.442,65.251,66.54123,70.60876
2018-01-01 19:02:00,0.1,0.0,66.3649,357730.44,0.0,0.0,28.106007,0.7156939,1.0,1.0,68.77035,0.0,0.0,0.0,-1.8418719e-13,-0.7913057,0.18496704,-400.25253,66.3649,55.184006,0.0,0.9,0.0,-1.9645979e-13,0.0,76.02364,65.440125,65.24896,66.5386,70.6004
2018-01-01 19:03:00,0.1,0.0,66.3649,357730.44,0.0,0.0,28.139019,0.71557766,1.0,1.0,68.76731,0.0,0.0,0.0,-1.8413061e-13,-0.79116476,0.18493652,-400.25253,66.3649,55.184006,0.0,0.9,0.0,-1.9639757e-13,0.0,76.023254,65.43832,65.24693,66.535965,70.59206
2018-01-01 19:04:00,0.1,0.0,66.3649,357730.44,0.0,0.0,28.172033,0.7154638,1.0,1.0,68.76429,0.0,0.0,0.0,-1.8406554e-13,-0.7910411,0.184906,-400.25253,66.3649,55.184006,0.0,0.9,0.0,-1.9633261e-13,0.0,76.02287,65.43651,65.2449,66.53338,70.58376
2018-01-01 19:05:00,0.1,0.0,66.3649,357730.44,0.0,0.0,28.204992,0.7153476,1.0,1.0,68.76125,0.0,0.0,0.0,-1.840049e-13,-0.79091054,0.18487549,-400.25253,66.3649,55.184006,0.0,0.9,0.0,-1.962708e-13,0.0,76.02249,65.43469,65.242874,66.53075,70.57547
2018-01-01 19:06:00,0.1,0.0,66.3649,357730.44,0.0,0.0,28.238007,0.71522903,1.0,1.0,68.758224,0.0,0.0,0.0,-1.8395206e-13,-0.79079163,0.18484497,-400.25253,66.3649,55.184006,0.0,0.9,0.0,-1.9620425e-13,0.0,76.02205,65.43288,65.24089,66.52811,70.56717
2018-01-01 19:07:00,0.1,0.0,66.3649,357730.44,0.0,0.0,28.27102,0.7151152,1.0,1.0,68.7552,0.0,0.0,0.0,-1.838862e-13,-0.79066324,0.18481445,-400.25253,66.3649,55.184006,0.0,0.9,0.0,-1.961419e-13,0.0,76.02167,65.43106,65.23886,66.52553,70.55888
2018-01-01 19:08:00,0.1,0.0,66.3649,357730.44,0.0,0.0,28.304035,0.714999,1.0,1.0,68.75218,0.0,0.0,0.0,-1.8382791e-13,-0.7905264,0.18478394,-400.25253,66.3649,55.184006,0.0,0.9,0.0,-1.9607783e-13,0.0,76.021286,65.42925,65.23688,66.52289,70.550644
2018-01-01 19:09:00,0.1,0.0,66.3649,357730.44,0.0,0.0,28.336994,0.71488047,1.0,1.0,68.74919,0.0,0.0,0.0,-1.8377144e-13,-0.790404,0.18475342,-400.25253,66.3649,55.184006,0.0,0.9,0.0,-1.9601536e-13,0.0,76.0209,65.427444,65.23491,66.52031,70.542404
2018-01-01 19:10:00,0.1,0.0,66.3649,357730.44,0.0,0.0,28.370007,0.7147666,1.0,1.0,68.74618,0.0,0.0,0.0,-1.8371287e-13,-0.7902706,0.1847229,-400.25253,66.3649,55.184006,0.0,0.9,0.0,-1.959503e-13,0.0,76.02051,65.42563,65.232925,66.51767,70.534164
2018-01-01 19:11:00,0.1,0.0,66.3649,357730.44,0.0,0.0,28.40302,0.7146504,1.0,1.0,68.743195,0.0,0.0,0.0,-1.8365409e-13,-0.79014325,0.18469238,-400.25253,66.3649,55.184006,0.0,0.9,0.0,-1.9588808e-13,0.0,76.02007,65.423874,65.23095,66.51509,70.52597
2018-01-01 19:12:00,0.1,0.0,66.3649,357730.44,0.0,0.0,28.436035,0.7145319,1.0,1.0,68.740204,0.0,0.0,0.0,-1.8359413e-13,-0.7900197,0.18466187,-400.25253,66.3649,55.184006,0.0,0.9,0.0,-1.9582444e-13,0.0,76.019684,65.42206,65.22903,66.51245,70.51779
2018-01-01 19:13:00,0.1,0.0,66.3649,357730.44,0.0,0.0,28.468994,0.71441686,1.0,1.0,68.73721,0.0,0.0,0.0,-1.8353109e-13,-0.7898841,0.18463135,-400.25253,66.3649,55.184006,0.0,0.9,0.0,-1.9576067e-13,0.0,76.0193,65.42024,65.22705,66.50987,70.509605
2018-01-01 19:14:00,0.1,0.0,66.3649,357730.44,0.0,0.0,28.502008,0.714303,1.0,1.0,68.73427,0.0,0.0,0.0,-1.8347474e-13,-0.7897669,0.18460083,-400.25253,66.3649,55.184006,0.0,0.9,0.0,-1.9569693e-13,0.0,76.01892,65.41849,65.22513,66.507286,70.50148
2018-01-01 19:15:00,0.1,0.0,66.3649,357730.44,0.0,0.0,28.535023,0.71418333,1.0,1.0,68.73129,0.0,0.0,0.0,-1.8341044e-13,-0.7896254,0.18457031,-400.25253,66.3649,55.184006,0.0,0.9,0.0,-1.9563451e-13,0.0,76.01848,65.41673,65.223206,66.5047,70.49335
2018-01-01 19:16:00,0.1,0.0,66.3649,357730.44,0.0,0.0,28.568035,0.7140694,1.0,1.0,68.72833,0.0,0.0,0.0,-1.8335263e-13,-0.7895062,0.18457031,-400.25253,66.3649,55.184006,0.0,0.9,0.0,-1.9556977e-13,0.0,76.0181,65.41492,65.22128,66.50212,70.485214
2018-01-01 19:17:00,0.1,0.0,66.3649,357730.44,0.0,0.0,28.600994,0.7139544,1.0,1.0,68.72537,0.0,0.0,0.0,-1.8329102e-13,-0.7893766,0.1845398,-400.25253,66.3649,55.184006,0.0,0.9,0.0,-1.9550541e-13,0.0,76.017715,65.41316,65.21936,66.49954,70.47708
2018-01-01 19:18:00,0.1,0.0,66.3649,357730.44,0.0,0.0,28.634008,0.713837,1.0,1.0,68.72243,0.0,0.0,0.0,-1.8323576e-13,-0.78924555,0.18450928,-400.25253,66.3649,55.184006,0.0,0.9,0.0,-1.9544335e-13,0.0,76.01727,65.4114,65.21749,66.49696,70.46901
2018-01-01 19:19:00,0.1,0.0,66.3649,357730.44,0.0,0.0,28.667023,0.713722,1.0,1.0,68.71948,0.0,0.0,0.0,-1.8317092e-13,-0.7891222,0.18447876,-400.25253,66.3649,55.184006,0.0,0.9,0.0,-1.9537807e-13,0.0,76.01689,65.40964,65.21557,66.49438,70.46094
2018-01-01 19:20:00,0.1,0.0,66.3649,357730.44,0.0,0.0,28.700037,0.7136081,1.0,1.0,68.71657,0.0,0.0,0.0,-1.8311501e-13,-0.78897744,0.18444824,-400.25253,66.3649,55.184006,0.0,0.9,0.0,-1.9531757e-13,0.0,76.0165,65.40788,65.2137,66.49185,70.452866
2018-01-01 19:21:00,0.1,0.0,66.3649,357730.44,0.0,0.0,28.732996,0.7134907,1.0,1.0,68.71362,0.0,0.0,0.0,-1.8305062e-13,-0.78886324,0.1843872,-400.25253,66.3649,55.184006,0.0,0.9,0.0,-1.9525192e-13,0.0,76.01607,65.40613,65.21184,66.48927,70.44484
2018-01-01 19:22:00,0.1,0.0,66.3649,357730.44,0.0,0.0,28.76601,0.71337575,1.0,1.0,68.71073,0.0,0.0,0.0,-1.8299141e-13,-0.7887346,0.18435669,-400.25253,66.3649,55.184006,0.0,0.9,0.0,-1.9519015e-13,0.0,76.01568,65.40442,65.20996,66.48674,70.43682
2018-01-01 19:23:00,0.1,0.0,66.3649,357730.44,0.0,0.0,28.799023,0.7132572,1.0,1.0,68.70781,0.0,0.0,0.0,-1.8293642e-13,-0.7886073,0.18432617,-400.25253,66.3649,55.184006,0.0,0.9,0.0,-1.9512672e-13,0.0,76.01529,65.402664,65.20815,66.48416,70.4288
2018-01-01 19:24:00,0.1,0.0,66.3649,357730.44,0.0,0.0,28.832037,0.713141,1.0,1.0,68.70491,0.0,0.0,0.0,-1.8288009e-13,-0.7884779,0.18429565,-400.25253,66.3649,55.184006,0.0,0.9,0.0,-1.9506192e-13,0.0,76.014854,65.40091,65.20628,66.48163,70.42084
2018-01-01 19:25:00,0.1,0.0,66.3649,357730.44,0.0,0.0,28.864996,0.713026,1.0,1.0,68.70202,0.0,0.0,0.0,-1.8282142e-13,-0.7883505,0.18426514,-400.25253,66.3649,55.184006,0.0,0.9,0.0,-1.9499964e-13,0.0,76.014465,65.3992,65.20447,66.47911,70.41287
2018-01-01 19:26:00,0.1,0.0,66.3649,357730.44,0.0,0.0,28.89801,0.71291214,1.0,1.0,68.69911,0.0,0.0,0.0,-1.8275874e-13,-0.7882276,0.18423462,-400.25253,66.3649,55.184006,0.0,0.9,0.0,-1.9493444e-13,0.0,76.014084,65.397446,65.20261,66.476524,70.40491
2018-01-01 19:27:00,0.1,0.0,66.3649,357730.44,0.0,0.0,28.931025,0.7127947,1.0,1.0,68.696236,0.0,0.0,0.0,-1.8269883e-13,-0.78810126,0.1842041,-400.25253,66.3649,55.184006,0.0,0.9,0.0,-1.9487196e-13,0.0,76.01364,65.395744,65.20079,66.474,70.396996
2018-01-01 19:28:00,0.1,0.0,66.3649,357730.44,0.0,0.0,28.964039,0.7126785,1.0,1.0,68.69338,0.0,0.0,0.0,-1.8263703e-13,-0.7879655,0.18417358,-400.25253,66.3649,55.184006,0.0,0.9,0.0,-1.9480901e-13,0.0,76.01326,65.39404,65.199036,66.471466,70.389084
2018-01-01 19:29:00,0.1,0.0,66.3649,357730.44,0.0,0.0,28.996998,0.71256465,1.0,1.0,68.69051,0.0,0.0,0.0,-1.825828e-13,-0.787837,0.18414307,-400.25253,66.3649,55.184006,0.0,0.9,0.0,-1.947459e-13,0.0,76.01288,65.392334,65.19722,66.46895,70.38118
2018-01-01 19:30:00,0.1,0.0,66.3649,357730.44,0.0,0.0,29.03001,0.7124473,1.0,1.0,68.68764,0.0,0.0,0.0,-1.8252061e-13,-0.7877103,0.18414307,-400.25253,66.3649,55.184006,0.0,0.9,0.0,-1.946828e-13,0.0,76.012436,65.39064,65.195465,66.466415,70.37326
2018-01-01 19:31:00,0.1,0.0,66.3649,357730.44,0.0,0.0,29.063025,0.7123311,1.0,1.0,68.6848,0.0,0.0,0.0,-1.8246479e-13,-0.7875764,0.18411255,-400.25253,66.3649,55.184006,0.0,0.9,0.0,-1.9461952e-13,0.0,76.012054,65.38893,65.19365,66.46394,70.36541
2018-01-01 19:32:00,0.1,0.0,66.3649,357730.44,0.0,0.0,29.095984,0.7122172,1.0,1.0,68.68196,0.0,0.0,0.0,-1.8239723e-13,-0.78745174,0.18408203,-400.25253,66.3649,55.184006,0.0,0.9,0.0,-1.9455694e-13,0.0,76.01167,65.38723,65.191895,66.46142,70.35756
2018-01-01 19:33:00,0.1,0.0,66.3649,357730.44,0.0,0.0,29.128998,0.71209985,1.0,1.0,68.67913,0.0,0.0,0.0,-1.8234612e-13,-0.78732425,0.18405151,-400.25253,66.3649,55.184006,0.0,0.9,0.0,-1.9449283e-13,0.0,76.01123,65.38558,65.19014,66.45895,70.349754
2018-01-01 19:34:00,0.1,0.0,66.3649,357730.44,0.0,0.0,29.162012,0.711986,1.0,1.0,68.67631,0.0,0.0,0.0,-1.8228779e-13,-0.7872027,0.184021,-400.25253,66.3649,55.184006,0.0,0.9,0.0,-1.9442918e-13,0.0,76.01085,65.38388,65.18843,66.45642,70.34195
2018-01-01 19:35:00,0.1,0.0,66.3649,357730.44,0.0,0.0,29.195026,0.71186864,1.0,1.0,68.673485,0.0,0.0,0.0,-1.8222739e-13,-0.7870612,0.18399048,-400.25253,66.3649,55.184006,0.0,0.9,0.0,-1.9436701e-13,0.0,76.01046,65.38217,65.186676,66.45395,70.33415
2018-01-01 19:36:00,0.1,0.0,66.3649,357730.44,0.0,0.0,29.227985,0.7117536,1.0,1.0,68.670654,0.0,0.0,0.0,-1.8216623e-13,-0.7869416,0.18395996,-400.25253,66.3649,55.184006,0.0,0.9,0.0,-1.9430433e-13,0.0,76.010025,65.38052,65.18497,66.451416,70.326355
2018-01-01 19:37:00,0.1,0.0,66.3649,357730.44,0.0,0.0,29.260998,0.7116409,1.0,1.0,68.66786,0.0,0.0,0.0,-1.821003e-13,-0.7868211,0.18392944,-400.25253,66.3649,55.184006,0.0,0.9,0.0,-1.942399e-13,0.0,76.009636,65.378876,65.18321,66.448944,70.3186
2018-01-01 19:38:00,0.1,0.0,66.3649,357730.44,0.0,0.0,29.294012,0.7115212,1.0,1.0,68.66506,0.0,0.0,0.0,-1.8204606e-13,-0.7866941,0.18389893,-400.25253,66.3649,55.184006,0.0,0.9,0.0,-1.9417486e-13,0.0,76.00925,65.37723,65.18151,66.44647,70.31087
2018-01-01 19:39:00,0.1,0.0,66.3649,357730.44,0.0,0.0,29.327026,0.7114085,1.0,1.0,68.66227,0.0,0.0,0.0,-1.8198507e-13,-0.78656095,0.18386841,-400.25253,66.3649,55.184006,0.0,0.9,0.0,-1.9411434e-13,0.0,76.00881,65.375534,65.17986,66.444,70.303116
2018-01-01 19:40:00,0.1,0.0,66.3649,357730.44,0.0,0.0,29.359985,0.71129346,1.0,1.0,68.659485,0.0,0.0,0.0,-1.8193033e-13,-0.78643787,0.18383789,-400.25253,66.3649,55.184006,0.0,0.9,0.0,-1.940502e-13,0.0,76.00842,65.373886,65.17816,66.44153,70.295425
2018-01-01 19:41:00,0.1,0.0,66.3649,357730.44,0.0,0.0,29.393,0.7111738,1.0,1.0,68.65672,0.0,0.0,0.0,-1.8186987e-13,-0.7863066,0.18380737,-400.25253,66.3649,55.184006,0.0,0.9,0.0,-1.9398789e-13,0.0,76.00804,65.372284,65.17651,66.43906,70.287735
2018-01-01 19:42:00,0.1,0.0,66.3649,357730.44,0.0,0.0,29.426014,0.71105874,1.0,1.0,68.653946,0.0,0.0,0.0,-1.8181721e-13,-0.7861805,0.18377686,-400.25253,66.3649,55.184006,0.0,0.9,0.0,-1.9392612e-13,0.0,76.0076,65.370636,65.174805,66.436646,70.280045
2018-01-01 19:43:00,0.1,0.0,66.3649,357730.44,0.0,0.0,29.459026,0.71094257,1.0,1.0,68.651184,0.0,0.0,0.0,-1.8174894e-13,-0.7860496,0.18377686,-400.25253,66.3649,55.184006,0.0,0.9,0.0,-1.9386203e-13,0.0,76.00722,65.36899,65.17316,66.43417,70.272415
2018-01-01 19:44:00,0.1,0.0,66.3649,357730.44,0.0,0.0,29.491985,0.710831,1.0,1.0,68.64845,0.0,0.0,0.0,-1.8169128e-13,-0.7859341,0.18374634,-400.25253,66.3649,55.184006,0.0,0.9,0.0,-1.937971e-13,0.0,76.006836,65.3674,65.17151,66.431755,70.26477
2018-01-01 19:45:00,0.1,0.0,66.3649,357730.44,0.0,0.0,29.525,0.7107136,1.0,1.0,68.6457,0.0,0.0,0.0,-1.816335e-13,-0.7858001,0.18371582,-400.25253,66.3649,55.184006,0.0,0.9,0.0,-1.9373533e-13,0.0,76.00639,65.36575,65.16992,66.42928,70.25714
2018-01-01 19:46:00,0.1,0.0,66.3649,357730.44,0.0,0.0,29.558014,0.7105986,1.0,1.0,68.64298,0.0,0.0,0.0,-1.8157544e-13,-0.78566957,0.1836853,-400.25253,66.3649,55.184006,0.0,0.9,0.0,-1.9367263e-13,0.0,76.00601,65.36416,65.168274,66.426865,70.24956
2018-01-01 19:47:00,0.1,0.0,66.3649,357730.44,0.0,0.0,29.591028,0.71048355,1.0,1.0,68.64027,0.0,0.0,0.0,-1.8151222e-13,-0.7855342,0.18365479,-400.25253,66.3649,55.184006,0.0,0.9,0.0,-1.9361041e-13,0.0,76.00563,65.362564,65.16668,66.42445,70.241974
2018-01-01 19:48:00,0.1,0.0,66.3649,357730.44,0.0,0.0,29.623987,0.7103685,1.0,1.0,68.63753,0.0,0.0,0.0,-1.8145579e-13,-0.7854111,0.18362427,-400.25253,66.3649,55.184006,0.0,0.9,0.0,-1.9354932e-13,0.0,76.00524,65.360916,65.165085,66.42203,70.2344
2018-01-01 19:49:00,0.1,0.0,66.3649,357730.44,0.0,0.0,29.657001,0.7102523,1.0,1.0,68.63483,0.0,0.0,0.0,-1.813941e-13,-0.78528154,0.18359375,-400.25253,66.3649,55.184006,0.0,0.9,0.0,-1.9348367e-13,0.0,76.00481,65.35933,65.1635,66.41962,70.22687
2018-01-01 19:50:00,0.1,0.0,66.3649,357730.44,0.0,0.0,29.690014,0.7101373,1.0,1.0,68.63212,0.0,0.0,0.0,-1.8133947e-13,-0.78515655,0.18356323,-400.25253,66.3649,55.184006,0.0,0.9,0.0,-1.93423e-13,0.0,76.00442,65.35773,65.161896,66.4172,70.219345
2018-01-01 19:51:00,0.1,0.0,66.3649,357730.44,0.0,0.0,29.723028,0.7100211,1.0,1.0,68.629425,0.0,0.0,0.0,-1.8127729e-13,-0.78502804,0.18353271,-400.25253,66.3649,55.184006,0.0,0.9,0.0,-1.9335984e-13,0.0,76.00403,65.35619,65.16031,66.41478,70.21182
2018-01-01 19:52:00,0.1,0.0,66.3649,357730.44,0.0,0.0,29.755987,0.7099061,1.0,1.0,68.62673,0.0,0.0,0.0,-1.8122473e-13,-0.7849065,0.1835022,-400.25253,66.3649,55.184006,0.0,0.9,0.0,-1.9329495e-13,0.0,76.00365,65.3546,65.15877,66.41237,70.2043
2018-01-01 19:53:00,0.1,0.0,66.3649,357730.44,0.0,0.0,29.789001,0.7097933,1.0,1.0,68.62406,0.0,0.0,0.0,-1.8115732e-13,-0.784776,0.18347168,-400.25253,66.3649,55.184006,0.0,0.9,0.0,-1.9323288e-13,0.0,76.003204,65.35301,65.15723,66.41,70.19682
2018-01-01 19:54:00,0.1,0.0,66.3649,357730.44,0.0,0.0,29.822016,0.709676,1.0,1.0,68.62138,0.0,0.0,0.0,-1.8110196e-13,-0.7846391,0.18344116,-400.25253,66.3649,55.184006,0.0,0.9,0.0,-1.9317222e-13,0.0,76.00282,65.35147,65.15569,66.407585,70.189354
2018-01-01 19:55:00,0.1,0.0,66.3649,357730.44,0.0,0.0,29.85503,0.70956093,1.0,1.0,68.61873,0.0,0.0,0.0,-1.8104653e-13,-0.7845157,0.18341064,-400.25253,66.3649,55.184006,0.0,0.9,0.0,-1.9310997e-13,0.0,76.00244,65.34988,65.15416,66.40523,70.18194
2018-01-01 19:56:00,0.1,0.0,66.3649,357730.44,0.0,0.0,29.887989,0.70944124,1.0,1.0,68.61607,0.0,0.0,0.0,-1.8098876e-13,-0.7843899,0.18341064,-400.25253,66.3649,55.184006,0.0,0.9,0.0,-1.9304666e-13,0.0,76.00206,65.34834,65.15262,66.4028,70.17452
2018-01-01 19:57:00,0.1,0.0,66.3649,357730.44,0.0,0.0,29.921001,0.7093297,1.0,1.0,68.613434,0.0,0.0,0.0,-1.8092204e-13,-0.78426087,0.18338013,-400.25253,66.3649,55.184006,0.0,0.9,0.0,-1.929831e-13,0.0,76.00167,65.3468,65.15114,66.400444,70.16711
2018-01-01 19:58:00,0.1,0.0,66.3649,357730.44,0.0,0.0,29.954016,0.70921695,1.0,1.0,68.61079,0.0,0.0,0.0,-1.8086498e-13,-0.78413564,0.18334961,-400.25253,66.3649,55.184006,0.0,0.9,0.0,-1.9292055e-13,0.0,76.001236,65.34526,65.14965,66.39809,70.15969
2018-01-01 19:59:00,0.1,0.0,66.3649,357730.44,0.0,0.0,29.98703,0.7090985,1.0,1.0,68.608154,0.0,0.0,0.0,-1.808156e-13,-0.78400886,0.18328857,-400.25253,66.3649,55.184006,0.0,0.9,0.0,-1.9285715e-13,0.0,76.00085,65.34372,65.14812,66.39572,70.15233
2018-01-01 20:00:00,0.1,0.0,66.3649,357730.44,0.0,0.0,30.019989,0.7089823,1.0,1.0,68.60553,0.0,0.0,0.0,-1.8075408e-13,-0.7838804,0.18325806,-400.25253,66.3649,55.184006,0.0,0.9,0.0,-1.9279546e-13,0.0,76.00046,65.342186,65.14668,66.39336,70.14497
2018-01-01 20:01:00,0.1,0.0,66.3649,357730.44,0.0,0.0,30.002026,0.70886844,1.0,1.0,68.60292,0.0,0.0,0.0,-1.8069225e-13,-0.7837498,0.18322754,-400.25253,66.3649,55.184006,0.0,0.9,0.0,-1.9273332e-13,0.0,76.00008,65.3407,65.1452,66.39099,70.137665
2018-01-01 20:02:00,0.1,0.0,66.3649,357730.44,0.0,0.0,29.984009,0.70875454,1.0,1.0,68.60033,0.0,0.0,0.0,-1.8063064e-13,-0.7836303,0.18319702,-400.25253,66.3649,55.184006,0.0,0.9,0.0,-1.9266899e-13,0.0,75.999695,65.339165,65.14372,66.38869,70.130356
2018-01-01 20:03:00,0.1,0.0,66.3649,357730.44,0.0,0.0,29.965992,0.7086383,1.0,1.0,68.59773,0.0,0.0,0.0,-1.8058162e-13,-0.7834979,0.1831665,-400.25253,66.3649,55.184006,0.0,0.9,0.0,-1.926081e-13,0.0,75.99925,65.33768,65.14229,66.38638,70.12305
2018-01-01 20:04:00,0.1,0.0,66.3649,357730.44,0.0,0.0,29.948029,0.7085256,1.0,1.0,68.59514,0.0,0.0,0.0,-1.8051233e-13,-0.7833648,0.18313599,-400.25253,66.3649,55.184006,0.0,0.9,0.0,-1.9254593e-13,0.0,75.99887,65.33614,65.14086,66.38402,70.1158
2018-01-01 20:05:00,0.1,0.0,66.3649,357730.44,0.0,0.0,29.930012,0.7084071,1.0,1.0,68.592575,0.0,0.0,0.0,-1.804605e-13,-0.78324854,0.18310547,-400.25253,66.3649,55.184006,0.0,0.9,0.0,-1.9248112e-13,0.0,75.99849,65.334656,65.139435,66.381714,70.10855
2018-01-01 20:06:00,0.1,0.0,66.3649,357730.44,0.0,0.0,29.911993,0.70829207,1.0,1.0,68.59001,0.0,0.0,0.0,-1.803989e-13,-0.7831173,0.18307495,-400.25253,66.3649,55.184006,0.0,0.9,0.0,-1.9241928e-13,0.0,75.9981,65.333176,65.138,66.379456,70.10135
2018-01-01 20:07:00,0.1,0.0,66.3649,357730.44,0.0,0.0,29.894032,0.70817935,1.0,1.0,68.58748,0.0,0.0,0.0,-1.8034435e-13,-0.7829922,0.18304443,-400.25253,66.3649,55.184006,0.0,0.9,0.0,-1.9235652e-13,0.0,75.99771,65.331696,65.13663,66.37715,70.09421
2018-01-01 20:08:00,0.1,0.0,66.3649,357730.44,0.0,0.0,29.876013,0.7080632,1.0,1.0,68.584946,0.0,0.0,0.0,-1.8027928e-13,-0.78286225,0.18301392,-400.25253,66.3649,55.184006,0.0,0.9,0.0,-1.9229492e-13,0.0,75.99733,65.330215,65.13521,66.3749,70.08707
2018-01-01 20:09:00,0.1,0.0,66.3649,357730.44,0.0,0.0,29.857996,0.7079481,1.0,1.0,68.58241,0.0,0.0,0.0,-1.802326e-13,-0.7827387,0.18301392,-400.25253,66.3649,55.184006,0.0,0.9,0.0,-1.9223254e-13,0.0,75.99695,65.32873,65.133835,66.37265,70.079926
2018-01-01 20:10:00,0.1,0.0,66.3649,357730.44,0.0,0.0,29.840033,0.7078331,1.0,1.0,68.5799,0.0,0.0,0.0,-1.8016232e-13,-0.7825981,0.1829834,-400.25253,66.3649,55.184006,0.0,0.9,0.0,-1.9217116e-13,0.0,75.99657,65.32724,65.13246,66.37039,70.072845
2018-01-01 20:11:00,0.1,0.0,66.3649,357730.44,0.0,0.0,29.822016,0.7077181,1.0,1.0,68.57741,0.0,0.0,0.0,-1.8010809e-13,-0.78248215,0.18295288,-400.25253,66.3649,55.184006,0.0,0.9,0.0,-1.9210766e-13,0.0,75.99618,65.32582,65.13109,66.36815,70.06581
2018-01-01 20:12:00,0.1,0.0,66.3649,357730.44,0.0,0.0,29.803997,0.70760185,1.0,1.0,68.57493,0.0,0.0,0.0,-1.8004759e-13,-0.7823559,0.18292236,-400.25253,66.3649,55.184006,0.0,0.9,0.0,-1.9204523e-13,0.0,75.99574,65.32439,65.12976,66.36595,70.05878
2018-01-01 20:13:00,0.1,0.0,66.3649,357730.44,0.0,0.0,29.786036,0.7074903,1.0,1.0,68.57245,0.0,0.0,0.0,-1.7998625e-13,-0.7822272,0.18289185,-400.25253,66.3649,55.184006,0.0,0.9,0.0,-1.9198328e-13,0.0,75.99535,65.32291,65.12845,66.363754,70.05175
2018-01-01 20:14:00,0.1,0.0,66.3649,357730.44,0.0,0.0,29.768017,0.7073718,1.0,1.0,68.56999,0.0,0.0,0.0,-1.799338e-13,-0.78210074,0.18286133,-400.25253,66.3649,55.184006,0.0,0.9,0.0,-1.9191941e-13,0.0,75.994965,65.32147,65.12713,66.36156,70.04483
2018-01-01 20:15:00,0.1,0.0,66.3649,357730.44,0.0,0.0,29.75,0.70725906,1.0,1.0,68.56753,0.0,0.0,0.0,-1.7987612e-13,-0.7819667,0.18283081,-400.25253,66.3649,55.184006,0.0,0.9,0.0,-1.9185912e-13,0.0,75.99458,65.32005,65.12581,66.35936,70.03786
2018-01-01 20:16:00,0.1,0.0,66.3649,357730.44,0.0,0.0,29.732037,0.70714283,1.0,1.0,68.56509,0.0,0.0,0.0,-1.7981873e-13,-0.7818534,0.1828003,-400.25253,66.3649,55.184006,0.0,0.9,0.0,-1.9179657e-13,0.0,75.9942,65.31862,65.1245,66.35716,70.03093
2018-01-01 20:17:00,0.1,0.0,66.3649,357730.44,0.0,0.0,29.71402,0.707029,1.0,1.0,68.56267,0.0,0.0,0.0,-1.7975637e-13,-0.78170913,0.18276978,-400.25253,66.3649,55.184006,0.0,0.9,0.0,-1.9173478e-13,0.0,75.99382,65.317245,65.12323,66.35501,70.02406
2018-01-01 20:18:00,0.1,0.0,66.3649,357730.44,0.0,0.0,29.696003,0.7069151,1.0,1.0,68.56026,0.0,0.0,0.0,-1.7969656e-13,-0.7816003,0.18273926,-400.25253,66.3649,55.184006,0.0,0.9,0.0,-1.9167189e-13,0.0,75.99343,65.31582,65.12196,66.352875,70.0172
2018-01-01 20:19:00,0.1,0.0,66.3649,357730.44,0.0,0.0,29.677984,0.7068001,1.0,1.0,68.55786,0.0,0.0,0.0,-1.7964112e-13,-0.78147215,0.18270874,-400.25253,66.3649,55.184006,0.0,0.9,0.0,-1.9160819e-13,0.0,75.99304,65.314445,65.1207,66.35073,70.01039
2018-01-01 20:20:00,0.1,0.0,66.3649,357730.44,0.0,0.0,29.660023,0.7066839,1.0,1.0,68.55549,0.0,0.0,0.0,-1.7957921e-13,-0.7813502,0.18267822,-400.25253,66.3649,55.184006,0.0,0.9,0.0,-1.9154669e-13,0.0,75.99266,65.31307,65.11944,66.34865,70.00363
2018-01-01 20:21:00,0.1,0.0,66.3649,357730.44,0.0,0.0,29.642004,0.7065689,1.0,1.0,68.553116,0.0,0.0,0.0,-1.7952424e-13,-0.78121835,0.1826477,-400.25253,66.3649,55.184006,0.0,0.9,0.0,-1.9148456e-13,0.0,75.99228,65.3117,65.11818,66.3465,69.99687
2018-01-01 20:22:00,0.1,0.0,66.3649,357730.44,0.0,0.0,29.623987,0.7064573,1.0,1.0,68.55074,0.0,0.0,0.0,-1.7946355e-13,-0.7810865,0.1826477,-400.25253,66.3649,55.184006,0.0,0.9,0.0,-1.9142148e-13,0.0,75.9919,65.310326,65.11697,66.34441,69.99011
2018-01-01 20:23:00,0.1,0.0,66.3649,357730.44,0.0,0.0,29.606024,0.70634115,1.0,1.0,68.5484,0.0,0.0,0.0,-1.7940567e-13,-0.78096557,0.18261719,-400.25253,66.3649,55.184006,0.0,0.9,0.0,-1.9135892e-13,0.0,75.99151,65.30895,65.11575,66.34238,69.98341
2018-01-01 20:24:00,0.1,0.0,66.3649,357730.44,0.0,0.0,29.588007,0.7062249,1.0,1.0,68.54611,0.0,0.0,0.0,-1.7934531e-13,-0.7808274,0.18258667,-400.25253,66.3649,55.184006,0.0,0.9,0.0,-1.9130032e-13,0.0,75.99118,65.30758,65.114716,66.340294,69.97677
2018-01-01 20:25:00,0.1,0.0,66.3649,357730.44,0.0,0.0,29.569988,0.7061098,1.0,1.0,68.54381,0.0,0.0,0.0,-1.7929454e-13,-0.7807052,0.18255615,-400.25253,66.3649,55.184006,0.0,0.9,0.0,-1.912379e-13,0.0,75.9908,65.30626,65.11362,66.33826,69.97012
2018-01-01 20:26:00,0.1,0.0,66.3649,357730.44,0.0,0.0,29.552027,0.70599484,1.0,1.0,68.54152,0.0,0.0,0.0,-1.7923744e-13,-0.78057045,0.18252563,-400.25253,66.3649,55.184006,0.0,0.9,0.0,-1.9117542e-13,0.0,75.99041,65.30495,65.11257,66.33623,69.96347
2018-01-01 20:27:00,0.1,0.0,66.3649,357730.44,0.0,0.0,29.534008,0.7058844,1.0,1.0,68.53926,0.0,0.0,0.0,-1.7917189e-13,-0.7804512,0.18249512,-400.25253,66.3649,55.184006,0.0,0.9,0.0,-1.9111188e-13,0.0,75.99002,65.30362,65.11159,66.3342,69.95688
2018-01-01 20:28:00,0.1,0.0,66.3649,357730.44,0.0,0.0,29.515991,0.70576596,1.0,1.0,68.537,0.0,0.0,0.0,-1.7911624e-13,-0.7803229,0.1824646,-400.25253,66.3649,55.184006,0.0,0.9,0.0,-1.9105018e-13,0.0,75.98964,65.30231,65.110535,66.33217,69.95035
2018-01-01 20:29:00,0.1,0.0,66.3649,357730.44,0.0,0.0,29.498028,0.7056532,1.0,1.0,68.53477,0.0,0.0,0.0,-1.7905869e-13,-0.7801958,0.18243408,-400.25253,66.3649,55.184006,0.0,0.9,0.0,-1.9098965e-13,0.0,75.98926,65.30099,65.10955,66.330185,69.94386
2018-01-01 20:30:00,0.1,0.0,66.3649,357730.44,0.0,0.0,29.480011,0.7055382,1.0,1.0,68.53255,0.0,0.0,0.0,-1.7900087e-13,-0.78007156,0.18240356,-400.25253,66.3649,55.184006,0.0,0.9,0.0,-1.909275e-13,0.0,75.98888,65.29967,65.10861,66.32821,69.93733
2018-01-01 20:31:00,0.1,0.0,66.3649,357730.44,0.0,0.0,29.461994,0.7054208,1.0,1.0,68.530334,0.0,0.0,0.0,-1.7893887e-13,-0.77993894,0.18237305,-400.25253,66.3649,55.184006,0.0,0.9,0.0,-1.9086427e-13,0.0,75.98849,65.2984,65.10763,66.32623,69.9309
2018-01-01 20:32:00,0.1,0.0,66.36485,357730.44,0.0,0.0,29.44403,0.7053093,1.0,1.0,68.52814,0.0,0.0,0.0,-1.7888201e-13,-0.7798211,0.18234253,-400.25253,66.36485,55.184006,0.0,0.9,0.0,-1.9080401e-13,0.0,75.98816,65.29714,65.10675,66.32431,69.92431
2018-01-01 20:33:00,0.1,0.0,66.36485,357730.44,0.0,0.0,29.426014,0.70519423,1.0,1.0,68.5259,0.0,0.0,0.0,-1.7882104e-13,-0.779691,0.18231201,-400.25253,66.36485,55.184006,0.0,0.9,0.0,-1.9074171e-13,0.0,75.98778,65.29588,65.10582,66.32233,69.91772
2018-01-01 20:34:00,0.1,0.0,66.36485,357730.44,0.0,0.0,29.407995,0.7050792,1.0,1.0,68.523705,0.0,0.0,0.0,-1.7877143e-13,-0.7795627,0.18231201,-400.25253,66.36485,55.184006,0.0,0.9,0.0,-1.9067893e-13,0.0,75.98739,65.29462,65.104935,66.320404,69.91118
2018-01-01 20:35:00,0.1,0.0,66.36485,357730.44,0.0,0.0,29.390034,0.7049653,1.0,1.0,68.52154,0.0,0.0,0.0,-1.787035e-13,-0.77944624,0.1822815,-400.25253,66.36485,55.184006,0.0,0.9,0.0,-1.906159e-13,0.0,75.987,65.29341,65.10406,66.31854,69.90469
2018-01-01 20:36:00,0.1,0.0,66.36485,357730.44,0.0,0.0,29.372015,0.70485264,1.0,1.0,68.51936,0.0,0.0,0.0,-1.7864731e-13,-0.77931213,0.18225098,-400.25253,66.36485,55.184006,0.0,0.9,0.0,-1.9055443e-13,0.0,75.98662,65.292145,65.10323,66.31662,69.89822
2018-01-01 20:37:00,0.1,0.0,66.36485,357730.44,0.0,0.0,29.353998,0.7047364,1.0,1.0,68.51721,0.0,0.0,0.0,-1.7858652e-13,-0.77918446,0.18218994,-400.25253,66.36485,55.184006,0.0,0.9,0.0,-1.9049287e-13,0.0,75.98629,65.29094,65.102356,66.31475,69.89174
2018-01-01 20:38:00,0.1,0.0,66.36485,357730.44,0.0,0.0,29.336035,0.70462257,1.0,1.0,68.51509,0.0,0.0,0.0,-1.785321e-13,-0.7790619,0.18215942,-400.25253,66.36485,55.184006,0.0,0.9,0.0,-1.9043103e-13,0.0,75.9859,65.28973,65.101585,66.31288,69.88531
2018-01-01 20:39:00,0.1,0.0,66.36485,357730.44,0.0,0.0,29.318018,0.7045075,1.0,1.0,68.51295,0.0,0.0,0.0,-1.7847712e-13,-0.77892876,0.1821289,-400.25253,66.36485,55.184006,0.0,0.9,0.0,-1.9036839e-13,0.0,75.98552,65.28851,65.10076,66.31102,69.87894
2018-01-01 20:40:00,0.1,0.0,66.36485,357730.44,0.0,0.0,29.3,0.7043936,1.0,1.0,68.51085,0.0,0.0,0.0,-1.784158e-13,-0.7787927,0.18209839,-400.25253,66.36485,55.184006,0.0,0.9,0.0,-1.9030783e-13,0.0,75.98519,65.28737,65.09999,66.30914,69.87256
2018-01-01 20:41:00,0.1,0.0,66.36485,357730.44,0.0,0.0,29.282038,0.70427746,1.0,1.0,68.50874,0.0,0.0,0.0,-1.7836108e-13,-0.7786746,0.18206787,-400.25253,66.36485,55.184006,0.0,0.9,0.0,-1.9024597e-13,0.0,75.9848,65.286156,65.09923,66.307335,69.866196
2018-01-01 20:42:00,0.1,0.0,66.36485,357730.44,0.0,0.0,29.264019,0.7041659,1.0,1.0,68.50667,0.0,0.0,0.0,-1.7829899e-13,-0.7785539,0.18203735,-400.25253,66.36485,55.184006,0.0,0.9,0.0,-1.9018463e-13,0.0,75.98442,65.285,65.09851,66.30553,69.85988
2018-01-01 20:43:00,0.1,0.0,66.36485,357730.44,0.0,0.0,29.246002,0.7040485,1.0,1.0,68.50461,0.0,0.0,0.0,-1.7824628e-13,-0.77843076,0.18200684,-400.25253,66.36485,55.184006,0.0,0.9,0.0,-1.9012123e-13,0.0,75.98409,65.283844,65.09779,66.30371,69.85361
2018-01-01 20:44:00,0.1,0.0,66.36485,357730.44,0.0,0.0,29.227985,0.7039346,1.0,1.0,68.50255,0.0,0.0,0.0,-1.7819291e-13,-0.7782996,0.18197632,-400.25253,66.36485,55.184006,0.0,0.9,0.0,-1.9006055e-13,0.0,75.9837,65.282745,65.09708,66.301895,69.84735
2018-01-01 20:45:00,0.1,0.0,66.36485,357730.44,0.0,0.0,29.210022,0.70382077,1.0,1.0,68.5005,0.0,0.0,0.0,-1.7813026e-13,-0.77816415,0.1819458,-400.25253,66.36485,55.184006,0.0,0.9,0.0,-1.8999899e-13,0.0,75.98332,65.2816,65.09637,66.30014,69.84109
2018-01-01 20:46:00,0.1,0.0,66.36485,357730.44,0.0,0.0,29.192005,0.70370454,1.0,1.0,68.4985,0.0,0.0,0.0,-1.7807433e-13,-0.77805024,0.1819458,-400.25253,66.36485,55.184006,0.0,0.9,0.0,-1.8993665e-13,0.0,75.982994,65.2805,65.0957,66.298386,69.834885
2018-01-01 20:47:00,0.1,0.0,66.36485,357730.44,0.0,0.0,29.173986,0.7035919,1.0,1.0,68.49648,0.0,0.0,0.0,-1.7801417e-13,-0.77792835,0.18191528,-400.25253,66.36485,55.184006,0.0,0.9,0.0,-1.8987561e-13,0.0,75.982605,65.2794,65.09505,66.29662,69.82873
2018-01-01 20:48:00,0.1,0.0,66.36485,357730.44,0.0,0.0,29.156025,0.703478,1.0,1.0,68.494484,0.0,0.0,0.0,-1.77954e-13,-0.7777956,0.18188477,-400.25253,66.36485,55.184006,0.0,0.9,0.0,-1.898144e-13,0.0,75.982285,65.278305,65.09439,66.29486,69.82257
2018-01-01 20:49:00,0.1,0.0,66.36485,357730.44,0.0,0.0,29.138006,0.70336413,1.0,1.0,68.49251,0.0,0.0,0.0,-1.778945e-13,-0.7776572,0.18185425,-400.25253,66.36485,55.184006,0.0,0.9,0.0,-1.8975238e-13,0.0,75.981895,65.27725,65.09378,66.293106,69.81648
2018-01-01 20:50:00,0.1,0.0,66.36485,357730.44,0.0,0.0,29.11999,0.7032479,1.0,1.0,68.49054,0.0,0.0,0.0,-1.7784348e-13,-0.77753335,0.18182373,-400.25253,66.36485,55.184006,0.0,0.9,0.0,-1.8969238e-13,0.0,75.98151,65.276215,65.093185,66.291405,69.81038
2018-01-01 20:51:00,0.1,0.0,66.36485,357730.44,0.0,0.0,29.102026,0.70313406,1.0,1.0,68.48857,0.0,0.0,0.0,-1.7778266e-13,-0.77740896,0.18179321,-400.25253,66.36485,55.184006,0.0,0.9,0.0,-1.8962842e-13,0.0,75.981186,65.27517,65.092575,66.28964,69.80428
2018-01-01 20:52:00,0.1,0.0,66.36485,357730.44,0.0,0.0,29.08401,0.7030225,1.0,1.0,68.48663,0.0,0.0,0.0,-1.777204e-13,-0.7772868,0.1817627,-400.25253,66.36485,55.184006,0.0,0.9,0.0,-1.8956736e-13,0.0,75.98085,65.274124,65.09197,66.28795,69.798294
2018-01-01 20:53:00,0.1,0.0,66.36485,357730.44,0.0,0.0,29.06599,0.702904,1.0,1.0,68.48468,0.0,0.0,0.0,-1.7767278e-13,-0.7771627,0.18173218,-400.25253,66.36485,55.184006,0.0,0.9,0.0,-1.8950504e-13,0.0,75.98047,65.27309,65.09137,66.28624,69.79225
2018-01-01 20:54:00,0.1,0.0,66.36485,357730.44,0.0,0.0,29.048029,0.7027936,1.0,1.0,68.48277,0.0,0.0,0.0,-1.77607e-13,-0.7770345,0.18170166,-400.25253,66.36485,55.184006,0.0,0.9,0.0,-1.894446e-13,0.0,75.98013,65.272095,65.09076,66.28454,69.786316
2018-01-01 20:55:00,0.1,0.0,66.36485,357730.44,0.0,0.0,29.03001,0.70267975,1.0,1.0,68.48085,0.0,0.0,0.0,-1.775533e-13,-0.77690697,0.18167114,-400.25253,66.36485,55.184006,0.0,0.9,0.0,-1.893831e-13,0.0,75.97975,65.2711,65.09021,66.28284,69.780334
2018-01-01 20:56:00,0.1,0.0,66.36485,357730.44,0.0,0.0,29.011993,0.70256233,1.0,1.0,68.47896,0.0,0.0,0.0,-1.7749528e-13,-0.7767875,0.18164062,-400.25253,66.36485,55.184006,0.0,0.9,0.0,-1.8932126e-13,0.0,75.97942,65.27011,65.08966,66.28119,69.7744
2018-01-01 20:57:00,0.1,0.0,66.36485,357730.44,0.0,0.0,28.99403,0.7024484,1.0,1.0,68.477066,0.0,0.0,0.0,-1.7743677e-13,-0.776653,0.18164062,-400.25253,66.36485,55.184006,0.0,0.9,0.0,-1.8925984e-13,0.0,75.979034,65.26918,65.08911,66.27948,69.768524
2018-01-01 20:58:00,0.1,0.0,66.36485,357730.44,0.0,0.0,28.976013,0.7023369,1.0,1.0,68.47518,0.0,0.0,0.0,-1.7737583e-13,-0.7765271,0.1816101,-400.25253,66.36485,55.184006,0.0,0.9,0.0,-1.8919886e-13,0.0,75.978714,65.26825,65.08852,66.27779,69.76265
2018-01-01 20:59:00,0.1,0.0,66.36485,357730.44,0.0,0.0,28.957996,0.70222306,1.0,1.0,68.47331,0.0,0.0,0.0,-1.7732564e-13,-0.7763914,0.18157959,-400.25253,66.36485,55.184006,0.0,0.9,0.0,-1.8913854e-13,0.0,75.978325,65.26732,65.08797,66.27614,69.75682
2018-01-01 21:00:00,0.1,0.0,66.36485,357730.44,0.0,0.0,28.940033,0.70210683,1.0,1.0,68.47145,0.0,0.0,0.0,-1.7726264e-13,-0.7762775,0.18154907,-400.25253,66.36485,55.184006,0.0,0.9,0.0,-1.8907572e-13,0.0,75.978,65.26638,65.08742,66.27443,69.751
2018-01-01 21:01:00,0.1,0.0,66.36485,357730.44,0.0,0.0,28.957996,0.7019953,1.0,1.0,68.46959,0.0,0.0,0.0,-1.772069e-13,-0.7761493,0.18151855,-400.25253,66.36485,55.184006,0.0,0.9,0.0,-1.8901536e-13,0.0,75.97766,65.26544,65.08687,66.27278,69.74518
2018-01-01 21:02:00,0.1,0.0,66.36485,357730.44,0.0,0.0,28.976013,0.7018803,1.0,1.0,68.46772,0.0,0.0,0.0,-1.7714984e-13,-0.77602744,0.18148804,-400.25253,66.36485,55.184006,0.0,0.9,0.0,-1.8895267e-13,0.0,75.97728,65.26451,65.08632,66.27108,69.73941
2018-01-01 21:03:00,0.1,0.0,66.36485,357730.44,0.0,0.0,28.99403,0.70176643,1.0,1.0,68.465866,0.0,0.0,0.0,-1.7709135e-13,-0.77590394,0.18145752,-400.25253,66.36485,55.184006,0.0,0.9,0.0,-1.8889064e-13,0.0,75.97695,65.26358,65.08577,66.26943,69.73358
2018-01-01 21:04:00,0.1,0.0,66.36485,357730.44,0.0,0.0,29.011993,0.7016502,1.0,1.0,68.46401,0.0,0.0,0.0,-1.770419e-13,-0.7757736,0.181427,-400.25253,66.36485,55.184006,0.0,0.9,0.0,-1.8882878e-13,0.0,75.97662,65.262695,65.08522,66.26773,69.72777
2018-01-01 21:05:00,0.1,0.0,66.36485,357730.44,0.0,0.0,29.03001,0.7015398,1.0,1.0,68.46212,0.0,0.0,0.0,-1.7697393e-13,-0.7756439,0.18139648,-400.25253,66.36485,55.184006,0.0,0.9,0.0,-1.8876875e-13,0.0,75.97629,65.26171,65.08461,66.26608,69.72194
2018-01-01 21:06:00,0.1,0.0,66.36485,357730.44,0.0,0.0,29.048029,0.70142245,1.0,1.0,68.46025,0.0,0.0,0.0,-1.7692515e-13,-0.7755244,0.18136597,-400.25253,66.36485,55.184006,0.0,0.9,0.0,-1.8870841e-13,0.0,75.97591,65.26077,65.08406,66.26437,69.71612
2018-01-01 21:07:00,0.1,0.0,66.36485,357730.44,0.0,0.0,29.06599,0.70131207,1.0,1.0,68.45837,0.0,0.0,0.0,-1.7685411e-13,-0.7754018,0.18133545,-400.25253,66.36485,55.184006,0.0,0.9,0.0,-1.886461e-13,0.0,75.97558,65.25979,65.08351,66.262726,69.710236
2018-01-01 21:08:00,0.1,0.0,66.36485,357730.44,0.0,0.0,29.08401,0.70119816,1.0,1.0,68.4565,0.0,0.0,0.0,-1.7680842e-13,-0.7752694,0.18130493,-400.25253,66.36485,55.184006,0.0,0.9,0.0,-1.8858561e-13,0.0,75.97525,65.258804,65.08296,66.26103,69.70442
2018-01-01 21:09:00,0.1,0.0,66.36485,357730.44,0.0,0.0,29.102026,0.7010831,1.0,1.0,68.45457,0.0,0.0,0.0,-1.7675032e-13,-0.7751438,0.18130493,-400.25253,66.36485,55.184006,0.0,0.9,0.0,-1.88524e-13,0.0,75.97487,65.25775,65.08236,66.25932,69.69854
2018-01-01 21:10:00,0.1,0.0,66.36485,357730.44,0.0,0.0,29.11999,0.7009693,1.0,1.0,68.45269,0.0,0.0,0.0,-1.7668483e-13,-0.775017,0.18127441,-400.25253,66.36485,55.184006,0.0,0.9,0.0,-1.8846335e-13,0.0,75.97453,65.25677,65.08181,66.257675,69.69266
2018-01-01 21:11:00,0.1,0.0,66.36485,357730.44,0.0,0.0,29.138006,0.70085424,1.0,1.0,68.45078,0.0,0.0,0.0,-1.7663564e-13,-0.7748898,0.1812439,-400.25253,66.36485,55.184006,0.0,0.9,0.0,-1.8840033e-13,0.0,75.974205,65.25572,65.08121,66.255974,69.68678
2018-01-01 21:12:00,0.1,0.0,66.36485,357730.44,0.0,0.0,29.156025,0.70074385,1.0,1.0,68.44887,0.0,0.0,0.0,-1.7657182e-13,-0.77476114,0.18121338,-400.25253,66.36485,55.184006,0.0,0.9,0.0,-1.8833925e-13,0.0,75.97388,65.254684,65.0806,66.25427,69.68091
2018-01-01 21:13:00,0.1,0.0,66.36485,357730.44,0.0,0.0,29.173986,0.7006288,1.0,1.0,68.446945,0.0,0.0,0.0,-1.7651818e-13,-0.77464753,0.18118286,-400.25253,66.36485,55.184006,0.0,0.9,0.0,-1.882799e-13,0.0,75.97354,65.25363,65.08,66.25256,69.67497
2018-01-01 21:14:00,0.1,0.0,66.36485,357730.44,0.0,0.0,29.192005,0.70051265,1.0,1.0,68.445,0.0,0.0,0.0,-1.7646339e-13,-0.7745139,0.18112183,-400.25253,66.36485,55.184006,0.0,0.9,0.0,-1.8821738e-13,0.0,75.97316,65.252594,65.07934,66.25087,69.66904
2018-01-01 21:15:00,0.1,0.0,66.36485,357730.44,0.0,0.0,29.210022,0.70039755,1.0,1.0,68.44308,0.0,0.0,0.0,-1.7640598e-13,-0.7743921,0.18109131,-400.25253,66.36485,55.184006,0.0,0.9,0.0,-1.8815688e-13,0.0,75.97283,65.25155,65.078735,66.24911,69.66316
2018-01-01 21:16:00,0.1,0.0,66.36485,357730.44,0.0,0.0,29.227985,0.7002849,1.0,1.0,68.441124,0.0,0.0,0.0,-1.7633922e-13,-0.7742631,0.18106079,-400.25253,66.36485,55.184006,0.0,0.9,0.0,-1.880952e-13,0.0,75.9725,65.25045,65.07808,66.247406,69.65718
2018-01-01 21:17:00,0.1,0.0,66.36485,357730.44,0.0,0.0,29.246002,0.7001733,1.0,1.0,68.43916,0.0,0.0,0.0,-1.7628454e-13,-0.7741437,0.18103027,-400.25253,66.36485,55.184006,0.0,0.9,0.0,-1.8803318e-13,0.0,75.97217,65.24935,65.07736,66.24565,69.651245
2018-01-01 21:18:00,0.1,0.0,66.36485,357730.44,0.0,0.0,29.264019,0.70005715,1.0,1.0,68.437195,0.0,0.0,0.0,-1.7623126e-13,-0.7740103,0.18099976,-400.25253,66.36485,55.184006,0.0,0.9,0.0,-1.879731e-13,0.0,75.97185,65.24825,65.076706,66.24389,69.64531
2018-01-01 21:19:00,0.1,0.0,66.36485,357730.44,0.0,0.0,29.282038,0.6999444,1.0,1.0,68.43522,0.0,0.0,0.0,-1.7617139e-13,-0.7738864,0.18096924,-400.25253,66.36485,55.184006,0.0,0.9,0.0,-1.8791204e-13,0.0,75.97151,65.247154,65.07599,66.24213,69.63933
2018-01-01 21:20:00,0.1,0.0,66.36485,357730.44,0.0,0.0,29.3,0.6998294,1.0,1.0,68.43322,0.0,0.0,0.0,-1.7611762e-13,-0.7737634,0.18096924,-400.25253,66.36485,55.184006,0.0,0.9,0.0,-1.8785171e-13,0.0,75.97113,65.246,65.07527,66.24037,69.63333
2018-01-01 21:21:00,0.1,0.0,66.36485,357730.44,0.0,0.0,29.318018,0.6997178,1.0,1.0,68.43123,0.0,0.0,0.0,-1.7605702e-13,-0.7736368,0.18093872,-400.25253,66.36485,55.184006,0.0,0.9,0.0,-1.8778916e-13,0.0,75.970795,65.24484,65.074554,66.23862,69.62735
2018-01-01 21:22:00,0.1,0.0,66.36485,357730.44,0.0,0.0,29.336035,0.699604,1.0,1.0,68.429245,0.0,0.0,0.0,-1.7600023e-13,-0.7735088,0.1809082,-400.25253,66.36485,55.184006,0.0,0.9,0.0,-1.8772928e-13,0.0,75.970474,65.2437,65.073845,66.2368,69.62136
2018-01-01 21:23:00,0.1,0.0,66.36485,357730.44,0.0,0.0,29.353998,0.6994901,1.0,1.0,68.42723,0.0,0.0,0.0,-1.7594422e-13,-0.7733843,0.18087769,-400.25253,66.36485,55.184006,0.0,0.9,0.0,-1.8766855e-13,0.0,75.97014,65.24254,65.073074,66.23505,69.61532
2018-01-01 21:24:00,0.1,0.0,66.36485,357730.44,0.0,0.0,29.372015,0.69937855,1.0,1.0,68.42521,0.0,0.0,0.0,-1.7588806e-13,-0.7732569,0.18084717,-400.25253,66.36485,55.184006,0.0,0.9,0.0,-1.8760925e-13,0.0,75.96981,65.24139,65.07231,66.23323,69.60933
2018-01-01 21:25:00,0.1,0.0,66.36485,357730.44,0.0,0.0,29.390034,0.69926345,1.0,1.0,68.42314,0.0,0.0,0.0,-1.7583019e-13,-0.7731279,0.18081665,-400.25253,66.36485,55.184006,0.0,0.9,0.0,-1.8754707e-13,0.0,75.96942,65.24017,65.07149,66.23137,69.60329
2018-01-01 21:26:00,0.1,0.0,66.36485,357730.44,0.0,0.0,29.407995,0.69914615,1.0,1.0,68.42112,0.0,0.0,0.0,-1.7577756e-13,-0.77299786,0.18078613,-400.25253,66.36485,55.184006,0.0,0.9,0.0,-1.8748624e-13,0.0,75.9691,65.23903,65.07066,66.22955,69.597244
2018-01-01 21:27:00,0.1,0.0,66.36485,357730.44,0.0,0.0,29.426014,0.69903225,1.0,1.0,68.41907,0.0,0.0,0.0,-1.7571761e-13,-0.7728761,0.18075562,-400.25253,66.36485,55.184006,0.0,0.9,0.0,-1.8742539e-13,0.0,75.968765,65.237816,65.06984,66.22774,69.5912
2018-01-01 21:28:00,0.1,0.0,66.36485,357730.44,0.0,0.0,29.44403,0.69892305,1.0,1.0,68.417015,0.0,0.0,0.0,-1.7565577e-13,-0.7727653,0.1807251,-400.25253,66.36485,55.184006,0.0,0.9,0.0,-1.8736214e-13,0.0,75.96844,65.2366,65.069016,66.225876,69.58516
2018-01-01 21:29:00,0.1,0.0,66.36485,357730.44,0.0,0.0,29.461994,0.69880915,1.0,1.0,68.41493,0.0,0.0,0.0,-1.7560175e-13,-0.7726336,0.18069458,-400.25253,66.36485,55.184006,0.0,0.9,0.0,-1.8730221e-13,0.0,75.96811,65.235344,65.06813,66.224,69.57906
2018-01-01 21:30:00,0.1,0.0,66.36485,357730.44,0.0,0.0,29.480011,0.6986953,1.0,1.0,68.41286,0.0,0.0,0.0,-1.755415e-13,-0.7724945,0.18066406,-400.25253,66.36485,55.184006,0.0,0.9,0.0,-1.872443e-13,0.0,75.96773,65.23413,65.06725,66.22214,69.57302
2018-01-01 21:31:00,0.1,0.0,66.36485,357730.44,0.0,0.0,29.498028,0.6985849,1.0,1.0,68.41079,0.0,0.0,0.0,-1.7548323e-13,-0.77237725,0.18066406,-400.25253,66.36485,55.184006,0.0,0.9,0.0,-1.8718116e-13,0.0,75.96739,65.23287,65.066376,66.220215,69.56709
2018-01-01 21:32:00,0.1,0.0,66.36485,357730.44,0.0,0.0,29.515991,0.69846755,1.0,1.0,68.40872,0.0,0.0,0.0,-1.7543872e-13,-0.77224916,0.18063354,-400.25253,66.36485,55.184006,0.0,0.9,0.0,-1.8712062e-13,0.0,75.967064,65.23166,65.065445,66.218346,69.5611
2018-01-01 21:33:00,0.1,0.0,66.36485,357730.44,0.0,0.0,29.534008,0.69835365,1.0,1.0,68.406654,0.0,0.0,0.0,-1.7537462e-13,-0.77213097,0.18060303,-400.25253,66.36485,55.184006,0.0,0.9,0.0,-1.8705965e-13,0.0,75.966736,65.2304,65.06451,66.21642,69.55517
2018-01-01 21:34:00,0.1,0.0,66.36485,357730.44,0.0,0.0,29.552027,0.6982421,1.0,1.0,68.40454,0.0,0.0,0.0,-1.7531786e-13,-0.7720063,0.18057251,-400.25253,66.36485,55.184006,0.0,0.9,0.0,-1.8699885e-13,0.0,75.966354,65.22914,65.06352,66.2145,69.54918
2018-01-01 21:35:00,0.1,0.0,66.36485,357730.44,0.0,0.0,29.569988,0.6981247,1.0,1.0,68.40244,0.0,0.0,0.0,-1.752611e-13,-0.77187747,0.18054199,-400.25253,66.36485,55.184006,0.0,0.9,0.0,-1.869393e-13,0.0,75.96602,65.22781,65.062584,66.21258,69.5432
2018-01-01 21:36:00,0.1,0.0,66.36485,357730.44,0.0,0.0,29.588007,0.6980144,1.0,1.0,68.40033,0.0,0.0,0.0,-1.7520501e-13,-0.77175355,0.18051147,-400.25253,66.36485,55.184006,0.0,0.9,0.0,-1.8687736e-13,0.0,75.96569,65.226555,65.0616,66.2106,69.5372
2018-01-01 21:37:00,0.1,0.0,66.36485,357730.44,0.0,0.0,29.606024,0.69789696,1.0,1.0,68.3982,0.0,0.0,0.0,-1.751494e-13,-0.7716158,0.18048096,-400.25253,66.36485,55.184006,0.0,0.9,0.0,-1.8681873e-13,0.0,75.9653,65.225235,65.06055,66.20868,69.53122
2018-01-01 21:38:00,0.1,0.0,66.36485,357730.44,0.0,0.0,29.623987,0.6977866,1.0,1.0,68.39607,0.0,0.0,0.0,-1.7509324e-13,-0.7715034,0.18045044,-400.25253,66.36485,55.184006,0.0,0.9,0.0,-1.8675602e-13,0.0,75.96498,65.22392,65.05956,66.206696,69.52518
2018-01-01 21:39:00,0.1,0.0,66.36485,357730.44,0.0,0.0,29.642004,0.6976751,1.0,1.0,68.39389,0.0,0.0,0.0,-1.7502789e-13,-0.7713698,0.18041992,-400.25253,66.36485,55.184006,0.0,0.9,0.0,-1.8669442e-13,0.0,75.964645,65.222595,65.05835,66.20473,69.519135
2018-01-01 21:40:00,0.1,0.0,66.36485,357730.44,0.0,0.0,29.660023,0.6975589,1.0,1.0,68.39171,0.0,0.0,0.0,-1.749733e-13,-0.7712503,0.1803894,-400.25253,66.36485,55.184006,0.0,0.9,0.0,-1.8663551e-13,0.0,75.964264,65.22128,65.057205,66.20269,69.51309
2018-01-01 21:41:00,0.1,0.0,66.36485,357730.44,0.0,0.0,29.677984,0.6974485,1.0,1.0,68.38954,0.0,0.0,0.0,-1.7492011e-13,-0.7711275,0.18035889,-400.25253,66.36485,55.184006,0.0,0.9,0.0,-1.865739e-13,0.0,75.96393,65.21996,65.056046,66.200714,69.50705
2018-01-01 21:42:00,0.1,0.0,66.36485,357730.44,0.0,0.0,29.696003,0.69733226,1.0,1.0,68.38736,0.0,0.0,0.0,-1.7486549e-13,-0.7709992,0.18035889,-400.25253,66.36485,55.184006,0.0,0.9,0.0,-1.8651423e-13,0.0,75.96361,65.21864,65.05484,66.198685,69.50101
2018-01-01 21:43:00,0.1,0.0,66.36485,357730.44,0.0,0.0,29.71402,0.69722307,1.0,1.0,68.38515,0.0,0.0,0.0,-1.7480247e-13,-0.77088475,0.18032837,-400.25253,66.36485,55.184006,0.0,0.9,0.0,-1.8645252e-13,0.0,75.96322,65.21727,65.05368,66.19665,69.4949
2018-01-01 21:44:00,0.1,0.0,66.36485,357730.44,0.0,0.0,29.732037,0.69710684,1.0,1.0,68.38295,0.0,0.0,0.0,-1.7475004e-13,-0.7707521,0.18029785,-400.25253,66.36485,55.184006,0.0,0.9,0.0,-1.863934e-13,0.0,75.96289,65.21596,65.052475,66.19461,69.488815
2018-01-01 21:45:00,0.1,0.0,66.36485,357730.44,0.0,0.0,29.75,0.6969942,1.0,1.0,68.38074,0.0,0.0,0.0,-1.7469449e-13,-0.7706327,0.18026733,-400.25253,66.36485,55.184006,0.0,0.9,0.0,-1.8633245e-13,0.0,75.96251,65.214584,65.05127,66.19258,69.48271
2018-01-01 21:46:00,0.1,0.0,66.36485,357730.44,0.0,0.0,29.768017,0.6968826,1.0,1.0,68.3785,0.0,0.0,0.0,-1.7463487e-13,-0.7704997,0.18023682,-400.25253,66.36485,55.184006,0.0,0.9,0.0,-1.8627102e-13,0.0,75.96217,65.21321,65.05,66.19049,69.476616
2018-01-01 21:47:00,0.1,0.0,66.36485,357730.44,0.0,0.0,29.786036,0.69676876,1.0,1.0,68.37627,0.0,0.0,0.0,-1.7457714e-13,-0.7703734,0.1802063,-400.25253,66.36485,55.184006,0.0,0.9,0.0,-1.8621133e-13,0.0,75.96179,65.21184,65.0488,66.18841,69.47052
2018-01-01 21:48:00,0.1,0.0,66.36485,357730.44,0.0,0.0,29.803997,0.69665486,1.0,1.0,68.37402,0.0,0.0,0.0,-1.7452396e-13,-0.7702613,0.18017578,-400.25253,66.36485,55.184006,0.0,0.9,0.0,-1.8614956e-13,0.0,75.96146,65.210464,65.04753,66.186325,69.46437
2018-01-01 21:49:00,0.1,0.0,66.36485,357730.44,0.0,0.0,29.822016,0.6965398,1.0,1.0,68.371765,0.0,0.0,0.0,-1.7446233e-13,-0.77012014,0.18014526,-400.25253,66.36485,55.184006,0.0,0.9,0.0,-1.8609098e-13,0.0,75.961075,65.20903,65.046265,66.184235,69.45821
2018-01-01 21:50:00,0.1,0.0,66.36485,357730.44,0.0,0.0,29.840033,0.69642824,1.0,1.0,68.36952,0.0,0.0,0.0,-1.7441245e-13,-0.7700007,0.18011475,-400.25253,66.36485,55.184006,0.0,0.9,0.0,-1.860307e-13,0.0,75.96075,65.20766,65.045006,66.182144,69.45206
2018-01-01 21:51:00,0.1,0.0,66.36485,357730.44,0.0,0.0,29.857996,0.6963167,1.0,1.0,68.36723,0.0,0.0,0.0,-1.7434883e-13,-0.76987106,0.18008423,-400.25253,66.36485,55.184006,0.0,0.9,0.0,-1.8597068e-13,0.0,75.96036,65.20623,65.043686,66.18001,69.44591
2018-01-01 21:52:00,0.1,0.0,66.36485,357730.44,0.0,0.0,29.876013,0.69620514,1.0,1.0,68.36498,0.0,0.0,0.0,-1.7428988e-13,-0.76974887,0.1800232,-400.25253,66.36485,55.184006,0.0,0.9,0.0,-1.8590996e-13,0.0,75.96004,65.20486,65.04242,66.17786,69.43976
2018-01-01 21:53:00,0.1,0.0,66.36485,357730.44,0.0,0.0,29.894032,0.69608784,1.0,1.0,68.36269,0.0,0.0,0.0,-1.7424488e-13,-0.76961786,0.1800232,-400.25253,66.36485,55.184006,0.0,0.9,0.0,-1.8584945e-13,0.0,75.95965,65.20343,65.04111,66.17572,69.43355
2018-01-01 21:54:00,0.1,0.0,66.36485,357730.44,0.0,0.0,29.911993,0.6959774,1.0,1.0,68.3604,0.0,0.0,0.0,-1.7418742e-13,-0.76949924,0.17999268,-400.25253,66.36485,55.184006,0.0,0.9,0.0,-1.8578891e-13,0.0,75.95926,65.201996,65.03979,66.17358,69.42734
2018-01-01 21:55:00,0.1,0.0,66.36485,357730.44,0.0,0.0,29.930012,0.6958624,1.0,1.0,68.35811,0.0,0.0,0.0,-1.7412474e-13,-0.7693767,0.17996216,-400.25253,66.36485,55.184006,0.0,0.9,0.0,-1.8572868e-13,0.0,75.95894,65.20058,65.03847,66.17143,69.421135
2018-01-01 21:56:00,0.1,0.0,66.36485,357730.44,0.0,0.0,29.948029,0.69575083,1.0,1.0,68.3558,0.0,0.0,0.0,-1.7407099e-13,-0.7692453,0.17993164,-400.25253,66.36485,55.184006,0.0,0.9,0.0,-1.8566847e-13,0.0,75.95855,65.19914,65.037155,66.169235,69.41493
2018-01-01 21:57:00,0.1,0.0,66.36485,357730.44,0.0,0.0,29.965992,0.6956358,1.0,1.0,68.3535,0.0,0.0,0.0,-1.7401715e-13,-0.7691251,0.17990112,-400.25253,66.36485,55.184006,0.0,0.9,0.0,-1.8560823e-13,0.0,75.95816,65.19766,65.03583,66.1671,69.40872
2018-01-01 21:58:00,0.1,0.0,66.36485,357730.44,0.0,0.0,29.984009,0.6955219,1.0,1.0,68.351166,0.0,0.0,0.0,-1.7395585e-13,-0.7689956,0.1798706,-400.25253,66.36485,55.184006,0.0,0.9,0.0,-1.8554754e-13,0.0,75.95778,65.19623,65.034454,66.1649,69.40246
2018-01-01 21:59:00,0.1,0.0,66.36485,357730.44,0.0,0.0,30.002026,0.6954104,1.0,1.0,68.34886,0.0,0.0,0.0,-1.7390161e-13,-0.76887596,0.17984009,-400.25253,66.36485,55.184006,0.0,0.9,0.0,-1.8548681e-13,0.0,75.95745,65.19481,65.03314,66.162704,69.396255
2018-01-01 22:00:00,0.1,0.0,66.36485,357730.44,0.0,0.0,30.019989,0.69529766,1.0,1.0,68.34651,0.0,0.0,0.0,-1.7384356e-13,-0.7687515,0.17980957,-400.25253,66.36485,55.184006,0.0,0.9,0.0,-1.8542761e-13,0.0,75.95706,65.19332,65.03177,66.160446,69.389984
2018-01-01 22:01:00,0.1,0.0,66.36485,357730.44,0.0,0.0,30.002026,0.69518495,1.0,1.0,68.34418,0.0,0.0,0.0,-1.737894e-13,-0.76861846,0.17977905,-400.25253,66.36485,55.184006,0.0,0.9,0.0,-1.853678e-13,0.0,75.95668,65.19183,65.030396,66.15825,69.38373
2018-01-01 22:02:00,0.1,0.0,66.36485,357730.44,0.0,0.0,29.984009,0.6950734,1.0,1.0,68.34183,0.0,0.0,0.0,-1.7373325e-13,-0.76850575,0.17974854,-400.25253,66.36485,55.184006,0.0,0.9,0.0,-1.8530582e-13,0.0,75.9563,65.19035,65.02902,66.156,69.377464
2018-01-01 22:03:00,0.1,0.0,66.36485,357730.44,0.0,0.0,29.965992,0.6949583,1.0,1.0,68.33946,0.0,0.0,0.0,-1.7367474e-13,-0.768379,0.17974854,-400.25253,66.36485,55.184006,0.0,0.9,0.0,-1.852452e-13,0.0,75.95592,65.18887,65.02759,66.1538,69.37115
2018-01-01 22:04:00,0.1,0.0,66.36485,357730.44,0.0,0.0,29.948029,0.6948457,1.0,1.0,68.33712,0.0,0.0,0.0,-1.7362166e-13,-0.76825494,0.17971802,-400.25253,66.36485,55.184006,0.0,0.9,0.0,-1.8518519e-13,0.0,75.95558,65.18739,65.026215,66.15155,69.36488
2018-01-01 22:05:00,0.1,0.0,66.36485,357730.44,0.0,0.0,29.930012,0.6947341,1.0,1.0,68.33476,0.0,0.0,0.0,-1.7356064e-13,-0.76813304,0.1796875,-400.25253,66.36485,55.184006,0.0,0.9,0.0,-1.8512794e-13,0.0,75.9552,65.185905,65.024796,66.14929,69.35863
2018-01-01 22:06:00,0.1,0.0,66.36485,357730.44,0.0,0.0,29.911993,0.69462025,1.0,1.0,68.332375,0.0,0.0,0.0,-1.7350433e-13,-0.76800305,0.17965698,-400.25253,66.36485,55.184006,0.0,0.9,0.0,-1.8506536e-13,0.0,75.95482,65.18437,65.02336,66.14699,69.35231
2018-01-01 22:07:00,0.1,0.0,66.36485,357730.44,0.0,0.0,29.894032,0.6945075,1.0,1.0,68.33,0.0,0.0,0.0,-1.7344698e-13,-0.76788056,0.17962646,-400.25253,66.36485,55.184006,0.0,0.9,0.0,-1.850044e-13,0.0,75.95443,65.182884,65.021935,66.14474,69.34604
2018-01-01 22:08:00,0.1,0.0,66.36485,357730.44,0.0,0.0,29.876013,0.69439596,1.0,1.0,68.327614,0.0,0.0,0.0,-1.7339271e-13,-0.76775426,0.17959595,-400.25253,66.36485,55.184006,0.0,0.9,0.0,-1.849455e-13,0.0,75.95404,65.18135,65.02045,66.14249,69.33972
2018-01-01 22:09:00,0.1,0.0,66.36485,357730.44,0.0,0.0,29.857996,0.6942809,1.0,1.0,68.3252,0.0,0.0,0.0,-1.733413e-13,-0.76762956,0.17956543,-400.25253,66.36485,55.184006,0.0,0.9,0.0,-1.8488646e-13,0.0,75.95366,65.17981,65.01897,66.14018,69.333405
2018-01-01 22:10:00,0.1,0.0,66.36485,357730.44,0.0,0.0,29.840033,0.6941682,1.0,1.0,68.3228,0.0,0.0,0.0,-1.7327932e-13,-0.76750004,0.17953491,-400.25253,66.36485,55.184006,0.0,0.9,0.0,-1.8482659e-13,0.0,75.95328,65.17827,65.01749,66.13787,69.32709
2018-01-01 22:11:00,0.1,0.0,66.36485,357730.44,0.0,0.0,29.822016,0.69405663,1.0,1.0,68.32039,0.0,0.0,0.0,-1.7322305e-13,-0.76737773,0.1795044,-400.25253,66.36485,55.184006,0.0,0.9,0.0,-1.8476594e-13,0.0,75.952896,65.17673,65.01601,66.13556,69.32077
2018-01-01 22:12:00,0.1,0.0,66.36485,357730.44,0.0,0.0,29.803997,0.693944,1.0,1.0,68.31798,0.0,0.0,0.0,-1.7317263e-13,-0.7672523,0.17947388,-400.25253,66.36485,55.184006,0.0,0.9,0.0,-1.8470482e-13,0.0,75.95251,65.17514,65.01452,66.133255,69.31445
2018-01-01 22:13:00,0.1,0.0,66.36485,357730.44,0.0,0.0,29.786036,0.6938312,1.0,1.0,68.315544,0.0,0.0,0.0,-1.731125e-13,-0.76712185,0.17944336,-400.25253,66.36485,55.184006,0.0,0.9,0.0,-1.8464662e-13,0.0,75.95207,65.1736,65.012985,66.13095,69.308136
2018-01-01 22:14:00,0.1,0.0,66.36485,357730.44,0.0,0.0,29.768017,0.6937162,1.0,1.0,68.31311,0.0,0.0,0.0,-1.7306026e-13,-0.7670047,0.17944336,-400.25253,66.36485,55.184006,0.0,0.9,0.0,-1.8458497e-13,0.0,75.95168,65.17201,65.011444,66.128586,69.30182
2018-01-01 22:15:00,0.1,0.0,66.36485,357730.44,0.0,0.0,29.75,0.69360584,1.0,1.0,68.31068,0.0,0.0,0.0,-1.7299603e-13,-0.7668796,0.17941284,-400.25253,66.36485,55.184006,0.0,0.9,0.0,-1.8452586e-13,0.0,75.951294,65.17041,65.0099,66.12628,69.2955
2018-01-01 22:16:00,0.1,0.0,66.36485,357730.44,0.0,0.0,29.732037,0.69349194,1.0,1.0,68.30823,0.0,0.0,0.0,-1.7294335e-13,-0.76675725,0.17938232,-400.25253,66.36485,55.184006,0.0,0.9,0.0,-1.8446663e-13,0.0,75.95091,65.16882,65.00836,66.12392,69.28914
2018-01-01 22:17:00,0.1,0.0,66.36485,357730.44,0.0,0.0,29.71402,0.6933804,1.0,1.0,68.305786,0.0,0.0,0.0,-1.7289286e-13,-0.76662284,0.1793518,-400.25253,66.36485,55.184006,0.0,0.9,0.0,-1.844062e-13,0.0,75.95053,65.16723,65.006775,66.12155,69.28282
2018-01-01 22:18:00,0.1,0.0,66.36485,357730.44,0.0,0.0,29.696003,0.6932654,1.0,1.0,68.3033,0.0,0.0,0.0,-1.7283106e-13,-0.7665093,0.17932129,-400.25253,66.36485,55.184006,0.0,0.9,0.0,-1.8434574e-13,0.0,75.95009,65.16558,65.00518,66.119194,69.27644
2018-01-01 22:19:00,0.1,0.0,66.36485,357730.44,0.0,0.0,29.677984,0.6931538,1.0,1.0,68.30084,0.0,0.0,0.0,-1.7277332e-13,-0.7663825,0.17929077,-400.25253,66.36485,55.184006,0.0,0.9,0.0,-1.8428587e-13,0.0,75.94971,65.16399,65.003586,66.11684,69.27007
2018-01-01 22:20:00,0.1,0.0,66.36485,357730.44,0.0,0.0,29.660023,0.69303995,1.0,1.0,68.298386,0.0,0.0,0.0,-1.7272844e-13,-0.7662554,0.17926025,-400.25253,66.36485,55.184006,0.0,0.9,0.0,-1.8422728e-13,0.0,75.949326,65.16234,65.002,66.11447,69.263756
2018-01-01 22:21:00,0.1,0.0,66.36485,357730.44,0.0,0.0,29.642004,0.6929284,1.0,1.0,68.29589,0.0,0.0,0.0,-1.7267202e-13,-0.7661368,0.17922974,-400.25253,66.36485,55.184006,0.0,0.9,0.0,-1.8416726e-13,0.0,75.94894,65.16069,65.0004,66.11205,69.257385
2018-01-01 22:22:00,0.1,0.0,66.36485,357730.44,0.0,0.0,29.623987,0.6928168,1.0,1.0,68.29339,0.0,0.0,0.0,-1.7260978e-13,-0.7660031,0.17919922,-400.25253,66.36485,55.184006,0.0,0.9,0.0,-1.8410855e-13,0.0,75.9485,65.15904,64.99875,66.109634,69.25101
2018-01-01 22:23:00,0.1,0.0,66.36485,357730.44,0.0,0.0,29.606024,0.69270295,1.0,1.0,68.29091,0.0,0.0,0.0,-1.7255488e-13,-0.7658879,0.1791687,-400.25253,66.36485,55.184006,0.0,0.9,0.0,-1.8404715e-13,0.0,75.94811,65.157394,64.9971,66.10727,69.244644
2018-01-01 22:24:00,0.1,0.0,66.36485,357730.44,0.0,0.0,29.588007,0.69259256,1.0,1.0,68.28839,0.0,0.0,0.0,-1.7249608e-13,-0.7657635,0.1791687,-400.25253,66.36485,55.184006,0.0,0.9,0.0,-1.839877e-13,0.0,75.94772,65.15569,64.99545,66.10486,69.23821
2018-01-01 22:25:00,0.1,0.0,66.36485,357730.44,0.0,0.0,29.569988,0.69247985,1.0,1.0,68.28588,0.0,0.0,0.0,-1.7243948e-13,-0.7656307,0.17913818,-400.25253,66.36485,55.184006,0.0,0.9,0.0,-1.839274e-13,0.0,75.94729,65.154045,64.993805,66.10244,69.23184
2018-01-01 22:26:00,0.1,0.0,66.36485,357730.44,0.0,0.0,29.552027,0.6923636,1.0,1.0,68.283356,0.0,0.0,0.0,-1.723867e-13,-0.7655132,0.17910767,-400.25253,66.36485,55.184006,0.0,0.9,0.0,-1.8386823e-13,0.0,75.9469,65.15234,64.99211,66.09997,69.225464
2018-01-01 22:27:00,0.1,0.0,66.36485,357730.44,0.0,0.0,29.534008,0.6922544,1.0,1.0,68.280846,0.0,0.0,0.0,-1.7233288e-13,-0.7653888,0.17907715,-400.25253,66.36485,55.184006,0.0,0.9,0.0,-1.8380611e-13,0.0,75.946465,65.150696,64.99046,66.09755,69.21904
2018-01-01 22:28:00,0.1,0.0,66.36485,357730.44,0.0,0.0,29.515991,0.6921406,1.0,1.0,68.27833,0.0,0.0,0.0,-1.7227345e-13,-0.76526356,0.17904663,-400.25253,66.36485,55.184006,0.0,0.9,0.0,-1.8374894e-13,0.0,75.946075,65.14899,64.988754,66.09514,69.21267
2018-01-01 22:29:00,0.1,0.0,66.36485,357730.44,0.0,0.0,29.498028,0.692029,1.0,1.0,68.27577,0.0,0.0,0.0,-1.7221966e-13,-0.76513565,0.17901611,-400.25253,66.36485,55.184006,0.0,0.9,0.0,-1.8368862e-13,0.0,75.94564,65.14723,64.98705,66.09267,69.20624
2018-01-01 22:30:00,0.1,0.0,66.36485,357730.44,0.0,0.0,29.480011,0.6919186,1.0,1.0,68.27322,0.0,0.0,0.0,-1.7216088e-13,-0.7650154,0.1789856,-400.25253,66.36485,55.184006,0.0,0.9,0.0,-1.8363087e-13,0.0,75.94525,65.14553,64.98529,66.090195,69.199814
2018-01-01 22:31:00,0.1,0.0,66.36485,357730.44,0.0,0.0,29.461994,0.69180703,1.0,1.0,68.270676,0.0,0.0,0.0,-1.7210548e-13,-0.7648889,0.17892456,-400.25253,66.36485,55.184006,0.0,0.9,0.0,-1.835705e-13,0.0,75.94482,65.14377,64.9836,66.08772,69.19344
2018-01-01 22:32:00,0.1,0.0,66.36485,357730.44,0.0,0.0,29.44403,0.6916932,1.0,1.0,68.268105,0.0,0.0,0.0,-1.7204868e-13,-0.76476216,0.17889404,-400.25253,66.36485,55.184006,0.0,0.9,0.0,-1.8350963e-13,0.0,75.94443,65.14201,64.981834,66.08525,69.18701
2018-01-01 22:33:00,0.1,0.0,66.36485,357730.44,0.0,0.0,29.426014,0.6915816,1.0,1.0,68.26554,0.0,0.0,0.0,-1.7199158e-13,-0.7646395,0.17886353,-400.25253,66.36485,55.184006,0.0,0.9,0.0,-1.8344988e-13,0.0,75.94399,65.14026,64.98007,66.08278,69.18059
2018-01-01 22:34:00,0.1,0.0,66.36485,357730.44,0.0,0.0,29.407995,0.6914666,1.0,1.0,68.262955,0.0,0.0,0.0,-1.7193666e-13,-0.76451695,0.17886353,-400.25253,66.36485,55.184006,0.0,0.9,0.0,-1.8339167e-13,0.0,75.94356,65.138504,64.97832,66.080246,69.174164
2018-01-01 22:35:00,0.1,0.0,66.36485,357730.44,0.0,0.0,29.390034,0.69135857,1.0,1.0,68.26036,0.0,0.0,0.0,-1.7187837e-13,-0.76439065,0.17883301,-400.25253,66.36485,55.184006,0.0,0.9,0.0,-1.8333043e-13,0.0,75.94317,65.13669,64.9765,66.077774,69.16768
2018-01-01 22:36:00,0.1,0.0,66.36485,357730.44,0.0,0.0,29.372015,0.69124234,1.0,1.0,68.25778,0.0,0.0,0.0,-1.7182305e-13,-0.76426363,0.17880249,-400.25253,66.36485,55.184006,0.0,0.9,0.0,-1.8327377e-13,0.0,75.94273,65.13493,64.97475,66.07525,69.161255
2018-01-01 22:37:00,0.1,0.0,66.36485,357730.44,0.0,0.0,29.353998,0.691132,1.0,1.0,68.25517,0.0,0.0,0.0,-1.7176821e-13,-0.7641384,0.17877197,-400.25253,66.36485,55.184006,0.0,0.9,0.0,-1.8321382e-13,0.0,75.94229,65.13312,64.97293,66.07272,69.15483
2018-01-01 22:38:00,0.1,0.0,66.36485,357730.44,0.0,0.0,29.336035,0.69101924,1.0,1.0,68.25259,0.0,0.0,0.0,-1.717114e-13,-0.7640189,0.17874146,-400.25253,66.36485,55.184006,0.0,0.9,0.0,-1.8315313e-13,0.0,75.94191,65.1313,64.97112,66.07025,69.148346
2018-01-01 22:39:00,0.1,0.0,66.36485,357730.44,0.0,0.0,29.318018,0.69090426,1.0,1.0,68.24996,0.0,0.0,0.0,-1.7166203e-13,-0.7638924,0.17871094,-400.25253,66.36485,55.184006,0.0,0.9,0.0,-1.8309279e-13,0.0,75.94147,65.129486,64.96925,66.06767,69.14192
2018-01-01 22:40:00,0.1,0.0,66.36485,357730.44,0.0,0.0,29.3,0.690795,1.0,1.0,68.24734,0.0,0.0,0.0,-1.7160434e-13,-0.76376104,0.17868042,-400.25253,66.36485,55.184006,0.0,0.9,0.0,-1.8303403e-13,0.0,75.941025,65.12768,64.96744,66.06514,69.13544
2018-01-01 22:41:00,0.1,0.0,66.36485,357730.44,0.0,0.0,29.282038,0.6906834,1.0,1.0,68.24471,0.0,0.0,0.0,-1.7154683e-13,-0.7636491,0.1786499,-400.25253,66.36485,55.184006,0.0,0.9,0.0,-1.8297444e-13,0.0,75.94058,65.12581,64.965576,66.062614,69.12901
2018-01-01 22:42:00,0.1,0.0,66.36485,357730.44,0.0,0.0,29.264019,0.6905695,1.0,1.0,68.24208,0.0,0.0,0.0,-1.7149272e-13,-0.76352,0.17861938,-400.25253,66.36485,55.184006,0.0,0.9,0.0,-1.8291617e-13,0.0,75.94015,65.12399,64.96371,66.06003,69.12253
2018-01-01 22:43:00,0.1,0.0,66.36485,357730.44,0.0,0.0,29.246002,0.6904592,1.0,1.0,68.239456,0.0,0.0,0.0,-1.714314e-13,-0.7633962,0.17858887,-400.25253,66.36485,55.184006,0.0,0.9,0.0,-1.8285591e-13,0.0,75.93976,65.12213,64.96184,66.05751,69.11604
2018-01-01 22:44:00,0.1,0.0,66.36485,357730.44,0.0,0.0,29.227985,0.6903465,1.0,1.0,68.23681,0.0,0.0,0.0,-1.7137915e-13,-0.7632671,0.17858887,-400.25253,66.36485,55.184006,0.0,0.9,0.0,-1.8279737e-13,0.0,75.93932,65.12026,64.95998,66.054924,69.10956
2018-01-01 22:45:00,0.1,0.0,66.36485,357730.44,0.0,0.0,29.210022,0.6902326,1.0,1.0,68.23415,0.0,0.0,0.0,-1.713294e-13,-0.7631478,0.17855835,-400.25253,66.36485,55.184006,0.0,0.9,0.0,-1.8273817e-13,0.0,75.93889,65.11839,64.95805,66.05234,69.10308
2018-01-01 22:46:00,0.1,0.0,66.36485,357730.44,0.0,0.0,29.192005,0.69012105,1.0,1.0,68.23151,0.0,0.0,0.0,-1.7127021e-13,-0.76302296,0.17852783,-400.25253,66.36485,55.184006,0.0,0.9,0.0,-1.8267663e-13,0.0,75.938446,65.11653,64.95618,66.04976,69.0966
2018-01-01 22:47:00,0.1,0.0,66.36485,357730.44,0.0,0.0,29.173986,0.69000834,1.0,1.0,68.228836,0.0,0.0,0.0,-1.712122e-13,-0.76290506,0.17849731,-400.25253,66.36485,55.184006,0.0,0.9,0.0,-1.8261929e-13,0.0,75.938,65.11461,64.954254,66.04718,69.09012
2018-01-01 22:48:00,0.1,0.0,66.36485,357730.44,0.0,0.0,29.156025,0.68989795,1.0,1.0,68.22616,0.0,0.0,0.0,-1.7115217e-13,-0.7627794,0.1784668,-400.25253,66.36485,55.184006,0.0,0.9,0.0,-1.8255887e-13,0.0,75.93756,65.11273,64.95233,66.04454,69.08363
2018-01-01 22:49:00,0.1,0.0,66.36485,357730.44,0.0,0.0,29.138006,0.68978405,1.0,1.0,68.22347,0.0,0.0,0.0,-1.7110555e-13,-0.76264834,0.17843628,-400.25253,66.36485,55.184006,0.0,0.9,0.0,-1.8249993e-13,0.0,75.937126,65.11081,64.95036,66.04196,69.0771
2018-01-01 22:50:00,0.1,0.0,66.36485,357730.44,0.0,0.0,29.11999,0.6896725,1.0,1.0,68.22079,0.0,0.0,0.0,-1.7104661e-13,-0.7625255,0.17840576,-400.25253,66.36485,55.184006,0.0,0.9,0.0,-1.8244138e-13,0.0,75.93669,65.10889,64.94844,66.03932,69.07062
2018-01-01 22:51:00,0.1,0.0,66.36485,357730.44,0.0,0.0,29.102026,0.68956333,1.0,1.0,68.218094,0.0,0.0,0.0,-1.709854e-13,-0.7624044,0.17837524,-400.25253,66.36485,55.184006,0.0,0.9,0.0,-1.8238267e-13,0.0,75.93625,65.106964,64.94646,66.03668,69.06408
2018-01-01 22:52:00,0.1,0.0,66.36485,357730.44,0.0,0.0,29.08401,0.6894471,1.0,1.0,68.21539,0.0,0.0,0.0,-1.7093869e-13,-0.76229024,0.17834473,-400.25253,66.36485,55.184006,0.0,0.9,0.0,-1.8232186e-13,0.0,75.93581,65.10504,64.94448,66.03405,69.0576
2018-01-01 22:53:00,0.1,0.0,66.36485,357730.44,0.0,0.0,29.06599,0.6893356,1.0,1.0,68.21269,0.0,0.0,0.0,-1.7088775e-13,-0.7621647,0.17831421,-400.25253,66.36485,55.184006,0.0,0.9,0.0,-1.8226272e-13,0.0,75.93536,65.10312,64.942505,66.03142,69.051056
2018-01-01 22:54:00,0.1,0.0,66.36485,357730.44,0.0,0.0,29.048029,0.68922514,1.0,1.0,68.20999,0.0,0.0,0.0,-1.7082681e-13,-0.76203614,0.17831421,-400.25253,66.36485,55.184006,0.0,0.9,0.0,-1.8220249e-13,0.0,75.93493,65.1012,64.94052,66.02878,69.044525
2018-01-01 22:55:00,0.1,0.0,66.36485,357730.44,0.0,0.0,29.03001,0.6891125,1.0,1.0,68.20726,0.0,0.0,0.0,-1.7077174e-13,-0.7619119,0.17828369,-400.25253,66.36485,55.184006,0.0,0.9,0.0,-1.821434e-13,0.0,75.93443,65.09923,64.93849,66.02614,69.03799
2018-01-01 22:56:00,0.1,0.0,66.36485,357730.44,0.0,0.0,29.011993,0.6889997,1.0,1.0,68.20451,0.0,0.0,0.0,-1.7071334e-13,-0.76179457,0.17825317,-400.25253,66.36485,55.184006,0.0,0.9,0.0,-1.820856e-13,0.0,75.93399,65.097244,64.93646,66.02345,69.03145
2018-01-01 22:57:00,0.1,0.0,66.36485,357730.44,0.0,0.0,28.99403,0.6888893,1.0,1.0,68.201805,0.0,0.0,0.0,-1.7065872e-13,-0.7616641,0.17822266,-400.25253,66.36485,55.184006,0.0,0.9,0.0,-1.8202653e-13,0.0,75.933556,65.09532,64.93448,66.02075,69.02492
2018-01-01 22:58:00,0.1,0.0,66.36485,357730.44,0.0,0.0,28.976013,0.6887766,1.0,1.0,68.19907,0.0,0.0,0.0,-1.7060644e-13,-0.7615475,0.17819214,-400.25253,66.36485,55.184006,0.0,0.9,0.0,-1.8196653e-13,0.0,75.93312,65.093346,64.932396,66.01812,69.01837
2018-01-01 22:59:00,0.1,0.0,66.36485,357730.44,0.0,0.0,28.957996,0.6886639,1.0,1.0,68.19633,0.0,0.0,0.0,-1.7054621e-13,-0.76142097,0.17816162,-400.25253,66.36485,55.184006,0.0,0.9,0.0,-1.8190908e-13,0.0,75.93268,65.09131,64.93036,66.01543,69.01184
2018-01-01 23:00:00,0.1,0.0,66.36485,357730.44,0.0,0.0,28.940033,0.6885524,1.0,1.0,68.19358,0.0,0.0,0.0,-1.7049574e-13,-0.76129246,0.1781311,-400.25253,66.36485,55.184006,0.0,0.9,0.0,-1.8184888e-13,0.0,75.93218,65.08934,64.92833,66.01274,69.0053
2018-01-01 23:01:00,0.1,0.0,66.36485,357730.44,0.0,0.0,28.940033,0.6884431,1.0,1.0,68.19082,0.0,0.0,0.0,-1.7043617e-13,-0.7611664,0.17810059,-400.25253,66.36485,55.184006,0.0,0.9,0.0,-1.817905e-13,0.0,75.93175,65.08736,64.92624,66.01004,68.99871
2018-01-01 23:02:00,0.1,0.0,66.36485,357730.44,0.0,0.0,28.940033,0.6883316,1.0,1.0,68.18805,0.0,0.0,0.0,-1.7037848e-13,-0.76105493,0.17807007,-400.25253,66.36485,55.184006,0.0,0.9,0.0,-1.8172978e-13,0.0,75.931305,65.08533,64.92416,66.00729,68.99217
2018-01-01 23:03:00,0.1,0.0,66.36485,357730.44,0.0,0.0,28.940033,0.6882177,1.0,1.0,68.1853,0.0,0.0,0.0,-1.7032796e-13,-0.7609167,0.17807007,-400.25253,66.36485,55.184006,0.0,0.9,0.0,-1.8167363e-13,0.0,75.93081,65.08334,64.92207,66.00461,68.98564
2018-01-01 23:04:00,0.1,0.0,66.36485,357730.44,0.0,0.0,28.940033,0.6881062,1.0,1.0,68.18255,0.0,0.0,0.0,-1.7027247e-13,-0.76079744,0.17803955,-400.25253,66.36485,55.184006,0.0,0.9,0.0,-1.8161289e-13,0.0,75.930374,65.081314,64.92004,66.001915,68.979095
2018-01-01 23:05:00,0.1,0.0,66.36485,357730.44,0.0,0.0,28.940033,0.68799466,1.0,1.0,68.1798,0.0,0.0,0.0,-1.702109e-13,-0.7606774,0.17800903,-400.25253,66.36485,55.184006,0.0,0.9,0.0,-1.8155556e-13,0.0,75.92993,65.07934,64.91795,65.99922,68.972565
2018-01-01 23:06:00,0.1,0.0,66.36485,357730.44,0.0,0.0,28.940033,0.6878831,1.0,1.0,68.17702,0.0,0.0,0.0,-1.7015779e-13,-0.7605437,0.17797852,-400.25253,66.36485,55.184006,0.0,0.9,0.0,-1.8149525e-13,0.0,75.929436,65.0773,64.91586,65.996475,68.96603
2018-01-01 23:07:00,0.1,0.0,66.36485,357730.44,0.0,0.0,28.940033,0.6877727,1.0,1.0,68.17427,0.0,0.0,0.0,-1.7011083e-13,-0.76042736,0.177948,-400.25253,66.36485,55.184006,0.0,0.9,0.0,-1.814383e-13,0.0,75.929,65.07527,64.91377,65.99379,68.95949
2018-01-01 23:08:00,0.1,0.0,66.36485,357730.44,0.0,0.0,28.940033,0.68765765,1.0,1.0,68.17151,0.0,0.0,0.0,-1.7005298e-13,-0.76030856,0.17791748,-400.25253,66.36485,55.184006,0.0,0.9,0.0,-1.8137763e-13,0.0,75.9285,65.073296,64.91168,65.99109,68.95296
2018-01-01 23:09:00,0.1,0.0,66.36485,357730.44,0.0,0.0,28.940033,0.68754613,1.0,1.0,68.16876,0.0,0.0,0.0,-1.6999375e-13,-0.7601848,0.17788696,-400.25253,66.36485,55.184006,0.0,0.9,0.0,-1.8131793e-13,0.0,75.92806,65.07126,64.90965,65.98834,68.94647
2018-01-01 23:10:00,0.1,0.0,66.36485,357730.44,0.0,0.0,28.940033,0.687438,1.0,1.0,68.16599,0.0,0.0,0.0,-1.6993273e-13,-0.7600691,0.17782593,-400.25253,66.36485,55.184006,0.0,0.9,0.0,-1.8125811e-13,0.0,75.92757,65.06923,64.90756,65.98566,68.93993
2018-01-01 23:11:00,0.1,0.0,66.36485,357730.44,0.0,0.0,28.940033,0.6873253,1.0,1.0,68.16325,0.0,0.0,0.0,-1.6988707e-13,-0.759937,0.17779541,-400.25253,66.36485,55.184006,0.0,0.9,0.0,-1.8119919e-13,0.0,75.927124,65.06725,64.90548,65.98296,68.93346
2018-01-01 23:12:00,0.1,0.0,66.36485,357730.44,0.0,0.0,28.940033,0.6872138,1.0,1.0,68.16048,0.0,0.0,0.0,-1.698302e-13,-0.759815,0.1777649,-400.25253,66.36485,55.184006,0.0,0.9,0.0,-1.8114168e-13,0.0,75.926636,65.065216,64.9034,65.98022,68.92691
2018-01-01 23:13:00,0.1,0.0,66.36485,357730.44,0.0,0.0,28.940033,0.6871022,1.0,1.0,68.15773,0.0,0.0,0.0,-1.6977542e-13,-0.7596832,0.1777649,-400.25253,66.36485,55.184006,0.0,0.9,0.0,-1.8108269e-13,0.0,75.92619,65.06319,64.901306,65.97752,68.92043
2018-01-01 23:14:00,0.1,0.0,66.36485,357730.44,0.0,0.0,28.940033,0.6869872,1.0,1.0,68.15495,0.0,0.0,0.0,-1.6971788e-13,-0.7595583,0.17773438,-400.25253,66.36485,55.184006,0.0,0.9,0.0,-1.8102559e-13,0.0,75.925705,65.06116,64.899216,65.97478,68.913956
2018-01-01 23:15:00,0.1,0.0,66.36485,357730.44,0.0,0.0,28.940033,0.6868803,1.0,1.0,68.15221,0.0,0.0,0.0,-1.6966153e-13,-0.7594401,0.17770386,-400.25253,66.36485,55.184006,0.0,0.9,0.0,-1.8096652e-13,0.0,75.9252,65.05917,64.897125,65.97209,68.90747
2018-01-01 23:16:00,0.1,0.0,66.3649,357730.44,0.0,0.0,28.940033,0.68676645,1.0,1.0,68.149475,0.0,0.0,0.0,-1.6961175e-13,-0.75932014,0.17767334,-400.25253,66.3649,55.184006,0.0,0.9,0.0,-1.8090772e-13,0.0,75.92477,65.057144,64.895096,65.96939,68.900986
2018-01-01 23:17:00,0.1,0.0,66.3649,357730.44,0.0,0.0,28.940033,0.68665606,1.0,1.0,68.14671,0.0,0.0,0.0,-1.6955086e-13,-0.75919634,0.17764282,-400.25253,66.3649,55.184006,0.0,0.9,0.0,-1.8084801e-13,0.0,75.92427,65.055115,64.893005,65.966644,68.8945
2018-01-01 23:18:00,0.1,0.0,66.3649,357730.44,0.0,0.0,28.940033,0.6865433,1.0,1.0,68.14397,0.0,0.0,0.0,-1.695028e-13,-0.75906706,0.1776123,-400.25253,66.3649,55.184006,0.0,0.9,0.0,-1.8079008e-13,0.0,75.92378,65.053085,64.89092,65.96396,68.88808
2018-01-01 23:19:00,0.1,0.0,66.3649,357730.44,0.0,0.0,28.940033,0.68643296,1.0,1.0,68.14121,0.0,0.0,0.0,-1.6944703e-13,-0.75894445,0.17758179,-400.25253,66.3649,55.184006,0.0,0.9,0.0,-1.8073108e-13,0.0,75.92334,65.05105,64.88884,65.96121,68.88159
2018-01-01 23:20:00,0.1,0.0,66.3649,357730.44,0.0,0.0,28.940033,0.6863214,1.0,1.0,68.13845,0.0,0.0,0.0,-1.6938912e-13,-0.75882185,0.17755127,-400.25253,66.3649,55.184006,0.0,0.9,0.0,-1.8067207e-13,0.0,75.922844,65.04901,64.88675,65.95852,68.875114
2018-01-01 23:21:00,0.1,0.0,66.3649,357730.44,0.0,0.0,28.940033,0.68620867,1.0,1.0,68.13569,0.0,0.0,0.0,-1.6933198e-13,-0.75871015,0.17752075,-400.25253,66.3649,55.184006,0.0,0.9,0.0,-1.8061289e-13,0.0,75.92235,65.04698,64.88466,65.95577,68.86868
2018-01-01 23:22:00,0.1,0.0,66.3649,357730.44,0.0,0.0,28.940033,0.6860971,1.0,1.0,68.13295,0.0,0.0,0.0,-1.6927491e-13,-0.7585774,0.17752075,-400.25253,66.3649,55.184006,0.0,0.9,0.0,-1.8055399e-13,0.0,75.921906,65.04495,64.88257,65.95308,68.86226
2018-01-01 23:23:00,0.1,0.0,66.3649,357730.44,0.0,0.0,28.940033,0.6859867,1.0,1.0,68.13021,0.0,0.0,0.0,-1.6922581e-13,-0.75846064,0.17749023,-400.25253,66.3649,55.184006,0.0,0.9,0.0,-1.8049567e-13,0.0,75.92142,65.04292,64.88054,65.95039,68.855774
2018-01-01 23:24:00,0.1,0.0,66.3649,357730.44,0.0,0.0,28.940033,0.68587404,1.0,1.0,68.127464,0.0,0.0,0.0,-1.6916827e-13,-0.75832725,0.17745972,-400.25253,66.3649,55.184006,0.0,0.9,0.0,-1.8043724e-13,0.0,75.92092,65.04094,64.87845,65.94765,68.84935
2018-01-01 23:25:00,0.1,0.0,66.3649,357730.44,0.0,0.0,28.940033,0.6857636,1.0,1.0,68.12471,0.0,0.0,0.0,-1.6911457e-13,-0.75821537,0.1774292,-400.25253,66.3649,55.184006,0.0,0.9,0.0,-1.8037857e-13,0.0,75.920425,65.03891,64.876366,65.94495,68.842926
2018-01-01 23:26:00,0.1,0.0,66.3649,357730.44,0.0,0.0,28.940033,0.68565094,1.0,1.0,68.12196,0.0,0.0,0.0,-1.6905992e-13,-0.75809145,0.17739868,-400.25253,66.3649,55.184006,0.0,0.9,0.0,-1.8031922e-13,0.0,75.91994,65.03688,64.87428,65.9422,68.8365
2018-01-01 23:27:00,0.1,0.0,66.3649,357730.44,0.0,0.0,28.940033,0.6855405,1.0,1.0,68.119225,0.0,0.0,0.0,-1.6900621e-13,-0.75796473,0.17736816,-400.25253,66.3649,55.184006,0.0,0.9,0.0,-1.8026227e-13,0.0,75.919495,65.03484,64.87219,65.939514,68.83007
2018-01-01 23:28:00,0.1,0.0,66.3649,357730.44,0.0,0.0,28.940033,0.68542784,1.0,1.0,68.11647,0.0,0.0,0.0,-1.6894625e-13,-0.75783414,0.17733765,-400.25253,66.3649,55.184006,0.0,0.9,0.0,-1.8020322e-13,0.0,75.919,65.03281,64.8701,65.93677,68.8237
2018-01-01 23:29:00,0.1,0.0,66.3649,357730.44,0.0,0.0,28.940033,0.6853198,1.0,1.0,68.11373,0.0,0.0,0.0,-1.6889428e-13,-0.7577172,0.17730713,-400.25253,66.3649,55.184006,0.0,0.9,0.0,-1.8014565e-13,0.0,75.9185,65.03078,64.86801,65.934074,68.817276
2018-01-01 23:30:00,0.1,0.0,66.3649,357730.44,0.0,0.0,28.940033,0.685207,1.0,1.0,68.110985,0.0,0.0,0.0,-1.6883637e-13,-0.75759465,0.17727661,-400.25253,66.3649,55.184006,0.0,0.9,0.0,-1.8008677e-13,0.0,75.918015,65.02869,64.86598,65.93133,68.8109
2018-01-01 23:31:00,0.1,0.0,66.3649,357730.44,0.0,0.0,28.940033,0.6850955,1.0,1.0,68.10823,0.0,0.0,0.0,-1.6878657e-13,-0.7574683,0.17727661,-400.25253,66.3649,55.184006,0.0,0.9,0.0,-1.8002823e-13,0.0,75.91751,65.02666,64.86389,65.928635,68.804474
2018-01-01 23:32:00,0.1,0.0,66.3649,357730.44,0.0,0.0,28.940033,0.68498623,1.0,1.0,68.10549,0.0,0.0,0.0,-1.6872216e-13,-0.7573486,0.1772461,-400.25253,66.3649,55.184006,0.0,0.9,0.0,-1.7996895e-13,0.0,75.91702,65.02463,64.86181,65.92589,68.798096
2018-01-01 23:33:00,0.1,0.0,66.3649,357730.44,0.0,0.0,28.940033,0.68487126,1.0,1.0,68.10276,0.0,0.0,0.0,-1.6867566e-13,-0.75722766,0.17721558,-400.25253,66.3649,55.184006,0.0,0.9,0.0,-1.7991133e-13,0.0,75.91653,65.0226,64.859726,65.9232,68.79173
2018-01-01 23:34:00,0.1,0.0,66.3649,357730.44,0.0,0.0,28.940033,0.68476087,1.0,1.0,68.09999,0.0,0.0,0.0,-1.6862496e-13,-0.75710106,0.17718506,-400.25253,66.3649,55.184006,0.0,0.9,0.0,-1.7985205e-13,0.0,75.91603,65.02056,64.857635,65.920456,68.7853
2018-01-01 23:35:00,0.1,0.0,66.3649,357730.44,0.0,0.0,28.940033,0.6846504,1.0,1.0,68.09725,0.0,0.0,0.0,-1.6856748e-13,-0.75698036,0.17715454,-400.25253,66.3649,55.184006,0.0,0.9,0.0,-1.7979422e-13,0.0,75.91554,65.018524,64.855545,65.91771,68.77893
2018-01-01 23:36:00,0.1,0.0,66.3649,357730.44,0.0,0.0,28.940033,0.6845424,1.0,1.0,68.094536,0.0,0.0,0.0,-1.685057e-13,-0.7568552,0.17712402,-400.25253,66.3649,55.184006,0.0,0.9,0.0,-1.7973553e-13,0.0,75.9151,65.016495,64.853455,65.91501,68.77261
2018-01-01 23:37:00,0.1,0.0,66.3649,357730.44,0.0,0.0,28.940033,0.6844262,1.0,1.0,68.09178,0.0,0.0,0.0,-1.6845869e-13,-0.7567386,0.1770935,-400.25253,66.3649,55.184006,0.0,0.9,0.0,-1.7967577e-13,0.0,75.91455,65.014465,64.851425,65.91226,68.766235
2018-01-01 23:38:00,0.1,0.0,66.3649,357730.44,0.0,0.0,28.940033,0.6843158,1.0,1.0,68.08905,0.0,0.0,0.0,-1.6839793e-13,-0.75660515,0.17706299,-400.25253,66.3649,55.184006,0.0,0.9,0.0,-1.796196e-13,0.0,75.914055,65.012436,64.849335,65.90958,68.75987
2018-01-01 23:39:00,0.1,0.0,66.3649,357730.44,0.0,0.0,28.940033,0.6842066,1.0,1.0,68.08629,0.0,0.0,0.0,-1.6834261e-13,-0.75649214,0.17703247,-400.25253,66.3649,55.184006,0.0,0.9,0.0,-1.7955928e-13,0.0,75.91356,65.010345,64.84725,65.90683,68.753494
2018-01-01 23:40:00,0.1,0.0,66.3649,357730.44,0.0,0.0,28.940033,0.68409383,1.0,1.0,68.08357,0.0,0.0,0.0,-1.6829446e-13,-0.7563671,0.17703247,-400.25253,66.3649,55.184006,0.0,0.9,0.0,-1.7950231e-13,0.0,75.91307,65.008316,64.84517,65.90414,68.74718
2018-01-01 23:41:00,0.1,0.0,66.3649,357730.44,0.0,0.0,28.940033,0.6839812,1.0,1.0,68.080826,0.0,0.0,0.0,-1.6824618e-13,-0.75624853,0.17700195,-400.25253,66.3649,55.184006,0.0,0.9,0.0,-1.7944305e-13,0.0,75.91257,65.00628,64.84308,65.90139,68.74081
2018-01-01 23:42:00,0.1,0.0,66.3649,357730.44,0.0,0.0,28.940033,0.6838719,1.0,1.0,68.07811,0.0,0.0,0.0,-1.6818586e-13,-0.7561167,0.17697144,-400.25253,66.3649,55.184006,0.0,0.9,0.0,-1.793859e-13,0.0,75.91208,65.00424,64.84105,65.8987,68.73449
2018-01-01 23:43:00,0.1,0.0,66.3649,357730.44,0.0,0.0,28.940033,0.6837592,1.0,1.0,68.07537,0.0,0.0,0.0,-1.6813151e-13,-0.75599736,0.17694092,-400.25253,66.3649,55.184006,0.0,0.9,0.0,-1.7932627e-13,0.0,75.91158,65.00221,64.83896,65.89595,68.72817
2018-01-01 23:44:00,0.1,0.0,66.3649,357730.44,0.0,0.0,28.940033,0.6836477,1.0,1.0,68.07265,0.0,0.0,0.0,-1.6807659e-13,-0.7558757,0.1769104,-400.25253,66.3649,55.184006,0.0,0.9,0.0,-1.7926954e-13,0.0,75.91109,65.00012,64.83687,65.893265,68.721855
2018-01-01 23:45:00,0.1,0.0,66.3649,357730.44,0.0,0.0,28.940033,0.68354076,1.0,1.0,68.0699,0.0,0.0,0.0,-1.6801853e-13,-0.7557495,0.17687988,-400.25253,66.3649,55.184006,0.0,0.9,0.0,-1.7921205e-13,0.0,75.9106,64.99809,64.83478,65.89052,68.71554
2018-01-01 23:46:00,0.1,0.0,66.3649,357730.44,0.0,0.0,28.940033,0.68342924,1.0,1.0,68.06718,0.0,0.0,0.0,-1.6796609e-13,-0.755625,0.17684937,-400.25253,66.3649,55.184006,0.0,0.9,0.0,-1.7915134e-13,0.0,75.910095,64.99606,64.832695,65.88777,68.70922
2018-01-01 23:47:00,0.1,0.0,66.3649,357730.44,0.0,0.0,28.940033,0.68331647,1.0,1.0,68.06446,0.0,0.0,0.0,-1.6790966e-13,-0.7555,0.17681885,-400.25253,66.3649,55.184006,0.0,0.9,0.0,-1.7909522e-13,0.0,75.90961,64.99403,64.83066,65.88507,68.7029
2018-01-01 23:48:00,0.1,0.0,66.3649,357730.44,0.0,0.0,28.940033,0.68320495,1.0,1.0,68.061714,0.0,0.0,0.0,-1.6785333e-13,-0.7553844,0.17675781,-400.25253,66.3649,55.184006,0.0,0.9,0.0,-1.7903617e-13,0.0,75.90911,64.99194,64.828575,65.882324,68.69659
2018-01-01 23:49:00,0.1,0.0,66.3649,357730.44,0.0,0.0,28.940033,0.68309575,1.0,1.0,68.05899,0.0,0.0,0.0,-1.6780395e-13,-0.7552582,0.17675781,-400.25253,66.3649,55.184006,0.0,0.9,0.0,-1.7897905e-13,0.0,75.908615,64.989914,64.82649,65.87964,68.69027
2018-01-01 23:50:00,0.1,0.0,66.3649,357730.44,0.0,0.0,28.940033,0.6829842,1.0,1.0,68.05626,0.0,0.0,0.0,-1.6774813e-13,-0.75513357,0.1767273,-400.25253,66.3649,55.184006,0.0,0.9,0.0,-1.7892118e-13,0.0,75.90813,64.98788,64.8244,65.87689,68.684006
2018-01-01 23:51:00,0.1,0.0,66.3649,357730.44,0.0,0.0,28.940033,0.68287146,1.0,1.0,68.05353,0.0,0.0,0.0,-1.6769137e-13,-0.75500864,0.17669678,-400.25253,66.3649,55.184006,0.0,0.9,0.0,-1.7886288e-13,0.0,75.90758,64.985794,64.82237,65.8742,68.67769
2018-01-01 23:52:00,0.1,0.0,66.3649,357730.44,0.0,0.0,28.940033,0.6827634,1.0,1.0,68.050804,0.0,0.0,0.0,-1.6764204e-13,-0.75489277,0.17666626,-400.25253,66.3649,55.184006,0.0,0.9,0.0,-1.7880291e-13,0.0,75.907074,64.98376,64.82028,65.87145,68.67143
2018-01-01 23:53:00,0.1,0.0,66.3649,357730.44,0.0,0.0,28.940033,0.682653,1.0,1.0,68.04807,0.0,0.0,0.0,-1.6758087e-13,-0.7547707,0.17663574,-400.25253,66.3649,55.184006,0.0,0.9,0.0,-1.7874523e-13,0.0,75.906586,64.98172,64.81819,65.868706,68.66516
2018-01-01 23:54:00,0.1,0.0,66.3649,357730.44,0.0,0.0,28.940033,0.6825415,1.0,1.0,68.04535,0.0,0.0,0.0,-1.675221e-13,-0.7546426,0.17660522,-400.25253,66.3649,55.184006,0.0,0.9,0.0,-1.7868851e-13,0.0,75.90609,64.97964,64.8161,65.86601,68.658905
2018-01-01 23:55:00,0.1,0.0,66.3649,357730.44,0.0,0.0,28.940033,0.6824287,1.0,1.0,68.04264,0.0,0.0,0.0,-1.6747876e-13,-0.7545252,0.1765747,-400.25253,66.3649,55.184006,0.0,0.9,0.0,-1.7862964e-13,0.0,75.905594,64.9776,64.81407,65.863266,68.65264
2018-01-01 23:56:00,0.1,0.0,66.3649,357730.44,0.0,0.0,28.940033,0.6823184,1.0,1.0,68.03992,0.0,0.0,0.0,-1.674206e-13,-0.7543975,0.17654419,-400.25253,66.3649,55.184006,0.0,0.9,0.0,-1.7857261e-13,0.0,75.905106,64.97557,64.81198,65.86058,68.64638
2018-01-01 23:57:00,0.1,0.0,66.3649,357730.44,0.0,0.0,28.940033,0.68220913,1.0,1.0,68.037186,0.0,0.0,0.0,-1.6736807e-13,-0.75428766,0.17651367,-400.25253,66.3649,55.184006,0.0,0.9,0.0,-1.7851386e-13,0.0,75.90456,64.97348,64.8099,65.857834,68.64012
2018-01-01 23:58:00,0.1,0.0,66.3649,357730.44,0.0,0.0,28.940033,0.6820952,1.0,1.0,68.03447,0.0,0.0,0.0,-1.6731337e-13,-0.7541604,0.17651367,-400.25253,66.3649,55.184006,0.0,0.9,0.0,-1.7845563e-13,0.0,75.90405,64.97145,64.80786,65.85513,68.63385
2018-01-01 23:59:00,0.1,0.0,66.3649,357730.44,0.0,0.0,28.940033,0.6819872,1.0,1.0,68.03175,0.0,0.0,0.0,-1.6725887e-13,-0.75403494,0.17648315,-400.25253,66.3649,55.184006,0.0,0.9,0.0,-1.7839894e-13,0.0,75.903564,64.96942,64.80578,65.85239,68.627594
2018-01-02 00:00:00,0.1,0.0,66.3649,357730.44,0.0,0.0,28.940033,0.68187565,1.0,1.0,68.02903,0.0,0.0,0.0,-1.6720445e-13,-0.753919,0.17645264,-400.25253,66.3649,55.184006,0.0,0.9,0.0,-1.783402e-13,0.0,75.90307,64.96733,64.803696,65.84964,68.62138
2018-01-02 00:01:00,0.1,0.0,66.3649,357730.44,0.0,0.0,28.874004,0.6817641,1.0,1.0,68.02632,0.0,0.0,0.0,-1.6715046e-13,-0.7537826,0.17642212,-400.25253,66.3649,55.184006,0.0,0.9,0.0,-1.7828301e-13,0.0,75.90252,64.9653,64.80166,65.846954,68.61513
2018-01-02 00:02:00,0.1,0.0,66.3649,357730.44,0.0,0.0,28.808033,0.6816514,1.0,1.0,68.02544,0.0,0.0,0.0,-1.6709613e-13,-0.75366944,0.1763916,-400.25253,66.3649,55.184006,0.0,0.9,0.0,-1.7822488e-13,0.0,75.908615,64.96376,64.8004,65.84476,68.60968
2018-01-02 00:03:00,0.1,0.0,66.36485,357730.44,0.0,0.0,28.742004,0.68154097,1.0,1.0,68.024124,0.0,0.0,0.0,-1.6704456e-13,-0.7535405,0.17636108,-400.25253,66.36485,55.184006,0.0,0.9,0.0,-1.7816662e-13,0.0,75.91257,64.96222,64.79907,65.8425,68.60425
2018-01-02 00:04:00,0.1,0.0,66.36485,357730.44,0.0,0.0,28.676031,0.6814353,1.0,1.0,68.02295,0.0,0.0,0.0,-1.6698662e-13,-0.7534145,0.17633057,-400.25253,66.36485,55.184006,0.0,0.9,0.0,-1.781098e-13,0.0,75.91713,64.960686,64.79781,65.8403,68.59881
2018-01-02 00:05:00,0.1,0.0,66.36485,357730.44,0.0,0.0,28.610004,0.6813202,1.0,1.0,68.02168,0.0,0.0,0.0,-1.6693455e-13,-0.7532945,0.17630005,-400.25253,66.36485,55.184006,0.0,0.9,0.0,-1.7805276e-13,0.0,75.92142,64.95909,64.79649,65.83806,68.593315
2018-01-02 00:06:00,0.1,0.0,66.36485,357730.44,0.0,0.0,28.544031,0.681211,1.0,1.0,68.020424,0.0,0.0,0.0,-1.6687238e-13,-0.7531703,0.17626953,-400.25253,66.36485,55.184006,0.0,0.9,0.0,-1.779928e-13,0.0,75.925705,64.95755,64.79518,65.83586,68.58782
2018-01-02 00:07:00,0.1,0.0,66.36485,357730.44,0.0,0.0,28.478003,0.6811018,1.0,1.0,68.01912,0.0,0.0,0.0,-1.668218e-13,-0.7530627,0.17626953,-400.25253,66.36485,55.184006,0.0,0.9,0.0,-1.779351e-13,0.0,75.92987,64.95596,64.79381,65.8336,68.58233
2018-01-02 00:08:00,0.1,0.0,66.36485,357730.44,0.0,0.0,28.41203,0.68099254,1.0,1.0,68.01782,0.0,0.0,0.0,-1.6677173e-13,-0.75293404,0.17623901,-400.25253,66.36485,55.184006,0.0,0.9,0.0,-1.7787837e-13,0.0,75.93405,64.95437,64.79248,65.83135,68.576836
2018-01-02 00:09:00,0.1,0.0,66.36485,357730.44,0.0,0.0,28.346003,0.6808787,1.0,1.0,68.01648,0.0,0.0,0.0,-1.6672009e-13,-0.7528097,0.1762085,-400.25253,66.36485,55.184006,0.0,0.9,0.0,-1.7781967e-13,0.0,75.93811,64.952774,64.79111,65.82904,68.57134
2018-01-02 00:10:00,0.1,0.0,66.36485,357730.44,0.0,0.0,28.28003,0.6807683,1.0,1.0,68.01513,0.0,0.0,0.0,-1.6666769e-13,-0.75267863,0.17617798,-400.25253,66.36485,55.184006,0.0,0.9,0.0,-1.7776359e-13,0.0,75.94212,64.95119,64.78969,65.8268,68.56585
2018-01-02 00:11:00,0.1,0.0,66.36485,357730.44,0.0,0.0,28.214,0.68065906,1.0,1.0,68.01373,0.0,0.0,0.0,-1.6660389e-13,-0.752573,0.17614746,-400.25253,66.36485,55.184006,0.0,0.9,0.0,-1.777029e-13,0.0,75.94603,64.94954,64.788315,65.824486,68.5603
2018-01-02 00:12:00,0.1,0.0,66.36485,357730.44,0.0,0.0,28.14803,0.68054754,1.0,1.0,68.01232,0.0,0.0,0.0,-1.665503e-13,-0.75244254,0.17611694,-400.25253,66.36485,55.184006,0.0,0.9,0.0,-1.7764555e-13,0.0,75.94992,64.94789,64.78688,65.822174,68.55475
2018-01-02 00:13:00,0.1,0.0,66.36485,357730.44,0.0,0.0,28.082,0.6804371,1.0,1.0,68.0109,0.0,0.0,0.0,-1.6649919e-13,-0.7523199,0.17608643,-400.25253,66.36485,55.184006,0.0,0.9,0.0,-1.7758883e-13,0.0,75.95372,64.94624,64.78545,65.81987,68.54921
2018-01-02 00:14:00,0.1,0.0,66.36485,357730.44,0.0,0.0,28.016027,0.68032557,1.0,1.0,68.009445,0.0,0.0,0.0,-1.6644809e-13,-0.75220704,0.17605591,-400.25253,66.36485,55.184006,0.0,0.9,0.0,-1.7753023e-13,0.0,75.95745,64.944595,64.783966,65.817566,68.543655
2018-01-02 00:15:00,0.1,0.0,66.36485,357730.44,0.0,0.0,27.95,0.6802175,1.0,1.0,68.00799,0.0,0.0,0.0,-1.6638515e-13,-0.75206983,0.17602539,-400.25253,66.36485,55.184006,0.0,0.9,0.0,-1.7747663e-13,0.0,75.961136,64.94295,64.782486,65.81526,68.53811
2018-01-02 00:16:00,0.1,0.0,66.36485,357730.44,0.0,0.0,27.884027,0.6801059,1.0,1.0,68.0065,0.0,0.0,0.0,-1.6633972e-13,-0.7519533,0.17602539,-400.25253,66.36485,55.184006,0.0,0.9,0.0,-1.7741513e-13,0.0,75.96475,64.9413,64.781006,65.8129,68.53256
2018-01-02 00:17:00,0.1,0.0,66.36485,357730.44,0.0,0.0,27.817999,0.6799944,1.0,1.0,68.00499,0.0,0.0,0.0,-1.6628482e-13,-0.75182235,0.17599487,-400.25253,66.36485,55.184006,0.0,0.9,0.0,-1.7735848e-13,0.0,75.96832,64.93959,64.779465,65.81059,68.52696
2018-01-02 00:18:00,0.1,0.0,66.36479,357730.44,0.0,0.0,27.752026,0.6798852,1.0,1.0,68.00345,0.0,0.0,0.0,-1.6622744e-13,-0.7517078,0.17596436,-400.25253,66.36479,55.184006,0.0,0.9,0.0,-1.773021e-13,0.0,75.97179,64.93789,64.777985,65.80823,68.521355
2018-01-02 00:19:00,0.1,0.0,66.36479,357730.44,0.0,0.0,27.685999,0.67977595,1.0,1.0,68.0019,0.0,0.0,0.0,-1.66172e-13,-0.75158775,0.17593384,-400.25253,66.36479,55.184006,0.0,0.9,0.0,-1.7724278e-13,0.0,75.97525,64.93619,64.77644,65.80586,68.51575
2018-01-02 00:20:00,0.1,0.0,66.36479,357730.44,0.0,0.0,27.620026,0.6796621,1.0,1.0,68.000305,0.0,0.0,0.0,-1.661239e-13,-0.7514669,0.17590332,-400.25253,66.36479,55.184006,0.0,0.9,0.0,-1.7718565e-13,0.0,75.9786,64.93448,64.77486,65.80345,68.51015
2018-01-02 00:21:00,0.1,0.0,66.36479,357730.44,0.0,0.0,27.553997,0.6795505,1.0,1.0,67.9987,0.0,0.0,0.0,-1.6607116e-13,-0.7513414,0.1758728,-400.25253,66.36479,55.184006,0.0,0.9,0.0,-1.7712733e-13,0.0,75.981895,64.932724,64.773254,65.80109,68.50455
2018-01-02 00:22:00,0.1,0.0,66.36479,357730.44,0.0,0.0,27.488026,0.6794436,1.0,1.0,67.997086,0.0,0.0,0.0,-1.6601236e-13,-0.751208,0.17584229,-400.25253,66.36479,55.184006,0.0,0.9,0.0,-1.7707168e-13,0.0,75.98519,64.93102,64.77167,65.79867,68.498886
2018-01-02 00:23:00,0.1,0.0,66.36479,357730.44,0.0,0.0,27.421997,0.67933327,1.0,1.0,67.995445,0.0,0.0,0.0,-1.6595978e-13,-0.7510986,0.17581177,-400.25253,66.36479,55.184006,0.0,0.9,0.0,-1.7701332e-13,0.0,75.98837,64.92926,64.77007,65.79625,68.493286
2018-01-02 00:24:00,0.1,0.0,66.36479,357730.44,0.0,0.0,27.356024,0.6792217,1.0,1.0,67.993774,0.0,0.0,0.0,-1.6590768e-13,-0.75098854,0.17578125,-400.25253,66.36479,55.184006,0.0,0.9,0.0,-1.7695478e-13,0.0,75.99151,64.927505,64.768425,65.79384,68.487625
2018-01-02 00:25:00,0.1,0.0,66.36479,357730.44,0.0,0.0,27.289997,0.67911243,1.0,1.0,67.99208,0.0,0.0,0.0,-1.6585413e-13,-0.7508621,0.17578125,-400.25253,66.36479,55.184006,0.0,0.9,0.0,-1.7689805e-13,0.0,75.99458,64.92569,64.76678,65.79141,68.481964
2018-01-02 00:26:00,0.1,0.0,66.36479,357730.44,0.0,0.0,27.224024,0.67900324,1.0,1.0,67.99039,0.0,0.0,0.0,-1.6579563e-13,-0.75074166,0.17575073,-400.25253,66.36479,55.184006,0.0,0.9,0.0,-1.7683976e-13,0.0,75.997604,64.923935,64.76513,65.789,68.47626
2018-01-02 00:27:00,0.1,0.0,66.36479,357730.44,0.0,0.0,27.157995,0.67888933,1.0,1.0,67.98865,0.0,0.0,0.0,-1.6574875e-13,-0.7506109,0.17572021,-400.25253,66.36479,55.184006,0.0,0.9,0.0,-1.7678412e-13,0.0,76.00057,64.92212,64.76343,65.78653,68.4706
2018-01-02 00:28:00,0.1,0.0,66.36479,357730.44,0.0,0.0,27.092022,0.6787836,1.0,1.0,67.9869,0.0,0.0,0.0,-1.6569195e-13,-0.7504977,0.17565918,-400.25253,66.36479,55.184006,0.0,0.9,0.0,-1.7672493e-13,0.0,76.00354,64.92031,64.76172,65.78406,68.46489
2018-01-02 00:29:00,0.1,0.0,66.36479,357730.44,0.0,0.0,27.025995,0.67867094,1.0,1.0,67.98513,0.0,0.0,0.0,-1.6563849e-13,-0.7503705,0.17562866,-400.25253,66.36479,55.184006,0.0,0.9,0.0,-1.7666973e-13,0.0,76.00639,64.9185,64.760025,65.781586,68.45917
2018-01-02 00:30:00,0.1,0.0,66.36479,357730.44,0.0,0.0,26.960022,0.67855936,1.0,1.0,67.983345,0.0,0.0,0.0,-1.655795e-13,-0.75024396,0.17559814,-400.25253,66.36479,55.184006,0.0,0.9,0.0,-1.7661232e-13,0.0,76.0092,64.91669,64.75826,65.77911,68.45346
2018-01-02 00:31:00,0.1,0.0,66.36479,357730.44,0.0,0.0,26.893993,0.6784513,1.0,1.0,67.981544,0.0,0.0,0.0,-1.6552487e-13,-0.7501237,0.17556763,-400.25253,66.36479,55.184006,0.0,0.9,0.0,-1.7655526e-13,0.0,76.01199,64.91482,64.7565,65.77664,68.44775
2018-01-02 00:32:00,0.1,0.0,66.36479,357730.44,0.0,0.0,26.828022,0.6783374,1.0,1.0,67.97971,0.0,0.0,0.0,-1.6547759e-13,-0.75000125,0.17553711,-400.25253,66.36479,55.184006,0.0,0.9,0.0,-1.7649571e-13,0.0,76.014694,64.91301,64.754745,65.77411,68.44203
2018-01-02 00:33:00,0.1,0.0,66.36479,357730.44,0.0,0.0,26.761993,0.6782282,1.0,1.0,67.97787,0.0,0.0,0.0,-1.6542525e-13,-0.7498811,0.17553711,-400.25253,66.36479,55.184006,0.0,0.9,0.0,-1.7643887e-13,0.0,76.01738,64.91113,64.75299,65.77159,68.436264
2018-01-02 00:34:00,0.1,0.0,66.36479,357730.44,0.0,0.0,26.69602,0.67812014,1.0,1.0,67.976,0.0,0.0,0.0,-1.6536681e-13,-0.7497555,0.17550659,-400.25253,66.36479,55.184006,0.0,0.9,0.0,-1.763818e-13,0.0,76.02002,64.90927,64.751175,65.76906,68.4305
2018-01-02 00:35:00,0.1,0.0,66.36479,357730.44,0.0,0.0,26.629993,0.6780109,1.0,1.0,67.97412,0.0,0.0,0.0,-1.6531388e-13,-0.7496285,0.17547607,-400.25253,66.36479,55.184006,0.0,0.9,0.0,-1.7632538e-13,0.0,76.0226,64.90735,64.74931,65.76653,68.42479
2018-01-02 00:36:00,0.1,0.0,66.36479,357730.44,0.0,0.0,26.56402,0.67789817,1.0,1.0,67.97221,0.0,0.0,0.0,-1.652594e-13,-0.7495084,0.17544556,-400.25253,66.36479,55.184006,0.0,0.9,0.0,-1.7626764e-13,0.0,76.02513,64.90548,64.7475,65.76401,68.41896
2018-01-02 00:37:00,0.1,0.0,66.36479,357730.44,0.0,0.0,26.497992,0.67778784,1.0,1.0,67.97029,0.0,0.0,0.0,-1.6520302e-13,-0.74939233,0.17541504,-400.25253,66.36479,55.184006,0.0,0.9,0.0,-1.7620855e-13,0.0,76.0276,64.90356,64.74563,65.76143,68.41319
2018-01-02 00:38:00,0.1,0.0,66.36479,357730.44,0.0,0.0,26.432018,0.6776797,1.0,1.0,67.96834,0.0,0.0,0.0,-1.6515764e-13,-0.7492752,0.17538452,-400.25253,66.36479,55.184006,0.0,0.9,0.0,-1.7615217e-13,0.0,76.030014,64.901634,64.74376,65.75884,68.407425
2018-01-02 00:39:00,0.1,0.0,66.36479,357730.44,0.0,0.0,26.365992,0.6775693,1.0,1.0,67.96637,0.0,0.0,0.0,-1.6509874e-13,-0.7491525,0.175354,-400.25253,66.36479,55.184006,0.0,0.9,0.0,-1.7609562e-13,0.0,76.03243,64.89971,64.74184,65.756256,68.4016
2018-01-02 00:40:00,0.1,0.0,66.36474,357730.44,0.0,0.0,26.300018,0.677459,1.0,1.0,67.9644,0.0,0.0,0.0,-1.6504716e-13,-0.74903,0.17532349,-400.25253,66.36474,55.184006,0.0,0.9,0.0,-1.7603845e-13,0.0,76.03479,64.89779,64.739975,65.75368,68.39578
2018-01-02 00:41:00,0.1,0.0,66.36474,357730.44,0.0,0.0,26.23399,0.6773509,1.0,1.0,67.96239,0.0,0.0,0.0,-1.6499519e-13,-0.7489045,0.17529297,-400.25253,66.36474,55.184006,0.0,0.9,0.0,-1.7598276e-13,0.0,76.0371,64.89581,64.73799,65.7511,68.38995
2018-01-02 00:42:00,0.1,0.0,66.36474,357730.44,0.0,0.0,26.168018,0.67723936,1.0,1.0,67.96037,0.0,0.0,0.0,-1.6494213e-13,-0.7487791,0.17529297,-400.25253,66.36474,55.184006,0.0,0.9,0.0,-1.759262e-13,0.0,76.03935,64.89383,64.73607,65.74846,68.38414
2018-01-02 00:43:00,0.1,0.0,66.36474,357730.44,0.0,0.0,26.10199,0.677129,1.0,1.0,67.95834,0.0,0.0,0.0,-1.6488522e-13,-0.74866754,0.17526245,-400.25253,66.36474,55.184006,0.0,0.9,0.0,-1.7586667e-13,0.0,76.04161,64.89186,64.73409,65.74588,68.37826
2018-01-02 00:44:00,0.1,0.0,66.36474,357730.44,0.0,0.0,26.036016,0.6770209,1.0,1.0,67.9563,0.0,0.0,0.0,-1.6482609e-13,-0.7485464,0.17523193,-400.25253,66.36474,55.184006,0.0,0.9,0.0,-1.7580836e-13,0.0,76.04381,64.88988,64.73212,65.74324,68.37244
2018-01-02 00:45:00,0.1,0.0,66.36474,357730.44,0.0,0.0,25.96999,0.6769082,1.0,1.0,67.95422,0.0,0.0,0.0,-1.6478163e-13,-0.7484203,0.17520142,-400.25253,66.36474,55.184006,0.0,0.9,0.0,-1.7575256e-13,0.0,76.045944,64.8879,64.73013,65.7406,68.36656
2018-01-02 00:46:00,0.1,0.0,66.36474,357730.44,0.0,0.0,25.904016,0.67679894,1.0,1.0,67.95212,0.0,0.0,0.0,-1.647264e-13,-0.7483019,0.1751709,-400.25253,66.36474,55.184006,0.0,0.9,0.0,-1.7569526e-13,0.0,76.048035,64.885864,64.7281,65.737915,68.36068
2018-01-02 00:47:00,0.1,0.0,66.36474,357730.44,0.0,0.0,25.837988,0.67668974,1.0,1.0,67.95003,0.0,0.0,0.0,-1.6466978e-13,-0.74817705,0.17514038,-400.25253,66.36474,55.184006,0.0,0.9,0.0,-1.756396e-13,0.0,76.050125,64.883835,64.726074,65.735275,68.3548
2018-01-02 00:48:00,0.1,0.0,66.36474,357730.44,0.0,0.0,25.772015,0.67658055,1.0,1.0,67.9479,0.0,0.0,0.0,-1.6461763e-13,-0.7480523,0.17510986,-400.25253,66.36474,55.184006,0.0,0.9,0.0,-1.755824e-13,0.0,76.052155,64.881805,64.724045,65.73259,68.34892
2018-01-02 00:49:00,0.1,0.0,66.36474,357730.44,0.0,0.0,25.705988,0.6764701,1.0,1.0,67.94575,0.0,0.0,0.0,-1.645638e-13,-0.7479271,0.17507935,-400.25253,66.36474,55.184006,0.0,0.9,0.0,-1.7552618e-13,0.0,76.05413,64.879776,64.721954,65.72989,68.34299
2018-01-02 00:50:00,0.1,0.0,66.36474,357730.44,0.0,0.0,25.640015,0.6763609,1.0,1.0,67.943596,0.0,0.0,0.0,-1.645066e-13,-0.7478059,0.17507935,-400.25253,66.36474,55.184006,0.0,0.9,0.0,-1.7546984e-13,0.0,76.05611,64.87774,64.719864,65.7272,68.33706
2018-01-02 00:51:00,0.1,0.0,66.36474,357730.44,0.0,0.0,25.573986,0.6762505,1.0,1.0,67.94142,0.0,0.0,0.0,-1.6445057e-13,-0.74769026,0.17504883,-400.25253,66.36474,55.184006,0.0,0.9,0.0,-1.7541253e-13,0.0,76.05803,64.875656,64.71777,65.72451,68.33113
2018-01-02 00:52:00,0.1,0.0,66.36474,357730.44,0.0,0.0,25.508015,0.6761401,1.0,1.0,67.93922,0.0,0.0,0.0,-1.6440915e-13,-0.7475686,0.17501831,-400.25253,66.36474,55.184006,0.0,0.9,0.0,-1.7535543e-13,0.0,76.0599,64.873566,64.71564,65.72176,68.325195
2018-01-02 00:53:00,0.1,0.0,66.36474,357730.44,0.0,0.0,25.441986,0.67603207,1.0,1.0,67.93701,0.0,0.0,0.0,-1.6434666e-13,-0.747447,0.1749878,-400.25253,66.36474,55.184006,0.0,0.9,0.0,-1.7529772e-13,0.0,76.06177,64.871475,64.71349,65.71907,68.31926
2018-01-02 00:54:00,0.1,0.0,66.36474,357730.44,0.0,0.0,25.376013,0.67592055,1.0,1.0,67.9348,0.0,0.0,0.0,-1.6429378e-13,-0.74732167,0.17495728,-400.25253,66.36474,55.184006,0.0,0.9,0.0,-1.7524072e-13,0.0,76.06358,64.869385,64.71135,65.716324,68.313324
2018-01-02 00:55:00,0.1,0.0,66.36474,357730.44,0.0,0.0,25.309986,0.67581356,1.0,1.0,67.932556,0.0,0.0,0.0,-1.6423789e-13,-0.7472094,0.17492676,-400.25253,66.36474,55.184006,0.0,0.9,0.0,-1.7518296e-13,0.0,76.06539,64.86725,64.70921,65.71358,68.30734
2018-01-02 00:56:00,0.1,0.0,66.36474,357730.44,0.0,0.0,25.244013,0.6757009,1.0,1.0,67.930305,0.0,0.0,0.0,-1.6418984e-13,-0.7470826,0.17489624,-400.25253,66.36474,55.184006,0.0,0.9,0.0,-1.7512681e-13,0.0,76.067154,64.86516,64.707016,65.71083,68.30135
2018-01-02 00:57:00,0.1,0.0,66.36474,357730.44,0.0,0.0,25.177984,0.67559284,1.0,1.0,67.92802,0.0,0.0,0.0,-1.6413975e-13,-0.7469603,0.17486572,-400.25253,66.36474,55.184006,0.0,0.9,0.0,-1.7507079e-13,0.0,76.06885,64.86302,64.70482,65.70803,68.295364
2018-01-02 00:58:00,0.1,0.0,66.36474,357730.44,0.0,0.0,25.112011,0.67548126,1.0,1.0,67.925735,0.0,0.0,0.0,-1.6408135e-13,-0.74684066,0.17486572,-400.25253,66.36474,55.184006,0.0,0.9,0.0,-1.7501269e-13,0.0,76.07056,64.86087,64.70256,65.705284,68.28938
2018-01-02 00:59:00,0.1,0.0,66.36474,357730.44,0.0,0.0,25.045984,0.67537206,1.0,1.0,67.92344,0.0,0.0,0.0,-1.6402755e-13,-0.74672467,0.1748352,-400.25253,66.36474,55.184006,0.0,0.9,0.0,-1.7495502e-13,0.0,76.072205,64.858734,64.70036,65.702484,68.28339
2018-01-02 01:00:00,0.1,0.0,66.36474,357730.44,0.0,0.0,24.980011,0.67526287,1.0,1.0,67.921104,0.0,0.0,0.0,-1.6397751e-13,-0.7466018,0.17480469,-400.25253,66.36474,55.184006,0.0,0.9,0.0,-1.7489839e-13,0.0,76.07385,64.85654,64.69811,65.69968,68.27734
2018-01-02 01:01:00,0.1,0.0,66.36474,357730.44,0.0,0.0,25.013025,0.6751524,1.0,1.0,67.91876,0.0,0.0,0.0,-1.6392507e-13,-0.74647635,0.17477417,-400.25253,66.36474,55.184006,0.0,0.9,0.0,-1.7484294e-13,0.0,76.07544,64.85434,64.6958,65.696884,68.27136
2018-01-02 01:02:00,0.1,0.0,66.36474,357730.44,0.0,0.0,25.045984,0.6750409,1.0,1.0,67.91641,0.0,0.0,0.0,-1.6386961e-13,-0.74635905,0.17474365,-400.25253,66.36474,55.184006,0.0,0.9,0.0,-1.7478492e-13,0.0,76.07698,64.852196,64.69356,65.69402,68.26532
2018-01-02 01:03:00,0.1,0.0,66.36474,357730.44,0.0,0.0,25.078999,0.674934,1.0,1.0,67.914085,0.0,0.0,0.0,-1.6382045e-13,-0.7462324,0.17471313,-400.25253,66.36474,55.184006,0.0,0.9,0.0,-1.7472986e-13,0.0,76.078575,64.85,64.6913,65.69122,68.25933
2018-01-02 01:04:00,0.1,0.0,66.36474,357730.44,0.0,0.0,25.112011,0.67482245,1.0,1.0,67.911736,0.0,0.0,0.0,-1.6376379e-13,-0.74611086,0.17468262,-400.25253,66.36474,55.184006,0.0,0.9,0.0,-1.7467115e-13,0.0,76.08006,64.847855,64.68905,65.688416,68.25329
2018-01-02 01:05:00,0.1,0.0,66.36474,357730.44,0.0,0.0,25.145025,0.6747132,1.0,1.0,67.909386,0.0,0.0,0.0,-1.6371258e-13,-0.74599504,0.1746521,-400.25253,66.36474,55.184006,0.0,0.9,0.0,-1.7461614e-13,0.0,76.08154,64.84566,64.6868,65.68562,68.2473
2018-01-02 01:06:00,0.1,0.0,66.36474,357730.44,0.0,0.0,25.177984,0.67460287,1.0,1.0,67.90706,0.0,0.0,0.0,-1.6366178e-13,-0.7458658,0.1746521,-400.25253,66.36474,55.184006,0.0,0.9,0.0,-1.7455894e-13,0.0,76.08302,64.84352,64.6846,65.682816,68.24132
2018-01-02 01:07:00,0.1,0.0,66.36474,357730.44,0.0,0.0,25.210999,0.6744959,1.0,1.0,67.90471,0.0,0.0,0.0,-1.6359925e-13,-0.74574983,0.17462158,-400.25253,66.36474,55.184006,0.0,0.9,0.0,-1.7450207e-13,0.0,76.08446,64.841324,64.68234,65.680016,68.23538
2018-01-02 01:08:00,0.1,0.0,66.36474,357730.44,0.0,0.0,25.244013,0.67438436,1.0,1.0,67.90236,0.0,0.0,0.0,-1.6355556e-13,-0.74563116,0.17456055,-400.25253,66.36474,55.184006,0.0,0.9,0.0,-1.7444587e-13,0.0,76.08583,64.83917,64.680145,65.67727,68.22939
2018-01-02 01:09:00,0.1,0.0,66.36474,357730.44,0.0,0.0,25.277027,0.67427516,1.0,1.0,67.90001,0.0,0.0,0.0,-1.6349479e-13,-0.7455072,0.17453003,-400.25253,66.36474,55.184006,0.0,0.9,0.0,-1.7438947e-13,0.0,76.087204,64.837036,64.6779,65.67447,68.223465
2018-01-02 01:10:00,0.1,0.0,66.36474,357730.44,0.0,0.0,25.309986,0.67416704,1.0,1.0,67.89765,0.0,0.0,0.0,-1.6344676e-13,-0.7453849,0.17449951,-400.25253,66.36474,55.184006,0.0,0.9,0.0,-1.7433274e-13,0.0,76.08858,64.83484,64.675705,65.67166,68.21747
2018-01-02 01:11:00,0.1,0.0,66.36474,357730.44,0.0,0.0,25.342999,0.67405903,1.0,1.0,67.8953,0.0,0.0,0.0,-1.6339243e-13,-0.7452631,0.174469,-400.25253,66.36474,55.184006,0.0,0.9,0.0,-1.7427777e-13,0.0,76.08989,64.832695,64.67351,65.66887,68.21154
2018-01-02 01:12:00,0.1,0.0,66.36474,357730.44,0.0,0.0,25.376013,0.6739475,1.0,1.0,67.89296,0.0,0.0,0.0,-1.6333686e-13,-0.7451468,0.17443848,-400.25253,66.36474,55.184006,0.0,0.9,0.0,-1.7421755e-13,0.0,76.09121,64.83055,64.67131,65.66612,68.20561
2018-01-02 01:13:00,0.1,0.0,66.36474,357730.44,0.0,0.0,25.409027,0.67383707,1.0,1.0,67.89061,0.0,0.0,0.0,-1.6328787e-13,-0.74502057,0.17440796,-400.25253,66.36474,55.184006,0.0,0.9,0.0,-1.7416236e-13,0.0,76.09247,64.828415,64.66916,65.663315,68.19968
2018-01-02 01:14:00,0.1,0.0,66.36474,357730.44,0.0,0.0,25.441986,0.6737267,1.0,1.0,67.88827,0.0,0.0,0.0,-1.6323448e-13,-0.7448968,0.17437744,-400.25253,66.36474,55.184006,0.0,0.9,0.0,-1.7410768e-13,0.0,76.093735,64.82626,64.66696,65.66057,68.1938
2018-01-02 01:15:00,0.1,0.0,66.36474,357730.44,0.0,0.0,25.475,0.67361635,1.0,1.0,67.88591,0.0,0.0,0.0,-1.6318216e-13,-0.7447809,0.17437744,-400.25253,66.36474,55.184006,0.0,0.9,0.0,-1.7404852e-13,0.0,76.09494,64.82413,64.664825,65.65777,68.18787
2018-01-02 01:16:00,0.1,0.0,66.36474,357730.44,0.0,0.0,25.508015,0.67350936,1.0,1.0,67.88357,0.0,0.0,0.0,-1.6312427e-13,-0.74465835,0.17434692,-400.25253,66.36474,55.184006,0.0,0.9,0.0,-1.7399282e-13,0.0,76.09615,64.82198,64.66268,65.65502,68.18199
2018-01-02 01:17:00,0.1,0.0,66.36474,357730.44,0.0,0.0,25.541027,0.67340016,1.0,1.0,67.881226,0.0,0.0,0.0,-1.6307643e-13,-0.7445382,0.1743164,-400.25253,66.36474,55.184006,0.0,0.9,0.0,-1.7393782e-13,0.0,76.09737,64.81984,64.66054,65.652275,68.17611
2018-01-02 01:18:00,0.1,0.0,66.36474,357730.44,0.0,0.0,25.573986,0.6732933,1.0,1.0,67.87886,0.0,0.0,0.0,-1.6301821e-13,-0.74441504,0.17428589,-400.25253,66.36474,55.184006,0.0,0.9,0.0,-1.7388064e-13,0.0,76.09851,64.8177,64.6584,65.649475,68.17023
2018-01-02 01:19:00,0.1,0.0,66.36474,357730.44,0.0,0.0,25.607,0.6731805,1.0,1.0,67.876526,0.0,0.0,0.0,-1.6297128e-13,-0.7443006,0.17425537,-400.25253,66.36474,55.184006,0.0,0.9,0.0,-1.7382311e-13,0.0,76.09967,64.81561,64.65625,65.64673,68.16435
2018-01-02 01:20:00,0.1,0.0,66.36474,357730.44,0.0,0.0,25.640015,0.6730725,1.0,1.0,67.87419,0.0,0.0,0.0,-1.6291589e-13,-0.744175,0.17422485,-400.25253,66.36474,55.184006,0.0,0.9,0.0,-1.737669e-13,0.0,76.10077,64.81347,64.65417,65.64398,68.15853
2018-01-02 01:21:00,0.1,0.0,66.36474,357730.44,0.0,0.0,25.673029,0.67296326,1.0,1.0,67.87183,0.0,0.0,0.0,-1.6286385e-13,-0.74406326,0.17419434,-400.25253,66.36474,55.184006,0.0,0.9,0.0,-1.73711e-13,0.0,76.10187,64.811325,64.65202,65.641235,68.15271
2018-01-02 01:22:00,0.1,0.0,66.36474,357730.44,0.0,0.0,25.705988,0.6728529,1.0,1.0,67.86949,0.0,0.0,0.0,-1.6281217e-13,-0.74393505,0.17416382,-400.25253,66.36474,55.184006,0.0,0.9,0.0,-1.7365491e-13,0.0,76.10297,64.809235,64.64993,65.63849,68.146835
2018-01-02 01:23:00,0.1,0.0,66.36474,357730.44,0.0,0.0,25.739002,0.6727437,1.0,1.0,67.86714,0.0,0.0,0.0,-1.6275567e-13,-0.7438119,0.17416382,-400.25253,66.36474,55.184006,0.0,0.9,0.0,-1.7359824e-13,0.0,76.104004,64.8071,64.64785,65.63574,68.14101
2018-01-02 01:24:00,0.1,0.0,66.36474,357730.44,0.0,0.0,25.772015,0.67263675,1.0,1.0,67.86482,0.0,0.0,0.0,-1.6269962e-13,-0.7436983,0.1741333,-400.25253,66.36474,55.184006,0.0,0.9,0.0,-1.73541e-13,0.0,76.10506,64.80501,64.64577,65.632996,68.13524
2018-01-02 01:25:00,0.1,0.0,66.36474,357730.44,0.0,0.0,25.805029,0.67252517,1.0,1.0,67.86247,0.0,0.0,0.0,-1.6265282e-13,-0.7435713,0.17410278,-400.25253,66.36474,55.184006,0.0,0.9,0.0,-1.7348555e-13,0.0,76.10604,64.80292,64.64368,65.6303,68.12942
2018-01-02 01:26:00,0.1,0.0,66.36474,357730.44,0.0,0.0,25.837988,0.672416,1.0,1.0,67.86012,0.0,0.0,0.0,-1.6259527e-13,-0.743446,0.17407227,-400.25253,66.36474,55.184006,0.0,0.9,0.0,-1.7343038e-13,0.0,76.107025,64.80078,64.64165,65.627556,68.1236
2018-01-02 01:27:00,0.1,0.0,66.36474,357730.44,0.0,0.0,25.871002,0.6723056,1.0,1.0,67.85778,0.0,0.0,0.0,-1.6254744e-13,-0.74332845,0.17404175,-400.25253,66.36474,55.184006,0.0,0.9,0.0,-1.7337308e-13,0.0,76.10802,64.79869,64.63956,65.62481,68.11783
2018-01-02 01:28:00,0.1,0.0,66.36474,357730.44,0.0,0.0,25.904016,0.6721963,1.0,1.0,67.85546,0.0,0.0,0.0,-1.624966e-13,-0.7432189,0.17401123,-400.25253,66.36474,55.184006,0.0,0.9,0.0,-1.7331506e-13,0.0,76.10901,64.7966,64.63753,65.622116,68.11206
2018-01-02 01:29:00,0.1,0.0,66.36474,357730.44,0.0,0.0,25.93703,0.6720906,1.0,1.0,67.853134,0.0,0.0,0.0,-1.6244181e-13,-0.74308246,0.17398071,-400.25253,66.36474,55.184006,0.0,0.9,0.0,-1.7326105e-13,0.0,76.10994,64.79452,64.63549,65.61943,68.10629
2018-01-02 01:30:00,0.1,0.0,66.36474,357730.44,0.0,0.0,25.96999,0.67197675,1.0,1.0,67.85079,0.0,0.0,0.0,-1.6238753e-13,-0.74296486,0.1739502,-400.25253,66.36474,55.184006,0.0,0.9,0.0,-1.7320307e-13,0.0,76.11087,64.792435,64.63345,65.616684,68.100525
2018-01-02 01:31:00,0.1,0.0,66.36474,357730.44,0.0,0.0,26.003002,0.6718687,1.0,1.0,67.84848,0.0,0.0,0.0,-1.6233504e-13,-0.7428492,0.1739502,-400.25253,66.36474,55.184006,0.0,0.9,0.0,-1.7314776e-13,0.0,76.111755,64.790344,64.631485,65.61398,68.09481
2018-01-02 01:32:00,0.1,0.0,66.36474,357730.44,0.0,0.0,26.036016,0.6717641,1.0,1.0,67.84615,0.0,0.0,0.0,-1.622806e-13,-0.74272627,0.17391968,-400.25253,66.36474,55.184006,0.0,0.9,0.0,-1.7308965e-13,0.0,76.112686,64.78825,64.62945,65.6113,68.089096
2018-01-02 01:33:00,0.1,0.0,66.36474,357730.44,0.0,0.0,26.06903,0.67165023,1.0,1.0,67.84383,0.0,0.0,0.0,-1.6223484e-13,-0.74260694,0.17388916,-400.25253,66.36474,55.184006,0.0,0.9,0.0,-1.7303644e-13,0.0,76.11357,64.78616,64.62747,65.608604,68.08333
2018-01-02 01:34:00,0.1,0.0,66.36474,357730.44,0.0,0.0,26.10199,0.6715445,1.0,1.0,67.84151,0.0,0.0,0.0,-1.6217274e-13,-0.7424926,0.17385864,-400.25253,66.36474,55.184006,0.0,0.9,0.0,-1.7297935e-13,0.0,76.114395,64.784134,64.62544,65.60591,68.07762
2018-01-02 01:35:00,0.1,0.0,66.36474,357730.44,0.0,0.0,26.135004,0.6714329,1.0,1.0,67.83919,0.0,0.0,0.0,-1.6212402e-13,-0.7423609,0.17382812,-400.25253,66.36474,55.184006,0.0,0.9,0.0,-1.7292271e-13,0.0,76.115265,64.78204,64.62346,65.603226,68.07196
2018-01-02 01:36:00,0.1,0.0,66.36474,357730.44,0.0,0.0,26.168018,0.6713249,1.0,1.0,67.83688,0.0,0.0,0.0,-1.620682e-13,-0.742243,0.1737976,-400.25253,66.36474,55.184006,0.0,0.9,0.0,-1.7286719e-13,0.0,76.11609,64.780014,64.62154,65.600525,68.066246
2018-01-02 01:37:00,0.1,0.0,66.36474,357730.44,0.0,0.0,26.20103,0.67121685,1.0,1.0,67.83457,0.0,0.0,0.0,-1.6201935e-13,-0.7421304,0.17376709,-400.25253,66.36474,55.184006,0.0,0.9,0.0,-1.7280925e-13,0.0,76.11691,64.77792,64.61956,65.59784,68.06059
2018-01-02 01:38:00,0.1,0.0,66.36474,357730.44,0.0,0.0,26.23399,0.67110527,1.0,1.0,67.83225,0.0,0.0,0.0,-1.6197331e-13,-0.74201226,0.17376709,-400.25253,66.36474,55.184006,0.0,0.9,0.0,-1.727525e-13,0.0,76.11769,64.775894,64.617584,65.595146,68.05493
2018-01-02 01:39:00,0.1,0.0,66.36474,357730.44,0.0,0.0,26.267004,0.67099607,1.0,1.0,67.82994,0.0,0.0,0.0,-1.6191286e-13,-0.7418813,0.17373657,-400.25253,66.36474,55.184006,0.0,0.9,0.0,-1.726981e-13,0.0,76.118454,64.7738,64.61566,65.592514,68.04927
2018-01-02 01:40:00,0.1,0.0,66.36474,357730.44,0.0,0.0,26.300018,0.670888,1.0,1.0,67.82763,0.0,0.0,0.0,-1.6185547e-13,-0.74176645,0.17370605,-400.25253,66.36474,55.184006,0.0,0.9,0.0,-1.7264159e-13,0.0,76.119225,64.771774,64.61374,65.58981,68.04361
2018-01-02 01:41:00,0.1,0.0,66.36474,357730.44,0.0,0.0,26.333033,0.6707811,1.0,1.0,67.82534,0.0,0.0,0.0,-1.6180785e-13,-0.741648,0.17367554,-400.25253,66.36474,55.184006,0.0,0.9,0.0,-1.7258672e-13,0.0,76.119995,64.769745,64.61182,65.58718,68.03796
2018-01-02 01:42:00,0.1,0.0,66.36474,357730.44,0.0,0.0,26.365992,0.670673,1.0,1.0,67.82305,0.0,0.0,0.0,-1.6175124e-13,-0.74152124,0.17364502,-400.25253,66.36474,55.184006,0.0,0.9,0.0,-1.7252996e-13,0.0,76.12076,64.767715,64.60989,65.58455,68.03235
2018-01-02 01:43:00,0.1,0.0,66.36474,357730.44,0.0,0.0,26.399006,0.6705626,1.0,1.0,67.82076,0.0,0.0,0.0,-1.6170112e-13,-0.74140394,0.1736145,-400.25253,66.36474,55.184006,0.0,0.9,0.0,-1.7247564e-13,0.0,76.121475,64.76568,64.608025,65.58191,68.02675
2018-01-02 01:44:00,0.1,0.0,66.36474,357730.44,0.0,0.0,26.432018,0.67045224,1.0,1.0,67.81849,0.0,0.0,0.0,-1.6164826e-13,-0.7412726,0.17358398,-400.25253,66.36474,55.184006,0.0,0.9,0.0,-1.7241947e-13,0.0,76.12219,64.76364,64.6061,65.57933,68.02115
2018-01-02 01:45:00,0.1,0.0,66.36474,357730.44,0.0,0.0,26.465033,0.67034185,1.0,1.0,67.8162,0.0,0.0,0.0,-1.6159972e-13,-0.74116635,0.17355347,-400.25253,66.36474,55.184006,0.0,0.9,0.0,-1.7236118e-13,0.0,76.12285,64.76161,64.60423,65.576744,68.01555
2018-01-02 01:46:00,0.1,0.0,66.36474,357730.44,0.0,0.0,26.497992,0.670235,1.0,1.0,67.81393,0.0,0.0,0.0,-1.6153845e-13,-0.7410323,0.17355347,-400.25253,66.36474,55.184006,0.0,0.9,0.0,-1.7230793e-13,0.0,76.123566,64.75958,64.60237,65.57416,68.00994
2018-01-02 01:47:00,0.1,0.0,66.36474,357730.44,0.0,0.0,26.531006,0.6701257,1.0,1.0,67.811646,0.0,0.0,0.0,-1.6148964e-13,-0.7409171,0.17352295,-400.25253,66.36474,55.184006,0.0,0.9,0.0,-1.7225194e-13,0.0,76.12422,64.7576,64.600494,65.571526,68.004395
2018-01-02 01:48:00,0.1,0.0,66.36474,357730.44,0.0,0.0,26.56402,0.67001766,1.0,1.0,67.80937,0.0,0.0,0.0,-1.6143708e-13,-0.740794,0.17346191,-400.25253,66.36474,55.184006,0.0,0.9,0.0,-1.7219495e-13,0.0,76.12488,64.75557,64.59863,65.569,67.998795
2018-01-02 01:49:00,0.1,0.0,66.36474,357730.44,0.0,0.0,26.597034,0.66990846,1.0,1.0,67.80711,0.0,0.0,0.0,-1.6138107e-13,-0.74067515,0.1734314,-400.25253,66.36474,55.184006,0.0,0.9,0.0,-1.721393e-13,0.0,76.12554,64.75359,64.59682,65.56642,67.99324
2018-01-02 01:50:00,0.1,0.0,66.36474,357730.44,0.0,0.0,26.629993,0.6697992,1.0,1.0,67.80487,0.0,0.0,0.0,-1.6133213e-13,-0.7405562,0.17340088,-400.25253,66.36474,55.184006,0.0,0.9,0.0,-1.7208301e-13,0.0,76.126205,64.75156,64.595,65.563835,67.98775
2018-01-02 01:51:00,0.1,0.0,66.36474,357730.44,0.0,0.0,26.663006,0.66968995,1.0,1.0,67.8026,0.0,0.0,0.0,-1.612814e-13,-0.7404439,0.17337036,-400.25253,66.36474,55.184006,0.0,0.9,0.0,-1.7202579e-13,0.0,76.1268,64.74959,64.59314,65.56125,67.9822
2018-01-02 01:52:00,0.1,0.0,66.36474,357730.44,0.0,0.0,26.69602,0.66958076,1.0,1.0,67.80036,0.0,0.0,0.0,-1.612271e-13,-0.7403071,0.17333984,-400.25253,66.36474,55.184006,0.0,0.9,0.0,-1.7197231e-13,0.0,76.12741,64.747604,64.591324,65.55873,67.97671
2018-01-02 01:53:00,0.1,0.0,66.36474,357730.44,0.0,0.0,26.729034,0.66947037,1.0,1.0,67.7981,0.0,0.0,0.0,-1.6117695e-13,-0.7401831,0.17330933,-400.25253,66.36474,55.184006,0.0,0.9,0.0,-1.7191645e-13,0.0,76.12801,64.745575,64.58957,65.5562,67.97116
2018-01-02 01:54:00,0.1,0.0,66.36474,357730.44,0.0,0.0,26.761993,0.66936463,1.0,1.0,67.79586,0.0,0.0,0.0,-1.6112361e-13,-0.74007154,0.17330933,-400.25253,66.36474,55.184006,0.0,0.9,0.0,-1.7185988e-13,0.0,76.12862,64.74359,64.58775,65.55367,67.96567
2018-01-02 01:55:00,0.1,0.0,66.36474,357730.44,0.0,0.0,26.795008,0.6692531,1.0,1.0,67.793625,0.0,0.0,0.0,-1.6107196e-13,-0.7399546,0.17327881,-400.25253,66.36474,55.184006,0.0,0.9,0.0,-1.7180413e-13,0.0,76.129166,64.74162,64.586,65.55109,67.96023
2018-01-02 01:56:00,0.1,0.0,66.36474,357730.44,0.0,0.0,26.828022,0.6691497,1.0,1.0,67.7914,0.0,0.0,0.0,-1.6101631e-13,-0.7398364,0.17324829,-400.25253,66.36474,55.184006,0.0,0.9,0.0,-1.7174882e-13,0.0,76.129776,64.7397,64.58418,65.54857,67.954735
2018-01-02 01:57:00,0.1,0.0,66.36474,357730.44,0.0,0.0,26.861034,0.66903925,1.0,1.0,67.78917,0.0,0.0,0.0,-1.60966e-13,-0.7397143,0.17321777,-400.25253,66.36474,55.184006,0.0,0.9,0.0,-1.7169366e-13,0.0,76.130325,64.73772,64.58243,65.5461,67.949295
2018-01-02 01:58:00,0.1,0.0,66.36474,357730.44,0.0,0.0,26.893993,0.66893005,1.0,1.0,67.78694,0.0,0.0,0.0,-1.6092345e-13,-0.7395943,0.17318726,-400.25253,66.36474,55.184006,0.0,0.9,0.0,-1.7163786e-13,0.0,76.130875,64.73574,64.58067,65.543564,67.94386
2018-01-02 01:59:00,0.1,0.0,66.36474,357730.44,0.0,0.0,26.927008,0.66882086,1.0,1.0,67.78472,0.0,0.0,0.0,-1.6086392e-13,-0.7394665,0.17315674,-400.25253,66.36474,55.184006,0.0,0.9,0.0,-1.7158173e-13,0.0,76.131424,64.733765,64.578964,65.54104,67.938416
2018-01-02 02:00:00,0.1,0.0,66.36474,357730.44,0.0,0.0,26.960022,0.6687139,1.0,1.0,67.7825,0.0,0.0,0.0,-1.6080803e-13,-0.73934585,0.17312622,-400.25253,66.36474,55.184006,0.0,0.9,0.0,-1.7152564e-13,0.0,76.13191,64.73184,64.57721,65.53857,67.93298
2018-01-02 02:01:00,0.1,0.0,66.36474,357730.44,0.0,0.0,26.945026,0.66860235,1.0,1.0,67.78029,0.0,0.0,0.0,-1.6076127e-13,-0.7392382,0.1730957,-400.25253,66.36474,55.184006,0.0,0.9,0.0,-1.7146809e-13,0.0,76.13241,64.72986,64.5755,65.536095,67.92754
2018-01-02 02:02:00,0.1,0.0,66.36474,357730.44,0.0,0.0,26.930029,0.6684955,1.0,1.0,67.778076,0.0,0.0,0.0,-1.6070427e-13,-0.73911744,0.1730957,-400.25253,66.36474,55.184006,0.0,0.9,0.0,-1.7141272e-13,0.0,76.13296,64.727936,64.573746,65.53357,67.922165
2018-01-02 02:03:00,0.1,0.0,66.36474,357730.44,0.0,0.0,26.915033,0.6683863,1.0,1.0,67.77588,0.0,0.0,0.0,-1.6065414e-13,-0.7389982,0.17306519,-400.25253,66.36474,55.184006,0.0,0.9,0.0,-1.713586e-13,0.0,76.13345,64.72601,64.572044,65.5311,67.91678
2018-01-02 02:04:00,0.1,0.0,66.36479,357730.44,0.0,0.0,26.900036,0.66827935,1.0,1.0,67.77367,0.0,0.0,0.0,-1.605994e-13,-0.7388799,0.17303467,-400.25253,66.36479,55.184006,0.0,0.9,0.0,-1.7130248e-13,0.0,76.13394,64.724045,64.57034,65.528625,67.91134
2018-01-02 02:05:00,0.1,0.0,66.36479,357730.44,0.0,0.0,26.884985,0.6681701,1.0,1.0,67.77142,0.0,0.0,0.0,-1.6054905e-13,-0.7387504,0.17300415,-400.25253,66.36479,55.184006,0.0,0.9,0.0,-1.7124739e-13,0.0,76.134384,64.72212,64.56859,65.52609,67.90596
2018-01-02 02:06:00,0.1,0.0,66.36479,357730.44,0.0,0.0,26.86999,0.66805977,1.0,1.0,67.76921,0.0,0.0,0.0,-1.6049878e-13,-0.7386284,0.17297363,-400.25253,66.36479,55.184006,0.0,0.9,0.0,-1.711916e-13,0.0,76.13488,64.72014,64.56688,65.52362,67.90057
2018-01-02 02:07:00,0.1,0.0,66.36479,357730.44,0.0,0.0,26.854992,0.66795164,1.0,1.0,67.767006,0.0,0.0,0.0,-1.604479e-13,-0.7385136,0.17294312,-400.25253,66.36479,55.184006,0.0,0.9,0.0,-1.7113565e-13,0.0,76.135315,64.718216,64.56518,65.52115,67.89519
2018-01-02 02:08:00,0.1,0.0,66.36479,357730.44,0.0,0.0,26.839996,0.6678436,1.0,1.0,67.76476,0.0,0.0,0.0,-1.6039343e-13,-0.73840135,0.1729126,-400.25253,66.36479,55.184006,0.0,0.9,0.0,-1.7107966e-13,0.0,76.13576,64.71624,64.563416,65.51863,67.8898
2018-01-02 02:09:00,0.1,0.0,66.36479,357730.44,0.0,0.0,26.825,0.66773784,1.0,1.0,67.76259,0.0,0.0,0.0,-1.6033992e-13,-0.73826915,0.1729126,-400.25253,66.36479,55.184006,0.0,0.9,0.0,-1.7102557e-13,0.0,76.13625,64.71432,64.56172,65.51616,67.884476
2018-01-02 02:10:00,0.1,0.0,66.36479,357730.44,0.0,0.0,26.810003,0.6676275,1.0,1.0,67.76036,0.0,0.0,0.0,-1.6028453e-13,-0.73815036,0.17288208,-400.25253,66.36479,55.184006,0.0,0.9,0.0,-1.7097004e-13,0.0,76.13664,64.712395,64.56001,65.51369,67.87909
2018-01-02 02:11:00,0.1,0.0,66.36479,357730.44,0.0,0.0,26.795008,0.6675205,1.0,1.0,67.75813,0.0,0.0,0.0,-1.6023252e-13,-0.7380353,0.17285156,-400.25253,66.36479,55.184006,0.0,0.9,0.0,-1.709134e-13,0.0,76.13708,64.71042,64.55826,65.511154,67.87371
2018-01-02 02:12:00,0.1,0.0,66.36479,357730.44,0.0,0.0,26.78001,0.6674125,1.0,1.0,67.75593,0.0,0.0,0.0,-1.60183e-13,-0.7379094,0.17282104,-400.25253,66.36479,55.184006,0.0,0.9,0.0,-1.708582e-13,0.0,76.13751,64.708496,64.55655,65.50868,67.86838
2018-01-02 02:13:00,0.1,0.0,66.36479,357730.44,0.0,0.0,26.765015,0.667301,1.0,1.0,67.75371,0.0,0.0,0.0,-1.6013466e-13,-0.73778915,0.17279053,-400.25253,66.36479,55.184006,0.0,0.9,0.0,-1.7080304e-13,0.0,76.1379,64.70657,64.554794,65.50621,67.86305
2018-01-02 02:14:00,0.1,0.0,66.36479,357730.44,0.0,0.0,26.75002,0.6671952,1.0,1.0,67.751465,0.0,0.0,0.0,-1.6008115e-13,-0.7376693,0.17276001,-400.25253,66.36479,55.184006,0.0,0.9,0.0,-1.707485e-13,0.0,76.13829,64.70459,64.55309,65.503685,67.857666
2018-01-02 02:15:00,0.1,0.0,66.36479,357730.44,0.0,0.0,26.735022,0.667086,1.0,1.0,67.74927,0.0,0.0,0.0,-1.6002786e-13,-0.7375505,0.17272949,-400.25253,66.36479,55.184006,0.0,0.9,0.0,-1.706926e-13,0.0,76.138725,64.70267,64.55139,65.50121,67.85234
2018-01-02 02:16:00,0.1,0.0,66.36479,357730.44,0.0,0.0,26.720026,0.6669791,1.0,1.0,67.74704,0.0,0.0,0.0,-1.5997633e-13,-0.7374409,0.17269897,-400.25253,66.36479,55.184006,0.0,0.9,0.0,-1.7063484e-13,0.0,76.139114,64.7007,64.54964,65.49874,67.847015
2018-01-02 02:17:00,0.1,0.0,66.36479,357730.44,0.0,0.0,26.705029,0.6668699,1.0,1.0,67.74481,0.0,0.0,0.0,-1.5992065e-13,-0.737309,0.17269897,-400.25253,66.36479,55.184006,0.0,0.9,0.0,-1.7058132e-13,0.0,76.139435,64.69878,64.54793,65.496216,67.84169
2018-01-02 02:18:00,0.1,0.0,66.36479,357730.44,0.0,0.0,26.690033,0.6667606,1.0,1.0,67.74259,0.0,0.0,0.0,-1.5987602e-13,-0.7371879,0.17266846,-400.25253,66.36479,55.184006,0.0,0.9,0.0,-1.7052738e-13,0.0,76.139824,64.69685,64.54617,65.493744,67.83636
2018-01-02 02:19:00,0.1,0.0,66.36479,357730.44,0.0,0.0,26.675037,0.6666514,1.0,1.0,67.74037,0.0,0.0,0.0,-1.5982353e-13,-0.73707205,0.17263794,-400.25253,66.36479,55.184006,0.0,0.9,0.0,-1.7047006e-13,0.0,76.14021,64.69487,64.544464,65.49127,67.831024
2018-01-02 02:20:00,0.1,0.0,66.36479,357730.44,0.0,0.0,26.659985,0.6665468,1.0,1.0,67.73814,0.0,0.0,0.0,-1.5976674e-13,-0.7369526,0.17260742,-400.25253,66.36479,55.184006,0.0,0.9,0.0,-1.7041486e-13,0.0,76.14053,64.69295,64.54271,65.48874,67.82576
2018-01-02 02:21:00,0.1,0.0,66.36479,357730.44,0.0,0.0,26.644989,0.66643757,1.0,1.0,67.735916,0.0,0.0,0.0,-1.5971476e-13,-0.73683286,0.1725769,-400.25253,66.36479,55.184006,0.0,0.9,0.0,-1.7035987e-13,0.0,76.14087,64.69097,64.54101,65.48627,67.82043
2018-01-02 02:22:00,0.1,0.0,66.36479,357730.44,0.0,0.0,26.629993,0.66632605,1.0,1.0,67.733696,0.0,0.0,0.0,-1.5966621e-13,-0.7367102,0.17254639,-400.25253,66.36479,55.184006,0.0,0.9,0.0,-1.7030451e-13,0.0,76.14125,64.68905,64.539246,65.483795,67.815155
2018-01-02 02:23:00,0.1,0.0,66.36479,357730.44,0.0,0.0,26.614996,0.666218,1.0,1.0,67.73147,0.0,0.0,0.0,-1.5961475e-13,-0.7365924,0.17251587,-400.25253,66.36479,55.184006,0.0,0.9,0.0,-1.7024895e-13,0.0,76.14159,64.687126,64.53755,65.48128,67.80983
2018-01-02 02:24:00,0.1,0.0,66.36479,357730.44,0.0,0.0,26.6,0.6661099,1.0,1.0,67.72925,0.0,0.0,0.0,-1.5955935e-13,-0.7364673,0.17248535,-400.25253,66.36479,55.184006,0.0,0.9,0.0,-1.7019525e-13,0.0,76.14191,64.68515,64.53579,65.478806,67.80455
2018-01-02 02:25:00,0.1,0.0,66.36479,357730.44,0.0,0.0,26.585003,0.666003,1.0,1.0,67.727005,0.0,0.0,0.0,-1.595105e-13,-0.73636,0.17248535,-400.25253,66.36479,55.184006,0.0,0.9,0.0,-1.7013857e-13,0.0,76.14218,64.68323,64.53403,65.47633,67.79928
2018-01-02 02:26:00,0.1,0.0,66.36479,357730.44,0.0,0.0,26.570007,0.6658961,1.0,1.0,67.72479,0.0,0.0,0.0,-1.5945887e-13,-0.7362344,0.17245483,-400.25253,66.36479,55.184006,0.0,0.9,0.0,-1.7008427e-13,0.0,76.14252,64.681305,64.53233,65.4738,67.79401
2018-01-02 02:27:00,0.1,0.0,66.36479,357730.44,0.0,0.0,26.555012,0.66578573,1.0,1.0,67.722565,0.0,0.0,0.0,-1.5940622e-13,-0.7361138,0.1723938,-400.25253,66.36479,55.184006,0.0,0.9,0.0,-1.7002903e-13,0.0,76.142845,64.67932,64.53057,65.47133,67.78873
2018-01-02 02:28:00,0.1,0.0,66.36479,357730.44,0.0,0.0,26.540014,0.6656788,1.0,1.0,67.72034,0.0,0.0,0.0,-1.593563e-13,-0.7359978,0.17236328,-400.25253,66.36479,55.184006,0.0,0.9,0.0,-1.699728e-13,0.0,76.14312,64.6774,64.52887,65.4688,67.78346
2018-01-02 02:29:00,0.1,0.0,66.36479,357730.44,0.0,0.0,26.525019,0.6655719,1.0,1.0,67.7181,0.0,0.0,0.0,-1.5929964e-13,-0.73587537,0.17233276,-400.25253,66.36479,55.184006,0.0,0.9,0.0,-1.6991835e-13,0.0,76.143394,64.675476,64.527115,65.46633,67.77818
2018-01-02 02:30:00,0.1,0.0,66.36479,357730.44,0.0,0.0,26.510021,0.66546154,1.0,1.0,67.71587,0.0,0.0,0.0,-1.5925347e-13,-0.7357542,0.17230225,-400.25253,66.36479,55.184006,0.0,0.9,0.0,-1.6986353e-13,0.0,76.14372,64.67351,64.52535,65.46386,67.77291
2018-01-02 02:31:00,0.1,0.0,66.36479,357730.44,0.0,0.0,26.495026,0.66535234,1.0,1.0,67.71363,0.0,0.0,0.0,-1.5919849e-13,-0.73563427,0.17227173,-400.25253,66.36479,55.184006,0.0,0.9,0.0,-1.698082e-13,0.0,76.144,64.671585,64.52365,65.46127,67.76764
2018-01-02 02:32:00,0.1,0.0,66.36479,357730.44,0.0,0.0,26.48003,0.66524655,1.0,1.0,67.71139,0.0,0.0,0.0,-1.5914825e-13,-0.7355237,0.17227173,-400.25253,66.36479,55.184006,0.0,0.9,0.0,-1.6975085e-13,0.0,76.14427,64.6696,64.5219,65.458755,67.76242
2018-01-02 02:33:00,0.1,0.0,66.36479,357730.44,0.0,0.0,26.465033,0.66513735,1.0,1.0,67.709145,0.0,0.0,0.0,-1.590983e-13,-0.7354027,0.17224121,-400.25253,66.36479,55.184006,0.0,0.9,0.0,-1.6969695e-13,0.0,76.14455,64.66768,64.520134,65.45622,67.75714
2018-01-02 02:34:00,0.1,0.0,66.36479,357730.44,0.0,0.0,26.450037,0.6650305,1.0,1.0,67.70692,0.0,0.0,0.0,-1.5904037e-13,-0.73528135,0.1722107,-400.25253,66.36479,55.184006,0.0,0.9,0.0,-1.6964227e-13,0.0,76.14477,64.66576,64.51843,65.4537,67.75192
2018-01-02 02:35:00,0.1,0.0,66.36479,357730.44,0.0,0.0,26.434986,0.66492003,1.0,1.0,67.704666,0.0,0.0,0.0,-1.5899176e-13,-0.7351647,0.17218018,-400.25253,66.36479,55.184006,0.0,0.9,0.0,-1.6958468e-13,0.0,76.14504,64.66378,64.51668,65.45111,67.746704
2018-01-02 02:36:00,0.1,0.0,66.36479,357730.44,0.0,0.0,26.419989,0.66481197,1.0,1.0,67.702415,0.0,0.0,0.0,-1.5894645e-13,-0.7350433,0.17214966,-400.25253,66.36479,55.184006,0.0,0.9,0.0,-1.6953282e-13,0.0,76.14526,64.66186,64.514915,65.44859,67.74144
2018-01-02 02:37:00,0.1,0.0,66.36479,357730.44,0.0,0.0,26.404993,0.66470623,1.0,1.0,67.70018,0.0,0.0,0.0,-1.588847e-13,-0.734929,0.17211914,-400.25253,66.36479,55.184006,0.0,0.9,0.0,-1.6947769e-13,0.0,76.14554,64.659935,64.51315,65.44606,67.73622
2018-01-02 02:38:00,0.1,0.0,66.36479,357730.44,0.0,0.0,26.389996,0.66460055,1.0,1.0,67.69794,0.0,0.0,0.0,-1.588356e-13,-0.73479927,0.17208862,-400.25253,66.36479,55.184006,0.0,0.9,0.0,-1.694205e-13,0.0,76.14575,64.65796,64.51146,65.443535,67.731
2018-01-02 02:39:00,0.1,0.0,66.36479,357730.44,0.0,0.0,26.375,0.664489,1.0,1.0,67.6957,0.0,0.0,0.0,-1.5878524e-13,-0.73468447,0.17208862,-400.25253,66.36479,55.184006,0.0,0.9,0.0,-1.6936637e-13,0.0,76.14598,64.65604,64.5097,65.44101,67.725784
2018-01-02 02:40:00,0.1,0.0,66.36479,357730.44,0.0,0.0,26.360004,0.66438323,1.0,1.0,67.69347,0.0,0.0,0.0,-1.5873572e-13,-0.73456335,0.1720581,-400.25253,66.36479,55.184006,0.0,0.9,0.0,-1.6931168e-13,0.0,76.146255,64.65411,64.507935,65.43843,67.72061
2018-01-02 02:41:00,0.1,0.0,66.36479,357730.44,0.0,0.0,26.345007,0.6642763,1.0,1.0,67.69121,0.0,0.0,0.0,-1.5868292e-13,-0.7344433,0.17202759,-400.25253,66.36479,55.184006,0.0,0.9,0.0,-1.6925697e-13,0.0,76.14647,64.65213,64.50618,65.4359,67.71539
2018-01-02 02:42:00,0.1,0.0,66.36479,357730.44,0.0,0.0,26.330011,0.664166,1.0,1.0,67.688965,0.0,0.0,0.0,-1.5862688e-13,-0.7343244,0.17199707,-400.25253,66.36479,55.184006,0.0,0.9,0.0,-1.6920177e-13,0.0,76.14664,64.65021,64.504425,65.43337,67.710175
2018-01-02 02:43:00,0.1,0.0,66.36479,357730.44,0.0,0.0,26.315014,0.66405904,1.0,1.0,67.68673,0.0,0.0,0.0,-1.585814e-13,-0.73421,0.17196655,-400.25253,66.36479,55.184006,0.0,0.9,0.0,-1.6914652e-13,0.0,76.14685,64.648285,64.50267,65.43085,67.70502
2018-01-02 02:44:00,0.1,0.0,66.36479,357730.44,0.0,0.0,26.300018,0.663951,1.0,1.0,67.68449,0.0,0.0,0.0,-1.5852634e-13,-0.7340885,0.17193604,-400.25253,66.36479,55.184006,0.0,0.9,0.0,-1.6909064e-13,0.0,76.14708,64.64632,64.50091,65.428314,67.6998
2018-01-02 02:45:00,0.1,0.0,66.36479,357730.44,0.0,0.0,26.285023,0.6638406,1.0,1.0,67.68227,0.0,0.0,0.0,-1.5847881e-13,-0.73397046,0.17190552,-400.25253,66.36479,55.184006,0.0,0.9,0.0,-1.6903572e-13,0.0,76.14729,64.644394,64.49921,65.4258,67.69463
2018-01-02 02:46:00,0.1,0.0,66.36479,357730.44,0.0,0.0,26.270025,0.66373485,1.0,1.0,67.68001,0.0,0.0,0.0,-1.5842411e-13,-0.7338574,0.171875,-400.25253,66.36479,55.184006,0.0,0.9,0.0,-1.6898211e-13,0.0,76.14746,64.64247,64.49745,65.42321,67.689415
2018-01-02 02:47:00,0.1,0.0,66.36479,357730.44,0.0,0.0,26.25503,0.6636256,1.0,1.0,67.67776,0.0,0.0,0.0,-1.5837608e-13,-0.73373574,0.171875,-400.25253,66.36479,55.184006,0.0,0.9,0.0,-1.6892863e-13,0.0,76.147675,64.64049,64.49569,65.420685,67.68425
2018-01-02 02:48:00,0.1,0.0,66.36479,357730.44,0.0,0.0,26.240032,0.6635187,1.0,1.0,67.675514,0.0,0.0,0.0,-1.5832381e-13,-0.7336198,0.17184448,-400.25253,66.36479,55.184006,0.0,0.9,0.0,-1.6887152e-13,0.0,76.14784,64.638565,64.49393,65.41815,67.67909
2018-01-02 02:49:00,0.1,0.0,66.36479,357730.44,0.0,0.0,26.225037,0.66341186,1.0,1.0,67.67327,0.0,0.0,0.0,-1.5826858e-13,-0.7334933,0.17181396,-400.25253,66.36479,55.184006,0.0,0.9,0.0,-1.6881742e-13,0.0,76.14801,64.63664,64.49217,65.415634,67.67392
2018-01-02 02:50:00,0.1,0.0,66.36479,357730.44,0.0,0.0,26.209986,0.66330373,1.0,1.0,67.67102,0.0,0.0,0.0,-1.5822367e-13,-0.7333703,0.17178345,-400.25253,66.36479,55.184006,0.0,0.9,0.0,-1.6876291e-13,0.0,76.14818,64.63467,64.49042,65.4131,67.66876
2018-01-02 02:51:00,0.1,0.0,66.36479,357730.44,0.0,0.0,26.194988,0.66319567,1.0,1.0,67.668785,0.0,0.0,0.0,-1.5816797e-13,-0.7332577,0.17175293,-400.25253,66.36479,55.184006,0.0,0.9,0.0,-1.6870804e-13,0.0,76.14834,64.632744,64.48866,65.410576,67.6636
2018-01-02 02:52:00,0.1,0.0,66.36479,357730.44,0.0,0.0,26.179993,0.6630865,1.0,1.0,67.66655,0.0,0.0,0.0,-1.5811556e-13,-0.7331272,0.17172241,-400.25253,66.36479,55.184006,0.0,0.9,0.0,-1.6865586e-13,0.0,76.1485,64.63082,64.4869,65.40805,67.65849
2018-01-02 02:53:00,0.1,0.0,66.36479,357730.44,0.0,0.0,26.164997,0.66298074,1.0,1.0,67.66429,0.0,0.0,0.0,-1.5806466e-13,-0.73301786,0.1716919,-400.25253,66.36479,55.184006,0.0,0.9,0.0,-1.6859727e-13,0.0,76.14867,64.628845,64.48514,65.40552,67.65332
2018-01-02 02:54:00,0.1,0.0,66.36479,357730.44,0.0,0.0,26.15,0.6628703,1.0,1.0,67.66206,0.0,0.0,0.0,-1.5801757e-13,-0.7328967,0.1716919,-400.25253,66.36479,55.184006,0.0,0.9,0.0,-1.6854382e-13,0.0,76.148834,64.62692,64.48338,65.403,67.64816
2018-01-02 02:55:00,0.1,0.0,66.36479,357730.44,0.0,0.0,26.135004,0.6627704,1.0,1.0,67.65981,0.0,0.0,0.0,-1.5795603e-13,-0.73277664,0.17166138,-400.25253,66.36479,55.184006,0.0,0.9,0.0,-1.6848984e-13,0.0,76.149,64.625,64.48163,65.40041,67.64305
2018-01-02 02:56:00,0.1,0.0,66.36479,357730.44,0.0,0.0,26.120007,0.6626577,1.0,1.0,67.65757,0.0,0.0,0.0,-1.5791193e-13,-0.73265314,0.17163086,-400.25253,66.36479,55.184006,0.0,0.9,0.0,-1.6843395e-13,0.0,76.14911,64.62302,64.47987,65.39789,67.63794
2018-01-02 02:57:00,0.1,0.0,66.36479,357730.44,0.0,0.0,26.105011,0.66255194,1.0,1.0,67.65532,0.0,0.0,0.0,-1.5786234e-13,-0.73253846,0.17160034,-400.25253,66.36479,55.184006,0.0,0.9,0.0,-1.6837806e-13,0.0,76.14928,64.62109,64.47811,65.395355,67.63278
2018-01-02 02:58:00,0.1,0.0,66.36479,357730.44,0.0,0.0,26.090015,0.66244155,1.0,1.0,67.653076,0.0,0.0,0.0,-1.5780863e-13,-0.7324123,0.17156982,-400.25253,66.36479,55.184006,0.0,0.9,0.0,-1.6832671e-13,0.0,76.14938,64.61917,64.4763,65.39284,67.62767
2018-01-02 02:59:00,0.1,0.0,66.36479,357730.44,0.0,0.0,26.075018,0.6623347,1.0,1.0,67.65084,0.0,0.0,0.0,-1.577562e-13,-0.73230237,0.1715393,-400.25253,66.36479,55.184006,0.0,0.9,0.0,-1.6826944e-13,0.0,76.14955,64.61725,64.47454,65.390305,67.62256
2018-01-02 03:00:00,0.1,0.0,66.36479,357730.44,0.0,0.0,26.060022,0.66222775,1.0,1.0,67.64859,0.0,0.0,0.0,-1.5770313e-13,-0.73218626,0.17150879,-400.25253,66.36479,55.184006,0.0,0.9,0.0,-1.6821513e-13,0.0,76.14966,64.61528,64.47278,65.38778,67.617455
2018-01-02 03:01:00,0.1,0.0,66.36479,357730.44,0.0,0.0,26.075018,0.6621209,1.0,1.0,67.64635,0.0,0.0,0.0,-1.5765529e-13,-0.7320704,0.17150879,-400.25253,66.36479,55.184006,0.0,0.9,0.0,-1.6816038e-13,0.0,76.149765,64.61336,64.47102,65.385254,67.61235
2018-01-02 03:02:00,0.1,0.0,66.36479,357730.44,0.0,0.0,26.090015,0.6620116,1.0,1.0,67.64412,0.0,0.0,0.0,-1.5760344e-13,-0.731938,0.17147827,-400.25253,66.36479,55.184006,0.0,0.9,0.0,-1.6810719e-13,0.0,76.14993,64.611435,64.46927,65.38272,67.60724
2018-01-02 03:03:00,0.1,0.0,66.36479,357730.44,0.0,0.0,26.105011,0.66190356,1.0,1.0,67.64189,0.0,0.0,0.0,-1.5755302e-13,-0.73182607,0.17144775,-400.25253,66.36479,55.184006,0.0,0.9,0.0,-1.6805158e-13,0.0,76.15004,64.60951,64.467514,65.38025,67.60219
2018-01-02 03:04:00,0.1,0.0,66.36479,357730.44,0.0,0.0,26.120007,0.6617967,1.0,1.0,67.63968,0.0,0.0,0.0,-1.5750786e-13,-0.7317084,0.17141724,-400.25253,66.36479,55.184006,0.0,0.9,0.0,-1.6799698e-13,0.0,76.15015,64.60759,64.465805,65.37773,67.59713
2018-01-02 03:05:00,0.1,0.0,66.36479,357730.44,0.0,0.0,26.135004,0.66169095,1.0,1.0,67.63747,0.0,0.0,0.0,-1.5745062e-13,-0.7315901,0.17138672,-400.25253,66.36479,55.184006,0.0,0.9,0.0,-1.6794304e-13,0.0,76.15026,64.60567,64.4641,65.37526,67.59207
2018-01-02 03:06:00,0.1,0.0,66.36479,357730.44,0.0,0.0,26.15,0.6615817,1.0,1.0,67.63529,0.0,0.0,0.0,-1.5739793e-13,-0.73147213,0.1713562,-400.25253,66.36479,55.184006,0.0,0.9,0.0,-1.6788792e-13,0.0,76.150375,64.60379,64.4624,65.37279,67.58708
2018-01-02 03:07:00,0.1,0.0,66.36479,357730.44,0.0,0.0,26.164997,0.66147596,1.0,1.0,67.633095,0.0,0.0,0.0,-1.5734565e-13,-0.7313502,0.17129517,-400.25253,66.36479,55.184006,0.0,0.9,0.0,-1.6783333e-13,0.0,76.15042,64.60193,64.46069,65.370316,67.58208
2018-01-02 03:08:00,0.1,0.0,66.36479,357730.44,0.0,0.0,26.179993,0.6613691,1.0,1.0,67.6309,0.0,0.0,0.0,-1.5729574e-13,-0.73122394,0.17129517,-400.25253,66.36479,55.184006,0.0,0.9,0.0,-1.6778049e-13,0.0,76.150536,64.600006,64.459,65.36784,67.57708
2018-01-02 03:09:00,0.1,0.0,66.36479,357730.44,0.0,0.0,26.194988,0.66126215,1.0,1.0,67.62873,0.0,0.0,0.0,-1.5724484e-13,-0.7311144,0.17126465,-400.25253,66.36479,55.184006,0.0,0.9,0.0,-1.6772411e-13,0.0,76.15065,64.59814,64.45735,65.36537,67.572136
2018-01-02 03:10:00,0.1,0.0,66.36479,357730.44,0.0,0.0,26.209986,0.6611529,1.0,1.0,67.626564,0.0,0.0,0.0,-1.5719696e-13,-0.73100084,0.17123413,-400.25253,66.36479,55.184006,0.0,0.9,0.0,-1.676715e-13,0.0,76.150696,64.59627,64.4557,65.362946,67.56719
2018-01-02 03:11:00,0.1,0.0,66.36479,357730.44,0.0,0.0,26.225037,0.66104484,1.0,1.0,67.62441,0.0,0.0,0.0,-1.571447e-13,-0.7308848,0.17120361,-400.25253,66.36479,55.184006,0.0,0.9,0.0,-1.6761539e-13,0.0,76.15081,64.59445,64.454056,65.36047,67.56225
2018-01-02 03:12:00,0.1,0.0,66.36479,357730.44,0.0,0.0,26.240032,0.66093916,1.0,1.0,67.62227,0.0,0.0,0.0,-1.5708718e-13,-0.7307602,0.1711731,-400.25253,66.36479,55.184006,0.0,0.9,0.0,-1.6756079e-13,0.0,76.15086,64.59264,64.45241,65.35806,67.55736
2018-01-02 03:13:00,0.1,0.0,66.36479,357730.44,0.0,0.0,26.25503,0.6608299,1.0,1.0,67.62013,0.0,0.0,0.0,-1.570414e-13,-0.7306338,0.17114258,-400.25253,66.36479,55.184006,0.0,0.9,0.0,-1.675081e-13,0.0,76.15097,64.590775,64.45076,65.355644,67.552475
2018-01-02 03:14:00,0.1,0.0,66.36479,357730.44,0.0,0.0,26.270025,0.66072065,1.0,1.0,67.61801,0.0,0.0,0.0,-1.5699074e-13,-0.7305108,0.17111206,-400.25253,66.36479,55.184006,0.0,0.9,0.0,-1.6745374e-13,0.0,76.15103,64.58902,64.44916,65.35329,67.54758
2018-01-02 03:15:00,0.1,0.0,66.36479,357730.44,0.0,0.0,26.285023,0.6606161,1.0,1.0,67.61589,0.0,0.0,0.0,-1.5693428e-13,-0.73040456,0.17108154,-400.25253,66.36479,55.184006,0.0,0.9,0.0,-1.6739813e-13,0.0,76.151085,64.587204,64.44757,65.35086,67.54275
2018-01-02 03:16:00,0.1,0.0,66.36479,357730.44,0.0,0.0,26.300018,0.66050917,1.0,1.0,67.613785,0.0,0.0,0.0,-1.5689227e-13,-0.7302889,0.17108154,-400.25253,66.36479,55.184006,0.0,0.9,0.0,-1.6734423e-13,0.0,76.1512,64.58539,64.44598,65.34845,67.53792
2018-01-02 03:17:00,0.1,0.0,66.36479,357730.44,0.0,0.0,26.315014,0.66040117,1.0,1.0,67.611694,0.0,0.0,0.0,-1.568413e-13,-0.73016304,0.17105103,-400.25253,66.36479,55.184006,0.0,0.9,0.0,-1.6728985e-13,0.0,76.151245,64.58363,64.44444,65.346085,67.53308
2018-01-02 03:18:00,0.1,0.0,66.36479,357730.44,0.0,0.0,26.330011,0.66029537,1.0,1.0,67.6096,0.0,0.0,0.0,-1.5678074e-13,-0.73004365,0.17102051,-400.25253,66.36479,55.184006,0.0,0.9,0.0,-1.6723552e-13,0.0,76.151306,64.58182,64.4429,65.34372,67.528244
2018-01-02 03:19:00,0.1,0.0,66.36479,357730.44,0.0,0.0,26.345007,0.6601862,1.0,1.0,67.60751,0.0,0.0,0.0,-1.567384e-13,-0.7299175,0.17098999,-400.25253,66.36479,55.184006,0.0,0.9,0.0,-1.6718083e-13,0.0,76.15136,64.58006,64.44131,65.34136,67.52347
2018-01-02 03:20:00,0.1,0.0,66.36479,357730.44,0.0,0.0,26.360004,0.6600781,1.0,1.0,67.605446,0.0,0.0,0.0,-1.5668761e-13,-0.7298055,0.17095947,-400.25253,66.36479,55.184006,0.0,0.9,0.0,-1.6712686e-13,0.0,76.15141,64.57831,64.43982,65.339005,67.51869
2018-01-02 03:21:00,0.1,0.0,66.36479,357730.44,0.0,0.0,26.375,0.65997237,1.0,1.0,67.60339,0.0,0.0,0.0,-1.5662901e-13,-0.72968894,0.17092896,-400.25253,66.36479,55.184006,0.0,0.9,0.0,-1.670718e-13,0.0,76.151474,64.57655,64.438286,65.33669,67.51396
2018-01-02 03:22:00,0.1,0.0,66.36479,357730.44,0.0,0.0,26.389996,0.6598666,1.0,1.0,67.601364,0.0,0.0,0.0,-1.5657976e-13,-0.72956866,0.17089844,-400.25253,66.36479,55.184006,0.0,0.9,0.0,-1.6701872e-13,0.0,76.15152,64.574844,64.4368,65.33438,67.50924
2018-01-02 03:23:00,0.1,0.0,66.36479,357730.44,0.0,0.0,26.404993,0.65975857,1.0,1.0,67.5993,0.0,0.0,0.0,-1.5653295e-13,-0.72945493,0.17089844,-400.25253,66.36479,55.184006,0.0,0.9,0.0,-1.6696316e-13,0.0,76.15158,64.57309,64.435265,65.33202,67.50452
2018-01-02 03:24:00,0.1,0.0,66.36479,357730.44,0.0,0.0,26.419989,0.6596505,1.0,1.0,67.59726,0.0,0.0,0.0,-1.5648175e-13,-0.72933006,0.17086792,-400.25253,66.36479,55.184006,0.0,0.9,0.0,-1.6691135e-13,0.0,76.15158,64.57138,64.43378,65.32971,67.49985
2018-01-02 03:25:00,0.1,0.0,66.36479,357730.44,0.0,0.0,26.434986,0.65954244,1.0,1.0,67.59523,0.0,0.0,0.0,-1.5643072e-13,-0.7292152,0.1708374,-400.25253,66.36479,55.184006,0.0,0.9,0.0,-1.6685534e-13,0.0,76.151634,64.569626,64.43236,65.32741,67.49512
2018-01-02 03:26:00,0.1,0.0,66.36479,357730.44,0.0,0.0,26.450037,0.65943784,1.0,1.0,67.59323,0.0,0.0,0.0,-1.5638317e-13,-0.72909236,0.17080688,-400.25253,66.36479,55.184006,0.0,0.9,0.0,-1.6680106e-13,0.0,76.15169,64.567924,64.43087,65.32516,67.49051
2018-01-02 03:27:00,0.1,0.0,66.36479,357730.44,0.0,0.0,26.465033,0.6593309,1.0,1.0,67.591225,0.0,0.0,0.0,-1.5632597e-13,-0.72896796,0.17077637,-400.25253,66.36479,55.184006,0.0,0.9,0.0,-1.6674937e-13,0.0,76.15175,64.56622,64.42944,65.322845,67.48584
2018-01-02 03:28:00,0.1,0.0,66.36479,357730.44,0.0,0.0,26.48003,0.6592206,1.0,1.0,67.58923,0.0,0.0,0.0,-1.562855e-13,-0.7288546,0.17074585,-400.25253,66.36479,55.184006,0.0,0.9,0.0,-1.6669294e-13,0.0,76.15175,64.564575,64.42801,65.3206,67.481224
2018-01-02 03:29:00,0.1,0.0,66.36479,357730.44,0.0,0.0,26.495026,0.65911484,1.0,1.0,67.58724,0.0,0.0,0.0,-1.562253e-13,-0.72873574,0.17071533,-400.25253,66.36479,55.184006,0.0,0.9,0.0,-1.6663911e-13,0.0,76.151794,64.56287,64.42659,65.318344,67.47661
2018-01-02 03:30:00,0.1,0.0,66.36479,357730.44,0.0,0.0,26.510021,0.6590079,1.0,1.0,67.585266,0.0,0.0,0.0,-1.5617678e-13,-0.72862375,0.17071533,-400.25253,66.36479,55.184006,0.0,0.9,0.0,-1.6658613e-13,0.0,76.151794,64.56122,64.42522,65.31609,67.472
2018-01-02 03:31:00,0.1,0.0,66.36479,357730.44,0.0,0.0,26.525019,0.65889984,1.0,1.0,67.58329,0.0,0.0,0.0,-1.5613006e-13,-0.7285105,0.17068481,-400.25253,66.36479,55.184006,0.0,0.9,0.0,-1.6653013e-13,0.0,76.151855,64.559525,64.42378,65.31384,67.46744
2018-01-02 03:32:00,0.1,0.0,66.36479,357730.44,0.0,0.0,26.540014,0.6587941,1.0,1.0,67.58134,0.0,0.0,0.0,-1.560784e-13,-0.7283847,0.1706543,-400.25253,66.36479,55.184006,0.0,0.9,0.0,-1.6647671e-13,0.0,76.151855,64.55788,64.42241,65.311646,67.462875
2018-01-02 03:33:00,0.1,0.0,66.36479,357730.44,0.0,0.0,26.555012,0.65868723,1.0,1.0,67.579384,0.0,0.0,0.0,-1.5602065e-13,-0.72826356,0.17062378,-400.25253,66.36479,55.184006,0.0,0.9,0.0,-1.6642152e-13,0.0,76.15191,64.55623,64.421036,65.30939,67.458374
2018-01-02 03:34:00,0.1,0.0,66.36479,357730.44,0.0,0.0,26.570007,0.6585791,1.0,1.0,67.57747,0.0,0.0,0.0,-1.5597258e-13,-0.7281531,0.17059326,-400.25253,66.36479,55.184006,0.0,0.9,0.0,-1.6636903e-13,0.0,76.15191,64.55463,64.41972,65.30719,67.45387
2018-01-02 03:35:00,0.1,0.0,66.36479,357730.44,0.0,0.0,26.585003,0.65847224,1.0,1.0,67.575516,0.0,0.0,0.0,-1.5592741e-13,-0.72802526,0.17056274,-400.25253,66.36479,55.184006,0.0,0.9,0.0,-1.6631508e-13,0.0,76.15191,64.55298,64.41835,65.30499,67.44936
2018-01-02 03:36:00,0.1,0.0,66.36479,357730.44,0.0,0.0,26.6,0.6583665,1.0,1.0,67.57359,0.0,0.0,0.0,-1.5587309e-13,-0.72791314,0.17053223,-400.25253,66.36479,55.184006,0.0,0.9,0.0,-1.6626205e-13,0.0,76.15196,64.55133,64.41702,65.302795,67.444855
2018-01-02 03:37:00,0.1,0.0,66.36479,357730.44,0.0,0.0,26.614996,0.65825963,1.0,1.0,67.57169,0.0,0.0,0.0,-1.5581949e-13,-0.7277975,0.17053223,-400.25253,66.36479,55.184006,0.0,0.9,0.0,-1.6620676e-13,0.0,76.15196,64.54974,64.41571,65.3006,67.440414
2018-01-02 03:38:00,0.1,0.0,66.36479,357730.44,0.0,0.0,26.629993,0.6581527,1.0,1.0,67.569786,0.0,0.0,0.0,-1.5576987e-13,-0.7276728,0.17050171,-400.25253,66.36479,55.184006,0.0,0.9,0.0,-1.6615233e-13,0.0,76.15196,64.54815,64.41439,65.29846,67.43596
2018-01-02 03:39:00,0.1,0.0,66.36479,357730.44,0.0,0.0,26.644989,0.65804577,1.0,1.0,67.567894,0.0,0.0,0.0,-1.5572328e-13,-0.72756064,0.17047119,-400.25253,66.36479,55.184006,0.0,0.9,0.0,-1.6609801e-13,0.0,76.15196,64.546555,64.41313,65.29632,67.43151
2018-01-02 03:40:00,0.1,0.0,66.36479,357730.44,0.0,0.0,26.659985,0.65794003,1.0,1.0,67.56601,0.0,0.0,0.0,-1.5567251e-13,-0.72744405,0.17044067,-400.25253,66.36479,55.184006,0.0,0.9,0.0,-1.6604432e-13,0.0,76.15202,64.54497,64.411804,65.29412,67.42712
2018-01-02 03:41:00,0.1,0.0,66.36479,357730.44,0.0,0.0,26.675037,0.6578343,1.0,1.0,67.564125,0.0,0.0,0.0,-1.5561838e-13,-0.7273274,0.17041016,-400.25253,66.36479,55.184006,0.0,0.9,0.0,-1.6599146e-13,0.0,76.15202,64.543365,64.410545,65.29198,67.42272
2018-01-02 03:42:00,0.1,0.0,66.36479,357730.44,0.0,0.0,26.690033,0.6577286,1.0,1.0,67.56228,0.0,0.0,0.0,-1.5556626e-13,-0.72721004,0.17037964,-400.25253,66.36479,55.184006,0.0,0.9,0.0,-1.6593557e-13,0.0,76.15202,64.54183,64.40933,65.28989,67.41833
2018-01-02 03:43:00,0.1,0.0,66.36479,357730.44,0.0,0.0,26.705029,0.65762055,1.0,1.0,67.56041,0.0,0.0,0.0,-1.5552165e-13,-0.72709316,0.17034912,-400.25253,66.36479,55.184006,0.0,0.9,0.0,-1.6588137e-13,0.0,76.15202,64.54024,64.40807,65.28775,67.41399
2018-01-02 03:44:00,0.1,0.0,66.36479,357730.44,0.0,0.0,26.720026,0.6575124,1.0,1.0,67.55858,0.0,0.0,0.0,-1.554668e-13,-0.72697085,0.17034912,-400.25253,66.36479,55.184006,0.0,0.9,0.0,-1.6583025e-13,0.0,76.15202,64.5387,64.40686,65.28566,67.40965
2018-01-02 03:45:00,0.1,0.0,66.36479,357730.44,0.0,0.0,26.735022,0.65740323,1.0,1.0,67.55672,0.0,0.0,0.0,-1.5542102e-13,-0.72684395,0.1703186,-400.25253,66.36479,55.184006,0.0,0.9,0.0,-1.6577606e-13,0.0,76.15202,64.53716,64.4056,65.28352,67.405304
2018-01-02 03:46:00,0.1,0.0,66.36479,357730.44,0.0,0.0,26.75002,0.65730095,1.0,1.0,67.5549,0.0,0.0,0.0,-1.553691e-13,-0.7267362,0.17028809,-400.25253,66.36479,55.184006,0.0,0.9,0.0,-1.6571979e-13,0.0,76.15202,64.53563,64.40439,65.28143,67.401024
2018-01-02 03:47:00,0.1,0.0,66.36479,357730.44,0.0,0.0,26.765015,0.65719175,1.0,1.0,67.5531,0.0,0.0,0.0,-1.55323e-13,-0.7266106,0.17025757,-400.25253,66.36479,55.184006,0.0,0.9,0.0,-1.6566878e-13,0.0,76.15202,64.53409,64.403244,65.2794,67.39674
2018-01-02 03:48:00,0.1,0.0,66.36479,357730.44,0.0,0.0,26.78001,0.65708715,1.0,1.0,67.551285,0.0,0.0,0.0,-1.5526203e-13,-0.7265089,0.17019653,-400.25253,66.36479,55.184006,0.0,0.9,0.0,-1.6561223e-13,0.0,76.15202,64.53261,64.40203,65.27731,67.392456
2018-01-02 03:49:00,0.1,0.0,66.36479,357730.44,0.0,0.0,26.795008,0.6569791,1.0,1.0,67.54948,0.0,0.0,0.0,-1.5521711e-13,-0.7263909,0.17016602,-400.25253,66.36479,55.184006,0.0,0.9,0.0,-1.6555808e-13,0.0,76.15196,64.53107,64.40088,65.27522,67.38823
2018-01-02 03:50:00,0.1,0.0,66.36479,357730.44,0.0,0.0,26.810003,0.65687335,1.0,1.0,67.54769,0.0,0.0,0.0,-1.5516527e-13,-0.72626567,0.1701355,-400.25253,66.36479,55.184006,0.0,0.9,0.0,-1.6550665e-13,0.0,76.15196,64.52959,64.39972,65.27319,67.383995
2018-01-02 03:51:00,0.1,0.0,66.36479,357730.44,0.0,0.0,26.825,0.6567665,1.0,1.0,67.54591,0.0,0.0,0.0,-1.551152e-13,-0.72614855,0.1701355,-400.25253,66.36479,55.184006,0.0,0.9,0.0,-1.6545137e-13,0.0,76.15196,64.5281,64.398575,65.271164,67.37976
2018-01-02 03:52:00,0.1,0.0,66.36479,357730.44,0.0,0.0,26.839996,0.6566619,1.0,1.0,67.54414,0.0,0.0,0.0,-1.5505837e-13,-0.7260338,0.17010498,-400.25253,66.36479,55.184006,0.0,0.9,0.0,-1.6539819e-13,0.0,76.15196,64.52661,64.39748,65.26913,67.375534
2018-01-02 03:53:00,0.1,0.0,66.36479,357730.44,0.0,0.0,26.854992,0.6565526,1.0,1.0,67.54237,0.0,0.0,0.0,-1.5501297e-13,-0.7259089,0.17007446,-400.25253,66.36479,55.184006,0.0,0.9,0.0,-1.6534568e-13,0.0,76.15196,64.52513,64.39632,65.26709,67.37136
2018-01-02 03:54:00,0.1,0.0,66.36479,357730.44,0.0,0.0,26.86999,0.6564446,1.0,1.0,67.540634,0.0,0.0,0.0,-1.5496816e-13,-0.7257937,0.17004395,-400.25253,66.36479,55.184006,0.0,0.9,0.0,-1.6528989e-13,0.0,76.15191,64.523705,64.39522,65.26512,67.36724
2018-01-02 03:55:00,0.1,0.0,66.36479,357730.44,0.0,0.0,26.884985,0.6563377,1.0,1.0,67.53888,0.0,0.0,0.0,-1.5491358e-13,-0.7256773,0.17001343,-400.25253,66.36479,55.184006,0.0,0.9,0.0,-1.652364e-13,0.0,76.15191,64.52222,64.39412,65.263084,67.36307
2018-01-02 03:56:00,0.1,0.0,66.36479,357730.44,0.0,0.0,26.900036,0.65623194,1.0,1.0,67.53717,0.0,0.0,0.0,-1.548649e-13,-0.7255653,0.16998291,-400.25253,66.36479,55.184006,0.0,0.9,0.0,-1.6518326e-13,0.0,76.15191,64.5208,64.39308,65.26111,67.35895
2018-01-02 03:57:00,0.1,0.0,66.36479,357730.44,0.0,0.0,26.915033,0.656125,1.0,1.0,67.53543,0.0,0.0,0.0,-1.5482029e-13,-0.72543615,0.16998291,-400.25253,66.36479,55.184006,0.0,0.9,0.0,-1.6513063e-13,0.0,76.151855,64.51936,64.39198,65.259125,67.35483
2018-01-02 03:58:00,0.1,0.0,66.36479,357730.44,0.0,0.0,26.930029,0.6560193,1.0,1.0,67.533714,0.0,0.0,0.0,-1.5475896e-13,-0.725324,0.1699524,-400.25253,66.36479,55.184006,0.0,0.9,0.0,-1.6507698e-13,0.0,76.151855,64.51794,64.39093,65.25716,67.35071
2018-01-02 03:59:00,0.1,0.0,66.36479,357730.44,0.0,0.0,26.945026,0.6559136,1.0,1.0,67.53201,0.0,0.0,0.0,-1.5471467e-13,-0.7252079,0.16992188,-400.25253,66.36479,55.184006,0.0,0.9,0.0,-1.6502172e-13,0.0,76.151855,64.51651,64.38989,65.25517,67.34664
2018-01-02 04:00:00,0.1,0.0,66.36479,357730.44,0.0,0.0,26.960022,0.6558055,1.0,1.0,67.53031,0.0,0.0,0.0,-1.5466712e-13,-0.72509396,0.16989136,-400.25253,66.36479,55.184006,0.0,0.9,0.0,-1.6496877e-13,0.0,76.151794,64.515076,64.38885,65.25325,67.342575
2018-01-02 04:01:00,0.1,0.0,66.36479,357730.44,0.0,0.0,27.010998,0.6556998,1.0,1.0,67.52864,0.0,0.0,0.0,-1.54617e-13,-0.7249717,0.16986084,-400.25253,66.36479,55.184006,0.0,0.9,0.0,-1.6491615e-13,0.0,76.151794,64.5137,64.38786,65.251274,67.33856
2018-01-02 04:02:00,0.1,0.0,66.36479,357730.44,0.0,0.0,27.06203,0.655594,1.0,1.0,67.52694,0.0,0.0,0.0,-1.5456221e-13,-0.7248444,0.16983032,-400.25253,66.36479,55.184006,0.0,0.9,0.0,-1.6486174e-13,0.0,76.15175,64.51228,64.38681,65.24935,67.3345
2018-01-02 04:03:00,0.1,0.0,66.36479,357730.44,0.0,0.0,27.113007,0.6554859,1.0,1.0,67.52528,0.0,0.0,0.0,-1.5451781e-13,-0.7247356,0.1697998,-400.25253,66.36479,55.184006,0.0,0.9,0.0,-1.6480812e-13,0.0,76.15175,64.51091,64.385826,65.24743,67.33049
2018-01-02 04:04:00,0.1,0.0,66.36479,357730.44,0.0,0.0,27.164038,0.65537906,1.0,1.0,67.523605,0.0,0.0,0.0,-1.5446486e-13,-0.72460806,0.1697998,-400.25253,66.36479,55.184006,0.0,0.9,0.0,-1.647554e-13,0.0,76.15169,64.50954,64.38484,65.24551,67.32648
2018-01-02 04:05:00,0.1,0.0,66.36479,357730.44,0.0,0.0,27.215015,0.65527564,1.0,1.0,67.52196,0.0,0.0,0.0,-1.5440573e-13,-0.7244995,0.16976929,-400.25253,66.36479,55.184006,0.0,0.9,0.0,-1.647002e-13,0.0,76.15169,64.50816,64.38385,65.24358,67.32247
2018-01-02 04:06:00,0.1,0.0,66.36479,357730.44,0.0,0.0,27.265991,0.6551664,1.0,1.0,67.5203,0.0,0.0,0.0,-1.5436478e-13,-0.72437555,0.16973877,-400.25253,66.36479,55.184006,0.0,0.9,0.0,-1.646485e-13,0.0,76.151634,64.50679,64.38292,65.24166,67.31851
2018-01-02 04:07:00,0.1,0.0,66.36479,357730.44,0.0,0.0,27.317022,0.655063,1.0,1.0,67.51868,0.0,0.0,0.0,-1.5430985e-13,-0.72426367,0.16970825,-400.25253,66.36479,55.184006,0.0,0.9,0.0,-1.6459363e-13,0.0,76.151634,64.50546,64.38198,65.23979,67.31451
2018-01-02 04:08:00,0.1,0.0,66.36479,357730.44,0.0,0.0,27.368,0.6549538,1.0,1.0,67.51701,0.0,0.0,0.0,-1.5426037e-13,-0.72414154,0.16967773,-400.25253,66.36479,55.184006,0.0,0.9,0.0,-1.6454135e-13,0.0,76.15158,64.50409,64.381,65.23787,67.31055
2018-01-02 04:09:00,0.1,0.0,66.36479,357730.44,0.0,0.0,27.419031,0.65484804,1.0,1.0,67.51542,0.0,0.0,0.0,-1.5421266e-13,-0.7240273,0.16964722,-400.25253,66.36479,55.184006,0.0,0.9,0.0,-1.6448771e-13,0.0,76.15158,64.50278,64.38011,65.23601,67.306595
2018-01-02 04:10:00,0.1,0.0,66.36479,357730.44,0.0,0.0,27.470007,0.6547435,1.0,1.0,67.51379,0.0,0.0,0.0,-1.5416616e-13,-0.72390795,0.1696167,-400.25253,66.36479,55.184006,0.0,0.9,0.0,-1.6443422e-13,0.0,76.15152,64.50146,64.37918,65.23413,67.30264
2018-01-02 04:11:00,0.1,0.0,66.36479,357730.44,0.0,0.0,27.520985,0.6546342,1.0,1.0,67.51216,0.0,0.0,0.0,-1.5411296e-13,-0.7237868,0.1696167,-400.25253,66.36479,55.184006,0.0,0.9,0.0,-1.6438108e-13,0.0,76.151474,64.50014,64.378296,65.23221,67.29869
2018-01-02 04:12:00,0.1,0.0,66.36479,357730.44,0.0,0.0,27.572016,0.6545308,1.0,1.0,67.51056,0.0,0.0,0.0,-1.5406124e-13,-0.72366977,0.16958618,-400.25253,66.36479,55.184006,0.0,0.9,0.0,-1.6432904e-13,0.0,76.151474,64.498825,64.377365,65.23035,67.294785
2018-01-02 04:13:00,0.1,0.0,66.36479,357730.44,0.0,0.0,27.622992,0.6544239,1.0,1.0,67.50896,0.0,0.0,0.0,-1.5400977e-13,-0.72355366,0.16955566,-400.25253,66.36479,55.184006,0.0,0.9,0.0,-1.642731e-13,0.0,76.15141,64.4975,64.37649,65.22848,67.290886
2018-01-02 04:14:00,0.1,0.0,66.36479,357730.44,0.0,0.0,27.674023,0.654317,1.0,1.0,67.5074,0.0,0.0,0.0,-1.5396316e-13,-0.72343564,0.16952515,-400.25253,66.36479,55.184006,0.0,0.9,0.0,-1.642211e-13,0.0,76.15141,64.49624,64.37566,65.22667,67.28699
2018-01-02 04:15:00,0.1,0.0,66.36479,357730.44,0.0,0.0,27.725,0.65421015,1.0,1.0,67.50578,0.0,0.0,0.0,-1.5390831e-13,-0.72333026,0.16949463,-400.25253,66.36479,55.184006,0.0,0.9,0.0,-1.641676e-13,0.0,76.15136,64.49492,64.37479,65.22479,67.28308
2018-01-02 04:16:00,0.1,0.0,66.36479,357730.44,0.0,0.0,27.776031,0.6541055,1.0,1.0,67.50421,0.0,0.0,0.0,-1.5386465e-13,-0.72320396,0.16946411,-400.25253,66.36479,55.184006,0.0,0.9,0.0,-1.6411537e-13,0.0,76.151306,64.49365,64.37396,65.22293,67.27919
2018-01-02 04:17:00,0.1,0.0,66.36479,357730.44,0.0,0.0,27.827007,0.6539986,1.0,1.0,67.50265,0.0,0.0,0.0,-1.538162e-13,-0.72308755,0.1694336,-400.25253,66.36479,55.184006,0.0,0.9,0.0,-1.6406066e-13,0.0,76.151245,64.49239,64.37314,65.221115,67.275345
2018-01-02 04:18:00,0.1,0.0,66.36479,357730.44,0.0,0.0,27.877985,0.6538929,1.0,1.0,67.5011,0.0,0.0,0.0,-1.537595e-13,-0.72296226,0.1694336,-400.25253,66.36479,55.184006,0.0,0.9,0.0,-1.6400856e-13,0.0,76.151245,64.491135,64.372314,65.2193,67.2715
2018-01-02 04:19:00,0.1,0.0,66.36479,357730.44,0.0,0.0,27.929016,0.6537848,1.0,1.0,67.499535,0.0,0.0,0.0,-1.53709e-13,-0.72285026,0.16940308,-400.25253,66.36479,55.184006,0.0,0.9,0.0,-1.6395464e-13,0.0,76.1512,64.48992,64.37149,65.21744,67.267654
2018-01-02 04:20:00,0.1,0.0,66.36479,357730.44,0.0,0.0,27.979992,0.6536837,1.0,1.0,67.497986,0.0,0.0,0.0,-1.5366258e-13,-0.72274244,0.16937256,-400.25253,66.36479,55.184006,0.0,0.9,0.0,-1.6389997e-13,0.0,76.15114,64.48866,64.37072,65.21562,67.26381
2018-01-02 04:21:00,0.1,0.0,66.36479,357730.44,0.0,0.0,28.031025,0.65357214,1.0,1.0,67.49646,0.0,0.0,0.0,-1.5361615e-13,-0.7226145,0.16934204,-400.25253,66.36479,55.184006,0.0,0.9,0.0,-1.6384803e-13,0.0,76.151085,64.48745,64.36995,65.213806,67.26001
2018-01-02 04:22:00,0.1,0.0,66.36479,357730.44,0.0,0.0,28.082,0.6534687,1.0,1.0,67.49492,0.0,0.0,0.0,-1.5355692e-13,-0.72249955,0.16931152,-400.25253,66.36479,55.184006,0.0,0.9,0.0,-1.6379355e-13,0.0,76.15103,64.48624,64.36919,65.212,67.256165
2018-01-02 04:23:00,0.1,0.0,66.36479,357730.44,0.0,0.0,28.133032,0.65335953,1.0,1.0,67.49342,0.0,0.0,0.0,-1.5351296e-13,-0.7223872,0.169281,-400.25253,66.36479,55.184006,0.0,0.9,0.0,-1.637423e-13,0.0,76.15103,64.48503,64.36841,65.210236,67.25238
2018-01-02 04:24:00,0.1,0.0,66.36479,357730.44,0.0,0.0,28.18401,0.6532561,1.0,1.0,67.4919,0.0,0.0,0.0,-1.5346325e-13,-0.7222625,0.169281,-400.25253,66.36479,55.184006,0.0,0.9,0.0,-1.6368977e-13,0.0,76.15097,64.483826,64.367645,65.20843,67.24859
2018-01-02 04:25:00,0.1,0.0,66.36479,357730.44,0.0,0.0,28.234985,0.6531469,1.0,1.0,67.4904,0.0,0.0,0.0,-1.534162e-13,-0.72214234,0.16925049,-400.25253,66.36479,55.184006,0.0,0.9,0.0,-1.6363569e-13,0.0,76.150925,64.48262,64.36693,65.206665,67.24486
2018-01-02 04:26:00,0.1,0.0,66.36479,357730.44,0.0,0.0,28.286016,0.65304345,1.0,1.0,67.48889,0.0,0.0,0.0,-1.5336438e-13,-0.72202426,0.16921997,-400.25253,66.36479,55.184006,0.0,0.9,0.0,-1.6358174e-13,0.0,76.15086,64.48146,64.36621,65.20486,67.24106
2018-01-02 04:27:00,0.1,0.0,66.36479,357730.44,0.0,0.0,28.336994,0.6529366,1.0,1.0,67.487404,0.0,0.0,0.0,-1.5331879e-13,-0.7219199,0.16918945,-400.25253,66.36479,55.184006,0.0,0.9,0.0,-1.635282e-13,0.0,76.15081,64.480255,64.3655,65.203094,67.23733
2018-01-02 04:28:00,0.1,0.0,66.36479,357730.44,0.0,0.0,28.388025,0.65282965,1.0,1.0,67.48592,0.0,0.0,0.0,-1.5326119e-13,-0.72179085,0.16915894,-400.25253,66.36479,55.184006,0.0,0.9,0.0,-1.6347543e-13,0.0,76.15076,64.479095,64.36484,65.20134,67.2336
2018-01-02 04:29:00,0.1,0.0,66.36479,357730.44,0.0,0.0,28.439001,0.65272397,1.0,1.0,67.48444,0.0,0.0,0.0,-1.5321614e-13,-0.7216747,0.1690979,-400.25253,66.36479,55.184006,0.0,0.9,0.0,-1.6342219e-13,0.0,76.150696,64.47795,64.36413,65.199585,67.22986
2018-01-02 04:30:00,0.1,0.0,66.36479,357730.44,0.0,0.0,28.490032,0.6526159,1.0,1.0,67.48299,0.0,0.0,0.0,-1.5316675e-13,-0.72155493,0.16906738,-400.25253,66.36479,55.184006,0.0,0.9,0.0,-1.6337052e-13,0.0,76.15065,64.47679,64.363464,65.197876,67.22612
2018-01-02 04:31:00,0.1,0.0,66.36479,357730.44,0.0,0.0,28.54101,0.6525113,1.0,1.0,67.48153,0.0,0.0,0.0,-1.5311599e-13,-0.7214423,0.16906738,-400.25253,66.36479,55.184006,0.0,0.9,0.0,-1.6331699e-13,0.0,76.15059,64.47569,64.36281,65.19612,67.22244
2018-01-02 04:32:00,0.1,0.0,66.36479,357730.44,0.0,0.0,28.591986,0.65240556,1.0,1.0,67.48009,0.0,0.0,0.0,-1.5306048e-13,-0.72132105,0.16903687,-400.25253,66.36479,55.184006,0.0,0.9,0.0,-1.6326373e-13,0.0,76.15059,64.47454,64.362206,65.19437,67.218765
2018-01-02 04:33:00,0.1,0.0,66.36479,357730.44,0.0,0.0,28.643017,0.6522986,1.0,1.0,67.47865,0.0,0.0,0.0,-1.5301974e-13,-0.7212089,0.16900635,-400.25253,66.36479,55.184006,0.0,0.9,0.0,-1.6321063e-13,0.0,76.150536,64.47344,64.36154,65.19266,67.21508
2018-01-02 04:34:00,0.1,0.0,66.36479,357730.44,0.0,0.0,28.693995,0.6521941,1.0,1.0,67.47723,0.0,0.0,0.0,-1.5296992e-13,-0.7210898,0.16897583,-400.25253,66.36479,55.184006,0.0,0.9,0.0,-1.6315549e-13,0.0,76.15048,64.47234,64.36095,65.19096,67.211395
2018-01-02 04:35:00,0.1,0.0,66.36479,357730.44,0.0,0.0,28.745026,0.6520872,1.0,1.0,67.47581,0.0,0.0,0.0,-1.5290875e-13,-0.7209786,0.16894531,-400.25253,66.36479,55.184006,0.0,0.9,0.0,-1.6310399e-13,0.0,76.15042,64.471245,64.36034,65.189255,67.20778
2018-01-02 04:36:00,0.1,0.0,66.36479,357730.44,0.0,0.0,28.796001,0.6519814,1.0,1.0,67.47439,0.0,0.0,0.0,-1.5286934e-13,-0.72085583,0.1689148,-400.25253,66.36479,55.184006,0.0,0.9,0.0,-1.6305154e-13,0.0,76.150375,64.470146,64.35973,65.18755,67.20415
2018-01-02 04:37:00,0.1,0.0,66.36479,357730.44,0.0,0.0,28.847034,0.6518757,1.0,1.0,67.472984,0.0,0.0,0.0,-1.5281861e-13,-0.7207428,0.16888428,-400.25253,66.36479,55.184006,0.0,0.9,0.0,-1.6299939e-13,0.0,76.150314,64.46905,64.359184,65.18585,67.20052
2018-01-02 04:38:00,0.1,0.0,66.36479,357730.44,0.0,0.0,28.89801,0.65176994,1.0,1.0,67.47159,0.0,0.0,0.0,-1.5276868e-13,-0.7206243,0.16888428,-400.25253,66.36479,55.184006,0.0,0.9,0.0,-1.6294525e-13,0.0,76.15026,64.468,64.358635,65.18414,67.1969
2018-01-02 04:39:00,0.1,0.0,66.36479,357730.44,0.0,0.0,28.948986,0.6516654,1.0,1.0,67.4702,0.0,0.0,0.0,-1.5271938e-13,-0.7205074,0.16885376,-400.25253,66.36479,55.184006,0.0,0.9,0.0,-1.6289201e-13,0.0,76.15021,64.466965,64.358086,65.182495,67.19327
2018-01-02 04:40:00,0.1,0.0,66.36479,357730.44,0.0,0.0,29.00002,0.65155846,1.0,1.0,67.46881,0.0,0.0,0.0,-1.526672e-13,-0.72038925,0.16882324,-400.25253,66.36479,55.184006,0.0,0.9,0.0,-1.628393e-13,0.0,76.1501,64.46591,64.35754,65.1808,67.1897
2018-01-02 04:41:00,0.1,0.0,66.36479,357730.44,0.0,0.0,29.050995,0.6514527,1.0,1.0,67.46744,0.0,0.0,0.0,-1.5261887e-13,-0.7202701,0.16879272,-400.25253,66.36479,55.184006,0.0,0.9,0.0,-1.6278889e-13,0.0,76.15004,64.464874,64.35699,65.17915,67.18613
2018-01-02 04:42:00,0.1,0.0,66.36479,357730.44,0.0,0.0,29.102026,0.6513458,1.0,1.0,67.46608,0.0,0.0,0.0,-1.5257117e-13,-0.72015494,0.1687622,-400.25253,66.36479,55.184006,0.0,0.9,0.0,-1.6273426e-13,0.0,76.14999,64.46383,64.35649,65.177505,67.182556
2018-01-02 04:43:00,0.1,0.0,66.36479,357730.44,0.0,0.0,29.153004,0.6512401,1.0,1.0,67.464714,0.0,0.0,0.0,-1.5251952e-13,-0.72003275,0.16873169,-400.25253,66.36479,55.184006,0.0,0.9,0.0,-1.6268237e-13,0.0,76.14993,64.46278,64.356,65.17586,67.178986
2018-01-02 04:44:00,0.1,0.0,66.36479,357730.44,0.0,0.0,29.204035,0.6511355,1.0,1.0,67.46336,0.0,0.0,0.0,-1.524709e-13,-0.71993077,0.16873169,-400.25253,66.36479,55.184006,0.0,0.9,0.0,-1.6262825e-13,0.0,76.14987,64.46175,64.3555,65.17421,67.175476
2018-01-02 04:45:00,0.1,0.0,66.36479,357730.44,0.0,0.0,29.25501,0.65102977,1.0,1.0,67.46202,0.0,0.0,0.0,-1.5241518e-13,-0.7198093,0.16870117,-400.25253,66.36479,55.184006,0.0,0.9,0.0,-1.6257465e-13,0.0,76.149826,64.46065,64.355064,65.17261,67.17196
2018-01-02 04:46:00,0.1,0.0,66.36479,357730.44,0.0,0.0,29.305988,0.650924,1.0,1.0,67.46068,0.0,0.0,0.0,-1.5237011e-13,-0.7196851,0.16867065,-400.25253,66.36479,55.184006,0.0,0.9,0.0,-1.6252341e-13,0.0,76.149765,64.459595,64.35463,65.17096,67.16844
2018-01-02 04:47:00,0.1,0.0,66.36479,357730.44,0.0,0.0,29.35702,0.6508183,1.0,1.0,67.459335,0.0,0.0,0.0,-1.5232502e-13,-0.71956813,0.16864014,-400.25253,66.36479,55.184006,0.0,0.9,0.0,-1.6247007e-13,0.0,76.14971,64.45856,64.354126,65.16937,67.16493
2018-01-02 04:48:00,0.1,0.0,66.36479,357730.44,0.0,0.0,29.407995,0.6507137,1.0,1.0,67.45802,0.0,0.0,0.0,-1.5226866e-13,-0.7194464,0.16860962,-400.25253,66.36479,55.184006,0.0,0.9,0.0,-1.6241792e-13,0.0,76.14966,64.45751,64.353745,65.167725,67.16147
2018-01-02 04:49:00,0.1,0.0,66.36479,357730.44,0.0,0.0,29.459026,0.6506068,1.0,1.0,67.4567,0.0,0.0,0.0,-1.5221949e-13,-0.7193329,0.1685791,-400.25253,66.36479,55.184006,0.0,0.9,0.0,-1.6236615e-13,0.0,76.1496,64.45647,64.3533,65.16613,67.158005
2018-01-02 04:50:00,0.1,0.0,66.36479,357730.44,0.0,0.0,29.510004,0.65050226,1.0,1.0,67.45538,0.0,0.0,0.0,-1.5217153e-13,-0.7192065,0.16854858,-400.25253,66.36479,55.184006,0.0,0.9,0.0,-1.6231307e-13,0.0,76.14949,64.45543,64.35292,65.164536,67.15454
2018-01-02 04:51:00,0.1,0.0,66.36479,357730.44,0.0,0.0,29.561035,0.6503965,1.0,1.0,67.45409,0.0,0.0,0.0,-1.5212698e-13,-0.7191054,0.16854858,-400.25253,66.36479,55.184006,0.0,0.9,0.0,-1.6225846e-13,0.0,76.14944,64.45438,64.35254,65.162994,67.151085
2018-01-02 04:52:00,0.1,0.0,66.36479,357730.44,0.0,0.0,29.612011,0.6502896,1.0,1.0,67.4528,0.0,0.0,0.0,-1.5207255e-13,-0.7189897,0.16851807,-400.25253,66.36479,55.184006,0.0,0.9,0.0,-1.6220715e-13,0.0,76.14938,64.45339,64.35216,65.16141,67.14763
2018-01-02 04:53:00,0.1,0.0,66.36479,357730.44,0.0,0.0,29.662989,0.6501862,1.0,1.0,67.4515,0.0,0.0,0.0,-1.5201984e-13,-0.7188734,0.16848755,-400.25253,66.36479,55.184006,0.0,0.9,0.0,-1.6215501e-13,0.0,76.14932,64.45235,64.35177,65.15987,67.14422
2018-01-02 04:54:00,0.1,0.0,66.36479,357730.44,0.0,0.0,29.71402,0.65008044,1.0,1.0,67.45023,0.0,0.0,0.0,-1.5197544e-13,-0.71874964,0.16845703,-400.25253,66.36479,55.184006,0.0,0.9,0.0,-1.6210172e-13,0.0,76.14928,64.451355,64.35144,65.15828,67.14081
2018-01-02 04:55:00,0.1,0.0,66.36479,357730.44,0.0,0.0,29.764996,0.6499747,1.0,1.0,67.448975,0.0,0.0,0.0,-1.5192163e-13,-0.7186313,0.16842651,-400.25253,66.36479,55.184006,0.0,0.9,0.0,-1.6204903e-13,0.0,76.149216,64.45037,64.351105,65.15674,67.13747
2018-01-02 04:56:00,0.1,0.0,66.36479,357730.44,0.0,0.0,29.816029,0.6498701,1.0,1.0,67.44771,0.0,0.0,0.0,-1.5187371e-13,-0.71851426,0.168396,-400.25253,66.36479,55.184006,0.0,0.9,0.0,-1.6199608e-13,0.0,76.14911,64.44939,64.350784,65.1552,67.134056
2018-01-02 04:57:00,0.1,0.0,66.36479,357730.44,0.0,0.0,29.867004,0.6497609,1.0,1.0,67.44646,0.0,0.0,0.0,-1.518254e-13,-0.71840394,0.168396,-400.25253,66.36479,55.184006,0.0,0.9,0.0,-1.619437e-13,0.0,76.14905,64.448395,64.35045,65.153656,67.13071
2018-01-02 04:58:00,0.1,0.0,66.36479,357730.44,0.0,0.0,29.918036,0.6496563,1.0,1.0,67.44522,0.0,0.0,0.0,-1.5177327e-13,-0.7182881,0.16836548,-400.25253,66.36479,55.184006,0.0,0.9,0.0,-1.6189005e-13,0.0,76.149,64.447464,64.350174,65.15212,67.12735
2018-01-02 04:59:00,0.1,0.0,66.36479,357730.44,0.0,0.0,29.969013,0.6495494,1.0,1.0,67.44399,0.0,0.0,0.0,-1.5173401e-13,-0.7181726,0.16833496,-400.25253,66.36479,55.184006,0.0,0.9,0.0,-1.6183715e-13,0.0,76.14894,64.44647,64.3499,65.150635,67.12401
2018-01-02 05:00:00,0.1,0.0,66.36479,357730.44,0.0,0.0,30.019989,0.6494437,1.0,1.0,67.442764,0.0,0.0,0.0,-1.5167991e-13,-0.7180492,0.16830444,-400.25253,66.36479,55.184006,0.0,0.9,0.0,-1.6178682e-13,0.0,76.148834,64.44554,64.349625,65.1491,67.12071
2018-01-02 05:01:00,0.1,0.0,66.36479,357730.44,0.0,0.0,30.019989,0.6493403,1.0,1.0,67.44154,0.0,0.0,0.0,-1.5163138e-13,-0.71794266,0.16827393,-400.25253,66.36479,55.184006,0.0,0.9,0.0,-1.6173235e-13,0.0,76.14877,64.4446,64.34935,65.14761,67.117355
2018-01-02 05:02:00,0.1,0.0,66.36479,357730.44,0.0,0.0,30.019989,0.64923686,1.0,1.0,67.440796,0.0,0.0,0.0,-1.5158026e-13,-0.71781856,0.16824341,-400.25253,66.36479,55.184006,0.0,0.9,0.0,-1.6168139e-13,0.0,76.15026,64.44378,64.3493,65.146355,67.11428
2018-01-02 05:03:00,0.1,0.0,66.36479,357730.44,0.0,0.0,30.019989,0.6491276,1.0,1.0,67.43999,0.0,0.0,0.0,-1.5153606e-13,-0.71770155,0.16821289,-400.25253,66.36479,55.184006,0.0,0.9,0.0,-1.6162923e-13,0.0,76.15141,64.442955,64.3493,65.14514,67.111145
2018-01-02 05:04:00,0.1,0.0,66.36479,357730.44,0.0,0.0,30.019989,0.64902186,1.0,1.0,67.43925,0.0,0.0,0.0,-1.514808e-13,-0.71758467,0.16821289,-400.25253,66.36479,55.184006,0.0,0.9,0.0,-1.6157594e-13,0.0,76.15273,64.442184,64.3493,65.14388,67.10812
2018-01-02 05:05:00,0.1,0.0,66.36479,357730.44,0.0,0.0,30.019989,0.64891726,1.0,1.0,67.4385,0.0,0.0,0.0,-1.5143404e-13,-0.7174649,0.16818237,-400.25253,66.36479,55.184006,0.0,0.9,0.0,-1.6152413e-13,0.0,76.15405,64.44142,64.3493,65.14267,67.10506
2018-01-02 05:06:00,0.1,0.0,66.36479,357730.44,0.0,0.0,30.019989,0.6488139,1.0,1.0,67.43777,0.0,0.0,0.0,-1.513829e-13,-0.7173585,0.16815186,-400.25253,66.36479,55.184006,0.0,0.9,0.0,-1.6147146e-13,0.0,76.155365,64.44064,64.3493,65.141464,67.102036
2018-01-02 05:07:00,0.1,0.0,66.36479,357730.44,0.0,0.0,30.019989,0.648707,1.0,1.0,67.43703,0.0,0.0,0.0,-1.5133768e-13,-0.7172315,0.16812134,-400.25253,66.36479,55.184006,0.0,0.9,0.0,-1.6141882e-13,0.0,76.15669,64.43988,64.3493,65.14026,67.099014
2018-01-02 05:08:00,0.1,0.0,66.36479,357730.44,0.0,0.0,30.019989,0.6486024,1.0,1.0,67.4363,0.0,0.0,0.0,-1.5128578e-13,-0.7171204,0.16809082,-400.25253,66.36479,55.184006,0.0,0.9,0.0,-1.6136621e-13,0.0,76.158005,64.43916,64.3493,65.13905,67.09599
2018-01-02 05:09:00,0.1,0.0,66.36479,357730.44,0.0,0.0,30.019989,0.6484978,1.0,1.0,67.43559,0.0,0.0,0.0,-1.5123265e-13,-0.717003,0.16802979,-400.25253,66.36479,55.184006,0.0,0.9,0.0,-1.6131545e-13,0.0,76.15938,64.4384,64.34935,65.13784,67.09302
2018-01-02 05:10:00,0.1,0.0,66.36479,357730.44,0.0,0.0,30.019989,0.6483921,1.0,1.0,67.43488,0.0,0.0,0.0,-1.5118928e-13,-0.71689045,0.16802979,-400.25253,66.36479,55.184006,0.0,0.9,0.0,-1.6126099e-13,0.0,76.1607,64.43762,64.34941,65.13669,67.09
2018-01-02 05:11:00,0.1,0.0,66.36479,357730.44,0.0,0.0,30.019989,0.64828867,1.0,1.0,67.43418,0.0,0.0,0.0,-1.5113944e-13,-0.71676916,0.16799927,-400.25253,66.36479,55.184006,0.0,0.9,0.0,-1.6120903e-13,0.0,76.16207,64.43691,64.34941,65.13548,67.087036
2018-01-02 05:12:00,0.1,0.0,66.36479,357730.44,0.0,0.0,30.019989,0.6481806,1.0,1.0,67.43349,0.0,0.0,0.0,-1.5108838e-13,-0.716662,0.16796875,-400.25253,66.36479,55.184006,0.0,0.9,0.0,-1.611563e-13,0.0,76.16339,64.4362,64.34946,65.13432,67.08407
2018-01-02 05:13:00,0.1,0.0,66.36479,357730.44,0.0,0.0,30.019989,0.64807487,1.0,1.0,67.432816,0.0,0.0,0.0,-1.5103987e-13,-0.71653867,0.16793823,-400.25253,66.36479,55.184006,0.0,0.9,0.0,-1.6110499e-13,0.0,76.164764,64.435486,64.34952,65.13317,67.0811
2018-01-02 05:14:00,0.1,0.0,66.36479,357730.44,0.0,0.0,30.019989,0.647968,1.0,1.0,67.43211,0.0,0.0,0.0,-1.5099694e-13,-0.7164247,0.16790771,-400.25253,66.36479,55.184006,0.0,0.9,0.0,-1.6105071e-13,0.0,76.16608,64.43477,64.34957,65.13196,67.078186
2018-01-02 05:15:00,0.1,0.0,66.36479,357730.44,0.0,0.0,30.019989,0.6478645,1.0,1.0,67.43144,0.0,0.0,0.0,-1.5094412e-13,-0.71631116,0.1678772,-400.25253,66.36479,55.184006,0.0,0.9,0.0,-1.6099874e-13,0.0,76.167404,64.43405,64.349686,65.13081,67.075226
2018-01-02 05:16:00,0.1,0.0,66.36479,357730.44,0.0,0.0,30.019989,0.64776,1.0,1.0,67.43076,0.0,0.0,0.0,-1.5089038e-13,-0.71619445,0.1678772,-400.25253,66.36479,55.184006,0.0,0.9,0.0,-1.6094659e-13,0.0,76.16878,64.43334,64.34973,65.129654,67.07231
2018-01-02 05:17:00,0.1,0.0,66.36479,357730.44,0.0,0.0,30.019989,0.64765424,1.0,1.0,67.430084,0.0,0.0,0.0,-1.5084685e-13,-0.7160701,0.16784668,-400.25253,66.36479,55.184006,0.0,0.9,0.0,-1.6089449e-13,0.0,76.17009,64.43263,64.34979,65.1285,67.0694
2018-01-02 05:18:00,0.1,0.0,66.36479,357730.44,0.0,0.0,30.019989,0.6475485,1.0,1.0,67.42943,0.0,0.0,0.0,-1.5079351e-13,-0.7159541,0.16781616,-400.25253,66.36479,55.184006,0.0,0.9,0.0,-1.6084393e-13,0.0,76.17141,64.431915,64.3499,65.1274,67.06649
2018-01-02 05:19:00,0.1,0.0,66.36479,357730.44,0.0,0.0,30.019989,0.6474439,1.0,1.0,67.42876,0.0,0.0,0.0,-1.5074653e-13,-0.715835,0.16778564,-400.25253,66.36479,55.184006,0.0,0.9,0.0,-1.6079117e-13,0.0,76.17273,64.43126,64.34996,65.12625,67.06358
2018-01-02 05:20:00,0.1,0.0,66.36479,357730.44,0.0,0.0,30.019989,0.64733934,1.0,1.0,67.42809,0.0,0.0,0.0,-1.5069701e-13,-0.7157264,0.16775513,-400.25253,66.36479,55.184006,0.0,0.9,0.0,-1.6073833e-13,0.0,76.17404,64.43054,64.35007,65.12509,67.06072
2018-01-02 05:21:00,0.1,0.0,66.36479,357730.44,0.0,0.0,30.019989,0.6472336,1.0,1.0,67.42743,0.0,0.0,0.0,-1.5065225e-13,-0.71561146,0.16772461,-400.25253,66.36479,55.184006,0.0,0.9,0.0,-1.6068521e-13,0.0,76.17531,64.429886,64.350174,65.12399,67.057816
2018-01-02 05:22:00,0.1,0.0,66.36479,357730.44,0.0,0.0,30.019989,0.6471278,1.0,1.0,67.42677,0.0,0.0,0.0,-1.5060128e-13,-0.7154918,0.16769409,-400.25253,66.36479,55.184006,0.0,0.9,0.0,-1.606338e-13,0.0,76.17663,64.42922,64.350235,65.12285,67.054955
2018-01-02 05:23:00,0.1,0.0,66.36479,357730.44,0.0,0.0,30.019989,0.6470244,1.0,1.0,67.42612,0.0,0.0,0.0,-1.5054973e-13,-0.71538043,0.16769409,-400.25253,66.36479,55.184006,0.0,0.9,0.0,-1.6058105e-13,0.0,76.17789,64.42851,64.35034,65.12175,67.05209
2018-01-02 05:24:00,0.1,0.0,66.36479,357730.44,0.0,0.0,30.019989,0.64691985,1.0,1.0,67.425476,0.0,0.0,0.0,-1.5050066e-13,-0.7152616,0.16766357,-400.25253,66.36479,55.184006,0.0,0.9,0.0,-1.605294e-13,0.0,76.179214,64.42785,64.35045,65.12065,67.04924
2018-01-02 05:25:00,0.1,0.0,66.36479,357730.44,0.0,0.0,30.019989,0.646813,1.0,1.0,67.42483,0.0,0.0,0.0,-1.5045623e-13,-0.71514946,0.16763306,-400.25253,66.36479,55.184006,0.0,0.9,0.0,-1.6047837e-13,0.0,76.18047,64.427185,64.350555,65.11949,67.04644
2018-01-02 05:26:00,0.1,0.0,66.36479,357730.44,0.0,0.0,30.019989,0.64670837,1.0,1.0,67.42417,0.0,0.0,0.0,-1.5040622e-13,-0.71502423,0.16760254,-400.25253,66.36479,55.184006,0.0,0.9,0.0,-1.604257e-13,0.0,76.18169,64.42653,64.35067,65.11839,67.04358
2018-01-02 05:27:00,0.1,0.0,66.36479,357730.44,0.0,0.0,30.019989,0.6466038,1.0,1.0,67.42354,0.0,0.0,0.0,-1.5035538e-13,-0.7149152,0.16757202,-400.25253,66.36479,55.184006,0.0,0.9,0.0,-1.6037197e-13,0.0,76.182945,64.42587,64.350784,65.117294,67.04079
2018-01-02 05:28:00,0.1,0.0,66.36479,357730.44,0.0,0.0,30.019989,0.6464992,1.0,1.0,67.4229,0.0,0.0,0.0,-1.5030541e-13,-0.71479654,0.1675415,-400.25253,66.36479,55.184006,0.0,0.9,0.0,-1.6032183e-13,0.0,76.184204,64.42526,64.35089,65.116196,67.037926
2018-01-02 05:29:00,0.1,0.0,66.36479,357730.44,0.0,0.0,30.019989,0.6463946,1.0,1.0,67.42226,0.0,0.0,0.0,-1.5025584e-13,-0.7146836,0.1675415,-400.25253,66.36479,55.184006,0.0,0.9,0.0,-1.6026975e-13,0.0,76.18542,64.42461,64.35106,65.1151,67.035126
2018-01-02 05:30:00,0.1,0.0,66.36479,357730.44,0.0,0.0,30.019989,0.64628774,1.0,1.0,67.42162,0.0,0.0,0.0,-1.5020919e-13,-0.7145585,0.16751099,-400.25253,66.36479,55.184006,0.0,0.9,0.0,-1.6021768e-13,0.0,76.18663,64.42395,64.351166,65.11406,67.03232
2018-01-02 05:31:00,0.1,0.0,66.36479,357730.44,0.0,0.0,30.019989,0.64618313,1.0,1.0,67.42098,0.0,0.0,0.0,-1.5015837e-13,-0.7144468,0.16748047,-400.25253,66.36479,55.184006,0.0,0.9,0.0,-1.6016522e-13,0.0,76.187836,64.42334,64.35127,65.11296,67.029526
2018-01-02 05:32:00,0.1,0.0,66.36479,357730.44,0.0,0.0,30.019989,0.64607745,1.0,1.0,67.420364,0.0,0.0,0.0,-1.5011508e-13,-0.7143277,0.16744995,-400.25253,66.36479,55.184006,0.0,0.9,0.0,-1.6011308e-13,0.0,76.18904,64.42268,64.35144,65.11186,67.02678
2018-01-02 05:33:00,0.1,0.0,66.36479,357730.44,0.0,0.0,30.019989,0.64597285,1.0,1.0,67.41972,0.0,0.0,0.0,-1.5006304e-13,-0.7142156,0.16741943,-400.25253,66.36479,55.184006,0.0,0.9,0.0,-1.6005963e-13,0.0,76.19025,64.42208,64.35155,65.11076,67.02397
2018-01-02 05:34:00,0.1,0.0,66.36479,357730.44,0.0,0.0,30.019989,0.64586943,1.0,1.0,67.41909,0.0,0.0,0.0,-1.5001455e-13,-0.7140995,0.16738892,-400.25253,66.36479,55.184006,0.0,0.9,0.0,-1.6000752e-13,0.0,76.19141,64.42142,64.351715,65.10971,67.021225
2018-01-02 05:35:00,0.1,0.0,66.36479,357730.44,0.0,0.0,30.019989,0.6457648,1.0,1.0,67.41846,0.0,0.0,0.0,-1.4996077e-13,-0.7139879,0.16738892,-400.25253,66.36479,55.184006,0.0,0.9,0.0,-1.5995748e-13,0.0,76.19256,64.42082,64.35182,65.10861,67.01848
2018-01-02 05:36:00,0.1,0.0,66.36479,357730.44,0.0,0.0,30.019989,0.6456603,1.0,1.0,67.41783,0.0,0.0,0.0,-1.4991667e-13,-0.71387106,0.1673584,-400.25253,66.36479,55.184006,0.0,0.9,0.0,-1.5990509e-13,0.0,76.19371,64.42021,64.35199,65.107574,67.01568
2018-01-02 05:37:00,0.1,0.0,66.36479,357730.44,0.0,0.0,30.019989,0.64555454,1.0,1.0,67.417206,0.0,0.0,0.0,-1.4987099e-13,-0.7137461,0.16732788,-400.25253,66.36479,55.184006,0.0,0.9,0.0,-1.5985332e-13,0.0,76.19487,64.41961,64.3521,65.10653,67.01293
2018-01-02 05:38:00,0.1,0.0,66.36479,357730.44,0.0,0.0,30.019989,0.64544994,1.0,1.0,67.41659,0.0,0.0,0.0,-1.4981763e-13,-0.71362627,0.16729736,-400.25253,66.36479,55.184006,0.0,0.9,0.0,-1.5980117e-13,0.0,76.196014,64.41901,64.352264,65.10543,67.01024
2018-01-02 05:39:00,0.1,0.0,66.36479,357730.44,0.0,0.0,30.019989,0.6453454,1.0,1.0,67.41597,0.0,0.0,0.0,-1.497677e-13,-0.7135098,0.16726685,-400.25253,66.36479,55.184006,0.0,0.9,0.0,-1.5975119e-13,0.0,76.19711,64.418396,64.35243,65.104385,67.00749
2018-01-02 05:40:00,0.1,0.0,66.36479,357730.44,0.0,0.0,30.019989,0.6452408,1.0,1.0,67.41533,0.0,0.0,0.0,-1.4972153e-13,-0.71340126,0.16723633,-400.25253,66.36479,55.184006,0.0,0.9,0.0,-1.5969809e-13,0.0,76.19821,64.4178,64.35254,65.10335,67.004745
2018-01-02 05:41:00,0.1,0.0,66.36479,357730.44,0.0,0.0,30.019989,0.64513505,1.0,1.0,67.41472,0.0,0.0,0.0,-1.4967137e-13,-0.7132861,0.16720581,-400.25253,66.36479,55.184006,0.0,0.9,0.0,-1.5964476e-13,0.0,76.19937,64.41719,64.35271,65.102295,67.00206
2018-01-02 05:42:00,0.1,0.0,66.36479,357730.44,0.0,0.0,30.019989,0.64503163,1.0,1.0,67.41411,0.0,0.0,0.0,-1.4962767e-13,-0.7131737,0.16720581,-400.25253,66.36479,55.184006,0.0,0.9,0.0,-1.5959407e-13,0.0,76.20047,64.41659,64.35287,65.10126,66.99936
2018-01-02 05:43:00,0.1,0.0,66.36479,357730.44,0.0,0.0,30.019989,0.6449247,1.0,1.0,67.41347,0.0,0.0,0.0,-1.4957423e-13,-0.7130591,0.1671753,-400.25253,66.36479,55.184006,0.0,0.9,0.0,-1.5954213e-13,0.0,76.20151,64.415985,64.35303,65.10021,66.99661
2018-01-02 05:44:00,0.1,0.0,66.36479,357730.44,0.0,0.0,30.019989,0.64482015,1.0,1.0,67.412865,0.0,0.0,0.0,-1.4952773e-13,-0.71294004,0.16714478,-400.25253,66.36479,55.184006,0.0,0.9,0.0,-1.5949182e-13,0.0,76.20261,64.415436,64.353195,65.09917,66.99393
2018-01-02 05:45:00,0.1,0.0,66.36479,357730.44,0.0,0.0,30.019989,0.6447156,1.0,1.0,67.41225,0.0,0.0,0.0,-1.4948095e-13,-0.71281856,0.16711426,-400.25253,66.36479,55.184006,0.0,0.9,0.0,-1.5943914e-13,0.0,76.20366,64.414825,64.35336,65.09813,66.991234
2018-01-02 05:46:00,0.1,0.0,66.36479,357730.44,0.0,0.0,30.019989,0.644611,1.0,1.0,67.41164,0.0,0.0,0.0,-1.49435e-13,-0.7127048,0.16708374,-400.25253,66.36479,55.184006,0.0,0.9,0.0,-1.5938821e-13,0.0,76.2047,64.414276,64.35353,65.09708,66.9886
2018-01-02 05:47:00,0.1,0.0,66.36479,357730.44,0.0,0.0,30.019989,0.6445076,1.0,1.0,67.411026,0.0,0.0,0.0,-1.493813e-13,-0.7125922,0.16705322,-400.25253,66.36479,55.184006,0.0,0.9,0.0,-1.5933647e-13,0.0,76.20574,64.41368,64.35369,65.09609,66.9859
2018-01-02 05:48:00,0.1,0.0,66.36479,357730.44,0.0,0.0,30.019989,0.6444042,1.0,1.0,67.410416,0.0,0.0,0.0,-1.4933108e-13,-0.7124746,0.16705322,-400.25253,66.36479,55.184006,0.0,0.9,0.0,-1.5928352e-13,0.0,76.20679,64.41313,64.35385,65.09505,66.98327
2018-01-02 05:49:00,0.1,0.0,66.36479,357730.44,0.0,0.0,30.019989,0.64429957,1.0,1.0,67.40979,0.0,0.0,0.0,-1.4927859e-13,-0.71237016,0.1670227,-400.25253,66.36479,55.184006,0.0,0.9,0.0,-1.5923031e-13,0.0,76.207825,64.41252,64.35402,65.09401,66.980576
2018-01-02 05:50:00,0.1,0.0,66.36479,357730.44,0.0,0.0,30.019989,0.6441927,1.0,1.0,67.40919,0.0,0.0,0.0,-1.4923219e-13,-0.7122367,0.16699219,-400.25253,66.36479,55.184006,0.0,0.9,0.0,-1.591811e-13,0.0,76.20882,64.41197,64.35419,65.09302,66.977936
2018-01-02 05:51:00,0.1,0.0,66.36479,357730.44,0.0,0.0,30.019989,0.6440904,1.0,1.0,67.40859,0.0,0.0,0.0,-1.4918523e-13,-0.7121324,0.16693115,-400.25253,66.36479,55.184006,0.0,0.9,0.0,-1.5912914e-13,0.0,76.20986,64.41142,64.3544,65.09197,66.9753
2018-01-02 05:52:00,0.1,0.0,66.36479,357730.44,0.0,0.0,30.019989,0.64398235,1.0,1.0,67.40798,0.0,0.0,0.0,-1.4914113e-13,-0.7120185,0.16690063,-400.25253,66.36479,55.184006,0.0,0.9,0.0,-1.590774e-13,0.0,76.210846,64.41087,64.35457,65.09099,66.97267
2018-01-02 05:53:00,0.1,0.0,66.36485,357730.44,0.0,0.0,30.019989,0.643879,1.0,1.0,67.40739,0.0,0.0,0.0,-1.4909062e-13,-0.71189797,0.16687012,-400.25253,66.36485,55.184006,0.0,0.9,0.0,-1.5902523e-13,0.0,76.21184,64.410324,64.35474,65.09,66.97003
2018-01-02 05:54:00,0.1,0.0,66.36485,357730.44,0.0,0.0,30.019989,0.64377207,1.0,1.0,67.40676,0.0,0.0,0.0,-1.4904235e-13,-0.71177757,0.16687012,-400.25253,66.36485,55.184006,0.0,0.9,0.0,-1.5897316e-13,0.0,76.21277,64.409775,64.354904,65.08895,66.96739
2018-01-02 05:55:00,0.1,0.0,66.36485,357730.44,0.0,0.0,30.019989,0.643671,1.0,1.0,67.406166,0.0,0.0,0.0,-1.4899155e-13,-0.7116735,0.1668396,-400.25253,66.36485,55.184006,0.0,0.9,0.0,-1.5892193e-13,0.0,76.21376,64.409225,64.35512,65.08797,66.96475
2018-01-02 05:56:00,0.1,0.0,66.36485,357730.44,0.0,0.0,30.019989,0.64356637,1.0,1.0,67.405556,0.0,0.0,0.0,-1.4894565e-13,-0.7115616,0.16680908,-400.25253,66.36485,55.184006,0.0,0.9,0.0,-1.5886904e-13,0.0,76.21469,64.408676,64.355286,65.086975,66.96217
2018-01-02 05:57:00,0.1,0.0,66.36485,357730.44,0.0,0.0,30.019989,0.6434595,1.0,1.0,67.40495,0.0,0.0,0.0,-1.4889775e-13,-0.71143067,0.16677856,-400.25253,66.36485,55.184006,0.0,0.9,0.0,-1.5881777e-13,0.0,76.21568,64.40813,64.35545,65.08598,66.95953
2018-01-02 05:58:00,0.1,0.0,66.36485,357730.44,0.0,0.0,30.019989,0.64335376,1.0,1.0,67.40436,0.0,0.0,0.0,-1.4885153e-13,-0.71131474,0.16674805,-400.25253,66.36485,55.184006,0.0,0.9,0.0,-1.587665e-13,0.0,76.21661,64.40758,64.35567,65.084946,66.956955
2018-01-02 05:59:00,0.1,0.0,66.36485,357730.44,0.0,0.0,30.019989,0.6432515,1.0,1.0,67.40375,0.0,0.0,0.0,-1.4879669e-13,-0.7111993,0.16671753,-400.25253,66.36485,55.184006,0.0,0.9,0.0,-1.5871682e-13,0.0,76.21755,64.40703,64.355835,65.083954,66.95438
2018-01-02 06:00:00,0.1,0.0,66.36485,357730.44,0.0,0.0,30.019989,0.6431446,1.0,1.0,67.40315,0.0,0.0,0.0,-1.4875406e-13,-0.71109027,0.16671753,-400.25253,66.36485,55.184006,0.0,0.9,0.0,-1.5866277e-13,0.0,76.21843,64.40654,64.35605,65.08296,66.9518
2018-01-02 06:01:00,0.1,0.0,66.36485,357730.44,0.1,0.1,30.034985,0.6430435,1.0,0.9,67.40255,0.0,0.0,1.0,-1.4870192e-13,-0.71097183,0.16668701,-400.25253,66.36485,55.184006,0.0,0.9,1.0,-1.5861219e-13,1.0,76.21936,64.40599,64.35622,65.08197,66.94921
2018-01-02 06:02:00,0.1,0.0,65.53461,357730.44,0.1,0.1,30.050037,73524.2,0.90997946,0.9,66.068436,0.06393709,0.06393709,1.0,0.113399245,73336.01,0.0113220215,-400.25253,48.75047,55.184006,0.07697553,0.9,1.0,0.53273684,1.0,85.71127,62.60736,62.563965,63.967415,67.66365
2018-01-02 06:03:00,0.1,0.0,65.674194,357730.44,0.1,0.1,30.065033,125160.09,0.90036553,0.9,66.361115,0.09930937,0.09930937,1.0,0.17946103,125397.336,0.017547607,-400.25253,45.81031,55.184006,0.115199976,0.9,1.0,0.91552925,1.0,78.7393,62.737328,62.73579,64.033714,67.598175
2018-01-02 06:04:00,0.1,0.0,65.7567,357730.44,0.1,0.1,30.080029,176521.83,0.90001076,0.9,66.94322,0.13303043,0.13303043,1.0,0.4211665,176800.8,0.026428223,-400.25253,51.85592,55.184006,0.15257446,0.9,1.0,2.1832118,1.0,81.73802,62.791107,62.773144,64.0464,67.596634
2018-01-02 06:05:00,0.1,0.038652133,66.221756,357730.44,0.1,0.1,30.095026,227377.45,0.9000003,0.9,67.76401,0.16606812,0.16606812,1.0,0.8124051,227697.38,0.037384033,-400.25253,55.65571,55.184006,0.18918084,0.9,1.0,4.1974015,1.0,79.06933,62.843346,62.811485,64.06113,67.59148
2018-01-02 06:06:00,0.13918652,0.24908693,67.05968,357730.44,0.1,0.1,30.110022,276667.7,0.90000004,0.9,68.60897,0.19836548,0.19836548,1.0,1.38411,277033.44,0.050476074,-400.25253,57.81309,55.184006,0.22495715,0.9,1.0,7.120856,1.0,79.5964,62.89081,62.85208,64.078705,67.5874
2018-01-02 06:07:00,0.35887793,0.45862412,68.01516,357730.44,0.1,0.1,30.12502,324017.62,0.9,0.9,69.4269,0.22987647,0.22987647,1.0,2.1564186,324436.22,0.065704346,-400.25253,58.443924,55.184006,0.25985354,0.9,1.0,11.06293,1.0,78.07611,62.929756,62.89086,64.09848,67.58345
2018-01-02 06:08:00,0.50043654,0.53424776,68.894394,357730.44,0.1,0.1,30.140015,367900.9,0.9,0.9,70.114975,0.26049995,0.26049995,1.0,3.1399484,368375.62,0.083343506,-400.25253,57.148857,55.184006,0.2937405,0.9,1.0,16.097206,1.0,77.77651,62.960022,62.92536,64.11864,67.57785
2018-01-02 06:09:00,0.5530783,0.57624424,69.611084,357730.44,0.1,0.1,30.15501,408365.56,0.9,0.9,70.66951,0.2901381,0.2901381,1.0,4.3379316,408880.97,0.10348511,-400.25253,56.396843,55.184006,0.32653007,0.9,1.0,22.254446,1.0,76.66403,62.980347,62.95453,64.13693,67.568405
2018-01-02 06:10:00,0.5986338,0.6200459,70.13585,357730.44,0.1,0.1,30.170008,445381.75,0.9,0.9,71.04294,0.3187691,0.3187691,1.0,5.7516727,445939.9,0.1260376,-400.25253,56.11592,55.184006,0.35819647,0.9,1.0,29.556126,1.0,76.03639,62.987377,62.977547,64.15138,67.55346
2018-01-02 06:11:00,0.6352793,0.6504107,70.46413,357730.44,0.1,0.1,30.185003,478656.9,0.9,0.9,71.250244,0.3463481,0.3463481,1.0,7.379267,479257.44,0.15093994,-400.25253,55.86351,55.184006,0.38868293,0.9,1.0,38.009056,1.0,75.082275,62.978313,62.993088,64.16072,67.53192
2018-01-02 06:12:00,0.66197824,0.67337936,70.60431,357730.44,0.1,0.1,30.2,508147.94,0.9,0.9,71.28639,0.37278292,0.37278292,1.0,9.214962,508768.38,0.17837524,-400.25253,55.688885,55.184006,0.41788518,0.9,1.0,47.592255,1.0,74.326416,62.951233,62.9999,64.16379,67.50276
2018-01-02 06:13:00,0.6816097,0.6895922,70.577446,357730.44,0.1,0.1,30.214996,533652.1,0.9,0.9,71.177574,0.39801958,0.39801958,1.0,11.255881,534280.6,0.20831299,-400.25253,55.548477,55.184006,0.44575435,0.9,1.0,58.297318,1.0,73.461685,62.90586,62.997047,64.15962,67.4648
2018-01-02 06:14:00,0.6950508,0.70022607,70.408035,357730.44,0.1,0.1,30.229992,555268.4,0.9,0.9,70.944,0.42203194,0.42203194,1.0,13.503617,555894.75,0.2406311,-400.25253,55.434334,55.184006,0.47225738,0.9,1.0,70.128716,1.0,72.715775,62.84362,62.983807,64.14748,67.41756
2018-01-02 06:15:00,0.70338553,0.70622814,70.129364,357730.44,0.1,0.1,30.24499,573168.0,0.9,0.9,70.61853,0.44478413,0.44478413,1.0,15.961094,573773.1,0.27526855,-400.25253,55.340454,55.184006,0.4973512,0.9,1.0,83.21392,1.0,71.96612,62.766716,62.959637,64.1271,67.36065
2018-01-02 06:16:00,0.7074338,0.70829856,69.77182,357730.44,0.1,0.1,30.259985,587412.3,0.9,0.9,70.227585,0.46620223,0.46620223,1.0,18.629751,587975.75,0.31228638,-400.25253,55.26185,55.184006,0.5209588,0.9,1.0,98.16456,1.0,71.30238,62.67778,62.924866,64.09804,67.293686
2018-01-02 06:17:00,0.7079939,0.70738614,69.36505,357730.44,0.1,0.1,30.275036,598754.94,0.9,0.9,69.799774,0.48631728,0.48631728,1.0,21.510197,599268.1,0.35125732,-400.25253,55.199883,55.184006,0.54312605,0.9,1.0,115.273544,1.0,70.677475,62.58006,62.88114,64.05992,67.21623
2018-01-02 06:18:00,0.7059334,0.70415986,68.93389,357730.44,0.1,0.1,30.290033,607548.06,0.9,0.9,69.357025,0.50514954,0.50514954,1.0,24.602686,608005.4,0.3920288,-400.25253,55.151215,55.184006,0.5638688,0.9,1.0,134.7492,1.0,70.12404,62.476788,62.830215,64.012566,67.12785
2018-01-02 06:19:00,0.70189196,0.7002959,68.497185,357730.44,0.1,0.1,30.305029,620577.25,0.9,0.9,68.91906,0.52329034,0.52329034,1.0,27.729239,620977.1,0.42980957,-400.25253,55.132263,55.184006,0.58432597,0.9,1.0,154.07848,1.0,69.61911,62.37187,62.7743,63.95533,67.0282
2018-01-02 06:20:00,0.7023032,0.70272195,68.0719,357730.44,0.1,0.1,30.320026,643300.9,0.9,0.9,68.50723,0.5423251,0.5423251,1.0,30.857922,643751.7,0.46295166,-400.25253,55.185272,55.184006,0.6051149,0.9,1.0,171.42976,1.0,69.107315,62.27211,62.71827,63.89122,66.920975
2018-01-02 06:21:00,0.7012273,0.6998671,67.67755,357730.44,0.1,0.1,30.335022,658376.44,0.9,0.9,68.11865,0.55949634,0.55949634,1.0,34.162437,658781.44,0.5000305,-400.25253,55.15204,55.184006,0.6240342,0.9,1.0,191.48763,1.0,68.644516,62.175156,62.66224,63.82228,66.80798
2018-01-02 06:22:00,0.69846785,0.69682986,67.30572,357730.44,0.1,0.1,30.350018,671177.44,0.9,0.9,67.7516,0.57566196,0.57566196,1.0,37.627495,671539.2,0.53775024,-400.25253,55.13671,55.184006,0.64185953,0.9,1.0,212.86981,1.0,68.21846,62.082047,62.60681,63.748016,66.68878
2018-01-02 06:23:00,0.69491094,0.69278485,66.95745,357730.44,0.1,0.1,30.365015,681939.9,0.9,0.9,67.408165,0.5907387,0.5907387,1.0,41.29344,682228.1,0.5766907,-400.25253,55.119793,55.184006,0.6584311,0.9,1.0,235.35408,1.0,67.84685,61.993225,62.552593,63.668804,66.56381
2018-01-02 06:24:00,0.6904971,0.6880092,66.63571,357730.44,0.1,0.1,30.38001,690617.75,0.9,0.9,67.09121,0.6045766,0.6045766,1.0,45.145077,690809.7,0.617157,-400.25253,55.105453,55.184006,0.6736365,0.9,1.0,258.65625,1.0,67.522095,61.909126,62.499916,63.58509,66.433624
2018-01-02 06:25:00,0.6854523,0.68269694,66.34183,357730.44,0.1,0.1,30.395008,697423.56,0.9,0.9,66.80238,0.6172184,0.6172184,1.0,49.190807,697509.5,0.658844,-400.25253,55.09425,55.184006,0.6875103,0.9,1.0,282.62686,1.0,67.24655,61.829857,62.44899,63.497803,66.29937
2018-01-02 06:26:00,0.67994595,0.67700315,66.07701,357730.44,0.1,0.1,30.410004,702470.9,0.9,0.9,66.54266,0.6286366,0.6286366,1.0,53.41112,702440.75,0.70181274,-400.25253,55.0859,55.184006,0.70002043,0.9,1.0,306.99457,1.0,67.0137,61.755753,62.400215,63.407715,66.16199
2018-01-02 06:27:00,0.67412406,0.67105895,65.84129,357730.44,0.1,0.1,30.425,705859.6,0.9,0.9,66.31178,0.6388049,0.6388049,1.0,57.772438,705704.75,0.7460022,-400.25253,55.08008,55.184006,0.7111386,0.9,1.0,331.4366,1.0,66.81996,61.68698,62.353683,63.31581,66.02263
2018-01-02 06:28:00,0.6681025,0.664966,65.63393,357730.44,0.1,0.1,30.439997,707688.1,0.9,0.9,66.10887,0.6477077,0.6477077,1.0,62.23031,707402.56,0.79138184,-400.25253,55.07634,55.184006,0.7208496,0.9,1.0,355.5991,1.0,66.66005,61.62348,62.309578,63.222977,65.882385
2018-01-02 06:29:00,0.66197073,0.65880066,65.45331,357730.44,0.1,0.1,30.454992,708060.75,0.9,0.9,65.932205,0.65534675,0.65534675,1.0,66.73333,707642.6,0.83776855,-400.25253,55.0742,55.184006,0.7291584,0.9,1.0,379.12057,1.0,66.529205,61.56547,62.268047,63.1302,65.74231
2018-01-02 06:30:00,0.65579504,0.6526195,65.29747,357730.44,0.1,0.1,30.46999,707096.6,0.9,0.9,65.77972,0.6617485,0.6617485,1.0,71.22801,706548.94,0.88500977,-400.25253,55.073265,55.184006,0.7360983,0.9,1.0,401.66025,1.0,66.42198,61.512794,62.229103,63.038353,65.60361
2018-01-02 06:31:00,0.6496241,0.64646435,65.16382,357730.44,0.1,0.1,30.484985,704935.3,0.9,0.9,65.648926,0.66696805,0.66696805,1.0,75.663506,704266.6,0.93270874,-400.25253,55.073265,55.184006,0.74173474,0.9,1.0,422.92465,1.0,66.33365,61.465496,62.19285,62.948376,65.46738
2018-01-02 06:32:00,0.64357674,0.6405444,65.04979,357730.44,0.1,0.1,30.500036,701737.06,0.9,0.9,65.53735,0.67108905,0.67108905,1.0,79.99532,700961.56,0.98049927,-400.25253,55.076122,55.184006,0.7461647,0.9,1.0,442.68793,1.0,66.26245,61.423416,62.159393,62.8612,65.33455
2018-01-02 06:33:00,0.6377138,0.634735,64.952995,357730.44,0.1,0.1,30.515034,697681.6,0.9,0.9,65.442986,0.67422116,0.67422116,1.0,84.18748,696818.25,1.0278625,-400.25253,55.07832,55.184006,0.7495128,0.9,1.0,460.80365,1.0,66.20686,61.38656,62.128796,62.777596,65.206116
2018-01-02 06:34:00,0.6319685,0.629064,64.87154,357730.44,0.1,0.1,30.53003,692955.94,0.9,0.9,65.364,0.6764899,0.6764899,1.0,88.21276,692026.9,1.0743103,-400.25253,55.080734,55.184006,0.7519203,0.9,1.0,477.2021,1.0,66.16506,61.3547,62.101112,62.69822,65.082794
2018-01-02 06:35:00,0.62637883,0.623563,64.803635,357730.44,0.1,0.1,30.545025,687745.7,0.9,0.9,65.29884,0.67802787,0.67802787,1.0,92.05166,686774.7,1.1193542,-400.25253,55.083595,55.184006,0.75353515,0.9,1.0,491.88092,1.0,66.135284,61.327675,62.076393,62.62362,64.965195
2018-01-02 06:36:00,0.6209724,0.6182605,64.747826,357730.44,0.1,0.1,30.560022,682226.1,0.9,0.9,65.246,0.67896634,0.67896634,1.0,95.69094,681236.2,1.1626282,-400.25253,55.086945,55.184006,0.75450194,0.9,1.0,504.8921,1.0,66.1159,61.30537,62.054695,62.55424,64.85384
2018-01-02 06:37:00,0.6157793,0.61318636,64.702835,357730.44,0.1,0.1,30.575018,676553.25,0.9,0.9,65.20419,0.6794271,0.6794271,1.0,99.12208,675565.5,1.2037354,-400.25253,55.09079,55.184006,0.75495434,0.9,1.0,516.3252,1.0,66.10541,61.287575,62.03602,62.490303,64.74887
2018-01-02 06:38:00,0.61082727,0.6083662,64.667465,357730.44,0.1,0.1,30.590015,670859.4,0.9,0.9,65.17229,0.6795183,0.6795183,1.0,102.34015,669891.44,1.2424011,-400.25253,55.09513,55.184006,0.75501,0.9,1.0,526.29376,1.0,66.102325,61.27406,62.020306,62.431908,64.65054
2018-01-02 06:39:00,0.6061394,0.60382026,64.640656,357730.44,0.1,0.1,30.605011,665250.9,0.9,0.9,65.1491,0.6793315,0.6793315,1.0,105.342995,664317.0,1.2785645,-400.25253,55.099854,55.184006,0.75476897,0.9,1.0,534.92303,1.0,66.10579,61.26461,62.007507,62.37912,64.5587
2018-01-02 06:40:00,0.60173327,0.59956306,64.62154,357730.44,0.1,0.1,30.620007,659809.7,0.9,0.9,65.13367,0.6789425,0.6789425,1.0,108.13093,658920.44,1.3121033,-400.25253,55.104904,55.184006,0.75431275,0.9,1.0,542.3427,1.0,66.11447,61.259064,61.997566,62.331768,64.47328
2018-01-02 06:41:00,0.5976199,0.5956023,64.60918,357730.44,0.1,0.1,30.635004,654595.1,0.9,0.9,65.124985,0.67841166,0.67841166,1.0,110.70648,653757.6,1.3429871,-400.25253,55.110123,55.184006,0.75370663,0.9,1.0,548.68097,1.0,66.12738,61.257195,61.990368,62.289745,64.39401
2018-01-02 06:42:00,0.59380406,0.59193933,64.60286,357730.44,0.1,0.1,30.65,649647.8,0.9,0.9,65.12224,0.6777866,0.6777866,1.0,113.07442,648866.06,1.3713379,-400.25253,55.1154,55.184006,0.75300175,0.9,1.0,554.0612,1.0,66.143524,61.258736,61.985756,62.252666,64.32068
2018-01-02 06:43:00,0.5902843,0.58857006,64.60171,357730.44,0.1,0.1,30.664997,644992.25,0.9,0.9,65.1245,0.6771039,0.6771039,1.0,115.241455,644268.1,1.3972168,-400.25253,55.120728,55.184006,0.75223726,0.9,1.0,558.5996,1.0,66.1622,61.263405,61.983612,62.22042,64.25289
2018-01-02 06:44:00,0.5870541,0.58548546,64.605,357730.44,0.1,0.1,30.679993,640640.6,0.9,0.9,65.13103,0.676391,0.676391,1.0,117.21599,639974.0,1.4207458,-400.25253,55.125893,55.184006,0.7514426,0.9,1.0,562.4034,1.0,66.18259,61.27115,61.983776,62.192627,64.19027
2018-01-02 06:45:00,0.5841026,0.58267295,64.612144,357730.44,0.1,0.1,30.694988,636595.8,0.9,0.9,65.141136,0.6756684,0.6756684,1.0,119.00773,635985.25,1.4420471,-400.25253,55.13089,55.184006,0.7506396,0.9,1.0,565.57043,1.0,66.20456,61.281586,61.986137,62.169006,64.13254
2018-01-02 06:46:00,0.58141613,0.5801179,64.62253,357730.44,0.1,0.1,30.709986,632853.4,0.9,0.9,65.15427,0.6749511,0.6749511,1.0,120.62737,632296.56,1.4613342,-400.25253,55.135612,55.184006,0.7498442,0.9,1.0,568.18884,1.0,66.227356,61.29466,61.990425,62.14923,64.07931
2018-01-02 06:47:00,0.57897925,0.5778039,64.635544,357730.44,0.1,0.1,30.725037,629404.06,0.9,0.9,65.169754,0.6742494,0.6742494,1.0,122.08624,628898.1,1.4786987,-400.25253,55.140118,55.184006,0.7490675,0.9,1.0,570.33716,1.0,66.250595,61.31004,61.996574,62.133026,64.0302
2018-01-02 06:48:00,0.57677495,0.5757134,64.65071,357730.44,0.1,0.1,30.740032,626235.25,0.9,0.9,65.187164,0.67357093,0.67357093,1.0,123.39594,625776.9,1.4942932,-400.25253,55.144295,55.184006,0.7483173,0.9,1.0,572.08484,1.0,66.27388,61.327675,62.004486,62.120064,63.984936
2018-01-02 06:49:00,0.57478565,0.5738284,64.667625,357730.44,0.1,0.1,30.75503,623332.4,0.9,0.9,65.20607,0.67292035,0.67292035,1.0,124.567955,622918.2,1.5082703,-400.25253,55.14814,55.184006,0.7475987,0.9,1.0,573.4925,1.0,66.296844,61.347336,62.01393,62.110176,63.943188
2018-01-02 06:50:00,0.5729927,0.5721306,64.68587,357730.44,0.1,0.1,30.770025,620679.3,0.9,0.9,65.226006,0.6723008,0.6723008,1.0,125.61382,620305.7,1.5207825,-400.25253,55.151653,55.184006,0.7469149,0.9,1.0,574.6133,1.0,66.319305,61.368874,62.02481,62.10309,63.90468
2018-01-02 06:51:00,0.57137847,0.57060266,64.70503,357730.44,0.1,0.1,30.785023,618259.44,0.9,0.9,65.24672,0.6717139,0.6717139,1.0,126.544586,617923.1,1.5320129,-400.25253,55.154892,55.184006,0.7462675,0.9,1.0,575.49316,1.0,66.34128,61.392162,62.037003,62.098583,63.869194
2018-01-02 06:52:00,0.56992596,0.5692281,64.724915,357730.44,0.1,0.1,30.800018,616056.2,0.9,0.9,65.267914,0.6711603,0.6711603,1.0,127.370735,615753.94,1.5419922,-400.25253,55.157806,55.184006,0.7456572,0.9,1.0,576.17145,1.0,66.36249,61.417046,62.05046,62.096443,63.836403
2018-01-02 06:53:00,0.5686198,0.5679917,64.74519,357730.44,0.1,0.1,30.815014,614053.56,0.9,0.9,65.28934,0.67064,0.67064,1.0,128.10208,613782.3,1.5509033,-400.25253,55.160385,55.184006,0.74508375,0.9,1.0,576.6818,1.0,66.38281,61.443466,62.065018,62.096443,63.806133
2018-01-02 06:54:00,0.56744415,0.5668791,64.76568,357730.44,0.1,0.1,30.830011,612235.9,0.9,0.9,65.31082,0.6701518,0.6701518,1.0,128.7473,611992.94,1.5588074,-400.25253,55.162804,55.184006,0.7445458,0.9,1.0,577.0573,1.0,66.402145,61.471264,62.08062,62.098473,63.77823
2018-01-02 06:55:00,0.56638557,0.5658765,64.786224,357730.44,0.1,0.1,30.845007,610588.0,0.9,0.9,65.332184,0.669694,0.669694,1.0,129.31395,610370.75,1.5658569,-400.25253,55.164894,55.184006,0.7440413,0.9,1.0,577.326,1.0,66.42044,61.500378,62.09721,62.10237,63.75241
2018-01-02 06:56:00,0.56543136,0.5649719,64.806656,357730.44,0.1,0.1,30.860004,609095.8,0.9,0.9,65.35329,0.6692655,0.6692655,1.0,129.81023,608901.75,1.5720825,-400.25253,55.16676,55.184006,0.7435694,0.9,1.0,577.5061,1.0,66.43758,61.530647,62.114624,62.108032,63.72857
2018-01-02 06:57:00,0.56456953,0.564154,64.82687,357730.44,0.1,0.1,30.875,607746.06,0.9,0.9,65.37405,0.6688654,0.6688654,1.0,130.24379,607572.94,1.5776062,-400.25253,55.168465,55.184006,0.7431287,0.9,1.0,577.6132,1.0,66.45378,61.56212,62.132915,62.115227,63.706596
2018-01-02 06:58:00,0.56378955,0.563413,64.8467,357730.44,0.1,0.1,30.889996,606526.44,0.9,0.9,65.394424,0.66849244,0.66849244,1.0,130.62161,606372.06,1.5825195,-400.25253,55.169945,55.184006,0.74271816,0.9,1.0,577.66077,1.0,66.46889,61.594643,62.151924,62.123962,63.686325
2018-01-02 06:59:00,0.56308216,0.56274015,64.8662,357730.44,0.1,0.1,30.904993,605425.4,0.9,0.9,65.41426,0.6681455,0.6681455,1.0,130.94994,605288.0,1.5868225,-400.25253,55.17121,55.184006,0.7423363,0.9,1.0,577.65985,1.0,66.48306,61.62815,62.1717,62.13407,63.667595
2018-01-02 07:00:00,0.5624391,0.56212765,64.88527,357730.44,0.1,0.1,30.919989,604432.5,0.9,0.9,65.43365,0.66782326,0.66782326,1.0,131.23439,604310.2,1.5906067,-400.25253,55.172417,55.184006,0.7419816,0.9,1.0,577.6198,1.0,66.49614,61.662643,62.19213,62.145493,63.650402
2018-01-02 07:01:00,0.5618529,0.5615685,64.90383,357730.44,0.1,0.1,30.919989,603537.94,0.9,0.9,65.45244,0.6675243,0.6675243,1.0,131.48007,603429.2,1.5939331,-400.25253,55.17341,55.184006,0.74165267,0.9,1.0,577.54865,1.0,66.50816,61.698074,62.213173,62.158184,63.63453
2018-01-02 07:02:00,0.5613152,0.5610547,64.92207,357730.44,0.1,0.1,30.919989,602732.7,0.9,0.9,65.47188,0.66724735,0.66724735,1.0,131.69142,602636.25,1.5968628,-400.25253,55.17434,55.184006,0.741348,0.9,1.0,577.4528,1.0,66.543816,61.7362,62.23767,62.17384,63.622826
2018-01-02 07:03:00,0.5608384,0.5606219,64.941956,357730.44,0.1,0.1,30.919989,602008.56,0.9,0.9,65.49309,0.66699106,0.66699106,1.0,131.87257,601923.0,1.5994263,-400.25253,55.175606,55.184006,0.7410661,0.9,1.0,577.338,1.0,66.56265,61.775253,62.26277,62.190704,63.612442
2018-01-02 07:04:00,0.56044555,0.5602662,64.96272,357730.44,0.1,0.1,30.919989,601357.9,0.9,0.9,65.514786,0.6667541,0.6667541,1.0,132.02713,601282.06,1.601654,-400.25253,55.17692,55.184006,0.7408055,0.9,1.0,577.2089,1.0,66.5887,61.81508,62.28843,62.208664,63.60316
2018-01-02 07:05:00,0.5601193,0.5599716,64.98419,357730.44,0.1,0.1,30.919989,600773.8,0.9,0.9,65.53708,0.6665353,0.6665353,1.0,132.15831,600706.75,1.6036072,-400.25253,55.17813,55.184006,0.7405649,0.9,1.0,577.0693,1.0,66.60704,61.855675,62.31463,62.227562,63.59492
2018-01-02 07:06:00,0.55985206,0.5597307,65.00578,357730.44,0.1,0.1,30.919989,600250.1,0.9,0.9,65.55928,0.6663335,0.6663335,1.0,132.26894,600190.8,1.6053162,-400.25253,55.17912,55.184006,0.7403429,0.9,1.0,576.9224,1.0,66.627365,61.89704,62.34127,62.24739,63.58767
2018-01-02 07:07:00,0.55963135,0.5595311,65.02743,357730.44,0.1,0.1,30.919989,599780.9,0.9,0.9,65.58136,0.6661474,0.6661474,1.0,132.36163,599728.6,1.606781,-400.25253,55.18,55.184006,0.74013835,0.9,1.0,576.77106,1.0,66.64374,61.939064,62.368355,62.268158,63.581406
2018-01-02 07:08:00,0.55944884,0.5593653,65.0488,357730.44,0.1,0.1,30.919989,599361.0,0.9,0.9,65.60311,0.665976,0.665976,1.0,132.43864,599314.9,1.6080322,-400.25253,55.180656,55.184006,0.7399499,0.9,1.0,576.61725,1.0,66.66005,61.981796,62.395874,62.289745,63.57597
2018-01-02 07:09:00,0.559296,0.5592257,65.06984,357730.44,0.1,0.1,30.919989,598985.56,0.9,0.9,65.62448,0.6658182,0.6658182,1.0,132.50197,598945.0,1.6091003,-400.25253,55.181206,55.184006,0.7397765,0.9,1.0,576.4631,1.0,66.67412,62.02525,62.423836,62.31221,63.57141
2018-01-02 07:10:00,0.55916697,0.5591071,65.09038,357730.44,0.1,0.1,30.919989,598650.25,0.9,0.9,65.645294,0.66567314,0.66567314,1.0,132.55344,598614.6,1.6100464,-400.25253,55.18165,55.184006,0.739617,0.9,1.0,576.3098,1.0,66.68758,62.069305,62.45218,62.33545,63.567673
2018-01-02 07:11:00,0.55905664,0.55900514,65.110535,357730.44,0.1,0.1,30.919989,598351.1,0.9,0.9,65.66568,0.6655398,0.6655398,1.0,132.59462,598319.9,1.6108398,-400.25253,55.181976,55.184006,0.7394705,0.9,1.0,576.15875,1.0,66.69955,62.11402,62.480907,62.35951,63.56465
2018-01-02 07:12:00,0.55896133,0.55891645,65.13015,357730.44,0.1,0.1,30.919989,598084.56,0.9,0.9,65.68551,0.6654174,0.6654174,1.0,132.62688,598057.25,1.6114807,-400.25253,55.18225,55.184006,0.73933595,0.9,1.0,576.0109,1.0,66.71069,62.159393,62.51008,62.384285,63.5624
2018-01-02 07:13:00,0.55887794,0.5588384,65.14932,357730.44,0.1,0.1,30.919989,597847.4,0.9,0.9,65.70485,0.665305,0.665305,1.0,132.65149,597823.56,1.6120605,-400.25253,55.182472,55.184006,0.7392125,0.9,1.0,575.86694,1.0,66.72075,62.205425,62.539627,62.40983,63.560863
2018-01-02 07:14:00,0.55880433,0.5587692,65.168,357730.44,0.1,0.1,30.919989,597636.56,0.9,0.9,65.72374,0.665202,0.665202,1.0,132.66954,597615.8,1.6125183,-400.25253,55.18269,55.184006,0.7390993,0.9,1.0,575.7275,1.0,66.730034,62.252007,62.56951,62.436028,63.56004
2018-01-02 07:15:00,0.55873877,0.55870736,65.18623,357730.44,0.1,0.1,30.919989,597449.44,0.9,0.9,65.74214,0.6651076,0.6651076,1.0,132.68198,597431.44,1.6129456,-400.25253,55.1828,55.184006,0.73899555,0.9,1.0,575.59296,1.0,66.738495,62.299248,62.599777,62.462997,63.559822
2018-01-02 07:16:00,0.55868006,0.5586519,65.20409,357730.44,0.1,0.1,30.919989,597283.56,0.9,0.9,65.7601,0.6650211,0.6650211,1.0,132.68965,597268.0,1.6132507,-400.25253,55.182964,55.184006,0.7389006,0.9,1.0,575.46375,1.0,66.74629,62.34709,62.630486,62.490685,63.560314
2018-01-02 07:17:00,0.5586275,0.55860233,65.2215,357730.44,0.1,0.1,30.919989,597136.8,0.9,0.9,65.77774,0.664942,0.664942,1.0,132.6933,597123.3,1.6134949,-400.25253,55.183075,55.184006,0.7388137,0.9,1.0,575.3399,1.0,66.75343,62.3956,62.661522,62.518974,63.561356
2018-01-02 07:18:00,0.5585806,0.5585582,65.23864,357730.44,0.1,0.1,30.919989,597007.06,0.9,0.9,65.795044,0.66486967,0.66486967,1.0,132.69359,596995.5,1.6137085,-400.25253,55.18318,55.184006,0.73873425,0.9,1.0,575.22174,1.0,66.760086,62.444653,62.692886,62.548035,63.56306
2018-01-02 07:19:00,0.55853903,0.55851936,65.255394,357730.44,0.1,0.1,30.919989,596892.6,0.9,0.9,65.81201,0.66480356,0.66480356,1.0,132.69107,596882.75,1.6138916,-400.25253,55.18324,55.184006,0.7386616,0.9,1.0,575.1092,1.0,66.76613,62.49431,62.724693,62.577698,63.565315
2018-01-02 07:20:00,0.55850273,0.55848575,65.27193,357730.44,0.1,0.1,30.919989,596791.9,0.9,0.9,65.82872,0.6647431,0.6647431,1.0,132.68625,596783.44,1.6140137,-400.25253,55.18335,55.184006,0.7385953,0.9,1.0,575.0023,1.0,66.77173,62.54457,62.75683,62.608017,63.568222
2018-01-02 07:21:00,0.5584717,0.55845743,65.28824,357730.44,0.1,0.1,30.919989,596703.25,0.9,0.9,65.8452,0.664688,0.664688,1.0,132.67957,596696.06,1.6140747,-400.25253,55.183456,55.184006,0.73853475,0.9,1.0,574.90106,1.0,66.77695,62.59544,62.78935,62.639053,63.571632
2018-01-02 07:22:00,0.55844593,0.5584345,65.30434,357730.44,0.1,0.1,30.919989,596625.6,0.9,0.9,65.861565,0.66463774,0.66463774,1.0,132.67139,596619.56,1.6141357,-400.25253,55.18357,55.184006,0.73847955,0.9,1.0,574.80536,1.0,66.78183,62.646965,62.822197,62.670696,63.575638
2018-01-02 07:23:00,0.5584257,0.5584172,65.32027,357730.44,0.1,0.1,30.919989,596557.6,0.9,0.9,65.877716,0.6645919,0.6645919,1.0,132.662,596552.56,1.6141663,-400.25253,55.183624,55.184006,0.73842925,0.9,1.0,574.715,1.0,66.78639,62.699043,62.855484,62.702995,63.580147
2018-01-02 07:24:00,0.5584113,0.5584059,65.33614,357730.44,0.1,0.1,30.919989,596498.3,0.9,0.9,65.893814,0.6645501,0.6645501,1.0,132.65173,596494.06,1.6141968,-400.25253,55.18373,55.184006,0.7383834,0.9,1.0,574.6299,1.0,66.79068,62.75172,62.88916,62.7359,63.58525
2018-01-02 07:25:00,0.55840296,0.5584007,65.35185,357730.44,0.1,0.1,30.919989,596446.6,0.9,0.9,65.90979,0.66451216,0.66451216,1.0,132.64082,596443.2,1.6141968,-400.25253,55.183846,55.184006,0.7383417,0.9,1.0,574.54987,1.0,66.79469,62.805004,62.923164,62.769516,63.59086
2018-01-02 07:26:00,0.5584009,0.558402,65.36757,357730.44,0.1,0.1,30.919989,596401.8,0.9,0.9,65.92572,0.6644776,0.6644776,1.0,132.62944,596399.0,1.6141663,-400.25253,55.183952,55.184006,0.7383037,0.9,1.0,574.47473,1.0,66.79848,62.858894,62.95755,62.80374,63.597008
2018-01-02 07:27:00,0.5584055,0.55841005,65.383224,357730.44,0.1,0.1,30.919989,596362.94,0.9,0.9,65.94165,0.6644461,0.6644461,1.0,132.61778,596360.75,1.6141357,-400.25253,55.18412,55.184006,0.7382692,0.9,1.0,574.4043,1.0,66.802155,62.913494,62.992596,62.83873,63.603928
2018-01-02 07:28:00,0.55841696,0.5584252,65.398926,357730.44,0.1,0.1,30.919989,596329.5,0.9,0.9,65.95758,0.66441756,0.66441756,1.0,132.60599,596327.75,1.6141052,-400.25253,55.184227,55.184006,0.73823786,0.9,1.0,574.3383,1.0,66.80562,62.968758,63.028027,62.874435,63.611343
2018-01-02 07:29:00,0.5584358,0.55844796,65.41458,357730.44,0.1,0.1,30.919989,596300.7,0.9,0.9,65.973625,0.66439164,0.66439164,1.0,132.59418,596299.4,1.6140442,-400.25253,55.184338,55.184006,0.7382094,0.9,1.0,574.27673,1.0,66.80902,63.024567,63.063843,62.910748,63.61931
2018-01-02 07:30:00,0.5584624,0.55847865,65.430405,357730.44,0.1,0.1,30.919989,596276.1,0.9,0.9,65.98967,0.66436815,0.66436815,1.0,132.58246,596275.2,1.6140137,-400.25253,55.1845,55.184006,0.7381836,0.9,1.0,574.2192,1.0,66.81232,63.081036,63.100098,62.947662,63.62777
2018-01-02 07:31:00,0.558497,0.55851746,65.44623,357730.44,0.1,0.1,30.919989,596255.25,0.9,0.9,66.00581,0.6643468,0.6643468,1.0,132.5709,596254.56,1.6139526,-400.25253,55.184612,55.184006,0.73816025,0.9,1.0,574.16547,1.0,66.815506,63.138107,63.136734,62.985237,63.63678
2018-01-02 07:32:00,0.55853987,0.5585646,65.46216,357730.44,0.1,0.1,30.919989,596237.56,0.9,0.9,66.02208,0.6643275,0.6643275,1.0,132.55962,596237.1,1.6138916,-400.25253,55.184776,55.184006,0.73813903,0.9,1.0,574.1155,1.0,66.81859,63.195732,63.17376,63.023468,63.646225
2018-01-02 07:33:00,0.5585911,0.5586202,65.47826,357730.44,0.1,0.1,30.919989,596222.7,0.9,0.9,66.0385,0.66431,0.66431,1.0,132.5486,596222.5,1.6138306,-400.25253,55.184944,55.184006,0.73811984,0.9,1.0,574.069,1.0,66.82172,63.254013,63.21128,63.06236,63.65628
2018-01-02 07:34:00,0.55865204,0.55870044,65.4944,357730.44,0.1,0.1,30.919989,596210.3,0.9,0.9,66.05498,0.6642942,0.6642942,1.0,132.53793,596210.3,1.6137695,-400.25253,55.185326,55.184006,0.7381025,0.9,1.0,574.0257,1.0,66.82474,63.312904,63.249184,63.101852,63.666824
2018-01-02 07:35:00,0.5587895,0.55888283,65.51077,357730.44,0.1,0.1,30.919989,596200.06,0.9,0.9,66.07168,0.6642799,0.6642799,1.0,132.52763,596200.25,1.613678,-400.25253,55.186592,55.184006,0.7380868,0.9,1.0,573.9856,1.0,66.82781,63.37239,63.28758,63.14201,63.677868
2018-01-02 07:36:00,0.558974,0.5590717,65.52725,357730.44,0.1,0.1,30.919989,596191.75,0.9,0.9,66.08855,0.66426694,0.66426694,1.0,132.51775,596192.0,1.613617,-400.25253,55.18714,55.184006,0.73807263,0.9,1.0,573.94836,1.0,66.83089,63.432487,63.326363,63.182877,63.68946
2018-01-02 07:37:00,0.55916923,0.55927396,65.543945,357730.44,0.1,0.1,30.919989,596185.06,0.9,0.9,66.105576,0.66425526,0.66425526,1.0,132.50826,596185.4,1.6135559,-400.25253,55.18747,55.184006,0.7380598,0.9,1.0,573.9138,1.0,66.83397,63.493187,63.36564,63.22435,63.701546
2018-01-02 07:38:00,0.55937713,0.5594873,65.560814,357730.44,0.1,0.1,30.919989,596179.75,0.9,0.9,66.122765,0.6642448,0.6642448,1.0,132.49919,596180.2,1.6134949,-400.25253,55.187744,55.184006,0.7380483,0.9,1.0,573.8819,1.0,66.8371,63.554546,63.40535,63.266487,63.71418
2018-01-02 07:39:00,0.5595947,0.5597092,65.57784,357730.44,0.1,0.1,30.919989,596175.6,0.9,0.9,66.14023,0.6642353,0.6642353,1.0,132.49055,596176.1,1.6134338,-400.25253,55.18791,55.184006,0.7380379,0.9,1.0,573.8524,1.0,66.84029,63.616455,63.445507,63.309334,63.727364
2018-01-02 07:40:00,0.55982053,0.5599391,65.595146,357730.44,0.1,0.1,30.919989,596172.6,0.9,0.9,66.15787,0.6642267,0.6642267,1.0,132.48235,596173.1,1.6133728,-400.25253,55.188072,55.184006,0.7380285,0.9,1.0,573.8251,1.0,66.84347,63.678967,63.4861,63.352783,63.740982
2018-01-02 07:41:00,0.56005406,0.56017643,65.61261,357730.44,0.1,0.1,30.919989,596170.5,0.9,0.9,66.17577,0.6642191,0.6642191,1.0,132.47456,596171.06,1.6133423,-400.25253,55.188183,55.184006,0.7380201,0.9,1.0,573.7999,1.0,66.84671,63.742027,63.52719,63.396893,63.75521
2018-01-02 07:42:00,0.56029487,0.5604208,65.630356,357730.44,0.1,0.1,30.919989,596169.1,0.9,0.9,66.1939,0.66421217,0.66421217,1.0,132.46721,596169.75,1.6132812,-400.25253,55.188347,55.184006,0.73801255,0.9,1.0,573.7767,1.0,66.850006,63.805748,63.568718,63.44166,63.76988
2018-01-02 07:43:00,0.5605425,0.560672,65.648315,357730.44,0.1,0.1,30.919989,596168.4,0.9,0.9,66.21225,0.66420597,0.66420597,1.0,132.46027,596169.0,1.6132202,-400.25253,55.188457,55.184006,0.73800576,0.9,1.0,573.7552,1.0,66.85341,63.870018,63.610687,63.487038,63.785095
2018-01-02 07:44:00,0.5607969,0.5609298,65.666504,357730.44,0.1,0.1,30.919989,596168.2,0.9,0.9,66.230865,0.66420037,0.66420037,1.0,132.45372,596168.8,1.6131897,-400.25253,55.18857,55.184006,0.7379997,0.9,1.0,573.7355,1.0,66.85681,63.934837,63.65309,63.533066,63.800804
2018-01-02 07:45:00,0.56105787,0.561194,65.684906,357730.44,0.1,0.1,30.919989,596168.44,0.9,0.9,66.24971,0.66419536,0.66419536,1.0,132.44757,596169.1,1.6131287,-400.25253,55.188732,55.184006,0.7379942,0.9,1.0,573.71735,1.0,66.860275,64.00026,63.695995,63.579758,63.81701
2018-01-02 07:46:00,0.56132525,0.56146467,65.70358,357730.44,0.1,0.1,30.919989,596169.1,0.9,0.9,66.26877,0.6641909,0.6641909,1.0,132.44179,596169.75,1.6130981,-400.25253,55.188843,55.184006,0.7379893,0.9,1.0,573.7006,1.0,66.863846,64.06618,63.73939,63.627113,63.83371
2018-01-02 07:47:00,0.561599,0.56174177,65.722534,357730.44,0.1,0.1,30.919989,596170.0,0.9,0.9,66.28816,0.6641869,0.6641869,1.0,132.43637,596170.7,1.6130371,-400.25253,55.18895,55.184006,0.73798496,0.9,1.0,573.6853,1.0,66.86748,64.13275,63.783226,63.675064,63.85096
2018-01-02 07:48:00,0.56187916,0.5620251,65.7417,357730.44,0.1,0.1,30.919989,596171.2,0.9,0.9,66.307724,0.6641833,0.6641833,1.0,132.43129,596171.8,1.6130066,-400.25253,55.189064,55.184006,0.737981,0.9,1.0,573.6712,1.0,66.87121,64.19983,63.8275,63.72368,63.8687
2018-01-02 07:49:00,0.5621656,0.56231487,65.761154,357730.44,0.1,0.1,30.919989,596172.6,0.9,0.9,66.32761,0.66418016,0.66418016,1.0,132.42654,596173.2,1.6129761,-400.25253,55.18917,55.184006,0.7379775,0.9,1.0,573.65826,1.0,66.875,64.26745,63.87227,63.7729,63.88694
2018-01-02 07:50:00,0.5624584,0.56261086,65.780815,357730.44,0.1,0.1,30.919989,596174.06,0.9,0.9,66.34771,0.6641773,0.6641773,1.0,132.4221,596174.7,1.6129456,-400.25253,55.18928,55.184006,0.7379744,0.9,1.0,573.6464,1.0,66.878845,64.33562,63.91748,63.822723,63.90567
2018-01-02 07:51:00,0.5627575,0.5629132,65.80075,357730.44,0.1,0.1,30.919989,596175.75,0.9,0.9,66.36809,0.6641748,0.6641748,1.0,132.41797,596176.3,1.612915,-400.25253,55.189392,55.184006,0.7379716,0.9,1.0,573.6356,1.0,66.8828,64.40434,63.96318,63.873207,63.924896
2018-01-02 07:52:00,0.56306285,0.56322175,65.82097,357730.44,0.1,0.1,30.919989,596177.44,0.9,0.9,66.38875,0.66417253,0.66417253,1.0,132.41411,596178.0,1.6128845,-400.25253,55.1895,55.184006,0.73796916,0.9,1.0,573.6257,1.0,66.88686,64.47356,64.00932,63.924294,63.94462
2018-01-02 07:53:00,0.56337446,0.56353664,65.8414,357730.44,0.1,0.1,30.919989,596179.25,0.9,0.9,66.40967,0.6641705,0.6641705,1.0,132.41054,596179.75,1.612854,-400.25253,55.189613,55.184006,0.73796695,0.9,1.0,573.6165,1.0,66.89098,64.54332,64.05596,63.975983,63.964886
2018-01-02 07:54:00,0.56369245,0.56385785,65.862114,357730.44,0.1,0.1,30.919989,596181.0,0.9,0.9,66.43082,0.6641687,0.6641687,1.0,132.40721,596181.5,1.6128235,-400.25253,55.18972,55.184006,0.73796505,0.9,1.0,573.6082,1.0,66.89522,64.61368,64.10309,64.028336,63.985596
2018-01-02 07:55:00,0.5640167,0.5641854,65.8831,357730.44,0.1,0.1,30.919989,596182.8,0.9,0.9,66.4523,0.66416717,0.66416717,1.0,132.40411,596183.25,1.612793,-400.25253,55.18983,55.184006,0.7379633,0.9,1.0,573.60065,1.0,66.89955,64.684494,64.150665,64.08123,64.00685
2018-01-02 07:56:00,0.5643473,0.5645193,65.90436,357730.44,0.1,0.1,30.919989,596184.56,0.9,0.9,66.474,0.6641658,0.6641658,1.0,132.40126,596185.06,1.6127625,-400.25253,55.18994,55.184006,0.73796177,0.9,1.0,573.5937,1.0,66.903946,64.75579,64.19867,64.134735,64.02855
2018-01-02 07:57:00,0.5646843,0.5648594,65.92589,357730.44,0.1,0.1,30.919989,596186.4,0.9,0.9,66.49597,0.66416454,0.66416454,1.0,132.3986,596186.75,1.6127625,-400.25253,55.19005,55.184006,0.73796046,0.9,1.0,573.58734,1.0,66.90845,64.82759,64.24718,64.18884,64.0508
2018-01-02 07:58:00,0.5650274,0.5652058,65.94765,357730.44,0.1,0.1,30.919989,596188.06,0.9,0.9,66.51822,0.6641635,0.6641635,1.0,132.39613,596188.44,1.6127319,-400.25253,55.190216,55.184006,0.73795927,0.9,1.0,573.5816,1.0,66.91301,64.899826,64.29617,64.2435,64.07349
2018-01-02 07:59:00,0.5653769,0.56555843,65.969666,357730.44,0.1,0.1,30.919989,596189.8,0.9,0.9,66.54074,0.6641625,0.6641625,1.0,132.39386,596190.1,1.6127014,-400.25253,55.190323,55.184006,0.7379582,0.9,1.0,573.57635,1.0,66.91774,64.97244,64.34561,64.29881,64.096725
2018-01-02 08:00:00,0.5657325,0.56591725,65.991974,357730.44,0.1,0.1,30.919989,596191.4,0.9,0.9,66.56348,0.6641617,0.6641617,1.0,132.39175,596191.75,1.6127014,-400.25253,55.190437,55.184006,0.7379573,0.9,1.0,573.5716,1.0,66.922516,65.0455,64.39549,64.35463,64.12039
2018-01-02 08:01:00,0.5660942,0.56628203,66.014496,357730.44,0.1,0.1,30.938007,596193.0,0.9,0.9,66.5865,0.6641609,0.6641609,1.0,132.38982,596193.3,1.6126404,-400.25253,55.190544,55.184006,0.73795646,0.9,1.0,573.5672,1.0,66.9274,65.11889,64.44586,64.41098,64.14456
2018-01-02 08:02:00,0.56646925,0.56668234,66.04025,357730.44,0.1,0.1,30.956024,596194.5,0.9,0.9,66.6183,0.6641603,0.6641603,1.0,132.38803,596194.8,1.6126404,-400.25253,55.19104,55.184006,0.7379558,0.9,1.0,573.5633,1.0,67.10829,65.20563,64.517334,64.48141,64.19098
2018-01-02 08:03:00,0.5669968,0.5673835,66.08151,357730.44,0.1,0.1,30.973988,596196.0,0.9,0.9,66.66609,0.6641597,0.6641597,1.0,132.38638,596196.25,1.6126099,-400.25253,55.194992,55.184006,0.73795515,0.9,1.0,573.55963,1.0,67.164215,65.29231,64.58858,64.55227,64.23718
2018-01-02 08:04:00,0.5678442,0.5683399,66.13194,357730.44,0.1,0.1,30.992004,596197.4,0.9,0.9,66.72064,0.66415924,0.66415924,1.0,132.38487,596197.6,1.6126099,-400.25253,55.199005,55.184006,0.7379547,0.9,1.0,573.5564,1.0,67.28424,65.37915,64.66016,64.62352,64.2836
2018-01-02 08:05:00,0.5688759,0.5694689,66.19033,357730.44,0.1,0.1,31.010021,596198.7,0.9,0.9,66.78249,0.6641588,0.6641588,1.0,132.38347,596198.94,1.6125793,-400.25253,55.202576,55.184006,0.7379542,0.9,1.0,573.55347,1.0,67.34999,65.46617,64.73195,64.695206,64.33029
2018-01-02 08:06:00,0.5700798,0.57073116,66.25273,357730.44,0.1,0.1,31.027985,596199.94,0.9,0.9,66.846985,0.66415846,0.66415846,1.0,132.38219,596200.2,1.6125793,-400.25253,55.20527,55.184006,0.7379538,0.9,1.0,573.5508,1.0,67.438324,65.55324,64.80397,64.76721,64.3772
2018-01-02 08:07:00,0.5713756,0.57206625,66.31799,357730.44,0.1,0.1,31.046001,596201.1,0.9,0.9,66.913895,0.66415817,0.66415817,1.0,132.38101,596201.3,1.6125793,-400.25253,55.207077,55.184006,0.7379534,0.9,1.0,573.54834,1.0,67.501274,65.64041,64.876205,64.83956,64.42428
2018-01-02 08:08:00,0.572737,0.57344615,66.38429,357730.44,0.1,0.1,31.06402,596202.25,0.9,0.9,66.98107,0.66415787,0.66415787,1.0,132.37993,596202.5,1.6125488,-400.25253,55.208233,55.184006,0.7379532,0.9,1.0,573.54614,1.0,67.5706,65.727585,64.9486,64.91229,64.47157
2018-01-02 08:09:00,0.574121,0.5748352,66.45082,357730.44,0.1,0.1,31.082037,596203.3,0.9,0.9,67.04825,0.6641576,0.6641576,1.0,132.37894,596203.56,1.6125488,-400.25253,55.208725,55.184006,0.7379529,0.9,1.0,573.5441,1.0,67.62695,65.81482,65.021164,64.98529,64.51909
2018-01-02 08:10:00,0.57550836,0.5762172,66.51668,357730.44,0.1,0.1,31.1,596204.3,0.9,0.9,67.11444,0.66415745,0.66415745,1.0,132.37802,596204.56,1.6125488,-400.25253,55.20884,55.184006,0.7379527,0.9,1.0,573.5424,1.0,67.68359,65.90199,65.09384,65.05858,64.56671
2018-01-02 08:11:00,0.57687837,0.577574,66.58156,357730.44,0.1,0.1,31.118017,596205.3,0.9,0.9,67.17943,0.6641573,0.6641573,1.0,132.3772,596205.5,1.6125488,-400.25253,55.208565,55.184006,0.73795253,0.9,1.0,573.5408,1.0,67.73281,65.98906,65.16668,65.132126,64.614456
2018-01-02 08:12:00,0.57822007,0.5788983,66.645004,357730.44,0.1,0.1,31.136036,596206.2,0.9,0.9,67.242874,0.66415715,0.66415715,1.0,132.37643,596206.3,1.6125183,-400.25253,55.20807,55.184006,0.73795235,0.9,1.0,573.5393,1.0,67.78021,66.07602,65.239624,65.2059,64.66241
2018-01-02 08:13:00,0.5795248,0.58018214,66.70691,357730.44,0.1,0.1,31.153997,596207.06,0.9,0.9,67.30473,0.66415703,0.66415703,1.0,132.37575,596207.1,1.6125183,-400.25253,55.20741,55.184006,0.73795223,0.9,1.0,573.53796,1.0,67.8229,66.16281,65.312744,65.27989,64.71042
2018-01-02 08:14:00,0.580788,0.581423,66.76711,357730.44,0.1,0.1,31.172016,596207.8,0.9,0.9,67.36477,0.6641569,0.6641569,1.0,132.3751,596207.94,1.6125183,-400.25253,55.206696,55.184006,0.7379521,0.9,1.0,573.5368,1.0,67.86327,66.24938,65.38591,65.35411,64.75859
2018-01-02 08:15:00,0.5820069,0.5826187,66.825615,357730.44,0.1,0.1,31.190033,596208.5,0.9,0.9,67.42311,0.66415685,0.66415685,1.0,132.37453,596208.6,1.6125183,-400.25253,55.205925,55.184006,0.73795205,0.9,1.0,573.5357,1.0,67.90024,66.33574,65.45914,65.42848,64.80693
2018-01-02 08:16:00,0.5831808,0.58376944,66.882416,357730.44,0.1,0.1,31.207996,596209.25,0.9,0.9,67.47969,0.6641568,0.6641568,1.0,132.374,596209.4,1.6125183,-400.25253,55.2051,55.184006,0.737952,0.9,1.0,573.5348,1.0,67.93501,66.421814,65.53247,65.50308,64.85533
2018-01-02 08:17:00,0.58430994,0.58487594,66.937515,357730.44,0.1,0.1,31.226013,596209.9,0.9,0.9,67.53462,0.66415673,0.66415673,1.0,132.3735,596209.94,1.6124878,-400.25253,55.20433,55.184006,0.73795193,0.9,1.0,573.5339,1.0,67.96721,66.507614,65.60591,65.57779,64.90378
2018-01-02 08:18:00,0.5853956,0.58593976,66.99101,357730.44,0.1,0.1,31.24403,596210.44,0.9,0.9,67.587906,0.66415673,0.66415673,1.0,132.37305,596210.56,1.6124878,-400.25253,55.203564,55.184006,0.7379519,0.9,1.0,573.5331,1.0,67.99742,66.593094,65.67941,65.6526,64.95239
2018-01-02 08:19:00,0.5864395,0.5869629,67.042984,357730.44,0.1,0.1,31.261993,596211.0,0.9,0.9,67.6397,0.6641567,0.6641567,1.0,132.37267,596211.06,1.6124878,-400.25253,55.202797,55.184006,0.7379519,0.9,1.0,573.5324,1.0,68.02571,66.67818,65.75302,65.727585,65.00106
2018-01-02 08:20:00,0.5874437,0.5879475,67.09346,357730.44,0.1,0.1,31.28001,596211.5,0.9,0.9,67.69008,0.6641567,0.6641567,1.0,132.37228,596211.6,1.6124878,-400.25253,55.20208,55.184006,0.7379519,0.9,1.0,573.5318,1.0,68.05224,66.76288,65.82668,65.80263,65.049835
2018-01-02 08:21:00,0.5884107,0.588896,67.142624,357730.44,0.1,0.1,31.298029,596212.0,0.9,0.9,67.739075,0.6641567,0.6641567,1.0,132.37196,596212.06,1.6124878,-400.25253,55.201424,55.184006,0.7379518,0.9,1.0,573.5312,1.0,68.07723,66.84715,65.900406,65.87777,65.09868
2018-01-02 08:22:00,0.5893426,0.5898108,67.190475,357730.44,0.1,0.1,31.31599,596212.44,0.9,0.9,67.786865,0.6641567,0.6641567,1.0,132.37166,596212.5,1.6124878,-400.25253,55.200817,55.184006,0.7379518,0.9,1.0,573.5307,1.0,68.10074,66.93097,65.97423,65.95297,65.14761
2018-01-02 08:23:00,0.59024197,0.5906941,67.23717,357730.44,0.1,0.1,31.33401,596212.8,0.9,0.9,67.833496,0.6641567,0.6641567,1.0,132.37138,596212.9,1.6124878,-400.25253,55.20021,55.184006,0.7379518,0.9,1.0,573.5303,1.0,68.12294,67.014305,66.04811,66.02828,65.19662
2018-01-02 08:24:00,0.59111106,0.5915484,67.28276,357730.44,0.1,0.1,31.352026,596213.25,0.9,0.9,67.87898,0.6641567,0.6641567,1.0,132.37112,596213.25,1.6124878,-400.25253,55.19966,55.184006,0.7379518,0.9,1.0,573.5299,1.0,68.14403,67.0972,66.12194,66.10365,65.24567
2018-01-02 08:25:00,0.591952,0.5923756,67.3273,357730.44,0.1,0.1,31.36999,596213.56,0.9,0.9,67.92354,0.6641567,0.6641567,1.0,132.37091,596213.6,1.6124878,-400.25253,55.19917,55.184006,0.7379519,0.9,1.0,573.52954,1.0,68.164024,67.17949,66.19577,66.179016,65.29483
2018-01-02 08:26:00,0.59276706,0.593178,67.370926,357730.44,0.1,0.1,31.388006,596213.9,0.9,0.9,67.967094,0.6641567,0.6641567,1.0,132.37071,596213.94,1.6124878,-400.25253,55.198677,55.184006,0.7379519,0.9,1.0,573.52924,1.0,68.18303,67.26128,66.26955,66.25444,65.344055
2018-01-02 08:27:00,0.59355813,0.5939573,67.41366,357730.44,0.1,0.1,31.406025,596214.2,0.9,0.9,68.00983,0.6641567,0.6641567,1.0,132.37053,596214.2,1.6124878,-400.25253,55.198235,55.184006,0.7379519,0.9,1.0,573.529,1.0,68.20116,67.34247,66.34326,66.3298,65.393326
2018-01-02 08:28:00,0.59432703,0.59471536,67.45557,357730.44,0.1,0.1,31.423986,596214.5,0.9,0.9,68.0518,0.6641567,0.6641567,1.0,132.37035,596214.5,1.6124573,-400.25253,55.197853,55.184006,0.7379519,0.9,1.0,573.5287,1.0,68.21846,67.42305,66.41681,66.40511,65.44266
2018-01-02 08:29:00,0.5950754,0.59545374,67.496765,357730.44,0.1,0.1,31.442005,596214.7,0.9,0.9,68.09294,0.66415673,0.66415673,1.0,132.3702,596214.75,1.6124573,-400.25253,55.197464,55.184006,0.73795193,0.9,1.0,573.52844,1.0,68.23505,67.502975,66.49026,66.48037,65.492035
2018-01-02 08:30:00,0.59580475,0.59617376,67.5372,357730.44,0.1,0.1,31.460022,596214.94,0.9,0.9,68.13342,0.66415673,0.66415673,1.0,132.37007,596215.0,1.6124573,-400.25253,55.197136,55.184006,0.73795193,0.9,1.0,573.52826,1.0,68.25098,67.5823,66.56354,66.55557,65.54147
2018-01-02 08:31:00,0.5965165,0.59687686,67.57703,357730.44,0.1,0.1,31.477985,596215.1,0.9,0.9,68.17331,0.66415673,0.66415673,1.0,132.36995,596215.2,1.6124573,-400.25253,55.196808,55.184006,0.73795193,0.9,1.0,573.5281,1.0,68.26625,67.660965,66.63665,66.63061,65.59097
2018-01-02 08:32:00,0.5972119,0.5975642,67.616196,357730.44,0.1,0.1,31.496002,596215.4,0.9,0.9,68.212524,0.6641568,0.6641568,1.0,132.36983,596215.4,1.6124573,-400.25253,55.196533,55.184006,0.737952,0.9,1.0,573.52795,1.0,68.28103,67.73891,66.70955,66.70559,65.64052
2018-01-02 08:33:00,0.5978921,0.598237,67.65481,357730.44,0.1,0.1,31.514019,596215.56,0.9,0.9,68.251205,0.6641568,0.6641568,1.0,132.36972,596215.6,1.6124573,-400.25253,55.19626,55.184006,0.737952,0.9,1.0,573.52783,1.0,68.29526,67.81615,66.78227,66.78035,65.69018
2018-01-02 08:34:00,0.5985582,0.59889615,67.69287,357730.44,0.1,0.1,31.532038,596215.7,0.9,0.9,68.28932,0.6641568,0.6641568,1.0,132.36963,596215.75,1.6124573,-400.25253,55.195984,55.184006,0.737952,0.9,1.0,573.5277,1.0,68.30899,67.892715,66.85478,66.855,65.73989
2018-01-02 08:35:00,0.5992111,0.5995425,67.73045,357730.44,0.1,0.1,31.55,596215.9,0.9,0.9,68.32701,0.6641568,0.6641568,1.0,132.36955,596215.9,1.6124573,-400.25253,55.195763,55.184006,0.73795205,0.9,1.0,573.5276,1.0,68.32234,67.96847,66.92702,66.929436,65.78966
2018-01-02 08:36:00,0.59985155,0.6001769,67.76753,357730.44,0.1,0.1,31.568018,596216.06,0.9,0.9,68.364136,0.66415685,0.66415685,1.0,132.36948,596216.06,1.6124573,-400.25253,55.19554,55.184006,0.73795205,0.9,1.0,573.5275,1.0,68.33525,68.0435,66.99904,67.00371,65.83948
2018-01-02 08:37:00,0.60048044,0.60080004,67.80411,357730.44,0.1,0.1,31.586035,596216.1,0.9,0.9,68.400894,0.66415685,0.66415685,1.0,132.36942,596216.1,1.6124573,-400.25253,55.195324,55.184006,0.73795205,0.9,1.0,573.5274,1.0,68.347824,68.11772,67.07077,67.07764,65.88936
2018-01-02 08:38:00,0.6010984,0.60141253,67.84036,357730.44,0.1,0.1,31.603998,596216.25,0.9,0.9,68.437195,0.66415685,0.66415685,1.0,132.36937,596216.25,1.6124573,-400.25253,55.19516,55.184006,0.7379521,0.9,1.0,573.52734,1.0,68.360016,68.19116,67.14218,67.15136,65.93929
2018-01-02 08:39:00,0.601706,0.6020151,67.87613,357730.44,0.1,0.1,31.622015,596216.4,0.9,0.9,68.47307,0.6641569,0.6641569,1.0,132.36931,596216.4,1.6124573,-400.25253,55.19494,55.184006,0.7379521,0.9,1.0,573.5273,1.0,68.37194,68.26378,67.21332,67.22481,65.98928
2018-01-02 08:40:00,0.6023039,0.6026081,67.91156,357730.44,0.1,0.1,31.640034,596216.5,0.9,0.9,68.50856,0.6641569,0.6641569,1.0,132.36926,596216.5,1.6124573,-400.25253,55.194775,55.184006,0.7379521,0.9,1.0,573.5273,1.0,68.38359,68.33557,67.28407,67.29791,66.03932
2018-01-02 08:41:00,0.60289246,0.603192,67.94655,357730.44,0.1,0.1,31.657995,596216.56,0.9,0.9,68.54372,0.6641569,0.6641569,1.0,132.36922,596216.56,1.6124573,-400.25253,55.19461,55.184006,0.7379521,0.9,1.0,573.5272,1.0,68.3949,68.406494,67.35455,67.3707,66.08942
2018-01-02 08:42:00,0.60347205,0.60376716,67.98122,357730.44,0.1,0.1,31.676014,596216.6,0.9,0.9,68.57848,0.6641569,0.6641569,1.0,132.36917,596216.6,1.6124573,-400.25253,55.194443,55.184006,0.7379522,0.9,1.0,573.52716,1.0,68.406,68.476585,67.42459,67.44316,66.13952
2018-01-02 08:43:00,0.6040431,0.60433394,68.01555,357730.44,0.1,0.1,31.69403,596216.7,0.9,0.9,68.61287,0.664157,0.664157,1.0,132.36914,596216.7,1.6124573,-400.25253,55.194283,55.184006,0.7379522,0.9,1.0,573.52716,1.0,68.41687,68.545746,67.49429,67.51517,66.18967
2018-01-02 08:44:00,0.604606,0.6048926,68.04949,357730.44,0.1,0.1,31.711994,596216.75,0.9,0.9,68.64693,0.664157,0.664157,1.0,132.36911,596216.8,1.6124573,-400.25253,55.194115,55.184006,0.7379522,0.9,1.0,573.5271,1.0,68.427536,68.61403,67.56362,67.58681,66.23982
2018-01-02 08:45:00,0.6051609,0.60544354,68.08316,357730.44,0.1,0.1,31.730011,596216.8,0.9,0.9,68.68066,0.664157,0.664157,1.0,132.36908,596216.9,1.6124573,-400.25253,55.194008,55.184006,0.7379522,0.9,1.0,573.5271,1.0,68.43797,68.681366,67.63251,67.65805,66.28998
2018-01-02 08:46:00,0.6057081,0.60598695,68.116455,357730.44,0.1,0.1,31.748028,596216.94,0.9,0.9,68.71405,0.664157,0.664157,1.0,132.36906,596216.94,1.6124573,-400.25253,55.19384,55.184006,0.73795223,0.9,1.0,573.5271,1.0,68.44824,68.74779,67.70095,67.728806,66.34018
2018-01-02 08:47:00,0.6062479,0.6065229,68.14947,357730.44,0.1,0.1,31.765991,596216.94,0.9,0.9,68.74712,0.664157,0.664157,1.0,132.36903,596217.0,1.6124573,-400.25253,55.193733,55.184006,0.73795223,0.9,1.0,573.52704,1.0,68.45834,68.81326,67.76901,67.79912,66.390396
2018-01-02 08:48:00,0.60678035,0.6070517,68.18215,357730.44,0.1,0.1,31.784008,596217.0,0.9,0.9,68.77992,0.66415703,0.66415703,1.0,132.36902,596217.0,1.6124573,-400.25253,55.19362,55.184006,0.73795223,0.9,1.0,573.52704,1.0,68.46823,68.87781,67.83658,67.86899,66.4406
2018-01-02 08:49:00,0.60730565,0.6075734,68.21451,357730.44,0.1,0.1,31.802027,596217.06,0.9,0.9,68.81233,0.66415703,0.66415703,1.0,132.369,596217.06,1.6124573,-400.25253,55.19346,55.184006,0.73795223,0.9,1.0,573.52704,1.0,68.47801,68.94142,67.90365,67.93831,66.49075
2018-01-02 08:50:00,0.60782397,0.60808814,68.24654,357730.44,0.1,0.1,31.819988,596217.06,0.9,0.9,68.84451,0.66415703,0.66415703,1.0,132.36899,596217.06,1.6124573,-400.25253,55.193344,55.184006,0.73795223,0.9,1.0,573.52704,1.0,68.487686,69.00398,67.970276,68.00708,66.540955
2018-01-02 08:51:00,0.6083355,0.60859615,68.27828,357730.44,0.1,0.1,31.838007,596217.06,0.9,0.9,68.87633,0.66415703,0.66415703,1.0,132.36897,596217.06,1.6124573,-400.25253,55.193237,55.184006,0.73795223,0.9,1.0,573.52704,1.0,68.49713,69.06561,68.03636,68.07536,66.59111
2018-01-02 08:52:00,0.6088402,0.6090975,68.30975,357730.44,0.1,0.1,31.856024,596217.1,0.9,0.9,68.90785,0.66415703,0.66415703,1.0,132.36897,596217.1,1.6124573,-400.25253,55.19307,55.184006,0.7379523,0.9,1.0,573.52704,1.0,68.50647,69.126205,68.10195,68.143036,66.641205
2018-01-02 08:53:00,0.6093383,0.60959214,68.340904,357730.44,0.1,0.1,31.873987,596217.1,0.9,0.9,68.93906,0.66415703,0.66415703,1.0,132.36896,596217.2,1.6124573,-400.25253,55.192963,55.184006,0.7379523,0.9,1.0,573.52704,1.0,68.5157,69.18581,68.167046,68.21022,66.69136
2018-01-02 08:54:00,0.6098298,0.61008024,68.37178,357730.44,0.1,0.1,31.892004,596217.2,0.9,0.9,68.969986,0.66415703,0.66415703,1.0,132.36894,596217.2,1.6124573,-400.25253,55.192852,55.184006,0.7379523,0.9,1.0,573.52704,1.0,68.52481,69.244415,68.23159,68.27675,66.74141
2018-01-02 08:55:00,0.6103147,0.61056185,68.40231,357730.44,0.1,0.1,31.910023,596217.2,0.9,0.9,69.00058,0.6641571,0.6641571,1.0,132.36894,596217.2,1.6124573,-400.25253,55.19274,55.184006,0.7379523,0.9,1.0,573.527,1.0,68.53383,69.30205,68.29553,68.34267,66.7914
2018-01-02 08:56:00,0.6107932,0.611037,68.432526,357730.44,0.1,0.1,31.927984,596217.25,0.9,0.9,69.0309,0.6641571,0.6641571,1.0,132.36893,596217.25,1.6124573,-400.25253,55.192635,55.184006,0.7379523,0.9,1.0,573.527,1.0,68.542725,69.35857,68.35898,68.40792,66.841385
2018-01-02 08:57:00,0.61126524,0.6115058,68.462524,357730.44,0.1,0.1,31.946003,596217.25,0.9,0.9,69.0609,0.6641571,0.6641571,1.0,132.36893,596217.25,1.6124573,-400.25253,55.19252,55.184006,0.7379523,0.9,1.0,573.527,1.0,68.55151,69.41411,68.421814,68.47258,66.89126
2018-01-02 08:58:00,0.61173093,0.6119682,68.49213,357730.44,0.1,0.1,31.96402,596217.25,0.9,0.9,69.09056,0.6641571,0.6641571,1.0,132.36893,596217.25,1.6124573,-400.25253,55.192413,55.184006,0.7379523,0.9,1.0,573.527,1.0,68.560196,69.4686,68.484055,68.536575,66.94113
2018-01-02 08:59:00,0.6121903,0.6124243,68.521515,357730.44,0.1,0.1,31.982037,596217.3,0.9,0.9,69.119995,0.6641571,0.6641571,1.0,132.36891,596217.3,1.6124573,-400.25253,55.192303,55.184006,0.7379523,0.9,1.0,573.527,1.0,68.56882,69.52205,68.545746,68.59991,66.990845
2018-01-02 09:00:00,0.6126433,0.6128741,68.55058,357730.44,0.1,0.1,32.0,596217.3,0.9,0.9,69.14906,0.6641571,0.6641571,1.0,132.36891,596217.3,1.6124573,-400.25253,55.19214,55.184006,0.73795235,0.9,1.0,573.52704,1.0,68.57733,69.574394,68.60677,68.66253,67.04056
2018-01-02 09:01:00,0.61309004,0.0,68.57931,357730.44,0.1,0.1,32.018017,596217.3,0.9,0.9,69.17784,0.6641571,0.6641571,1.0,132.36891,596217.3,1.6124573,-400.25253,55.192028,55.184006,0.73795235,0.9,1.0,573.52704,1.0,68.58574,69.625755,68.6672,68.72444,67.090164
2018-01-02 09:02:00,0.1,0.0,68.60776,357730.44,0.1,0.1,32.036034,596217.3,0.9,0.9,69.206406,0.6641571,0.6641571,1.0,132.36891,596217.3,1.6124573,-400.25253,61.529823,55.184006,0.73795235,0.9,1.0,573.52704,1.0,68.60408,69.676895,68.727295,68.7858,67.139824
2018-01-02 09:03:00,0.1,0.0,68.597275,357730.44,0.15011515,0.15011515,32.053997,595220.56,0.8808798,0.84988487,69.240685,0.66450965,0.66450965,1.0,133.50827,595377.4,1.6102295,-400.25253,63.219246,55.184006,0.7385172,0.9,1.0,575.5099,1.0,68.7113,69.74221,68.79431,68.85303,67.19563
2018-01-02 09:04:00,0.1,0.0,68.343704,357730.44,0.20993213,0.20993213,32.072014,591812.7,0.8199443,0.79006785,69.2993,0.6660004,0.6660004,1.0,137.68596,592461.8,1.6038818,-400.25253,63.866615,55.184006,0.74023473,0.9,1.0,583.8426,1.0,68.887314,69.83626,68.88072,68.94213,67.27254
2018-01-02 09:05:00,0.1,0.0,67.96825,357730.44,0.26118287,0.26118287,32.090034,587713.7,0.7647437,0.73881716,69.388336,0.66777074,0.66777074,1.0,142.68481,588689.75,1.5969849,-400.25253,64.03525,55.184006,0.7422446,0.9,1.0,593.98315,1.0,69.11599,69.9554,68.98476,69.05419,67.37103
2018-01-02 09:06:00,0.1,0.0,67.50435,357730.44,0.3051862,0.3051862,32.107994,583275.6,0.716986,0.6948138,69.50853,0.66985697,0.66985697,1.0,148.3057,584493.5,1.589447,-400.25253,63.923904,55.184006,0.74460346,0.9,1.0,605.4994,1.0,69.37538,70.093994,69.10275,69.18493,67.48694
2018-01-02 09:07:00,0.1,0.0,66.96887,357730.44,0.3424254,0.3424254,32.126015,578916.1,0.6763379,0.6575746,69.65734,0.6721773,0.6721773,1.0,154.13728,580288.44,1.581665,-400.25253,63.63244,55.184006,0.74720734,0.9,1.0,617.65405,1.0,69.65015,70.24621,69.23068,69.32956,67.61586
2018-01-02 09:08:00,0.1,0.0,66.387695,357730.44,0.37401178,0.37401178,32.14403,574971.44,0.6419049,0.62598825,69.82988,0.6746455,0.6746455,1.0,159.82393,576413.25,1.5740356,-400.25253,63.230175,55.184006,0.7499661,0.9,1.0,629.8273,1.0,69.92525,70.40672,69.36499,69.48348,67.753525
2018-01-02 09:09:00,0.1,0.0,65.78285,357730.44,0.4009815,0.4009815,32.161995,571639.1,0.6126109,0.5990185,70.020164,0.67720884,0.67720884,1.0,165.16408,573083.75,1.566742,-400.25253,62.76397,55.184006,0.75282496,0.9,1.0,641.69147,1.0,70.19116,70.57097,69.50238,69.64251,67.89612
2018-01-02 09:10:00,0.1,0.0,65.17245,357730.44,0.4242581,0.4242581,32.18001,568515.1,0.5874966,0.5757419,70.22215,0.67958784,0.67958784,1.0,170.0531,569795.5,1.5628662,-400.25253,62.2653,55.184006,0.75501424,0.9,1.0,652.7897,1.0,70.439514,70.734825,69.64015,69.8033,68.04059
2018-01-02 09:11:00,0.1,0.0,64.56798,357730.44,0.44450638,0.44450638,32.19803,562391.94,0.56550044,0.55549365,70.42743,0.6799255,0.6799255,1.0,173.98445,563371.94,1.5650024,-400.25253,61.743286,55.184006,0.75566673,0.9,1.0,658.73834,1.0,70.66314,70.89868,69.77281,69.95996,68.18155
2018-01-02 09:12:00,0.1,0.0,63.999493,357730.44,0.46346945,0.46346945,32.215992,542084.9,0.5460428,0.53653055,70.62134,0.67350733,0.67350733,1.0,176.61743,541696.5,1.6011047,-400.25253,61.190895,55.184006,0.7474567,0.9,1.0,650.73926,1.0,70.864624,71.05458,69.89569,70.108444,68.31552
2018-01-02 09:13:00,0.1,0.0,63.40766,357730.44,0.47787443,0.47787443,32.23401,526725.75,0.529866,0.52212554,70.80722,0.66916347,0.66916347,1.0,178.61552,526466.0,1.6191101,-400.25253,60.614937,55.184006,0.7430156,0.9,1.0,644.09955,1.0,71.06711,71.204056,70.01016,70.24626,68.44066
2018-01-02 09:14:00,0.1,0.0,62.854553,357730.44,0.49130437,0.49130437,32.252026,514832.75,0.51533973,0.50869566,70.99042,0.66582423,0.66582423,1.0,179.74652,514655.94,1.6325378,-400.25253,60.081383,55.184006,0.73933864,0.9,1.0,638.3251,1.0,71.24426,71.35176,70.121735,70.37964,68.56305
2018-01-02 09:15:00,0.1,0.0,62.33314,357730.44,0.503504,0.503504,32.26999,504618.44,0.5025226,0.49649605,71.1673,0.6627117,0.6627117,1.0,180.14018,504441.16,1.6436768,-400.25253,59.57167,55.184006,0.73592,0.9,1.0,632.16315,1.0,71.40961,71.49535,70.2283,70.50653,68.680435
2018-01-02 09:16:00,0.1,0.0,61.83815,357730.44,0.5143384,0.5143384,32.288006,495747.22,0.49109346,0.48566163,71.3366,0.65983653,0.65983653,1.0,180.0792,495561.78,1.6528015,-400.25253,59.089153,55.184006,0.7327579,0.9,1.0,625.99854,1.0,71.55331,71.634056,70.32943,70.626175,68.792114
2018-01-02 09:17:00,0.1,0.0,61.374695,357730.44,0.5242566,0.5242566,32.306023,486949.53,0.48080185,0.4757434,71.49739,0.65606433,0.65606433,1.0,178.8759,486343.16,1.6680603,-400.25253,58.6352,55.184006,0.7278298,0.9,1.0,617.0302,1.0,71.68251,71.76749,70.42424,70.73697,68.8961
2018-01-02 09:18:00,0.1,0.0,60.929802,357730.44,0.53272104,0.53272104,32.323986,476267.25,0.47124177,0.46727896,71.645645,0.6503697,0.6503697,1.0,176.07487,475554.25,1.6849365,-400.25253,58.19569,55.184006,0.7220104,0.9,1.0,602.56494,1.0,71.791985,71.892624,70.508835,70.84068,68.98668
2018-01-02 09:19:00,0.1,0.0,60.521828,357730.44,0.5408518,0.5408518,32.342003,467938.75,0.46301734,0.45914826,71.78292,0.6462559,0.6462559,1.0,174.13383,467379.3,1.6952515,-400.25253,57.78524,55.184006,0.71749914,0.9,1.0,592.2208,1.0,71.887566,72.012695,70.58914,70.94588,69.07424
2018-01-02 09:20:00,0.1,0.0,60.136642,357730.44,0.5480249,0.5480249,32.360023,460590.22,0.45558956,0.45197508,71.91052,0.64243686,0.64243686,1.0,172.16,460094.56,1.7034607,-400.25253,57.40149,55.184006,0.7132964,0.9,1.0,582.58386,1.0,71.96738,72.12773,70.66435,71.049255,69.156364
2018-01-02 09:21:00,0.1,0.0,59.780525,357730.44,0.55474997,0.55474997,32.377983,452647.7,0.44873092,0.44525,72.028305,0.6377922,0.6377922,1.0,169.4641,451798.1,1.7159729,-400.25253,57.043335,55.184006,0.7077974,0.9,1.0,570.84204,1.0,72.03374,72.23654,70.73367,71.14896,69.23162
2018-01-02 09:22:00,0.1,0.0,59.436264,357730.44,0.5602097,0.5602097,32.396004,444248.75,0.44243976,0.43979034,72.13487,0.63294,0.63294,1.0,166.62506,443519.2,1.725708,-400.25253,56.69919,55.184006,0.702658,0.9,1.0,558.60443,1.0,72.085045,72.33768,70.80333,71.24283,69.2982
2018-01-02 09:23:00,0.1,0.0,59.1248,357730.44,0.56568426,0.56568426,32.41402,437308.0,0.43678868,0.43431574,72.23336,0.6288676,0.6288676,1.0,164.19061,436717.2,1.7320557,-400.25253,56.38234,55.184006,0.6981808,0.9,1.0,548.4173,1.0,72.12663,72.434525,70.87474,71.33539,69.36093
2018-01-02 09:24:00,0.1,0.0,58.8357,357730.44,0.5707115,0.5707115,32.432037,431125.66,0.4317219,0.4292885,72.32384,0.62508166,0.62508166,1.0,161.85826,430611.72,1.7365723,-400.25253,56.115265,55.184006,0.6940174,0.9,1.0,539.0095,1.0,72.1564,72.52658,70.94604,71.42554,69.41894
2018-01-02 09:25:00,0.1,0.0,58.56379,357730.44,0.575129,0.575129,32.45,425577.5,0.4270799,0.42487103,72.406555,0.62157476,0.62157476,1.0,159.65793,425127.34,1.7395325,-400.25253,55.92108,55.184006,0.6901577,0.9,1.0,530.35944,1.0,72.17755,72.613815,71.016846,71.51321,69.47238
2018-01-02 09:26:00,0.1,0.0,58.31066,357730.44,0.57914305,0.57914305,32.468018,420584.1,0.42278346,0.42085695,72.48187,0.6183261,0.6183261,1.0,157.59273,420192.72,1.7410889,-400.25253,55.746674,55.184006,0.68658197,0.9,1.0,522.40607,1.0,72.19024,72.696434,71.08699,71.598404,69.52144
2018-01-02 09:27:00,0.1,0.0,58.07715,357730.44,0.5828981,0.5828981,32.486034,416089.44,0.41885105,0.4171019,72.550095,0.6153116,0.6153116,1.0,155.65556,415750.5,1.7415466,-400.25253,55.58869,55.184006,0.683265,0.9,1.0,515.079,1.0,72.19628,72.77471,71.156425,71.68114,69.56659
2018-01-02 09:28:00,0.1,0.0,57.86088,357730.44,0.5863587,0.5863587,32.503998,412044.3,0.41527426,0.41364124,72.611725,0.612512,0.612512,1.0,153.84053,411750.7,1.7410278,-400.25253,55.444496,55.184006,0.6801844,0.9,1.0,508.32104,1.0,72.19623,72.84871,71.22493,71.7615,69.60812
2018-01-02 09:29:00,0.1,0.0,57.659615,357730.44,0.5894914,0.5894914,32.522015,408400.84,0.4119972,0.41050857,72.66716,0.60991234,0.60991234,1.0,152.14366,408147.2,1.7397461,-400.25253,55.312603,55.184006,0.67732316,0.9,1.0,502.08725,1.0,72.191284,72.91875,71.292435,71.839554,69.646355
2018-01-02 09:30:00,0.1,0.0,57.472847,357730.44,0.5923554,0.5923554,32.54003,405116.9,0.4089781,0.40764463,72.71687,0.60749847,0.60749847,1.0,150.55978,404899.28,1.7377625,-400.25253,55.19291,55.184006,0.6746663,0.9,1.0,496.33484,1.0,72.182,72.98488,71.35896,71.91536,69.681564
2018-01-02 09:31:00,0.1,0.0,57.300194,357730.44,0.5950054,0.5950054,32.557995,402157.78,0.40620652,0.40499458,72.76125,0.6052564,0.6052564,1.0,149.08214,401972.3,1.7352905,-400.25253,55.103752,55.184006,0.6721987,0.9,1.0,491.02252,1.0,72.16914,73.04733,71.42438,71.98897,69.713974
2018-01-02 09:32:00,0.1,0.0,57.140396,357730.44,0.59744585,0.59744585,32.57601,399492.7,0.4036686,0.40255412,72.80075,0.6031736,0.6031736,1.0,147.70439,399335.4,1.7323608,-400.25253,55.025368,55.184006,0.6699067,0.9,1.0,486.1141,1.0,72.15338,73.106445,71.4886,72.060326,69.74386
2018-01-02 09:33:00,0.1,0.0,56.99225,357730.44,0.59967685,0.59967685,32.594032,397093.03,0.4013383,0.40032312,72.83574,0.60123956,0.60123956,1.0,146.42096,396960.66,1.729065,-400.25253,54.955215,55.184006,0.6677781,0.9,1.0,481.57822,1.0,72.13515,73.162094,71.551605,72.129486,69.771324
2018-01-02 09:34:00,0.1,0.0,56.855026,357730.44,0.60172427,0.60172427,32.61199,394933.1,0.39919204,0.3982757,72.86656,0.59944403,0.59944403,1.0,145.22632,394822.9,1.7255249,-400.25253,54.891937,55.184006,0.66580206,0.9,1.0,477.38623,1.0,72.1151,73.21444,71.61334,72.1965,69.79671
2018-01-02 09:35:00,0.1,0.0,56.728134,357730.44,0.6036148,0.6036148,32.630013,392990.47,0.3972182,0.39638516,72.893585,0.59777755,0.59777755,1.0,144.11484,392899.94,1.7218018,-400.25253,54.834423,55.184006,0.6639682,0.9,1.0,473.5112,1.0,72.093506,73.26355,71.67377,72.26143,69.82016
2018-01-02 09:36:00,0.1,0.0,56.6108,357730.44,0.6053551,0.6053551,32.64803,391245.1,0.39540488,0.39464492,72.917206,0.59623134,0.59623134,1.0,143.08119,391171.8,1.7178955,-400.25253,54.782074,55.184006,0.6622668,0.9,1.0,469.92892,1.0,72.070816,73.309586,71.73293,72.32422,69.8418
2018-01-02 09:37:00,0.1,0.0,56.502205,357730.44,0.6069539,0.6069539,32.665993,389678.4,0.39373553,0.3930461,72.9377,0.59479743,0.59479743,1.0,142.12056,389620.3,1.7138672,-400.25253,54.738625,55.184006,0.660689,0.9,1.0,466.61774,1.0,72.0473,73.352646,71.79077,72.38497,69.86185
2018-01-02 09:38:00,0.1,0.0,56.401787,357730.44,0.60842633,0.60842633,32.68401,388273.72,0.39219716,0.39157367,72.95538,0.59346837,0.59346837,1.0,141.22829,388229.03,1.7098389,-400.25253,54.70105,55.184006,0.6592267,0.9,1.0,463.55762,1.0,72.0233,73.39285,71.847244,72.443695,69.88042
2018-01-02 09:39:00,0.1,0.0,56.308952,357730.44,0.60978293,0.60978293,32.702026,387016.16,0.3907803,0.39021707,72.97054,0.5922372,0.5922372,1.0,140.39995,386983.2,1.7057495,-400.25253,54.66754,55.184006,0.65787214,0.9,1.0,460.73004,1.0,71.998856,73.43027,71.90234,72.50038,69.89761
2018-01-02 09:40:00,0.1,0.0,56.223095,357730.44,0.61103475,0.61103475,32.71999,385892.03,0.38947386,0.38896525,72.9834,0.5910973,0.5910973,1.0,139.63141,385869.38,1.7016602,-400.25253,54.637383,55.184006,0.6566182,0.9,1.0,458.1181,1.0,71.974304,73.46493,71.95607,72.55504,69.9136
2018-01-02 09:41:00,0.1,0.0,56.143883,357730.44,0.6121922,0.6121922,32.738007,384889.0,0.38826928,0.38780782,72.99416,0.5900426,0.5900426,1.0,138.91872,384875.3,1.6975708,-400.25253,54.610027,55.184006,0.6554581,0.9,1.0,455.70563,1.0,71.94969,73.49701,72.008415,72.607666,69.92843
2018-01-02 09:42:00,0.1,0.0,56.070602,357730.44,0.6132603,0.6132603,32.756023,383995.88,0.3871586,0.3867397,73.00307,0.5890675,0.5890675,1.0,138.2582,383989.94,1.6936035,-400.25253,54.585308,55.184006,0.6543856,0.9,1.0,453.4784,1.0,71.92519,73.526505,72.05934,72.65837,69.942276
2018-01-02 09:43:00,0.1,0.0,56.002876,357730.44,0.6142421,0.6142421,32.773987,383202.47,0.38613322,0.38575792,73.01037,0.58816665,0.58816665,1.0,137.64647,383203.22,1.6896667,-400.25253,54.563225,55.184006,0.6533949,0.9,1.0,451.42358,1.0,71.90097,73.55353,72.108826,72.707146,69.955124
2018-01-02 09:44:00,0.1,0.0,55.940308,357730.44,0.6151497,0.6151497,32.792004,382499.3,0.3851845,0.38485035,73.016136,0.5873352,0.5873352,1.0,137.08041,382505.84,1.6858215,-400.25253,54.543617,55.184006,0.6524806,0.9,1.0,449.52917,1.0,71.877075,73.5782,72.15695,72.75395,69.9671
2018-01-02 09:45:00,0.1,0.0,55.882576,357730.44,0.6159923,0.6159923,32.81002,381878.0,0.38430792,0.3840077,73.020645,0.5865684,0.5865684,1.0,136.55693,381889.5,1.6820374,-400.25253,54.52587,55.184006,0.65163755,0.9,1.0,447.7838,1.0,71.85351,73.600494,72.20364,72.79883,69.97826
2018-01-02 09:46:00,0.1,0.0,55.829178,357730.44,0.61677057,0.61677057,32.827984,381330.88,0.38349837,0.3832294,73.02394,0.585862,0.585862,1.0,136.07317,381346.6,1.6784058,-400.25253,54.50972,55.184006,0.6508609,0.9,1.0,446.1769,1.0,71.83038,73.6205,72.2489,72.84178,69.98869
2018-01-02 09:47:00,0.1,0.0,55.779907,357730.44,0.6174895,0.6174895,32.846,380850.8,0.38274843,0.3825105,73.02614,0.58521175,0.58521175,1.0,135.62653,380870.1,1.6748352,-400.25253,54.495056,55.184006,0.6501462,0.9,1.0,444.69882,1.0,71.80764,73.63835,72.2928,72.88281,69.99841
2018-01-02 09:48:00,0.1,0.0,55.73442,357730.44,0.61815655,0.61815655,32.86402,380431.44,0.38205355,0.38184348,73.02745,0.584614,0.584614,1.0,135.21451,380453.62,1.6714172,-400.25253,54.481705,55.184006,0.64948916,0.9,1.0,443.34036,1.0,71.78551,73.65401,72.335205,72.92204,70.00748
2018-01-02 09:49:00,0.1,0.0,55.692455,357730.44,0.6187761,0.6187761,32.88204,380066.78,0.38140956,0.38122392,73.02795,0.58406496,0.58406496,1.0,134.83475,380091.44,1.6681213,-400.25253,54.469566,55.184006,0.64888585,0.9,1.0,442.09296,1.0,71.763855,73.66757,72.376236,72.959335,70.01599
2018-01-02 09:50:00,0.1,0.0,55.65373,357730.44,0.61935085,0.61935085,32.9,379751.6,0.38081336,0.38064915,73.02767,0.5835613,0.5835613,1.0,134.48502,379778.25,1.664917,-400.25253,54.458527,55.184006,0.6483325,0.9,1.0,440.94864,1.0,71.74277,73.67911,72.41589,72.99487,70.023895
2018-01-02 09:51:00,0.1,0.0,55.617966,357730.44,0.61988264,0.61988264,32.91802,379480.97,0.38025978,0.38011736,73.02673,0.58309984,0.58309984,1.0,134.16328,379509.16,1.6618958,-400.25253,54.44847,55.184006,0.64782554,0.9,1.0,439.90002,1.0,71.72217,73.68866,72.45413,73.02855,70.03131
2018-01-02 09:52:00,0.1,0.0,55.5849,357730.44,0.62037706,0.62037706,32.936035,379250.38,0.37974504,0.3796229,73.0252,0.58267766,0.58267766,1.0,133.86763,379279.78,1.6589661,-400.25253,54.4393,55.184006,0.6473618,0.9,1.0,438.94016,1.0,71.70217,73.696304,72.49099,73.06047,70.03824
2018-01-02 09:53:00,0.1,0.0,55.55452,357730.44,0.6208396,0.6208396,32.954,379055.75,0.37926662,0.37916037,73.02316,0.58229184,0.58229184,1.0,133.5962,379086.06,1.6561279,-400.25253,54.431007,55.184006,0.64693815,0.9,1.0,438.06253,1.0,71.68267,73.70207,72.52642,73.09057,70.04472
2018-01-02 09:54:00,0.1,0.0,55.526398,357730.44,0.62126774,0.62126774,32.972015,378893.5,0.37882265,0.37873223,73.020645,0.58193976,0.58193976,1.0,133.3473,378924.4,1.6534729,-400.25253,54.423424,55.184006,0.6465516,0.9,1.0,437.26105,1.0,71.66372,73.706024,72.56053,73.11891,70.05081
2018-01-02 09:55:00,0.1,0.0,55.500412,357730.44,0.6216648,0.6216648,32.990032,378760.1,0.3784082,0.37833518,73.01767,0.5816191,0.5816191,1.0,133.11935,378791.34,1.65094,-400.25253,54.416504,55.184006,0.6461995,0.9,1.0,436.53018,1.0,71.64532,73.70822,72.59328,73.14555,70.05647
2018-01-02 09:56:00,0.1,0.0,55.476463,357730.44,0.6220371,0.6220371,33.007996,378652.44,0.3780211,0.3779629,73.01437,0.5813274,0.5813274,1.0,132.91084,378683.8,1.648468,-400.25253,54.410294,55.184006,0.6458794,0.9,1.0,435.86465,1.0,71.62752,73.708664,72.624695,73.170494,70.0618
2018-01-02 09:57:00,0.1,0.0,55.454437,357730.44,0.62238634,0.62238634,33.026012,378567.78,0.37766182,0.3776137,73.0107,0.58106244,0.58106244,1.0,132.72034,378599.16,1.6461487,-400.25253,54.404583,55.184006,0.6455887,0.9,1.0,435.25937,1.0,71.61016,73.707504,72.6548,73.19379,70.0668
2018-01-02 09:58:00,0.1,0.0,55.43406,357730.44,0.6227095,0.6227095,33.04403,378503.62,0.3773265,0.37729046,73.00668,0.58082235,0.58082235,1.0,132.54654,378534.75,1.6439514,-400.25253,54.39942,55.184006,0.6453253,0.9,1.0,434.70984,1.0,71.59335,73.704704,72.68358,73.21538,70.07141
2018-01-02 09:59:00,0.1,0.0,55.415215,357730.44,0.6230124,0.6230124,33.061993,378457.44,0.3770118,0.37698758,73.0024,0.58060515,0.58060515,1.0,132.38826,378488.28,1.6418762,-400.25253,54.394695,55.184006,0.6450871,0.9,1.0,434.21188,1.0,71.57704,73.70036,72.711044,73.23537,70.07576
2018-01-02 10:00:00,0.1,0.0,55.39791,357730.44,0.62329644,0.62329644,33.08001,378427.25,0.37671766,0.37670356,72.99785,0.5804091,0.5804091,1.0,132.24431,378457.62,1.6398926,-400.25253,54.390465,55.184006,0.6448722,0.9,1.0,433.76138,1.0,71.56122,73.69454,72.73724,73.25377,70.07982
2018-01-02 10:01:00,0.1,0.0,55.381927,357730.44,0.6235629,0.6235629,33.113026,378411.12,0.376443,0.37643716,72.993065,0.5802325,0.5802325,1.0,132.11359,378440.94,1.638031,-400.25253,54.386566,55.184006,0.64467865,0.9,1.0,433.35464,1.0,71.54589,73.68724,72.76219,73.270584,70.083664
2018-01-02 10:02:00,0.1,0.0,55.366547,357730.44,0.6237894,0.6237894,33.145985,378404.44,0.37607762,0.37621057,72.98807,0.5800757,0.5800757,1.0,131.99677,378434.22,1.636261,-400.25253,54.383926,55.184006,0.64450634,0.9,1.0,432.9927,1.0,71.53106,73.67856,72.78592,73.285904,70.087234
2018-01-02 10:03:00,0.1,0.0,55.354843,357730.44,0.62414587,0.62414587,33.178997,378408.22,0.37573692,0.3758541,72.98285,0.5799351,0.5799351,1.0,131.89111,378438.03,1.6345825,-400.25253,54.381622,55.184006,0.6443527,0.9,1.0,432.66714,1.0,71.51662,73.66845,72.80844,73.2997,70.09059
2018-01-02 10:04:00,0.1,0.0,55.34419,357730.44,0.62449116,0.62449116,33.212013,378423.44,0.37545654,0.37550882,72.97746,0.5798088,0.5798088,1.0,131.79506,378452.12,1.6329956,-400.25253,54.379257,55.184006,0.64421475,0.9,1.0,432.37378,1.0,71.502655,73.657074,72.82976,73.31206,70.09372
2018-01-02 10:05:00,0.1,0.0,55.332928,357730.44,0.6247431,0.6247431,33.245026,378446.8,0.3751774,0.37525693,72.97192,0.57969683,0.57969683,1.0,131.70888,378474.34,1.6315308,-400.25253,54.377228,55.184006,0.644092,0.9,1.0,432.1126,1.0,71.48915,73.64444,72.849915,73.32293,70.09668
2018-01-02 10:06:00,0.1,0.0,55.322655,357730.44,0.6249924,0.6249924,33.277985,378475.97,0.37488464,0.3750076,72.96615,0.5795981,0.5795981,1.0,131.63208,378502.94,1.6300964,-400.25253,54.375633,55.184006,0.643984,0.9,1.0,431.8815,1.0,71.476074,73.6306,72.868866,73.33243,70.09943
2018-01-02 10:07:00,0.1,0.0,55.31392,357730.44,0.62527627,0.62527627,33.310997,378511.2,0.3746114,0.37472376,72.960266,0.579511,0.579511,1.0,131.56332,378537.44,1.6287842,-400.25253,54.374207,55.184006,0.6438889,0.9,1.0,431.6763,1.0,71.46344,73.6156,72.88677,73.34056,70.10201
2018-01-02 10:08:00,0.1,0.0,55.305737,357730.44,0.625541,0.625541,33.344013,378551.88,0.37436062,0.37445903,72.95422,0.57943434,0.57943434,1.0,131.50183,378577.1,1.6275635,-400.25253,54.372887,55.184006,0.64380527,0.9,1.0,431.4949,1.0,71.45119,73.59946,72.90353,73.34732,70.104485
2018-01-02 10:09:00,0.1,0.0,55.29783,357730.44,0.6257738,0.6257738,33.377026,378596.5,0.37411225,0.3742262,72.948074,0.57936764,0.57936764,1.0,131.44739,378620.75,1.6264038,-400.25253,54.371788,55.184006,0.64373237,0.9,1.0,431.33603,1.0,71.43932,73.58221,72.919235,73.35275,70.1068
2018-01-02 10:10:00,0.1,0.0,55.29063,357730.44,0.6260069,0.6260069,33.409985,378644.1,0.3738659,0.3739931,72.94176,0.5793099,0.5793099,1.0,131.39937,378667.56,1.6253052,-400.25253,54.37091,55.184006,0.6436695,0.9,1.0,431.19763,1.0,71.42784,73.56392,72.93385,73.35693,70.10893
2018-01-02 10:11:00,0.1,0.0,55.28415,357730.44,0.6262445,0.6262445,33.443,378694.44,0.37363154,0.37375554,72.93533,0.57926023,0.57926023,1.0,131.35707,378717.03,1.6242981,-400.25253,54.37014,55.184006,0.6436154,0.9,1.0,431.07748,1.0,71.41669,73.54463,72.94742,73.35985,70.11096
2018-01-02 10:12:00,0.1,0.0,55.278107,357730.44,0.6264693,0.6264693,33.476013,378746.94,0.3734071,0.37353066,72.928795,0.57921785,0.57921785,1.0,131.32002,378768.56,1.623352,-400.25253,54.369484,55.184006,0.64356935,0.9,1.0,430.974,1.0,71.40593,73.52437,72.959946,73.36154,70.112885
2018-01-02 10:13:00,0.1,0.0,55.272446,357730.44,0.6266823,0.6266823,33.509026,378800.8,0.37318644,0.37331775,72.92209,0.5791822,0.5791822,1.0,131.28784,378821.53,1.6224365,-400.25253,54.368988,55.184006,0.6435306,0.9,1.0,430.88586,1.0,71.39549,73.50322,72.97153,73.362045,70.1147
2018-01-02 10:14:00,0.1,0.0,55.267284,357730.44,0.62689334,0.62689334,33.541985,378855.6,0.3729706,0.37310666,72.91534,0.5791526,0.5791526,1.0,131.26009,378875.47,1.6216431,-400.25253,54.368603,55.184006,0.64349854,0.9,1.0,430.81158,1.0,71.385376,73.48113,72.98208,73.36138,70.11641
2018-01-02 10:15:00,0.1,0.0,55.262558,357730.44,0.62710166,0.62710166,33.575,378910.97,0.37276196,0.37289834,72.90842,0.5791284,0.5791284,1.0,131.23628,378929.97,1.6208496,-400.25253,54.36833,55.184006,0.6434724,0.9,1.0,430.74973,1.0,71.3756,73.45822,72.99169,73.35957,70.11806
2018-01-02 10:16:00,0.1,0.0,55.258163,357730.44,0.6273025,0.6273025,33.608013,378966.56,0.37255898,0.37269747,72.90144,0.57910913,0.57910913,1.0,131.21613,378984.72,1.6201172,-400.25253,54.368164,55.184006,0.64345163,0.9,1.0,430.69913,1.0,71.366104,73.434494,73.00037,73.35671,70.11954
2018-01-02 10:17:00,0.1,0.0,55.2541,357730.44,0.62749773,0.62749773,33.64103,379022.0,0.3723598,0.37250227,72.89435,0.57909423,0.57909423,1.0,131.1993,379039.34,1.6194763,-400.25253,54.36811,55.184006,0.64343566,0.9,1.0,430.65872,1.0,71.35687,73.409996,73.00812,73.35271,70.120964
2018-01-02 10:18:00,0.1,0.0,55.250366,357730.44,0.6276902,0.6276902,33.67399,379077.0,0.37216496,0.37230983,72.8871,0.57908326,0.57908326,1.0,131.18541,379093.53,1.6188354,-400.25253,54.36811,55.184006,0.64342403,0.9,1.0,430.62744,1.0,71.34798,73.38478,73.014984,73.3477,70.12234
2018-01-02 10:19:00,0.1,0.0,55.246902,357730.44,0.627879,0.627879,33.707,379131.34,0.37197477,0.37212098,72.87979,0.5790758,0.5790758,1.0,131.17422,379147.12,1.6182861,-400.25253,54.368217,55.184006,0.6434162,0.9,1.0,430.60428,1.0,71.339294,73.358795,73.020966,73.34166,70.1236
2018-01-02 10:20:00,0.1,0.0,55.24372,357730.44,0.6280634,0.6280634,33.740013,379184.84,0.37178838,0.37193662,72.87244,0.57907146,0.57907146,1.0,131.16547,379199.84,1.6177368,-400.25253,54.368385,55.184006,0.6434118,0.9,1.0,430.58844,1.0,71.33095,73.332214,73.02608,73.33469,70.12481
2018-01-02 10:21:00,0.1,0.0,55.240807,357730.44,0.6282442,0.6282442,33.77303,379237.25,0.37160522,0.37175575,72.864914,0.5790699,0.5790699,1.0,131.15886,379251.53,1.6172485,-400.25253,54.368603,55.184006,0.64341044,0.9,1.0,430.5791,1.0,71.322815,73.30492,73.03042,73.32672,70.12591
2018-01-02 10:22:00,0.1,0.0,55.23806,357730.44,0.62842244,0.62842244,33.80599,379288.5,0.37142542,0.37157756,72.85733,0.5790708,0.5790708,1.0,131.15422,379302.06,1.6167603,-400.25253,54.368877,55.184006,0.6434118,0.9,1.0,430.57556,1.0,71.3149,73.27706,73.033875,73.317825,70.12701
2018-01-02 10:23:00,0.1,0.0,55.235588,357730.44,0.6285977,0.6285977,33.839,379338.44,0.37124878,0.37140235,72.84969,0.57907385,0.57907385,1.0,131.15132,379351.3,1.6163635,-400.25253,54.369263,55.184006,0.64341545,0.9,1.0,430.5771,1.0,71.30721,73.24855,73.036575,73.308044,70.12799
2018-01-02 10:24:00,0.1,0.0,55.233227,357730.44,0.62876993,0.62876993,33.872017,379386.94,0.37107494,0.37123007,72.84189,0.5790788,0.5790788,1.0,131.14996,379399.12,1.6159668,-400.25253,54.369644,55.184006,0.6434212,0.9,1.0,430.5831,1.0,71.29974,73.21954,73.0385,73.297386,70.12893
2018-01-02 10:25:00,0.1,0.0,55.231087,357730.44,0.6289397,0.6289397,33.90503,379433.94,0.37090367,0.3710603,72.83404,0.57908535,0.57908535,1.0,131.15,379445.53,1.6156006,-400.25253,54.37014,55.184006,0.6434287,0.9,1.0,430.59308,1.0,71.29254,73.19005,73.03964,73.28585,70.12987
2018-01-02 10:26:00,0.1,0.0,55.229107,357730.44,0.62910724,0.62910724,33.93799,379479.38,0.3707349,0.37089273,72.826126,0.57909334,0.57909334,1.0,131.15123,379490.38,1.6152649,-400.25253,54.370636,55.184006,0.64343774,0.9,1.0,430.60645,1.0,71.285515,73.16,73.04003,73.273544,70.13069
2018-01-02 10:27:00,0.1,0.0,55.227295,357730.44,0.6292726,0.6292726,33.971,379523.22,0.3705684,0.3707274,72.81811,0.5791025,0.5791025,1.0,131.15353,379533.62,1.6149597,-400.25253,54.371185,55.184006,0.6434481,0.9,1.0,430.62283,1.0,71.27865,73.12952,73.03976,73.26042,70.131454
2018-01-02 10:28:00,0.1,0.0,55.225594,357730.44,0.62943584,0.62943584,34.004017,379565.4,0.37040398,0.37056416,72.80998,0.5791127,0.5791127,1.0,131.15678,379575.3,1.614685,-400.25253,54.371788,55.184006,0.6434596,0.9,1.0,430.64175,1.0,71.272,73.09859,73.03877,73.246574,70.132225
2018-01-02 10:29:00,0.1,0.0,55.224052,357730.44,0.62959725,0.62959725,34.03703,379605.97,0.37024152,0.37040275,72.80179,0.5791238,0.5791238,1.0,131.16083,379615.34,1.6144104,-400.25253,54.37239,55.184006,0.643472,0.9,1.0,430.66284,1.0,71.26552,73.06722,73.03706,73.231964,70.132935
2018-01-02 10:30:00,0.1,0.0,55.222626,357730.44,0.62975705,0.62975705,34.06999,379644.88,0.37008095,0.37024292,72.79355,0.5791356,0.5791356,1.0,131.1656,379653.75,1.6141968,-400.25253,54.373055,55.184006,0.64348525,0.9,1.0,430.68573,1.0,71.2592,73.03548,73.03476,73.21658,70.1336
2018-01-02 10:31:00,0.1,0.0,55.221306,357730.44,0.62991506,0.62991506,34.103004,379682.16,0.36992207,0.37008494,72.7852,0.579148,0.579148,1.0,131.17097,379690.53,1.6139832,-400.25253,54.37371,55.184006,0.6434991,0.9,1.0,430.71017,1.0,71.25305,73.00307,73.03179,73.20055,70.1342
2018-01-02 10:32:00,0.1,0.0,55.220043,357730.44,0.63007146,0.63007146,34.136017,379717.75,0.36976472,0.36992854,72.77675,0.5791608,0.5791608,1.0,131.17686,379725.72,1.6138,-400.25253,54.374428,55.184006,0.6435134,0.9,1.0,430.73584,1.0,71.24706,72.97038,73.02817,73.1839,70.13486
2018-01-02 10:33:00,0.1,0.0,55.218887,357730.44,0.63022655,0.63022655,34.16903,379751.78,0.36960885,0.36977348,72.76828,0.579174,0.579174,1.0,131.18318,379759.25,1.6135864,-400.25253,54.375195,55.184006,0.6435281,0.9,1.0,430.7625,1.0,71.24118,72.93736,73.02399,73.166595,70.13547
2018-01-02 10:34:00,0.1,0.0,55.217846,357730.44,0.6303803,0.6303803,34.20199,379784.16,0.3694544,0.3696197,72.75966,0.57918745,0.57918745,1.0,131.18987,379791.25,1.6134338,-400.25253,54.37596,55.184006,0.64354306,0.9,1.0,430.78995,1.0,71.23547,72.904076,73.01921,73.148636,70.13607
2018-01-02 10:35:00,0.1,0.0,55.21691,357730.44,0.6305329,0.6305329,34.235004,379815.0,0.3693013,0.36946705,72.75104,0.5792011,0.5792011,1.0,131.19684,379821.72,1.6132812,-400.25253,54.37673,55.184006,0.6435582,0.9,1.0,430.818,1.0,71.22992,72.870514,73.01394,73.13012,70.13667
2018-01-02 10:36:00,0.1,0.0,55.21598,357730.44,0.63068426,0.63068426,34.268017,379844.28,0.3691493,0.36931577,72.7423,0.5792148,0.5792148,1.0,131.20406,379850.66,1.6131287,-400.25253,54.377556,55.184006,0.64357346,0.9,1.0,430.84644,1.0,71.22449,72.83667,73.00806,73.11105,70.13728
2018-01-02 10:37:00,0.1,0.0,55.215157,357730.44,0.6308345,0.6308345,34.301033,379872.12,0.36899832,0.36916545,72.73357,0.5792286,0.5792286,1.0,131.21144,379878.12,1.6130371,-400.25253,54.37838,55.184006,0.6435888,0.9,1.0,430.8751,1.0,71.21916,72.80267,73.00163,73.091446,70.13788
2018-01-02 10:38:00,0.1,0.0,55.214386,357730.44,0.630984,0.630984,34.333992,379898.47,0.36884835,0.369016,72.724724,0.5792423,0.5792423,1.0,131.21896,379904.2,1.612915,-400.25253,54.379204,55.184006,0.64360404,0.9,1.0,430.90387,1.0,71.21399,72.76845,72.99477,73.07134,70.13849
2018-01-02 10:39:00,0.1,0.0,55.21367,357730.44,0.6311326,0.6311326,34.367004,379923.44,0.36869934,0.36886743,72.71582,0.579256,0.579256,1.0,131.22658,379928.8,1.6128235,-400.25253,54.38008,55.184006,0.6436192,0.9,1.0,430.93262,1.0,71.208885,72.73401,72.98735,73.05069,70.139145
2018-01-02 10:40:00,0.1,0.0,55.213013,357730.44,0.6312803,0.6312803,34.400017,379947.03,0.36855116,0.36871973,72.70687,0.5792695,0.5792695,1.0,131.23425,379952.16,1.6127319,-400.25253,54.380962,55.184006,0.64363426,0.9,1.0,430.96127,1.0,71.20394,72.6994,72.97949,73.029594,70.139755
2018-01-02 10:41:00,0.1,0.0,55.21241,357730.44,0.6314273,0.6314273,34.433033,379969.34,0.36840373,0.3685727,72.69781,0.57928294,0.57928294,1.0,131.24194,379974.12,1.6126099,-400.25253,54.381844,55.184006,0.6436491,0.9,1.0,430.98972,1.0,71.19905,72.66469,72.971146,73.00801,70.14041
2018-01-02 10:42:00,0.1,0.0,55.21186,357730.44,0.6315737,0.6315737,34.465992,379990.38,0.36825702,0.36842632,72.68874,0.5792961,0.5792961,1.0,131.24963,379994.9,1.6125488,-400.25253,54.382774,55.184006,0.64366376,0.9,1.0,431.01785,1.0,71.194275,72.62981,72.96236,72.98604,70.141014
2018-01-02 10:43:00,0.1,0.0,55.21131,357730.44,0.6317194,0.6317194,34.499004,380010.2,0.36811092,0.3682806,72.67968,0.57930917,0.57930917,1.0,131.2573,380014.5,1.6124878,-400.25253,54.38371,55.184006,0.6436782,0.9,1.0,431.04565,1.0,71.189606,72.59481,72.953125,72.96356,70.14168
2018-01-02 10:44:00,0.1,0.0,55.21087,357730.44,0.6318646,0.6318646,34.53202,380028.8,0.36796543,0.36813542,72.6705,0.5793219,0.5793219,1.0,131.2649,380032.9,1.6124268,-400.25253,54.38459,55.184006,0.6436923,0.9,1.0,431.07303,1.0,71.18499,72.55971,72.94347,72.940765,70.142334
2018-01-02 10:45:00,0.1,0.0,55.21043,357730.44,0.63200927,0.63200927,34.565033,380046.38,0.36782044,0.36799073,72.66128,0.57933444,0.57933444,1.0,131.27243,380050.25,1.6123962,-400.25253,54.385574,55.184006,0.6437062,0.9,1.0,431.0999,1.0,71.18048,72.52455,72.93341,72.917534,70.14294
2018-01-02 10:46:00,0.1,0.0,55.20999,357730.44,0.6321535,0.6321535,34.597992,380062.84,0.36767593,0.36784646,72.652054,0.57934666,0.57934666,1.0,131.27986,380066.53,1.6123352,-400.25253,54.386513,55.184006,0.64371973,0.9,1.0,431.12637,1.0,71.17609,72.48929,72.92297,72.89391,70.14365
2018-01-02 10:47:00,0.1,0.0,55.209606,357730.44,0.6322974,0.6322974,34.631004,380078.28,0.36753187,0.36770263,72.64276,0.57935864,0.57935864,1.0,131.28722,380081.8,1.6123047,-400.25253,54.387444,55.184006,0.643733,0.9,1.0,431.15225,1.0,71.17175,72.454025,72.912155,72.87002,70.14431
2018-01-02 10:48:00,0.1,0.0,55.209274,357730.44,0.63244087,0.63244087,34.66402,380092.78,0.36738816,0.36755913,72.63342,0.5793703,0.5793703,1.0,131.29443,380096.12,1.6122742,-400.25253,54.388435,55.184006,0.64374596,0.9,1.0,431.17758,1.0,71.167465,72.41864,72.90094,72.84573,70.14497
2018-01-02 10:49:00,0.1,0.0,55.208946,357730.44,0.63258404,0.63258404,34.697033,380106.34,0.3672448,0.36741596,72.624084,0.5793817,0.5793817,1.0,131.30154,380109.53,1.6122437,-400.25253,54.389366,55.184006,0.64375854,0.9,1.0,431.20233,1.0,71.16324,72.38332,72.889404,72.82113,70.14563
2018-01-02 10:50:00,0.1,0.0,55.20867,357730.44,0.63272697,0.63272697,34.729992,380119.03,0.36710176,0.36727303,72.6147,0.5793928,0.5793928,1.0,131.3085,380122.06,1.6122131,-400.25253,54.390358,55.184006,0.6437708,0.9,1.0,431.22653,1.0,71.15912,72.347946,72.87749,72.79619,70.146286
2018-01-02 10:51:00,0.1,0.0,55.208397,357730.44,0.63286966,0.63286966,34.76301,380130.9,0.36695892,0.36713037,72.60525,0.5794036,0.5794036,1.0,131.31535,380133.78,1.6121826,-400.25253,54.391342,55.184006,0.6437828,0.9,1.0,431.2501,1.0,71.15505,72.31262,72.865295,72.77098,70.147
2018-01-02 10:52:00,0.1,0.0,55.208176,357730.44,0.6330121,0.6330121,34.79602,380141.97,0.3668163,0.36698788,72.595795,0.57941407,0.57941407,1.0,131.32204,380144.72,1.6121826,-400.25253,54.392334,55.184006,0.6437944,0.9,1.0,431.27307,1.0,71.15105,72.27725,72.852715,72.745544,70.14766
2018-01-02 10:53:00,0.1,0.0,55.2079,357730.44,0.63315445,0.63315445,34.829033,380152.28,0.36667392,0.36684555,72.58635,0.57942426,0.57942426,1.0,131.3286,380154.9,1.6121521,-400.25253,54.393322,55.184006,0.6438057,0.9,1.0,431.29547,1.0,71.14714,72.24199,72.83986,72.71978,70.148315
2018-01-02 10:54:00,0.1,0.0,55.20774,357730.44,0.63329667,0.63329667,34.86199,380161.9,0.36653164,0.36670336,72.57684,0.57943416,0.57943416,1.0,131.335,380164.44,1.6121521,-400.25253,54.394363,55.184006,0.64381665,0.9,1.0,431.3172,1.0,71.14324,72.20672,72.82674,72.6938,70.14898
2018-01-02 10:55:00,0.1,0.0,55.20752,357730.44,0.63343877,0.63343877,34.895008,380170.84,0.36638945,0.36656123,72.56729,0.57944375,0.57944375,1.0,131.34128,380173.28,1.6121521,-400.25253,54.395355,55.184006,0.6438273,0.9,1.0,431.3384,1.0,71.1394,72.17151,72.81328,72.667595,70.14969
2018-01-02 10:56:00,0.1,0.0,55.20735,357730.44,0.6335814,0.6335814,34.92802,380179.16,0.3662471,0.3664186,72.557785,0.5794531,0.5794531,1.0,131.34738,380181.47,1.6121216,-400.25253,54.396343,55.184006,0.64383763,0.9,1.0,431.35898,1.0,71.135605,72.13635,72.799545,72.641174,70.150406
2018-01-02 10:57:00,0.1,0.0,55.20719,357730.44,0.6337229,0.6337229,34.961037,380186.9,0.366105,0.3662771,72.54823,0.5794621,0.5794621,1.0,131.35335,380189.1,1.6121216,-400.25253,54.397385,55.184006,0.64384764,0.9,1.0,431.37903,1.0,71.13187,72.1013,72.78558,72.614586,70.15106
2018-01-02 10:58:00,0.1,0.0,55.207077,357730.44,0.6338651,0.6338651,34.993996,380194.06,0.36596346,0.36613488,72.53862,0.57947093,0.57947093,1.0,131.35916,380196.22,1.6121216,-400.25253,54.398376,55.184006,0.64385736,0.9,1.0,431.39844,1.0,71.12819,72.066315,72.77136,72.58778,70.15184
2018-01-02 10:59:00,0.1,0.0,55.206917,357730.44,0.6340064,0.6340064,35.027008,380200.72,0.36582133,0.36599362,72.52905,0.5794794,0.5794794,1.0,131.36485,380202.78,1.6121216,-400.25253,54.39942,55.184006,0.6438668,0.9,1.0,431.41733,1.0,71.124565,72.03143,72.75686,72.56081,70.15255
2018-01-02 11:00:00,0.1,0.0,55.206802,357730.44,0.63414854,0.63414854,35.06002,380206.88,0.36567903,0.36585146,72.51944,0.5794877,0.5794877,1.0,131.37038,380208.88,1.6121216,-400.25253,54.400463,55.184006,0.6438759,0.9,1.0,431.43567,1.0,71.120995,71.99666,72.74214,72.533676,70.15332
2018-01-02 11:01:00,0.1,0.0,55.206696,357730.44,0.6342911,0.6342911,35.06002,380212.56,0.36553696,0.3657089,72.50983,0.57949567,0.57949567,1.0,131.37578,380214.47,1.6121216,-400.25253,54.40145,55.184006,0.6438848,0.9,1.0,431.45352,1.0,71.117424,71.962,72.727196,72.506424,70.15408
2018-01-02 11:02:00,0.1,0.0,55.20752,357730.44,0.6344562,0.6344562,35.06002,380222.94,0.3656583,0.36554378,72.50017,0.5795004,0.5795004,1.0,131.37822,380223.7,1.6121216,-400.25253,54.40052,55.184006,0.6438907,0.9,1.0,431.46332,1.0,71.11391,71.92739,72.712036,72.47896,70.15486
2018-01-02 11:03:00,0.1,0.0,55.20263,357730.44,0.6342945,0.6342945,35.06002,380232.56,0.3657347,0.3657055,72.490555,0.57950556,0.57950556,1.0,131.38106,380232.25,1.6121521,-400.25253,54.39964,55.184006,0.6438958,0.9,1.0,431.47433,1.0,71.1104,71.892944,72.696655,72.45144,70.155685
2018-01-02 11:04:00,0.1,0.0,55.198837,357730.44,0.6341813,0.6341813,35.06002,380238.56,0.3657222,0.36581868,72.48088,0.57951146,0.57951146,1.0,131.38486,380238.78,1.6121521,-400.25253,54.399475,55.184006,0.64390206,0.9,1.0,431.48727,1.0,71.10693,71.85867,72.681,72.42375,70.15645
2018-01-02 11:05:00,0.1,0.0,55.19796,357730.44,0.6342151,0.6342151,35.06002,380244.6,0.3657548,0.36578485,72.471214,0.5795163,0.5795163,1.0,131.38785,380245.06,1.6121521,-400.25253,54.39909,55.184006,0.6439077,0.9,1.0,431.4977,1.0,71.10342,71.82445,72.66518,72.39601,70.15727
2018-01-02 11:06:00,0.1,0.0,55.19626,357730.44,0.63418967,0.63418967,35.06002,380251.44,0.3658275,0.36581033,72.4616,0.5795202,0.5795202,1.0,131.39009,380251.44,1.6121521,-400.25253,54.398376,55.184006,0.6439121,0.9,1.0,431.5061,1.0,71.09996,71.79039,72.64914,72.3681,70.1581
2018-01-02 11:07:00,0.1,0.0,55.193512,357730.44,0.6340959,0.6340959,35.06002,380257.2,0.36587125,0.36590412,72.451935,0.5795243,0.5795243,1.0,131.39249,380257.03,1.6121826,-400.25253,54.39799,55.184006,0.6439163,0.9,1.0,431.5148,1.0,71.09655,71.75644,72.632935,72.34015,70.15898
2018-01-02 11:08:00,0.1,0.0,55.19181,357730.44,0.63405085,0.63405085,35.06002,380261.88,0.36590594,0.36594915,72.442215,0.57952803,0.57952803,1.0,131.39484,380261.88,1.6121826,-400.25253,54.397717,55.184006,0.64392054,0.9,1.0,431.52298,1.0,71.093094,71.72266,72.61656,72.31213,70.159805
2018-01-02 11:09:00,0.1,0.0,55.190544,357730.44,0.6340213,0.6340213,35.06002,380266.66,0.36596322,0.36597872,72.43254,0.5795312,0.5795312,1.0,131.39668,380266.56,1.6122131,-400.25253,54.39733,55.184006,0.64392406,0.9,1.0,431.52966,1.0,71.08963,71.68899,72.60003,72.28401,70.160675
2018-01-02 11:10:00,0.1,0.0,55.188843,357730.44,0.6339572,0.6339572,35.06002,380271.1,0.36602026,0.36604282,72.422874,0.57953405,0.57953405,1.0,131.39833,380270.88,1.6122131,-400.25253,54.397057,55.184006,0.6439271,0.9,1.0,431.53577,1.0,71.08623,71.65548,72.583275,72.25583,70.16156
2018-01-02 11:11:00,0.1,0.0,55.1873,357730.44,0.6338951,0.6338951,35.06002,380274.88,0.36606896,0.36610487,72.41321,0.5795367,0.5795367,1.0,131.39995,380274.66,1.6122131,-400.25253,54.396835,55.184006,0.64393,0.9,1.0,431.54153,1.0,71.08276,71.62219,72.56641,72.22759,70.16244
2018-01-02 11:12:00,0.1,0.0,55.18615,357730.44,0.6338473,0.6338473,35.06002,380278.38,0.36612412,0.3661527,72.40349,0.579539,0.579539,1.0,131.40129,380278.12,1.6122437,-400.25253,54.396675,55.184006,0.6439325,0.9,1.0,431.5464,1.0,71.07936,71.58901,72.54938,72.1993,70.163315
2018-01-02 11:13:00,0.1,0.0,55.184998,357730.44,0.63379014,0.63379014,35.06002,380281.66,0.36618412,0.36620986,72.393814,0.57954097,0.57954097,1.0,131.40239,380281.34,1.6122437,-400.25253,54.396454,55.184006,0.64393467,0.9,1.0,431.55054,1.0,71.0759,71.556,72.53224,72.17096,70.1642
2018-01-02 11:14:00,0.1,0.0,55.18379,357730.44,0.6337263,0.6337263,35.06002,380284.56,0.36624104,0.3662737,72.384094,0.5795427,0.5795427,1.0,131.40341,380284.2,1.6122742,-400.25253,54.396343,55.184006,0.6439365,0.9,1.0,431.55426,1.0,71.072495,71.52321,72.515,72.14256,70.16507
2018-01-02 11:15:00,0.1,0.0,55.182854,357730.44,0.6336691,0.6336691,35.06002,380287.16,0.3662995,0.36633095,72.37442,0.5795442,0.5795442,1.0,131.40424,380286.78,1.6122742,-400.25253,54.396233,55.184006,0.6439382,0.9,1.0,431.55743,1.0,71.069084,71.49057,72.49758,72.11421,70.16601
2018-01-02 11:16:00,0.1,0.0,55.181923,357730.44,0.6336081,0.6336081,35.06002,380289.53,0.3663611,0.3663919,72.36476,0.5795454,0.5795454,1.0,131.40489,380289.12,1.6122742,-400.25253,54.396126,55.184006,0.6439395,0.9,1.0,431.55994,1.0,71.06563,71.45816,72.48006,72.085754,70.166885
2018-01-02 11:17:00,0.1,0.0,55.18104,357730.44,0.63354546,0.63354546,35.06002,380291.66,0.3664222,0.36645457,72.355034,0.5795464,0.5795464,1.0,131.40541,380291.25,1.6123047,-400.25253,54.39607,55.184006,0.64394057,0.9,1.0,431.562,1.0,71.06222,71.42592,72.46248,72.057304,70.167816
2018-01-02 11:18:00,0.1,0.0,55.180275,357730.44,0.6334832,0.6334832,35.06002,380293.6,0.36648476,0.3665168,72.34537,0.57954717,0.57954717,1.0,131.4058,380293.12,1.6123047,-400.25253,54.39601,55.184006,0.6439414,0.9,1.0,431.56363,1.0,71.05881,71.39395,72.44473,72.028854,70.168755
2018-01-02 11:19:00,0.1,0.0,55.179504,357730.44,0.63341916,0.63341916,35.06002,380295.28,0.36654794,0.36658084,72.33569,0.57954776,0.57954776,1.0,131.40605,380294.8,1.6123352,-400.25253,54.395958,55.184006,0.643942,0.9,1.0,431.56476,1.0,71.055466,71.362144,72.42694,72.0004,70.16969
2018-01-02 11:20:00,0.1,0.0,55.178844,357730.44,0.63335514,0.63335514,35.06002,380296.8,0.36661187,0.3666449,72.32608,0.5795481,0.5795481,1.0,131.40619,380296.3,1.6123352,-400.25253,54.395958,55.184006,0.6439424,0.9,1.0,431.56552,1.0,71.052055,71.33056,72.40909,71.97194,70.17068
2018-01-02 11:21:00,0.1,0.0,55.178238,357730.44,0.63329005,0.63329005,35.06002,380298.2,0.36667654,0.36670998,72.31642,0.57954836,0.57954836,1.0,131.40619,380297.66,1.6123352,-400.25253,54.395905,55.184006,0.64394265,0.9,1.0,431.56586,1.0,71.048706,71.299194,72.39113,71.94348,70.171616
2018-01-02 11:22:00,0.1,0.0,55.177635,357730.44,0.63322455,0.63322455,35.06002,380299.38,0.36674172,0.36677542,72.30681,0.5795484,0.5795484,1.0,131.4061,380298.84,1.6123657,-400.25253,54.395905,55.184006,0.64394265,0.9,1.0,431.56583,1.0,71.04535,71.2681,72.37305,71.915085,70.1726
2018-01-02 11:23:00,0.1,0.0,55.17714,357730.44,0.63315856,0.63315856,35.06002,380300.4,0.36680752,0.36684144,72.297195,0.5795483,0.5795483,1.0,131.4059,380299.88,1.6123657,-400.25253,54.395958,55.184006,0.6439425,0.9,1.0,431.56543,1.0,71.04201,71.23723,72.35498,71.88669,70.173584
2018-01-02 11:24:00,0.1,0.0,55.176647,357730.44,0.6330921,0.6330921,35.06002,380301.34,0.36687374,0.36690792,72.28758,0.579548,0.579548,1.0,131.4056,380300.8,1.6123657,-400.25253,54.395958,55.184006,0.6439422,0.9,1.0,431.56473,1.0,71.03865,71.20657,72.33679,71.85834,70.174576
2018-01-02 11:25:00,0.1,0.0,55.17621,357730.44,0.6330252,0.6330252,35.06002,380302.16,0.36694038,0.36697474,72.278015,0.5795476,0.5795476,1.0,131.40521,380301.6,1.6123962,-400.25253,54.395958,55.184006,0.6439417,0.9,1.0,431.56372,1.0,71.0353,71.17615,72.31856,71.83005,70.17557
2018-01-02 11:26:00,0.1,0.0,55.175766,357730.44,0.63295805,0.63295805,35.06002,380302.84,0.3670074,0.36704195,72.26846,0.57954705,0.57954705,1.0,131.40474,380302.28,1.6123962,-400.25253,54.39601,55.184006,0.6439411,0.9,1.0,431.5624,1.0,71.032005,71.14599,72.30032,71.80182,70.176605
2018-01-02 11:27:00,0.1,0.0,55.175438,357730.44,0.6328906,0.6328906,35.06002,380303.44,0.36707473,0.36710942,72.25896,0.5795464,0.5795464,1.0,131.40417,380302.88,1.6123962,-400.25253,54.39607,55.184006,0.6439403,0.9,1.0,431.56082,1.0,71.02871,71.116104,72.28203,71.773636,70.17766
2018-01-02 11:28:00,0.1,0.0,55.175056,357730.44,0.6328229,0.6328229,35.06002,380303.94,0.36714232,0.3671771,72.24945,0.5795456,0.5795456,1.0,131.40355,380303.38,1.6124268,-400.25253,54.396126,55.184006,0.6439395,0.9,1.0,431.559,1.0,71.02541,71.08644,72.263626,71.745514,70.178696
2018-01-02 11:29:00,0.1,0.0,55.17478,357730.44,0.632755,0.632755,35.06002,380304.38,0.36721012,0.36724502,72.240005,0.5795448,0.5795448,1.0,131.40285,380303.78,1.6124268,-400.25253,54.39618,55.184006,0.6439385,0.9,1.0,431.55692,1.0,71.02212,71.05705,72.245285,71.71744,70.17974
2018-01-02 11:30:00,0.1,0.0,55.17445,357730.44,0.6326869,0.6326869,35.06002,380304.7,0.3672781,0.36731306,72.23056,0.57954377,0.57954377,1.0,131.40207,380304.16,1.6124268,-400.25253,54.396233,55.184006,0.6439374,0.9,1.0,431.55466,1.0,71.018875,71.02794,72.22682,71.68948,70.18084
2018-01-02 11:31:00,0.1,0.0,55.174232,357730.44,0.6326187,0.6326187,35.06002,380305.0,0.3673462,0.36738124,72.22116,0.5795427,0.5795427,1.0,131.40125,380304.4,1.6124268,-400.25253,54.396286,55.184006,0.6439362,0.9,1.0,431.55215,1.0,71.01558,70.99905,72.20842,71.661575,70.18194
2018-01-02 11:32:00,0.1,0.0,55.173958,357730.44,0.6325505,0.6325505,35.06002,380305.22,0.3674144,0.3674495,72.21182,0.57954156,0.57954156,1.0,131.40034,380304.62,1.6124268,-400.25253,54.396343,55.184006,0.6439349,0.9,1.0,431.54947,1.0,71.012344,70.970535,72.18991,71.63378,70.18298
2018-01-02 11:33:00,0.1,0.0,55.17379,357730.44,0.63248223,0.63248223,35.06002,380305.38,0.3674827,0.3675178,72.202484,0.5795403,0.5795403,1.0,131.39941,380304.8,1.6124573,-400.25253,54.3964,55.184006,0.64393353,0.9,1.0,431.5466,1.0,71.009155,70.94231,72.1714,71.606094,70.18408
2018-01-02 11:34:00,0.1,0.0,55.17357,357730.44,0.6324139,0.6324139,35.06002,380305.5,0.367551,0.3675861,72.19321,0.57953906,0.57953906,1.0,131.39842,380304.9,1.6124573,-400.25253,54.396454,55.184006,0.64393204,0.9,1.0,431.5436,1.0,71.00591,70.91429,72.152885,71.57846,70.18512
2018-01-02 11:35:00,0.1,0.0,55.17341,357730.44,0.6323456,0.6323456,35.06002,380305.6,0.3676193,0.36765438,72.183975,0.5795377,0.5795377,1.0,131.39738,380305.0,1.6124573,-400.25253,54.396507,55.184006,0.64393055,0.9,1.0,431.54044,1.0,71.00273,70.88649,72.13432,71.55095,70.18611
2018-01-02 11:36:00,0.1,0.0,55.17324,357730.44,0.63227737,0.63227737,35.06002,380305.6,0.36768758,0.36772266,72.17474,0.57953626,0.57953626,1.0,131.3963,380305.03,1.6124573,-400.25253,54.396618,55.184006,0.64392895,0.9,1.0,431.53714,1.0,70.99954,70.859024,72.11575,71.52353,70.18716
2018-01-02 11:37:00,0.1,0.0,55.173077,357730.44,0.6322091,0.6322091,35.06002,380305.6,0.3677558,0.36779085,72.16557,0.57953477,0.57953477,1.0,131.39519,380305.03,1.6124573,-400.25253,54.396675,55.184006,0.6439273,0.9,1.0,431.53372,1.0,70.99635,70.83178,72.09713,71.49618,70.18814
2018-01-02 11:38:00,0.1,0.0,55.172966,357730.44,0.632141,0.632141,35.06002,380305.6,0.367824,0.36785898,72.156456,0.5795332,0.5795332,1.0,131.39404,380305.0,1.6124878,-400.25253,54.39673,55.184006,0.64392555,0.9,1.0,431.53015,1.0,70.993164,70.80481,72.07851,71.46899,70.18913
2018-01-02 11:39:00,0.1,0.0,55.17286,357730.44,0.632073,0.632073,35.06002,380305.56,0.36789206,0.367927,72.14734,0.5795316,0.5795316,1.0,131.39285,380304.97,1.6124878,-400.25253,54.396835,55.184006,0.64392376,0.9,1.0,431.5265,1.0,70.990036,70.77806,72.05989,71.44191,70.19006
2018-01-02 11:40:00,0.1,0.0,55.172745,357730.44,0.63200504,0.63200504,35.06002,380305.47,0.36796007,0.36799496,72.13833,0.57952994,0.57952994,1.0,131.39163,380304.88,1.6124878,-400.25253,54.396893,55.184006,0.643922,0.9,1.0,431.5227,1.0,70.98691,70.75163,72.041214,71.41493,70.191
2018-01-02 11:41:00,0.1,0.0,55.172638,357730.44,0.63193727,0.63193727,35.06002,380305.38,0.36802793,0.36806276,72.12932,0.5795283,0.5795283,1.0,131.39038,380304.8,1.6124878,-400.25253,54.39695,55.184006,0.64392006,0.9,1.0,431.51886,1.0,70.98378,70.72543,72.02254,71.38808,70.19194
2018-01-02 11:42:00,0.1,0.0,55.172585,357730.44,0.6318696,0.6318696,35.06002,380305.28,0.36809567,0.36813042,72.120316,0.5795266,0.5795266,1.0,131.3891,380304.7,1.6124878,-400.25253,54.397057,55.184006,0.64391816,0.9,1.0,431.51492,1.0,70.980644,70.69951,72.00386,71.361374,70.19287
2018-01-02 11:43:00,0.1,0.0,55.172527,357730.44,0.6318021,0.6318021,35.06002,380305.12,0.36816323,0.36819792,72.11141,0.5795248,0.5795248,1.0,131.3878,380304.56,1.6124878,-400.25253,54.39711,55.184006,0.64391625,0.9,1.0,431.5109,1.0,70.97751,70.67385,71.98518,71.33479,70.19375
2018-01-02 11:44:00,0.1,0.0,55.17247,357730.44,0.6317347,0.6317347,35.06002,380305.0,0.36823067,0.36826524,72.10251,0.579523,0.579523,1.0,131.38649,380304.4,1.6124878,-400.25253,54.397224,55.184006,0.6439142,0.9,1.0,431.50684,1.0,70.97444,70.64842,71.96651,71.30831,70.194626
2018-01-02 11:45:00,0.1,0.0,55.172417,357730.44,0.6316676,0.6316676,35.06002,380304.88,0.3682979,0.36833242,72.09372,0.57952124,0.57952124,1.0,131.38515,380304.28,1.6125183,-400.25253,54.397278,55.184006,0.64391226,0.9,1.0,431.5027,1.0,70.97136,70.623314,71.94783,71.282,70.19545
2018-01-02 11:46:00,0.1,0.0,55.172363,357730.44,0.6316006,0.6316006,35.06002,380304.7,0.36836496,0.36839935,72.084885,0.5795194,0.5795194,1.0,131.38379,380304.16,1.6125183,-400.25253,54.39733,55.184006,0.64391017,0.9,1.0,431.49844,1.0,70.968285,70.598434,71.92915,71.2558,70.19627
2018-01-02 11:47:00,0.1,0.0,55.17231,357730.44,0.6315339,0.6315339,35.06002,380304.53,0.36843184,0.3684661,72.07614,0.57951754,0.57951754,1.0,131.38242,380303.97,1.6125183,-400.25253,54.39744,55.184006,0.64390814,0.9,1.0,431.4942,1.0,70.96521,70.57382,71.91052,71.22976,70.1971
2018-01-02 11:48:00,0.1,0.0,55.17231,357730.44,0.63146734,0.63146734,35.06002,380304.38,0.36849847,0.36853263,72.06747,0.5795157,0.5795157,1.0,131.38103,380303.8,1.6125183,-400.25253,54.3975,55.184006,0.64390606,0.9,1.0,431.4899,1.0,70.96213,70.54943,71.891846,71.20389,70.19787
2018-01-02 11:49:00,0.1,0.0,55.172253,357730.44,0.63140106,0.63140106,35.06002,380304.2,0.36856487,0.36859894,72.05879,0.5795138,0.5795138,1.0,131.37961,380303.66,1.6125183,-400.25253,54.397552,55.184006,0.6439039,0.9,1.0,431.48557,1.0,70.95911,70.525375,71.87328,71.17812,70.19864
2018-01-02 11:50:00,0.1,0.0,55.172253,357730.44,0.631335,0.631335,35.06002,380304.0,0.36863106,0.368665,72.05016,0.5795119,0.5795119,1.0,131.3782,380303.44,1.6125183,-400.25253,54.39766,55.184006,0.6439018,0.9,1.0,431.48117,1.0,70.956085,70.50159,71.85466,71.15253,70.1994
2018-01-02 11:51:00,0.1,0.0,55.172253,357730.44,0.6312692,0.6312692,35.06002,380303.84,0.36869702,0.3687308,72.04165,0.57951,0.57951,1.0,131.37679,380303.28,1.6125183,-400.25253,54.397717,55.184006,0.6438997,0.9,1.0,431.47678,1.0,70.953064,70.47807,71.83609,71.12709,70.20012
2018-01-02 11:52:00,0.1,0.0,55.172253,357730.44,0.63120365,0.63120365,35.06002,380303.66,0.36876267,0.36879635,72.03308,0.579508,0.579508,1.0,131.37535,380303.12,1.6125183,-400.25253,54.397774,55.184006,0.64389753,0.9,1.0,431.4723,1.0,70.95004,70.45479,71.81758,71.10177,70.200836
2018-01-02 11:53:00,0.1,0.0,55.172253,357730.44,0.6311384,0.6311384,35.06002,380303.47,0.3688281,0.36886162,72.02462,0.57950604,0.57950604,1.0,131.3739,380302.94,1.6125183,-400.25253,54.39788,55.184006,0.6438953,0.9,1.0,431.46783,1.0,70.94702,70.43182,71.799126,71.07666,70.20155
2018-01-02 11:54:00,0.1,0.0,55.172253,357730.44,0.6310734,0.6310734,35.06002,380303.3,0.3688932,0.36892658,72.01622,0.57950413,0.57950413,1.0,131.37245,380302.75,1.6125183,-400.25253,54.397934,55.184006,0.6438932,0.9,1.0,431.46332,1.0,70.94406,70.409134,71.78067,71.05167,70.20226
2018-01-02 11:55:00,0.1,0.0,55.172253,357730.44,0.63100874,0.63100874,35.06002,380303.12,0.36895806,0.3689913,72.007866,0.57950217,0.57950217,1.0,131.371,380302.6,1.6125183,-400.25253,54.39799,55.184006,0.643891,0.9,1.0,431.45883,1.0,70.94109,70.38678,71.76227,71.02684,70.20293
2018-01-02 11:56:00,0.1,0.0,55.17231,357730.44,0.6309443,0.6309443,35.06002,380302.97,0.3690226,0.36905566,71.99951,0.5795002,0.5795002,1.0,131.36954,380302.4,1.6125183,-400.25253,54.3981,55.184006,0.6438888,0.9,1.0,431.4543,1.0,70.938126,70.36464,71.743866,71.00218,70.20352
2018-01-02 11:57:00,0.1,0.0,55.17231,357730.44,0.63088024,0.63088024,35.06002,380302.75,0.36908683,0.36911973,71.99127,0.5794982,0.5794982,1.0,131.36807,380302.25,1.6125183,-400.25253,54.398155,55.184006,0.6438866,0.9,1.0,431.44977,1.0,70.935165,70.342834,71.72557,70.97768,70.204185
2018-01-02 11:58:00,0.1,0.0,55.17231,357730.44,0.63081646,0.63081646,35.06002,380302.6,0.36915076,0.3691835,71.98303,0.5794962,0.5794962,1.0,131.36662,380302.06,1.6125183,-400.25253,54.39821,55.184006,0.6438844,0.9,1.0,431.44525,1.0,70.93219,70.32124,71.70734,70.95329,70.20479
2018-01-02 11:59:00,0.1,0.0,55.172363,357730.44,0.63075304,0.63075304,35.06002,380302.44,0.3692144,0.36924696,71.97491,0.57949424,0.57949424,1.0,131.36514,380301.9,1.6125183,-400.25253,54.398323,55.184006,0.6438822,0.9,1.0,431.44067,1.0,70.92923,70.29999,71.6891,70.92917,70.2054
2018-01-02 12:00:00,0.1,0.0,55.172363,357730.44,0.6306899,0.6306899,35.06002,380302.25,0.36927766,0.36931005,71.96678,0.5794923,0.5794923,1.0,131.36366,380301.75,1.6125488,-400.25253,54.398376,55.184006,0.64388,0.9,1.0,431.43613,1.0,70.926315,70.27901,71.670975,70.90517,70.20595
2018-01-02 12:01:00,0.1,0.0,55.172417,357730.44,0.63062716,0.63062716,35.06002,380302.1,0.3693406,0.3693728,71.9587,0.57949024,0.57949024,1.0,131.3622,380301.56,1.6125488,-400.25253,54.39843,55.184006,0.6438778,0.9,1.0,431.43155,1.0,70.923355,70.25835,71.65289,70.88138,70.20654
2018-01-02 12:02:00,0.1,0.0,55.172363,357730.44,0.63055974,0.63055974,35.06002,380301.97,0.3694043,0.36944026,71.949585,0.5794883,0.5794883,1.0,131.3607,380301.44,1.6125488,-400.25253,54.398483,55.184006,0.64387554,0.9,1.0,431.42697,1.0,70.87314,70.23418,71.62911,70.85403,70.201164
2018-01-02 12:03:00,0.1,0.0,55.17192,357730.44,0.63047105,0.63047105,35.06002,380302.28,0.36948335,0.36952895,71.937775,0.5794861,0.5794861,1.0,131.35904,380301.62,1.6125488,-400.25253,54.39843,55.184006,0.6438731,0.9,1.0,431.4219,1.0,70.85765,70.21045,71.60588,70.82711,70.19627
2018-01-02 12:04:00,0.1,0.0,55.171486,357730.44,0.6303765,0.6303765,35.06002,380302.75,0.36957365,0.36962348,71.92453,0.57948375,0.57948375,1.0,131.35724,380302.06,1.6125488,-400.25253,54.398266,55.184006,0.6438705,0.9,1.0,431.4165,1.0,70.82338,70.18704,71.582695,70.800354,70.1915
2018-01-02 12:05:00,0.1,0.0,55.170822,357730.44,0.63026947,0.63026947,35.06002,380303.5,0.36967552,0.36973056,71.9097,0.57948124,0.57948124,1.0,131.35529,380302.72,1.6125488,-400.25253,54.39799,55.184006,0.6438677,0.9,1.0,431.41068,1.0,70.80437,70.16403,71.55968,70.77388,70.18677
2018-01-02 12:06:00,0.1,0.0,55.170166,357730.44,0.63015723,0.63015723,35.06002,380304.28,0.3697846,0.36984274,71.894104,0.5794786,0.5794786,1.0,131.35323,380303.44,1.6125488,-400.25253,54.39766,55.184006,0.64386475,0.9,1.0,431.40454,1.0,70.77855,70.14129,71.53683,70.74762,70.18221
2018-01-02 12:07:00,0.1,0.0,55.16945,357730.44,0.63003904,0.63003904,35.06002,380305.16,0.36990005,0.36996096,71.87773,0.5794759,0.5794759,1.0,131.35107,380304.28,1.6125488,-400.25253,54.397278,55.184006,0.64386165,0.9,1.0,431.3981,1.0,70.75982,70.11888,71.514145,70.72164,70.177704
2018-01-02 12:08:00,0.1,0.0,55.16874,357730.44,0.629918,0.629918,35.06002,380306.06,0.37001964,0.37008202,71.86098,0.579473,0.579473,1.0,131.34882,380305.1,1.6125488,-400.25253,54.396893,55.184006,0.64385843,0.9,1.0,431.3914,1.0,70.73906,70.09685,71.49156,70.69588,70.17337
2018-01-02 12:09:00,0.1,0.0,55.168076,357730.44,0.6297941,0.6297941,35.06002,380306.9,0.37014213,0.37020585,71.84395,0.57947004,0.57947004,1.0,131.3465,380305.94,1.6125488,-400.25253,54.396454,55.184006,0.64385515,0.9,1.0,431.38446,1.0,70.7218,70.075096,71.4691,70.670395,70.16908
2018-01-02 12:10:00,0.1,0.0,55.167473,357730.44,0.6296695,0.6296695,35.06002,380307.72,0.3702664,0.3703305,71.826866,0.57946694,0.57946694,1.0,131.34412,380306.75,1.6125488,-400.25253,54.39601,55.184006,0.6438517,0.9,1.0,431.3773,1.0,70.70439,70.05379,71.44685,70.64513,70.16491
2018-01-02 12:11:00,0.1,0.0,55.166924,357730.44,0.6295441,0.6295441,35.06002,380308.44,0.3703915,0.37045592,71.80984,0.5794638,0.5794638,1.0,131.34166,380307.47,1.6125488,-400.25253,54.395576,55.184006,0.64384824,0.9,1.0,431.36996,1.0,70.68901,70.032745,71.42471,70.62013,70.16084
2018-01-02 12:12:00,0.1,0.0,55.166374,357730.44,0.6294192,0.6294192,35.06002,380309.16,0.37051663,0.37058076,71.79297,0.57946056,0.57946056,1.0,131.33917,380308.16,1.6125793,-400.25253,54.395187,55.184006,0.6438446,0.9,1.0,431.36246,1.0,70.67401,70.012085,71.402794,70.59535,70.15689
2018-01-02 12:13:00,0.1,0.0,55.165936,357730.44,0.629295,0.629295,35.06002,380309.75,0.37064123,0.370705,71.77633,0.5794573,0.5794573,1.0,131.33667,380308.72,1.6125793,-400.25253,54.394806,55.184006,0.64384097,0.9,1.0,431.35483,1.0,70.66034,69.99176,71.380936,70.5708,70.153046
2018-01-02 12:14:00,0.1,0.0,55.16555,357730.44,0.62917215,0.62917215,35.06002,380310.28,0.3707648,0.37082785,71.76001,0.57945395,0.57945395,1.0,131.3341,380309.25,1.6125793,-400.25253,54.39442,55.184006,0.6438373,0.9,1.0,431.3471,1.0,70.64732,69.971825,71.35928,70.546524,70.14931
2018-01-02 12:15:00,0.1,0.0,55.165222,357730.44,0.6290508,0.6290508,35.06002,380310.72,0.37088695,0.37094918,71.74397,0.5794506,0.5794506,1.0,131.33153,380309.7,1.6125793,-400.25253,54.39409,55.184006,0.6438335,0.9,1.0,431.33926,1.0,70.63518,69.95221,71.337814,70.52246,70.14563
2018-01-02 12:16:00,0.1,0.0,55.164948,357730.44,0.6289314,0.6289314,35.06002,380311.06,0.37100735,0.37106863,71.72832,0.57944715,0.57944715,1.0,131.32893,380310.06,1.6125793,-400.25253,54.39376,55.184006,0.6438297,0.9,1.0,431.33136,1.0,70.6237,69.93298,71.31644,70.49867,70.14211
2018-01-02 12:17:00,0.1,0.0,55.16478,357730.44,0.628814,0.628814,35.06002,380311.3,0.37112585,0.37118602,71.713,0.57944375,0.57944375,1.0,131.32632,380310.34,1.6125793,-400.25253,54.393486,55.184006,0.6438259,0.9,1.0,431.32343,1.0,70.61293,69.91409,71.29524,70.47516,70.13866
2018-01-02 12:18:00,0.1,0.0,55.16462,357730.44,0.62869877,0.62869877,35.06002,380311.53,0.37124217,0.37130123,71.698105,0.5794403,0.5794403,1.0,131.32372,380310.53,1.6125793,-400.25253,54.39321,55.184006,0.643822,0.9,1.0,431.31543,1.0,70.60277,69.895584,71.2742,70.45193,70.1353
2018-01-02 12:19:00,0.1,0.0,55.164562,357730.44,0.6285859,0.6285859,35.06002,380311.62,0.37135628,0.37141415,71.68361,0.57943684,0.57943684,1.0,131.3211,380310.66,1.6125793,-400.25253,54.39299,55.184006,0.6438182,0.9,1.0,431.30743,1.0,70.593155,69.877396,71.25333,70.42891,70.132
2018-01-02 12:20:00,0.1,0.0,55.164505,357730.44,0.6284753,0.6284753,35.06002,380311.7,0.37146804,0.3715247,71.66949,0.5794333,0.5794333,1.0,131.31848,380310.72,1.6125793,-400.25253,54.392773,55.184006,0.6438143,0.9,1.0,431.2994,1.0,70.58404,69.85954,71.23262,70.40617,70.128876
2018-01-02 12:21:00,0.1,0.0,55.164505,357730.44,0.6283672,0.6283672,35.06002,380311.66,0.37157738,0.3716328,71.655754,0.57942986,0.57942986,1.0,131.31589,380310.72,1.6125793,-400.25253,54.39261,55.184006,0.64381045,0.9,1.0,431.29138,1.0,70.57541,69.84207,71.21207,70.38376,70.12579
2018-01-02 12:22:00,0.1,0.0,55.164562,357730.44,0.6282615,0.6282615,35.06002,380311.56,0.37168434,0.37173852,71.642456,0.5794264,0.5794264,1.0,131.3133,380310.62,1.6125793,-400.25253,54.392387,55.184006,0.6438066,0.9,1.0,431.2834,1.0,70.56717,69.824936,71.191635,70.361565,70.12283
2018-01-02 12:23:00,0.1,0.0,55.16462,357730.44,0.6281582,0.6281582,35.06002,380311.44,0.37178886,0.3718418,71.6295,0.5794229,0.5794229,1.0,131.3107,380310.53,1.6125793,-400.25253,54.39228,55.184006,0.64380276,0.9,1.0,431.27542,1.0,70.55937,69.80818,71.17137,70.33971,70.11992
2018-01-02 12:24:00,0.1,0.0,55.160168,357730.44,0.6277987,0.6277987,35.06002,381676.56,0.37193152,0.37220132,71.61763,0.58025837,0.58025837,1.0,131.79735,382043.72,1.6077576,-400.25253,54.392937,55.184006,0.6450358,0.9,1.0,433.00684,1.0,70.553,69.79143,71.1528,70.31899,70.11806
2018-01-02 12:25:00,0.1,0.0,55.16676,357730.44,0.6280468,0.6280468,35.06002,384580.16,0.37209335,0.3719532,71.60736,0.58173794,0.58173794,1.0,132.59752,384897.6,1.602478,-400.25253,54.401344,55.184006,0.64654124,0.9,1.0,436.1276,1.0,70.54965,69.76473,71.137146,70.301575,70.11943
2018-01-02 12:26:00,0.1,0.0,55.1644,357730.44,0.62780064,0.62780064,35.06002,386766.94,0.37221697,0.37219936,71.59555,0.5828782,0.5828782,1.0,133.21754,387031.03,1.5986023,-400.25253,54.407272,55.184006,0.6478047,0.9,1.0,438.54984,1.0,70.544876,69.72826,71.12072,70.28378,70.12014
2018-01-02 12:27:00,0.1,0.0,55.162914,357730.44,0.6276104,0.6276104,35.06002,388818.75,0.37224218,0.3723896,71.582855,0.58400965,0.58400965,1.0,133.8451,389066.28,1.5950928,-400.25253,54.413757,55.184006,0.649059,0.9,1.0,440.9724,1.0,70.541794,69.684586,71.10446,70.26626,70.12102
2018-01-02 12:28:00,0.1,0.0,55.165054,357730.44,0.62762094,0.62762094,35.06002,390764.75,0.37233388,0.37237903,71.56951,0.585116,0.585116,1.0,134.46472,390996.06,1.592102,-400.25253,54.419525,55.184006,0.6502846,0.9,1.0,443.35733,1.0,70.53822,69.6346,71.08831,70.24907,70.12195
2018-01-02 12:29:00,0.1,0.0,55.165222,357730.44,0.627521,0.627521,35.06002,392596.4,0.37247124,0.37247902,71.555504,0.5861872,0.5861872,1.0,135.06995,392809.28,1.5894775,-400.25253,54.42447,55.184006,0.6514692,0.9,1.0,445.68088,1.0,70.53537,69.57922,71.07222,70.23215,70.12289
2018-01-02 12:30:00,0.1,0.0,55.164177,357730.44,0.6273583,0.6273583,35.06002,394303.34,0.37255865,0.37264168,71.54095,0.5872174,0.5872174,1.0,135.65817,394498.38,1.5873108,-400.25253,54.42936,55.184006,0.65260714,0.9,1.0,447.92963,1.0,70.53235,69.5193,71.056175,70.21539,70.123825
2018-01-02 12:31:00,0.1,0.0,55.16478,357730.44,0.62728256,0.62728256,35.06002,395885.38,0.37266415,0.37271744,71.52584,0.5882005,0.5882005,1.0,136.22498,396062.7,1.5855713,-400.25253,54.433807,55.184006,0.6536928,0.9,1.0,450.08774,1.0,70.5296,69.45563,71.04013,70.19885,70.12465
2018-01-02 12:32:00,0.1,0.0,55.164562,357730.44,0.6271627,0.6271627,35.06002,397344.53,0.37278712,0.3728373,71.510185,0.5891337,0.5891337,1.0,136.76817,397504.12,1.5841675,-400.25253,54.437706,55.184006,0.65472233,0.9,1.0,452.14728,1.0,70.526794,69.38895,71.02409,70.18249,70.12497
2018-01-02 12:33:00,0.1,0.0,55.164177,357730.44,0.62703407,0.62703407,35.06002,398682.9,0.37289664,0.37296593,71.49403,0.59001595,0.59001595,1.0,137.28708,398825.9,1.5831604,-400.25253,54.441387,55.184006,0.6556952,0.9,1.0,454.10464,1.0,70.524,69.31995,71.007996,70.16623,70.125244
2018-01-02 12:34:00,0.1,0.0,55.164177,357730.44,0.62692225,0.62692225,35.06002,399906.62,0.3730195,0.37307778,71.4775,0.59084654,0.59084654,1.0,137.78046,400033.88,1.5824585,-400.25253,54.444572,55.184006,0.65661085,0.9,1.0,455.95636,1.0,70.521194,69.24931,70.991905,70.15008,70.125305
2018-01-02 12:35:00,0.1,0.0,55.163795,357730.44,0.62679076,0.62679076,35.06002,401021.7,0.3731432,0.37320924,71.46063,0.59162635,0.59162635,1.0,138.24837,401134.25,1.5820007,-400.25253,54.447487,55.184006,0.65747005,0.9,1.0,457.70297,1.0,70.51834,69.17751,70.975815,70.134094,70.1252
2018-01-02 12:36:00,0.1,0.0,55.163574,357730.44,0.6266657,0.6266657,35.06002,402034.84,0.37326863,0.37333426,71.44339,0.5923565,0.5923565,1.0,138.69093,402133.9,1.5818481,-400.25253,54.45012,55.184006,0.6582745,0.9,1.0,459.3457,1.0,70.51543,69.10512,70.959656,70.118164,70.12497
2018-01-02 12:37:00,0.1,0.0,55.1633,357730.44,0.62653553,0.62653553,35.06002,402953.22,0.37339872,0.37346444,71.42598,0.5930387,0.5930387,1.0,139.1085,403039.84,1.5818787,-400.25253,54.45243,55.184006,0.65902567,0.9,1.0,460.88687,1.0,70.51247,69.03249,70.94351,70.10234,70.124535
2018-01-02 12:38:00,0.1,0.0,55.16297,357730.44,0.6264019,0.6264019,35.06002,403783.88,0.37352955,0.3735981,71.4084,0.59367484,0.59367484,1.0,139.50182,403859.2,1.5820923,-400.25253,54.454514,55.184006,0.65972614,0.9,1.0,462.32996,1.0,70.50949,68.9601,70.92731,70.08663,70.123985
2018-01-02 12:39:00,0.1,0.0,55.162697,357730.44,0.6262686,0.6262686,35.06002,404533.78,0.37366205,0.37373134,71.390656,0.5942672,0.5942672,1.0,139.8716,404598.88,1.5825195,-400.25253,54.456383,55.184006,0.66037816,0.9,1.0,463.6787,1.0,70.50647,68.88814,70.911156,70.07103,70.12332
2018-01-02 12:40:00,0.1,0.0,55.162422,357730.44,0.6261346,0.6261346,35.06002,405209.6,0.37379646,0.37386543,71.37291,0.5948178,0.5948178,1.0,140.21869,405265.5,1.5830383,-400.25253,54.458084,55.184006,0.6609843,0.9,1.0,464.93716,1.0,70.5034,68.81694,70.895004,70.05554,70.1225
2018-01-02 12:41:00,0.1,0.0,55.162148,357730.44,0.625999,0.625999,35.06002,405817.6,0.37393168,0.37400103,71.35516,0.5953291,0.5953291,1.0,140.544,405865.2,1.5837097,-400.25253,54.45957,55.184006,0.6615469,0.9,1.0,466.10974,1.0,70.50032,68.74669,70.87886,70.040215,70.12157
2018-01-02 12:42:00,0.1,0.0,55.161926,357730.44,0.62586296,0.62586296,35.06002,406363.56,0.37406713,0.37413704,71.33748,0.5958032,0.5958032,1.0,140.84851,406403.78,1.5844421,-400.25253,54.460945,55.184006,0.66206855,0.9,1.0,467.20074,1.0,70.497246,68.677635,70.8627,70.02495,70.120575
2018-01-02 12:43:00,0.1,0.0,55.161705,357730.44,0.62572753,0.62572753,35.06002,406853.06,0.37420276,0.3742725,71.31985,0.59624237,0.59624237,1.0,141.13315,406886.66,1.5852661,-400.25253,54.46215,55.184006,0.66255164,0.9,1.0,468.21448,1.0,70.49417,68.60985,70.84661,70.00984,70.11948
2018-01-02 12:44:00,0.1,0.0,55.161484,357730.44,0.62559235,0.62559235,35.06002,407291.06,0.3743383,0.37440762,71.30243,0.59664863,0.59664863,1.0,141.39885,407318.78,1.5861511,-400.25253,54.463303,55.184006,0.6629985,0.9,1.0,469.15527,1.0,70.49109,68.54355,70.83057,69.994896,70.11833
2018-01-02 12:45:00,0.1,0.0,55.161324,357730.44,0.62545764,0.62545764,35.06002,407682.28,0.3744732,0.37454233,71.28519,0.5970241,0.5970241,1.0,141.64659,407704.8,1.5870667,-400.25253,54.464294,55.184006,0.66341144,0.9,1.0,470.02728,1.0,70.48802,68.47873,70.81453,69.98012,70.11712
2018-01-02 12:46:00,0.1,0.0,55.16121,357730.44,0.62532413,0.62532413,35.06002,408030.97,0.37460726,0.37467584,71.26816,0.5973707,0.5973707,1.0,141.87729,408048.88,1.5880432,-400.25253,54.465225,55.184006,0.66379255,0.9,1.0,470.83456,1.0,70.485,68.41556,70.798546,69.965454,70.11586
2018-01-02 12:47:00,0.1,0.0,55.161102,357730.44,0.6251918,0.6251918,35.06002,408341.06,0.3747403,0.37480822,71.2514,0.5976903,0.5976903,1.0,142.09187,408354.9,1.5890198,-400.25253,54.46605,55.184006,0.664144,0.9,1.0,471.58096,1.0,70.482025,68.354034,70.782616,69.95095,70.11453
2018-01-02 12:48:00,0.1,0.0,55.16105,357730.44,0.62506086,0.62506086,35.06002,408616.1,0.37487197,0.37493917,71.234924,0.5979846,0.5979846,1.0,142.29118,408626.38,1.5900269,-400.25253,54.466873,55.184006,0.6644675,0.9,1.0,472.27026,1.0,70.47912,68.29421,70.7668,69.93667,70.11322
2018-01-02 12:49:00,0.1,0.0,55.16105,357730.44,0.6249316,0.6249316,35.06002,408859.4,0.37500212,0.37506843,71.21872,0.5982554,0.5982554,1.0,142.47609,408866.56,1.5910339,-400.25253,54.46759,55.184006,0.6647652,0.9,1.0,472.90604,1.0,70.47621,68.236145,70.75108,69.92255,70.1119
2018-01-02 12:50:00,0.1,0.0,55.16105,357730.44,0.6248041,0.6248041,35.06002,409074.0,0.37513053,0.37519595,71.20284,0.5985042,0.5985042,1.0,142.6474,409078.4,1.5920105,-400.25253,54.468246,55.184006,0.6650386,0.9,1.0,473.49164,1.0,70.473404,68.17984,70.73543,69.9086,70.11058
2018-01-02 12:51:00,0.1,0.0,55.16105,357730.44,0.62467855,0.62467855,35.06002,409262.56,0.37525707,0.37532148,71.18724,0.5987325,0.5987325,1.0,142.80594,409264.62,1.5929871,-400.25253,54.468853,55.184006,0.6652894,0.9,1.0,474.03036,1.0,70.470604,68.1253,70.71988,69.894806,70.10927
2018-01-02 12:52:00,0.1,0.0,55.161156,357730.44,0.62455505,0.62455505,35.06002,409427.66,0.37538162,0.37544492,71.17203,0.5989417,0.5989417,1.0,142.95245,409427.66,1.5939636,-400.25253,54.46946,55.184006,0.66551924,0.9,1.0,474.52527,1.0,70.46791,68.07256,70.70445,69.88124,70.10794
2018-01-02 12:53:00,0.1,0.0,55.16121,357730.44,0.6244338,0.6244338,35.06002,409571.5,0.375504,0.37556615,71.157196,0.5991332,0.5991332,1.0,143.08768,409569.78,1.5949097,-400.25253,54.47001,55.184006,0.6657296,0.9,1.0,474.9793,1.0,70.465225,68.02159,70.68918,69.86789,70.10663
2018-01-02 12:54:00,0.1,0.0,55.161377,357730.44,0.6243149,0.6243149,35.06002,409696.28,0.37562412,0.3756851,71.14269,0.5993082,0.5993082,1.0,143.21231,409693.03,1.5958557,-400.25253,54.47056,55.184006,0.66592175,0.9,1.0,475.39523,1.0,70.46264,67.97243,70.673965,69.85477,70.10531
2018-01-02 12:55:00,0.1,0.0,55.16154,357730.44,0.6241983,0.6241983,35.06002,409803.8,0.37574193,0.37580168,71.128525,0.5994679,0.5994679,1.0,143.32701,409799.28,1.5967712,-400.25253,54.47105,55.184006,0.6660971,0.9,1.0,475.77567,1.0,70.46017,67.92496,70.658966,69.8418,70.10405
2018-01-02 12:56:00,0.1,0.0,55.161705,357730.44,0.6240842,0.6240842,35.06002,409895.88,0.37585732,0.37591583,71.11479,0.5996133,0.5996133,1.0,143.43243,409890.28,1.5976562,-400.25253,54.47149,55.184006,0.6662568,0.9,1.0,476.12308,1.0,70.457695,67.87926,70.64403,69.829056,70.10278
2018-01-02 12:57:00,0.1,0.0,55.161926,357730.44,0.62397254,0.62397254,35.06002,409974.03,0.37597024,0.37602746,71.10138,0.59974563,0.59974563,1.0,143.52916,409967.56,1.5985107,-400.25253,54.47193,55.184006,0.666402,0.9,1.0,476.43985,1.0,70.45528,67.83526,70.62924,69.81648,70.10158
2018-01-02 12:58:00,0.1,0.0,55.162148,357730.44,0.6238634,0.6238634,35.06002,410039.75,0.3760807,0.3761366,71.08831,0.5998658,0.5998658,1.0,143.61778,410032.56,1.5993347,-400.25253,54.472366,55.184006,0.6665338,0.9,1.0,476.72812,1.0,70.45297,67.793015,70.61464,69.80417,70.100365
2018-01-02 12:59:00,0.1,0.0,55.15638,357730.44,0.62341243,0.62341243,35.06002,411738.78,0.37628546,0.37658757,71.076004,0.60155785,0.60155785,1.0,144.75989,412206.47,1.5918884,-400.25253,54.474014,55.184006,0.66876817,0.9,1.0,480.6532,1.0,70.45094,67.753296,70.601776,69.79263,70.10256
2018-01-02 13:00:00,0.1,0.0,55.163025,357730.44,0.6236544,0.6236544,35.06002,414200.5,0.37635297,0.37634557,71.06601,0.60349506,0.60349506,1.0,145.99268,414552.2,1.5861511,-400.25253,54.48165,55.184006,0.67078537,0.9,1.0,485.1979,1.0,70.450165,67.7171,70.59123,69.77319,70.10811
2018-01-02 13:01:00,0.1,0.0,55.163795,357730.44,0.62356937,0.62356937,35.00899,416179.16,0.37651688,0.37643063,71.056175,0.60512084,0.60512084,1.0,147.04301,416479.0,1.5817871,-400.25253,54.486267,55.184006,0.6725873,0.9,1.0,489.03616,1.0,70.4483,67.68184,70.57997,69.74573,70.11267
2018-01-02 13:02:00,0.1,0.0,55.16374,357730.44,0.6234122,0.6234122,34.958015,418060.03,0.3769487,0.3765878,71.047714,0.6067101,0.6067101,1.0,148.08147,418336.38,1.5779724,-400.25253,54.48874,55.184006,0.674348,0.9,1.0,492.80997,1.0,70.494934,67.65206,70.574585,69.71617,70.123215
2018-01-02 13:03:00,0.1,0.0,55.159286,357730.44,0.62299275,0.62299275,34.907036,419840.8,0.37731886,0.37700725,71.04228,0.6082489,0.6082489,1.0,149.09644,420095.12,1.5747681,-400.25253,54.4911,55.184006,0.67604864,0.9,1.0,496.4867,1.0,70.50615,67.62355,70.56882,69.68124,70.13316
2018-01-02 13:04:00,0.1,0.0,55.1555,357730.44,0.6226008,0.6226008,34.856007,421509.4,0.37760356,0.37739918,71.038376,0.6097254,0.6097254,1.0,150.07994,421742.88,1.572113,-400.25253,54.493904,55.184006,0.677679,0.9,1.0,500.0361,1.0,70.53652,67.59636,70.56305,69.641685,70.14288
2018-01-02 13:05:00,0.1,0.0,55.15429,357730.44,0.62233746,0.62233746,34.80503,423064.53,0.37790096,0.37766254,71.03601,0.6111299,0.6111299,1.0,151.02362,423276.72,1.5700073,-400.25253,54.496483,55.184006,0.6792292,0.9,1.0,503.4313,1.0,70.55151,67.57049,70.55712,69.598175,70.15222
2018-01-02 13:06:00,0.1,0.0,55.153137,357730.44,0.6220651,0.6220651,34.753998,424505.66,0.37822476,0.37793487,71.034424,0.61245716,0.61245716,1.0,151.92294,424695.84,1.5684814,-400.25253,54.498627,55.184006,0.6806931,0.9,1.0,506.6575,1.0,70.57355,67.54582,70.55119,69.55132,70.16112
2018-01-02 13:07:00,0.1,0.0,55.151268,357730.44,0.6217458,0.6217458,34.703022,425831.34,0.3785352,0.37825418,71.03349,0.6137058,0.6137058,1.0,152.77657,426000.34,1.5673828,-400.25253,54.500603,55.184006,0.682069,0.9,1.0,509.70853,1.0,70.588486,67.52248,70.54509,69.50177,70.169525
2018-01-02 13:08:00,0.1,0.0,55.14962,357730.44,0.6214304,0.6214304,34.65199,427043.78,0.3788319,0.3785696,71.03267,0.61487514,0.61487514,1.0,153.58328,427192.9,1.566742,-400.25253,54.502472,55.184006,0.6833568,0.9,1.0,512.5802,1.0,70.605576,67.500336,70.53888,69.44992,70.17738
2018-01-02 13:09:00,0.1,0.0,55.148468,357730.44,0.6211354,0.6211354,34.601013,428147.9,0.37913275,0.37886462,71.032005,0.61596555,0.61596555,1.0,154.3422,428278.25,1.5665283,-400.25253,54.50412,55.184006,0.6845573,0.9,1.0,515.2708,1.0,70.619194,67.479416,70.53256,69.39636,70.18474
2018-01-02 13:10:00,0.1,0.0,55.147423,357730.44,0.6208367,0.6208367,34.550037,429149.22,0.37944093,0.37916332,71.03113,0.6169787,0.6169787,1.0,155.05356,429261.97,1.5666199,-400.25253,54.505547,55.184006,0.6856723,0.9,1.0,517.7824,1.0,70.63315,67.45969,70.52614,69.341484,70.191605
2018-01-02 13:11:00,0.1,0.0,55.146217,357730.44,0.62052613,0.62052613,34.499004,430053.12,0.37974977,0.37947384,71.03008,0.6179174,0.6179174,1.0,155.71849,430149.62,1.5670471,-400.25253,54.506756,55.184006,0.6867049,0.9,1.0,520.11957,1.0,70.64513,67.44118,70.51961,69.285675,70.19792
2018-01-02 13:12:00,0.1,0.0,55.14512,357730.44,0.6202126,0.6202126,34.44803,430865.7,0.38005897,0.3797874,71.02876,0.61878467,0.61878467,1.0,156.33832,430947.3,1.5677185,-400.25253,54.507744,55.184006,0.6876586,0.9,1.0,522.2879,1.0,70.65682,67.42382,70.512955,69.22931,70.20369
2018-01-02 13:13:00,0.1,0.0,55.144127,357730.44,0.6198998,0.6198998,34.396996,431593.28,0.38037166,0.3801002,71.02706,0.61958385,0.61958385,1.0,156.91454,431661.44,1.568634,-400.25253,54.50862,55.184006,0.6885371,0.9,1.0,524.294,1.0,70.66731,67.40756,70.506256,69.17262,70.20897
2018-01-02 13:14:00,0.1,0.0,55.14314,357730.44,0.6195837,0.6195837,34.34602,432242.25,0.38068867,0.38041624,71.025024,0.62031853,0.62031853,1.0,157.44891,432298.12,1.5697021,-400.25253,54.509228,55.184006,0.6893445,0.9,1.0,526.1451,1.0,70.67726,67.392456,70.49939,69.11594,70.2138
2018-01-02 13:15:00,0.1,0.0,55.142204,357730.44,0.6192628,0.6192628,34.29499,432818.62,0.38100865,0.38073722,71.02267,0.6209923,0.6209923,1.0,157.9434,432863.5,1.5709534,-400.25253,54.50972,55.184006,0.6900848,0.9,1.0,527.8491,1.0,70.68637,67.37845,70.49246,69.05941,70.21814
2018-01-02 13:16:00,0.1,0.0,55.141327,357730.44,0.61893857,0.61893857,34.24401,433328.25,0.3813312,0.38106146,71.01992,0.621609,0.621609,1.0,158.39998,433363.3,1.5723267,-400.25253,54.51011,55.184006,0.6907621,0.9,1.0,529.41406,1.0,70.69495,67.36554,70.48549,69.003265,70.22204
2018-01-02 13:17:00,0.1,0.0,55.14045,357730.44,0.6186122,0.6186122,34.193035,433776.78,0.38165668,0.38138783,71.0169,0.622172,0.622172,1.0,158.82065,433803.06,1.5737915,-400.25253,54.510326,55.184006,0.6913803,0.9,1.0,530.84796,1.0,70.70291,67.35373,70.47841,68.94768,70.225494
2018-01-02 13:18:00,0.1,0.0,55.139626,357730.44,0.6182833,0.6182833,34.142006,434169.56,0.381985,0.38171673,71.01355,0.6226851,0.6226851,1.0,159.20741,434188.1,1.5752869,-400.25253,54.510384,55.184006,0.6919435,0.9,1.0,532.1587,1.0,70.71033,67.34291,70.47127,68.892746,70.22863
2018-01-02 13:19:00,0.1,0.0,55.138855,357730.44,0.6179517,0.6179517,34.091026,434511.56,0.38231573,0.38204828,71.00998,0.6231514,0.6231514,1.0,159.56227,434523.22,1.5769043,-400.25253,54.510384,55.184006,0.69245535,0.9,1.0,533.3541,1.0,70.71725,67.33318,70.464066,68.83864,70.23138
2018-01-02 13:20:00,0.1,0.0,55.138084,357730.44,0.617618,0.617618,34.039997,434807.5,0.3826485,0.382382,71.006134,0.6235745,0.6235745,1.0,159.88716,434813.12,1.5784912,-400.25253,54.51027,55.184006,0.69291943,0.9,1.0,534.4418,1.0,70.723724,67.324394,70.45682,68.785355,70.233795
2018-01-02 13:21:00,0.1,0.0,55.13737,357730.44,0.6172826,0.6172826,33.98902,435061.7,0.38298312,0.38271737,71.00212,0.6239573,0.6239573,1.0,160.18396,435062.06,1.5801392,-400.25253,54.51005,55.184006,0.6933393,0.9,1.0,535.429,1.0,70.72977,67.31665,70.44957,68.73306,70.235886
2018-01-02 13:22:00,0.1,0.0,55.13671,357730.44,0.6169458,0.6169458,33.93799,435278.2,0.38331935,0.3830542,70.99795,0.62430274,0.62430274,1.0,160.45448,435274.06,1.5817566,-400.25253,54.509777,55.184006,0.6937181,0.9,1.0,536.32275,1.0,70.73543,67.30984,70.4422,68.68181,70.23764
2018-01-02 13:23:00,0.1,0.0,55.13611,357730.44,0.6166075,0.6166075,33.887012,435460.84,0.38365683,0.3833925,70.99361,0.62461376,0.62461376,1.0,160.70045,435452.75,1.583374,-400.25253,54.50939,55.184006,0.69405895,0.9,1.0,537.1298,1.0,70.74071,67.304016,70.4349,68.63161,70.23918
2018-01-02 13:24:00,0.1,0.0,55.135506,357730.44,0.6162684,0.6162684,33.836037,435613.0,0.38399535,0.38373163,70.98916,0.62489295,0.62489295,1.0,160.92358,435601.56,1.5849609,-400.25253,54.50901,55.184006,0.6943648,0.9,1.0,537.8564,1.0,70.74565,67.29907,70.427536,68.58249,70.24044
2018-01-02 13:25:00,0.1,0.0,55.134956,357730.44,0.61592865,0.61592865,33.785004,435737.9,0.3843347,0.38407135,70.98465,0.62514275,0.62514275,1.0,161.12544,435723.66,1.5865479,-400.25253,54.508514,55.184006,0.6946384,0.9,1.0,538.5086,1.0,70.75032,67.295006,70.42012,68.53454,70.241425
2018-01-02 13:26:00,0.1,0.0,55.13446,357730.44,0.6155886,0.6155886,33.734028,435838.5,0.38467467,0.38441136,70.980095,0.62536556,0.62536556,1.0,161.30753,435821.88,1.5880737,-400.25253,54.507965,55.184006,0.6948822,0.9,1.0,539.09204,1.0,70.7546,67.29187,70.412704,68.48773,70.2422
2018-01-02 13:27:00,0.1,0.0,55.134018,357730.44,0.6152478,0.6152478,33.682995,435917.44,0.38501498,0.38475218,70.97554,0.62556344,0.62556344,1.0,161.47128,435898.8,1.5895691,-400.25253,54.507416,55.184006,0.69509876,0.9,1.0,539.6121,1.0,70.75867,67.289566,70.40529,68.44209,70.2428
2018-01-02 13:28:00,0.1,0.0,55.133636,357730.44,0.614907,0.614907,33.63202,435977.22,0.3853553,0.38509297,70.97092,0.6257386,0.6257386,1.0,161.61809,435956.97,1.5910339,-400.25253,54.506813,55.184006,0.69529027,0.9,1.0,540.0739,1.0,70.762405,67.28814,70.39787,68.397644,70.24313
2018-01-02 13:29:00,0.1,0.0,55.13325,357730.44,0.61456656,0.61456656,33.580986,436020.03,0.38569564,0.3854334,70.96631,0.6258928,0.6258928,1.0,161.74918,435998.5,1.5924072,-400.25253,54.506207,55.184006,0.69545877,0.9,1.0,540.48206,1.0,70.765915,67.287476,70.39046,68.354416,70.24335
2018-01-02 13:30:00,0.1,0.0,55.13292,357730.44,0.6142264,0.6142264,33.53001,436047.97,0.3860358,0.3857736,70.96175,0.6260279,0.6260279,1.0,161.86577,436025.38,1.59375,-400.25253,54.505493,55.184006,0.6956063,0.9,1.0,540.84094,1.0,70.76916,67.28764,70.38304,68.31234,70.24335
2018-01-02 13:31:00,0.1,0.0,55.132645,357730.44,0.6138866,0.6138866,33.479034,436062.84,0.38637558,0.38611344,70.957184,0.62614554,0.62614554,1.0,161.96901,436039.5,1.5950317,-400.25253,54.504833,55.184006,0.6957346,0.9,1.0,541.1548,1.0,70.77223,67.28853,70.37557,68.271416,70.243515
2018-01-02 13:32:00,0.1,0.0,55.13237,357730.44,0.6135473,0.6135473,33.428,436066.38,0.38671482,0.3864527,70.95274,0.62624717,0.62624717,1.0,162.05994,436042.5,1.5963135,-400.25253,54.50412,55.184006,0.6958454,0.9,1.0,541.42737,1.0,70.77504,67.29022,70.36816,68.231705,70.24346
2018-01-02 13:33:00,0.1,0.0,55.132153,357730.44,0.6132088,0.6132088,33.377026,436060.06,0.38705337,0.38679123,70.94835,0.6263343,0.6263343,1.0,162.13954,436035.84,1.5974731,-400.25253,54.503403,55.184006,0.69594026,0.9,1.0,541.66223,1.0,70.77762,67.29259,70.36074,68.19314,70.24324
2018-01-02 13:34:00,0.1,0.0,55.13199,357730.44,0.6128711,0.6128711,33.325996,436045.34,0.38739112,0.38712892,70.944,0.6264082,0.6264082,1.0,162.20877,436020.88,1.5986023,-400.25253,54.502636,55.184006,0.6960206,0.9,1.0,541.86273,1.0,70.78003,67.29567,70.35327,68.15573,70.24286
2018-01-02 13:35:00,0.1,0.0,55.13182,357730.44,0.6125343,0.6125343,33.275017,436023.38,0.38772804,0.3874657,70.93977,0.62647015,0.62647015,1.0,162.2685,435998.88,1.5996704,-400.25253,54.50187,55.184006,0.6960878,0.9,1.0,542.032,1.0,70.78223,67.29945,70.345856,68.11948,70.24225
2018-01-02 13:36:00,0.1,0.0,55.131714,357730.44,0.61219853,0.61219853,33.223988,435995.3,0.38806394,0.3878015,70.9356,0.62652117,0.62652117,1.0,162.31949,435970.9,1.6006775,-400.25253,54.5011,55.184006,0.69614303,0.9,1.0,542.17285,1.0,70.78421,67.30385,70.33838,68.08432,70.241486
2018-01-02 13:37:00,0.1,0.0,55.131603,357730.44,0.6118638,0.6118638,33.17301,435962.2,0.38839886,0.38813624,70.931595,0.62656236,0.62656236,1.0,162.36252,435937.94,1.601593,-400.25253,54.500328,55.184006,0.6961875,0.9,1.0,542.2879,1.0,70.786026,67.3089,70.33096,68.050316,70.2406
2018-01-02 13:38:00,0.1,0.0,55.131546,357730.44,0.6115302,0.6115302,33.122032,435924.88,0.38873264,0.38846982,70.927635,0.6265947,0.6265947,1.0,162.3983,435900.88,1.6025085,-400.25253,54.499557,55.184006,0.69622225,0.9,1.0,542.37964,1.0,70.78772,67.31462,70.32355,68.01736,70.2395
2018-01-02 13:39:00,0.1,0.0,55.131493,357730.44,0.61119777,0.61119777,33.071003,435884.16,0.38906527,0.38880226,70.92379,0.62661904,0.62661904,1.0,162.42746,435860.5,1.603363,-400.25253,54.498734,55.184006,0.6962482,0.9,1.0,542.45026,1.0,70.78921,67.32094,70.31586,67.9855,70.2383
2018-01-02 13:40:00,0.1,0.0,55.131493,357730.44,0.61086655,0.61086655,33.020027,435840.78,0.3893967,0.38913345,70.92,0.62663615,0.62663615,1.0,162.4506,435817.5,1.6041565,-400.25253,54.497967,55.184006,0.69626623,0.9,1.0,542.50195,1.0,70.79053,67.327805,70.30823,67.95468,70.23687
2018-01-02 13:41:00,0.1,0.0,55.131493,357730.44,0.6105366,0.6105366,32.968994,435795.34,0.38972688,0.3894634,70.916374,0.6266468,0.6266468,1.0,162.46829,435772.47,1.6048889,-400.25253,54.497143,55.184006,0.69627726,0.9,1.0,542.5365,1.0,70.79168,67.335266,70.30059,67.92496,70.23534
2018-01-02 13:42:00,0.1,0.0,55.131493,357730.44,0.610208,0.610208,32.91802,435748.4,0.39005578,0.38979203,70.91286,0.6266517,0.6266517,1.0,162.481,435726.03,1.6056213,-400.25253,54.49632,55.184006,0.6962819,0.9,1.0,542.5558,1.0,70.792725,67.34323,70.293015,67.89623,70.23369
2018-01-02 13:43:00,0.1,0.0,55.131546,357730.44,0.6098807,0.6098807,32.866985,435700.47,0.39038336,0.3901193,70.909454,0.6266514,0.6266514,1.0,162.48927,435678.62,1.6062927,-400.25253,54.495495,55.184006,0.69628096,0.9,1.0,542.5613,1.0,70.7936,67.35181,70.28543,67.86849,70.23181
2018-01-02 13:44:00,0.1,0.0,55.13166,357730.44,0.60955477,0.60955477,32.81601,435651.97,0.3907096,0.39044523,70.90616,0.6266466,0.6266466,1.0,162.49348,435630.66,1.6068726,-400.25253,54.49467,55.184006,0.69627494,0.9,1.0,542.5545,1.0,70.79431,67.36087,70.27785,67.8418,70.22984
2018-01-02 13:45:00,0.1,0.0,55.131714,357730.44,0.6092302,0.6092302,32.765034,435603.28,0.39103442,0.39076978,70.90297,0.6266377,0.6266377,1.0,162.49406,435582.5,1.6074524,-400.25253,54.493847,55.184006,0.6962645,0.9,1.0,542.5369,1.0,70.79492,67.37042,70.27026,67.81603,70.22775
2018-01-02 13:46:00,0.1,0.0,55.13182,357730.44,0.608907,0.608907,32.714,435554.7,0.3913577,0.39109302,70.899895,0.6266252,0.6266252,1.0,162.4914,435534.47,1.6079712,-400.25253,54.493023,55.184006,0.69625014,0.9,1.0,542.5096,1.0,70.795364,67.38054,70.26274,67.7912,70.225494
2018-01-02 13:47:00,0.1,0.0,55.131935,357730.44,0.60858554,0.60858554,32.663025,435506.53,0.39167967,0.39141443,70.89693,0.6266095,0.6266095,1.0,162.4858,435486.88,1.60849,-400.25253,54.4922,55.184006,0.6962323,0.9,1.0,542.4737,1.0,70.795685,67.39108,70.25522,67.767365,70.22314
2018-01-02 13:48:00,0.1,0.0,55.132042,357730.44,0.60826546,0.60826546,32.61199,435459.03,0.39200032,0.3917345,70.89413,0.6265911,0.6265911,1.0,162.47757,435439.94,1.6089478,-400.25253,54.491375,55.184006,0.6962115,0.9,1.0,542.4303,1.0,70.79591,67.40207,70.247696,67.74446,70.22061
2018-01-02 13:49:00,0.1,0.0,55.13221,357730.44,0.6079474,0.6079474,32.561016,435412.38,0.3923195,0.3920526,70.89138,0.6265702,0.6265702,1.0,162.46703,435393.8,1.6093445,-400.25253,54.49055,55.184006,0.69618803,0.9,1.0,542.38025,1.0,70.79602,67.41354,70.24022,67.72243,70.21792
2018-01-02 13:50:00,0.1,0.0,55.13237,357730.44,0.6076304,0.6076304,32.509987,435366.75,0.3926373,0.39236963,70.888794,0.6265473,0.6265473,1.0,162.45438,435348.72,1.6097717,-400.25253,54.489727,55.184006,0.6961623,0.9,1.0,542.3245,1.0,70.79602,67.425415,70.23275,67.70128,70.21517
2018-01-02 13:51:00,0.1,0.0,55.132538,357730.44,0.60731435,0.60731435,32.459007,435322.25,0.39295352,0.39268565,70.88632,0.62652254,0.62652254,1.0,162.43993,435304.75,1.6101074,-400.25253,54.488903,55.184006,0.6961345,0.9,1.0,542.26373,1.0,70.79585,67.43771,70.22528,67.681015,70.212265
2018-01-02 13:52:00,0.1,0.0,55.1327,357730.44,0.6069999,0.6069999,32.40803,435279.03,0.3932681,0.39300016,70.88391,0.62649626,0.62649626,1.0,162.42387,435262.06,1.6104431,-400.25253,54.48808,55.184006,0.6961051,0.9,1.0,542.1987,1.0,70.79564,67.45046,70.217804,67.66162,70.20924
2018-01-02 13:53:00,0.1,0.0,55.132866,357730.44,0.6066872,0.6066872,32.357002,435237.12,0.39358124,0.39331284,70.88165,0.62646866,0.62646866,1.0,162.4064,435220.7,1.6107788,-400.25253,54.487255,55.184006,0.6960743,0.9,1.0,542.12994,1.0,70.7953,67.46359,70.21039,67.64305,70.206055
2018-01-02 13:54:00,0.1,0.0,55.133087,357730.44,0.606376,0.606376,32.306023,435196.72,0.393893,0.39362404,70.87952,0.6264399,0.6264399,1.0,162.38766,435180.75,1.6110535,-400.25253,54.48643,55.184006,0.6960423,0.9,1.0,542.0581,1.0,70.79486,67.477104,70.20293,67.625305,70.20276
2018-01-02 13:55:00,0.1,0.0,55.13325,357730.44,0.60606605,0.60606605,32.254993,435157.78,0.39420322,0.39393395,70.87749,0.62641037,0.62641037,1.0,162.36787,435142.28,1.6112976,-400.25253,54.485607,55.184006,0.6960093,0.9,1.0,541.98364,1.0,70.79431,67.49095,70.19556,67.60834,70.1994
2018-01-02 13:56:00,0.1,0.0,55.13347,357730.44,0.6057577,0.6057577,32.204018,435120.34,0.39451188,0.3942423,70.875565,0.62638,0.62638,1.0,162.34715,435105.28,1.6115417,-400.25253,54.484783,55.184006,0.69597554,0.9,1.0,541.90704,1.0,70.793655,67.50517,70.18814,67.592186,70.19589
2018-01-02 13:57:00,0.1,0.0,55.133636,357730.44,0.6054509,0.6054509,32.152985,435084.44,0.39481914,0.3945491,70.87375,0.6263491,0.6263491,1.0,162.32562,435069.84,1.6117859,-400.25253,54.483902,55.184006,0.6959411,0.9,1.0,541.8287,1.0,70.79294,67.51979,70.180725,67.57686,70.192215
2018-01-02 13:58:00,0.1,0.0,55.133858,357730.44,0.6051456,0.6051456,32.10201,435050.1,0.3951249,0.39485446,70.871994,0.62631774,0.62631774,1.0,162.30344,435035.9,1.611969,-400.25253,54.483078,55.184006,0.6959062,0.9,1.0,541.7489,1.0,70.792175,67.53467,70.17337,67.56225,70.18848
2018-01-02 13:59:00,0.1,0.0,55.134075,357730.44,0.60484165,0.60484165,32.051033,435017.28,0.3954292,0.39515838,70.87039,0.6262861,0.6262861,1.0,162.28067,435003.53,1.6121521,-400.25253,54.482254,55.184006,0.695871,0.9,1.0,541.668,1.0,70.791245,67.54994,70.16601,67.5484,70.18463
2018-01-02 14:00:00,0.1,0.0,55.134293,357730.44,0.1,0.1,32.0,434986.0,0.395732,0.9,70.86891,0.62625414,0.62625414,1.0,162.25742,434972.62,1.6123047,-400.25253,54.48143,55.184006,0.69583553,0.9,1.0,541.5864,1.0,70.790306,67.56549,70.15871,67.53528,70.18068
2018-01-02 14:01:00,0.1,0.24308424,68.62737,357730.44,0.1,0.1,31.982037,475696.56,0.84967375,0.9,70.72478,0.60720706,0.60720706,1.0,133.84009,468637.9,1.689209,-400.25253,58.430634,55.184006,0.6751242,0.9,1.0,484.5538,1.0,70.66254,67.484406,70.06482,67.4465,70.09888
2018-01-02 14:02:00,0.4968498,0.61982685,70.12816,357730.44,0.1,0.1,31.96402,470162.75,0.89815676,0.9,70.65677,0.608209,0.608209,1.0,136.86525,468607.1,1.6800232,-400.25253,59.871544,55.184006,0.6756519,0.9,1.0,487.18195,1.0,70.71126,67.47661,70.03209,67.40212,70.06175
2018-01-02 14:03:00,0.55989915,0.540018,70.06505,357730.44,0.1,0.1,31.946003,465570.25,0.89994574,0.9,70.625015,0.60658926,0.60658926,1.0,136.87659,465070.47,1.6810913,-400.25253,56.145916,55.184006,0.6736962,0.9,1.0,483.99512,1.0,70.71362,67.50331,70.02275,67.39119,70.055046
2018-01-02 14:04:00,0.55803597,0.5723498,70.0228,357730.44,0.1,0.1,31.927984,461603.6,0.89999855,0.9,70.60579,0.6044829,0.6044829,1.0,136.18405,461332.78,1.6835327,-400.25253,55.904327,55.184006,0.6713472,0.9,1.0,479.57037,1.0,70.75438,67.53819,70.01934,67.39306,70.05905
2018-01-02 14:05:00,0.5760176,0.57846916,70.00253,357730.44,0.1,0.1,31.910023,458107.88,0.9,0.9,70.595024,0.60243714,0.60243714,1.0,135.38284,457908.28,1.6853943,-400.25253,55.503105,55.184006,0.6690937,0.9,1.0,475.21643,1.0,70.765915,67.57329,70.016815,67.39723,70.06477
2018-01-02 14:06:00,0.57929194,0.5804239,69.99165,357730.44,0.1,0.1,31.892004,455014.28,0.9,0.9,70.58942,0.60054445,0.60054445,1.0,134.59013,454853.5,1.6864014,-400.25253,55.324524,55.184006,0.6670136,0.9,1.0,471.16516,1.0,70.78871,67.60702,70.01424,67.40141,70.070206
2018-01-02 14:07:00,0.5809339,0.5811738,69.98611,357730.44,0.1,0.1,31.873987,452274.7,0.9,0.9,70.58777,0.59880877,0.59880877,1.0,133.82892,452143.44,1.6866455,-400.25253,55.242126,55.184006,0.6651067,0.9,1.0,467.43506,1.0,70.796234,67.638824,70.011154,67.40465,70.0746
2018-01-02 14:08:00,0.5808986,0.5805754,69.98396,357730.44,0.1,0.1,31.856024,449849.28,0.9,0.9,70.588486,0.5972191,0.5972191,1.0,133.10442,449742.75,1.6862793,-400.25253,55.19807,55.184006,0.66336036,0.9,1.0,464.00787,1.0,70.80651,67.6687,70.007645,67.406906,70.07779
2018-01-02 14:09:00,0.58012533,0.579621,69.984024,357730.44,0.1,0.1,31.838007,447703.12,0.9,0.9,70.59068,0.5957633,0.5957633,1.0,132.41791,447617.75,1.6853638,-400.25253,55.178078,55.184006,0.66176105,0.9,1.0,460.8605,1.0,70.80926,67.696945,70.003685,67.40822,70.07982
2018-01-02 14:10:00,0.57906985,0.57847834,69.98534,357730.44,0.1,0.1,31.819988,445805.53,0.9,0.9,70.59365,0.5944299,0.5944299,1.0,131.76941,445738.25,1.684021,-400.25253,55.16874,55.184006,0.66029614,0.9,1.0,457.97043,1.0,70.81233,67.723694,69.999405,67.40883,70.08092
2018-01-02 14:11:00,0.5778993,0.5772884,69.987366,357730.44,0.1,0.1,31.802027,444129.28,0.9,0.9,70.59689,0.5932085,0.5932085,1.0,131.15836,444077.56,1.6823425,-400.25253,55.164837,55.184006,0.6589542,0.9,1.0,455.3169,1.0,70.81173,67.749344,69.99484,67.408936,70.08125
2018-01-02 14:12:00,0.5767135,0.5761094,69.989624,357730.44,0.1,0.1,31.784008,442650.16,0.9,0.9,70.60008,0.5920895,0.5920895,1.0,130.58374,442611.75,1.6803894,-400.25253,55.163574,55.184006,0.6577248,0.9,1.0,452.88065,1.0,70.81096,67.77401,69.99011,67.40877,70.080864
2018-01-02 14:13:00,0.57555026,0.57496417,69.99193,357730.44,0.1,0.1,31.765991,441346.72,0.9,0.9,70.60304,0.5910644,0.5910644,1.0,130.04431,441319.62,1.6782532,-400.25253,55.16352,55.184006,0.6565986,0.9,1.0,450.64407,1.0,70.80849,67.797905,69.98534,67.40844,70.07999
2018-01-02 14:14:00,0.5744258,0.5738619,69.99396,357730.44,0.1,0.1,31.748028,440199.75,0.9,0.9,70.60568,0.5901254,0.5901254,1.0,129.5387,440182.25,1.6759033,-400.25253,55.163956,55.184006,0.655567,0.9,1.0,448.59103,1.0,70.8058,67.8212,69.98045,67.40811,70.07872
2018-01-02 14:15:00,0.5733452,0.5728041,69.99577,357730.44,0.1,0.1,31.730011,439192.22,0.9,0.9,70.60793,0.5892654,0.5892654,1.0,129.06535,439182.8,1.6734924,-400.25253,55.16462,55.184006,0.6546222,0.9,1.0,446.70663,1.0,70.80234,67.84405,69.975555,67.40789,70.07713
2018-01-02 14:16:00,0.57230884,0.5717902,69.99725,357730.44,0.1,0.1,31.711994,438308.88,0.9,0.9,70.6098,0.58847785,0.58847785,1.0,128.62274,438306.28,1.67099,-400.25253,55.165386,55.184006,0.6537571,0.9,1.0,444.97733,1.0,70.79882,67.866516,69.97067,67.40789,70.07521
2018-01-02 14:17:00,0.5713153,0.57081807,69.99841,357730.44,0.1,0.1,31.69403,437536.12,0.9,0.9,70.61134,0.587757,0.587757,1.0,128.20927,437539.22,1.668457,-400.25253,55.166153,55.184006,0.6529652,0.9,1.0,443.3907,1.0,70.79503,67.88866,69.965836,67.40811,70.07312
2018-01-02 14:18:00,0.5703628,0.5698862,69.99929,357730.44,0.1,0.1,31.676014,436861.9,0.9,0.9,70.61255,0.5870973,0.5870973,1.0,127.82341,436869.72,1.665863,-400.25253,55.16687,55.184006,0.6522405,0.9,1.0,441.9353,1.0,70.791245,67.91057,69.961,67.4086,70.070816
2018-01-02 14:19:00,0.5694498,0.56899285,69.99989,357730.44,0.1,0.1,31.657995,436275.38,0.9,0.9,70.61343,0.5864938,0.5864938,1.0,127.463615,436287.03,1.6633301,-400.25253,55.167583,55.184006,0.65157765,0.9,1.0,440.60068,1.0,70.78734,67.93233,69.95622,67.409424,70.068344
2018-01-02 14:20:00,0.5685745,0.5681365,70.000275,357730.44,0.1,0.1,31.640034,435766.75,0.9,0.9,70.614136,0.58594203,0.58594203,1.0,127.12839,435781.56,1.6608276,-400.25253,55.168243,55.184006,0.65097165,0.9,1.0,439.37717,1.0,70.78349,67.95391,69.9515,67.41064,70.06576
2018-01-02 14:21:00,0.5677355,0.5673158,70.0005,357730.44,0.1,0.1,31.622015,435327.4,0.9,0.9,70.61464,0.5854377,0.5854377,1.0,126.816284,435344.78,1.6583252,-400.25253,55.1689,55.184006,0.6504178,0.9,1.0,438.25592,1.0,70.77971,67.97539,69.94683,67.41223,70.06301
2018-01-02 14:22:00,0.5669316,0.5665295,70.00055,357730.44,0.1,0.1,31.603998,434949.56,0.9,0.9,70.61502,0.58497703,0.58497703,1.0,126.52593,434968.88,1.6558838,-400.25253,55.169563,55.184006,0.6499119,0.9,1.0,437.2288,1.0,70.77597,67.99676,69.94216,67.414154,70.06021
2018-01-02 14:23:00,0.5661615,0.5657764,70.00055,357730.44,0.1,0.1,31.586035,434626.22,0.9,0.9,70.615234,0.5845565,0.5845565,1.0,126.256,434647.03,1.6535339,-400.25253,55.170166,55.184006,0.64945006,0.9,1.0,436.28824,1.0,70.77223,68.01802,69.93761,67.41652,70.05724
2018-01-02 14:24:00,0.5654241,0.5650553,70.00044,357730.44,0.1,0.1,31.568018,434351.12,0.9,0.9,70.61546,0.5841728,0.5841728,1.0,126.00521,434373.03,1.6512451,-400.25253,55.170715,55.184006,0.6490288,0.9,1.0,435.4274,1.0,70.76861,68.039276,69.9331,67.419266,70.05422
2018-01-02 14:25:00,0.564718,0.56436497,70.000275,357730.44,0.1,0.1,31.55,434118.72,0.9,0.9,70.61557,0.58382297,0.58382297,1.0,125.77236,434141.4,1.6490173,-400.25253,55.171318,55.184006,0.6486446,0.9,1.0,434.63986,1.0,70.76504,68.06048,69.92859,67.42239,70.05115
2018-01-02 14:26:00,0.56404227,0.56370443,70.000114,357730.44,0.1,0.1,31.532038,433923.97,0.9,0.9,70.61574,0.58350414,0.58350414,1.0,125.55632,433947.12,1.6468811,-400.25253,55.171867,55.184006,0.6482946,0.9,1.0,433.91974,1.0,70.76147,68.08163,69.924194,67.4259,70.04796
2018-01-02 14:27:00,0.5633955,0.5630722,70.0,357730.44,0.1,0.1,31.514019,433762.47,0.9,0.9,70.6159,0.58321387,0.58321387,1.0,125.35599,433785.78,1.6448059,-400.25253,55.172363,55.184006,0.647976,0.9,1.0,433.26163,1.0,70.75784,68.10272,69.9198,67.42981,70.04466
2018-01-02 14:28:00,0.56277657,0.5624671,69.99984,357730.44,0.1,0.1,31.496002,433630.1,0.9,0.9,70.61606,0.5829497,0.5829497,1.0,125.17036,433653.47,1.6428223,-400.25253,55.17286,55.184006,0.64768606,0.9,1.0,432.66055,1.0,70.75372,68.12381,69.915405,67.43414,70.04131
2018-01-02 14:29:00,0.562184,0.56188756,69.999725,357730.44,0.1,0.1,31.477985,433523.38,0.9,0.9,70.61623,0.5827096,0.5827096,1.0,124.99844,433546.56,1.6409302,-400.25253,55.17335,55.184006,0.64742255,0.9,1.0,432.1119,1.0,70.749054,68.14485,69.91107,67.43881,70.0379
2018-01-02 14:30:00,0.561616,0.5613316,69.99962,357730.44,0.1,0.1,31.460022,433439.03,0.9,0.9,70.61633,0.58249146,0.58249146,1.0,124.83934,433461.94,1.6391602,-400.25253,55.17379,55.184006,0.6471832,0.9,1.0,431.6114,1.0,70.74356,68.16589,69.906784,67.443924,70.03445
2018-01-02 14:31:00,0.56107074,0.56079733,69.999405,357730.44,0.1,0.1,31.442005,433374.28,0.9,0.9,70.61633,0.5822935,0.5822935,1.0,124.692184,433396.72,1.6374512,-400.25253,55.174175,55.184006,0.6469659,0.9,1.0,431.15515,1.0,70.73702,68.186935,69.9025,67.44936,70.030876
2018-01-02 14:32:00,0.5605461,0.5602826,69.99913,357730.44,0.1,0.1,31.423986,433326.5,0.9,0.9,70.61623,0.582114,0.582114,1.0,124.55617,433348.44,1.6358337,-400.25253,55.17456,55.184006,0.646769,0.9,1.0,430.73953,1.0,70.729385,68.20792,69.89827,67.455246,70.02725
2018-01-02 14:33:00,0.5600398,0.559785,69.99869,357730.44,0.1,0.1,31.406025,433293.47,0.9,0.9,70.6159,0.5819513,0.5819513,1.0,124.43052,433314.78,1.6342773,-400.25253,55.17489,55.184006,0.6465906,0.9,1.0,430.36118,1.0,70.72043,68.22884,69.89404,67.46145,70.023575
2018-01-02 14:34:00,0.5595497,0.55930245,69.99803,357730.44,0.1,0.1,31.388006,433273.12,0.9,0.9,70.615295,0.58180416,0.58180416,1.0,124.314545,433293.78,1.6328125,-400.25253,55.175163,55.184006,0.6464291,0.9,1.0,430.01706,1.0,70.710106,68.24977,69.88982,67.46799,70.019775
2018-01-02 14:35:00,0.55907345,0.5588327,69.99709,357730.44,0.1,0.1,31.36999,433263.7,0.9,0.9,70.61441,0.58167106,0.58167106,1.0,124.20755,433283.62,1.6314392,-400.25253,55.175438,55.184006,0.6462832,0.9,1.0,429.7043,1.0,70.69824,68.270645,69.885635,67.47491,70.015884
2018-01-02 14:36:00,0.55860895,0.5583735,69.995834,357730.44,0.1,0.1,31.352026,433263.53,0.9,0.9,70.6131,0.5815509,0.5815509,1.0,124.10891,433282.78,1.6301575,-400.25253,55.17566,55.184006,0.6461514,0.9,1.0,429.4203,1.0,70.68489,68.291466,69.88141,67.48221,70.011925
2018-01-02 14:37:00,0.5581541,0.55792296,69.99419,357730.44,0.1,0.1,31.33401,433271.3,0.9,0.9,70.61139,0.5814425,0.5814425,1.0,124.01804,433289.75,1.6289062,-400.25253,55.175823,55.184006,0.6460326,0.9,1.0,429.16263,1.0,70.66989,68.31229,69.87723,67.48979,70.00792
2018-01-02 14:38:00,0.55770683,0.55747896,69.992096,357730.44,0.1,0.1,31.31599,433285.7,0.9,0.9,70.60925,0.58134484,0.58134484,1.0,123.93438,433303.38,1.6277466,-400.25253,55.175934,55.184006,0.6459255,0.9,1.0,428.92905,1.0,70.653305,68.33305,69.87306,67.49776,70.0038
2018-01-02 14:39:00,0.5572675,0.5570551,69.98952,357730.44,0.1,0.1,31.298029,433305.62,0.9,0.9,70.60656,0.5812569,0.5812569,1.0,123.85742,433322.5,1.626648,-400.25253,55.17626,55.184006,0.6458292,0.9,1.0,428.71756,1.0,70.63507,68.35376,69.86888,67.50606,69.999565
2018-01-02 14:40:00,0.55691284,0.5567636,69.986435,357730.44,0.1,0.1,31.28001,433330.1,0.9,0.9,70.60332,0.58117795,0.58117795,1.0,123.78665,433346.2,1.6256409,-400.25253,55.17791,55.184006,0.64574265,0.9,1.0,428.52625,1.0,70.615234,68.37441,69.86471,67.51468,69.99533
2018-01-02 14:41:00,0.55661833,0.55646235,69.98281,357730.44,0.1,0.1,31.261993,433358.25,0.9,0.9,70.59947,0.5811071,0.5811071,1.0,123.72164,433373.56,1.6246948,-400.25253,55.178295,55.184006,0.645665,0.9,1.0,428.3533,1.0,70.59387,68.39501,69.860535,67.523636,69.991
2018-01-02 14:42:00,0.55631477,0.55616,69.97858,357730.44,0.1,0.1,31.24403,433389.3,0.9,0.9,70.59508,0.5810436,0.5810436,1.0,123.66195,433403.88,1.6238098,-400.25253,55.17846,55.184006,0.64559543,0.9,1.0,428.1972,1.0,70.57091,68.41556,69.856415,67.53291,69.98654
2018-01-02 14:43:00,0.5560149,0.5558609,69.9738,357730.44,0.1,0.1,31.226013,433422.7,0.9,0.9,70.59003,0.5809868,0.5809868,1.0,123.60719,433436.47,1.6229553,-400.25253,55.17857,55.184006,0.6455332,0.9,1.0,428.05646,1.0,70.54657,68.43605,69.852234,67.54253,69.98215
2018-01-02 14:44:00,0.5557136,0.5555572,69.96837,357730.44,0.1,0.1,31.207996,433457.72,0.9,0.9,70.58443,0.580936,0.580936,1.0,123.557,433470.78,1.6221619,-400.25253,55.17857,55.184006,0.64547765,0.9,1.0,427.92972,1.0,70.52081,68.456535,69.848114,67.552475,69.977646
2018-01-02 14:45:00,0.5554079,0.5552494,69.96237,357730.44,0.1,0.1,31.190033,433493.97,0.9,0.9,70.578156,0.5808908,0.5808908,1.0,123.511024,433506.34,1.62146,-400.25253,55.178513,55.184006,0.6454282,0.9,1.0,427.8157,1.0,70.493675,68.47691,69.843994,67.56268,69.97308
2018-01-02 14:46:00,0.5550977,0.55493635,69.95578,357730.44,0.1,0.1,31.172016,433530.97,0.9,0.9,70.57129,0.58085054,0.58085054,1.0,123.46893,433542.66,1.620758,-400.25253,55.178406,55.184006,0.64538413,0.9,1.0,427.7133,1.0,70.46527,68.4973,69.839874,67.573235,69.96853
2018-01-02 14:47:00,0.55478185,0.55461746,69.94853,357730.44,0.1,0.1,31.153997,433568.4,0.9,0.9,70.56383,0.58081484,0.58081484,1.0,123.430435,433579.4,1.6200867,-400.25253,55.178295,55.184006,0.64534503,0.9,1.0,427.62143,1.0,70.43567,68.51756,69.835754,67.58406,69.96386
2018-01-02 14:48:00,0.5544597,0.55429196,69.940735,357730.44,0.1,0.1,31.136036,433605.9,0.9,0.9,70.55575,0.5807831,0.5807831,1.0,123.395256,433616.25,1.6195068,-400.25253,55.178185,55.184006,0.64531034,0.9,1.0,427.53918,1.0,70.405014,68.53778,69.831635,67.59515,69.95919
2018-01-02 14:49:00,0.5541309,0.5539597,69.93233,357730.44,0.1,0.1,31.118017,433643.2,0.9,0.9,70.54712,0.5807552,0.5807552,1.0,123.36314,433652.94,1.6189575,-400.25253,55.178078,55.184006,0.64527977,0.9,1.0,427.4656,1.0,70.373535,68.55794,69.827576,67.60658,69.95452
2018-01-02 14:50:00,0.5537957,0.5536211,69.92343,357730.44,0.1,0.1,31.1,433680.06,0.9,0.9,70.53801,0.5807305,0.5807305,1.0,123.333824,433689.22,1.6184387,-400.25253,55.177963,55.184006,0.64525276,0.9,1.0,427.39996,1.0,70.3414,68.57805,69.823456,67.61828,69.9498
2018-01-02 14:51:00,0.5534537,0.5532758,69.91399,357730.44,0.1,0.1,31.082037,433716.34,0.9,0.9,70.528336,0.5807088,0.5807088,1.0,123.30711,433724.94,1.6179504,-400.25253,55.177856,55.184006,0.6452291,0.9,1.0,427.34146,1.0,70.308716,68.59804,69.81939,67.63025,69.94502
2018-01-02 14:52:00,0.55310553,0.55292463,69.9041,357730.44,0.1,0.1,31.06402,433751.84,0.9,0.9,70.51828,0.5806898,0.5806898,1.0,123.282776,433759.9,1.6175232,-400.25253,55.177746,55.184006,0.64520836,0.9,1.0,427.28943,1.0,70.27571,68.61798,69.81532,67.6425,69.94024
2018-01-02 14:53:00,0.5527516,0.55256796,69.89377,357730.44,0.1,0.1,31.046001,433786.44,0.9,0.9,70.50784,0.58067316,0.58067316,1.0,123.260635,433794.0,1.6171265,-400.25253,55.177635,55.184006,0.64519024,0.9,1.0,427.24326,1.0,70.24252,68.63786,69.811264,67.65503,69.935455
2018-01-02 14:54:00,0.5523926,0.5522065,69.88311,357730.44,0.1,0.1,31.027985,433820.1,0.9,0.9,70.497086,0.58065873,0.58065873,1.0,123.24052,433827.12,1.6167297,-400.25253,55.17753,55.184006,0.64517444,0.9,1.0,427.2024,1.0,70.20935,68.657585,69.80719,67.66783,69.930626
2018-01-02 14:55:00,0.55202925,0.55184126,69.87218,357730.44,0.1,0.1,31.010021,433852.6,0.9,0.9,70.48604,0.5806462,0.5806462,1.0,123.22223,433859.2,1.616394,-400.25253,55.17747,55.184006,0.64516085,0.9,1.0,427.1663,1.0,70.17639,68.67731,69.80313,67.68085,69.925735
2018-01-02 14:56:00,0.5516629,0.55149573,69.860535,357730.44,0.1,0.1,30.992004,434185.47,0.9,0.9,70.47478,0.58078825,0.58078825,1.0,123.25351,434267.4,1.6143799,-400.25253,55.177803,55.184006,0.6455716,0.9,1.0,427.41333,1.0,70.14371,68.696915,69.79918,67.694244,69.92101
2018-01-02 14:57:00,0.55213714,0.55282253,69.84114,357730.44,0.1,0.1,30.973988,436786.1,0.9,0.9,70.463135,0.58219373,0.58219373,1.0,123.76494,436980.75,1.6087036,-400.25253,55.197464,55.184006,0.6470148,0.9,1.0,430.17508,1.0,70.111786,68.71768,69.7905,67.71007,69.91849
2018-01-02 14:58:00,0.55316883,0.5534851,69.83049,357730.44,0.1,0.1,30.956024,438522.56,0.9,0.9,70.45198,0.5830576,0.5830576,1.0,124.03692,438682.66,1.6054382,-400.25253,55.196037,55.184006,0.6479618,0.9,1.0,431.86185,1.0,70.08092,68.73845,69.77457,67.726105,69.91585
2018-01-02 14:59:00,0.5537941,0.5541422,69.82016,357730.44,0.1,0.1,30.938007,440128.5,0.9,0.9,70.44089,0.58389556,0.58389556,1.0,124.317566,440272.66,1.6025391,-400.25253,55.196037,55.184006,0.6488914,0.9,1.0,433.51068,1.0,70.0506,68.75905,69.753586,67.74231,69.91316
2018-01-02 15:00:00,0.55447584,0.55481327,69.809555,357730.44,0.1,0.1,30.919989,441643.28,0.9,0.9,70.42984,0.5847144,0.5847144,1.0,124.60338,441775.53,1.6000366,-400.25253,55.195984,55.184006,0.64979744,0.9,1.0,435.1333,1.0,70.021484,68.77948,69.7282,67.75874,69.91046
2018-01-02 15:01:00,0.5550981,0.55539227,69.798904,357730.44,0.1,0.1,30.956024,443057.06,0.9,0.9,70.41881,0.58550227,0.58550227,1.0,124.88763,443177.47,1.5979004,-400.25253,55.19494,55.184006,0.65066785,0.9,1.0,436.7047,1.0,69.9933,68.79974,69.69887,67.77533,69.907715
2018-01-02 15:02:00,0.55565614,0.5559291,69.78918,357730.44,0.1,0.1,30.992004,444363.88,0.9,0.9,70.40782,0.58625257,0.58625257,1.0,125.16713,444472.34,1.5960999,-400.25253,55.194115,55.184006,0.65149575,0.9,1.0,438.21124,1.0,69.96633,68.81979,69.66618,67.79208,69.90486
2018-01-02 15:03:00,0.5561613,0.5563978,69.77951,357730.44,0.1,0.1,31.027985,445561.7,0.9,0.9,70.39694,0.58696145,0.58696145,1.0,125.43981,445658.3,1.594696,-400.25253,55.192963,55.184006,0.6522773,0.9,1.0,439.6443,1.0,69.94057,68.83968,69.630646,67.80889,69.9019
2018-01-02 15:04:00,0.5565951,0.55679613,69.7699,357730.44,0.1,0.1,31.06402,446651.5,0.9,0.9,70.38617,0.58762676,0.58762676,1.0,125.70414,446736.72,1.5935669,-400.25253,55.19181,55.184006,0.6530102,0.9,1.0,440.99866,1.0,69.91607,68.859344,69.59274,67.82576,69.89871
2018-01-02 15:05:00,0.55696166,0.5571291,69.76039,357730.44,0.1,0.1,31.1,447636.62,0.9,0.9,70.37552,0.5882477,0.5882477,1.0,125.959015,447711.03,1.5927429,-400.25253,55.190598,55.184006,0.65369385,0.9,1.0,442.27182,1.0,69.89288,68.8788,69.55292,67.842674,69.89542
2018-01-02 15:06:00,0.5572634,0.5573983,69.751,357730.44,0.1,0.1,31.136036,448522.03,0.9,0.9,70.36508,0.5888247,0.5888247,1.0,126.203674,448586.3,1.5922241,-400.25253,55.189445,55.184006,0.6543287,0.9,1.0,443.46338,1.0,69.871025,68.897964,69.51155,67.85965,69.8919
2018-01-02 15:07:00,0.5575035,0.5576083,69.741776,357730.44,0.1,0.1,31.172016,449313.62,0.9,0.9,70.35481,0.5893587,0.5893587,1.0,126.43764,449368.62,1.5918884,-400.25253,55.188347,55.184006,0.65491605,0.9,1.0,444.5743,1.0,69.85054,68.91698,69.46904,67.87657,69.888214
2018-01-02 15:08:00,0.5576868,0.55776393,69.73276,357730.44,0.1,0.1,31.207996,450018.06,0.9,0.9,70.344864,0.5898513,0.5898513,1.0,126.66062,450064.62,1.5917664,-400.25253,55.1873,55.184006,0.6554576,0.9,1.0,445.60678,1.0,69.83136,68.9357,69.425644,67.89354,69.88437
2018-01-02 15:09:00,0.5578181,0.5578702,69.72392,357730.44,0.1,0.1,31.24403,450642.2,0.9,0.9,70.3352,0.59030455,0.59030455,1.0,126.87251,450681.12,1.5918274,-400.25253,55.186424,55.184006,0.65595573,0.9,1.0,446.56378,1.0,69.81351,68.954216,69.3817,67.910515,69.88036
2018-01-02 15:10:00,0.5579041,0.55802834,69.71408,357730.44,0.1,0.1,31.28001,453049.03,0.9,0.9,70.32625,0.59116167,0.59116167,1.0,126.9314,453217.03,1.5859375,-400.25253,55.18725,55.184006,0.6579444,0.9,1.0,447.97958,1.0,69.79703,68.97289,69.337524,67.92749,69.87619
2018-01-02 15:11:00,0.56349,0.5695858,69.68393,357730.44,0.1,0.1,31.31599,472303.2,0.9,0.9,70.3185,0.5982558,0.5982558,1.0,127.05113,472883.06,1.559967,-400.25253,55.322655,55.184006,0.66544306,0.9,1.0,459.67,1.0,69.74336,68.99756,69.29836,67.948746,69.87619
2018-01-02 15:12:00,0.57308596,0.5763492,69.677444,357730.44,0.1,0.1,31.352026,484919.7,0.9,0.9,70.30377,0.6028589,0.6028589,1.0,126.66702,485390.88,1.5457153,-400.25253,55.307716,55.184006,0.6704764,0.9,1.0,466.7001,1.0,69.670746,69.02222,69.25952,67.97127,69.87734
2018-01-02 15:13:00,0.5793355,0.58262986,69.6635,357730.44,0.1,0.1,31.388006,496477.12,0.9,0.9,70.28109,0.607251,0.607251,1.0,126.2052,496889.6,1.5334778,-400.25253,55.30178,55.184006,0.67534167,0.9,1.0,473.11838,1.0,69.585495,69.046555,69.22069,67.99396,69.87839
2018-01-02 15:14:00,0.5855878,0.58857095,69.640366,357730.44,0.1,0.1,31.423986,507323.4,0.9,0.9,70.25049,0.6115138,0.6115138,1.0,125.65331,507696.4,1.5229797,-400.25253,55.293983,55.184006,0.6800557,0.9,1.0,479.09848,1.0,69.489746,69.07045,69.18202,68.01665,69.879425
2018-01-02 15:15:00,0.5910885,0.59368014,69.60857,357730.44,0.1,0.1,31.460022,517387.34,0.9,0.9,70.21215,0.6155958,0.6155958,1.0,124.95338,517735.22,1.5142517,-400.25253,55.282005,55.184006,0.684562,0.9,1.0,484.6287,1.0,69.38785,69.093796,69.14357,68.03933,69.88025
2018-01-02 15:16:00,0.5958922,0.5981473,69.569016,357730.44,0.1,0.1,31.496002,526653.75,0.9,0.9,70.16667,0.6194622,0.6194622,1.0,124.184906,526977.3,1.5073242,-400.25253,55.27025,55.184006,0.68882596,0.9,1.0,489.721,1.0,69.28243,69.11638,69.105225,68.0618,69.88075
2018-01-02 15:17:00,0.6000331,0.6019508,69.522705,357730.44,0.1,0.1,31.532038,535130.5,0.9,0.9,70.11487,0.6231002,0.6231002,1.0,123.424576,535428.25,1.5019836,-400.25253,55.25844,55.184006,0.6928352,0.9,1.0,494.4247,1.0,69.176575,69.138016,69.066986,68.083824,69.88069
2018-01-02 15:18:00,0.603539,0.6051482,69.47069,357730.44,0.1,0.1,31.568018,542838.6,0.9,0.9,70.058014,0.62650657,0.62650657,1.0,122.72552,543109.44,1.498169,-400.25253,55.247234,55.184006,0.6965871,0.9,1.0,498.7966,1.0,69.072266,69.15856,69.02881,68.1053,69.880035
2018-01-02 15:19:00,0.6064644,0.60779315,69.414215,357730.44,0.1,0.1,31.603998,549810.75,0.9,0.9,69.99742,0.6296838,0.6296838,1.0,122.12039,550054.1,1.4956665,-400.25253,55.236855,55.184006,0.70008504,0.9,1.0,502.89014,1.0,68.971466,69.17801,68.99069,68.12612,69.8786
2018-01-02 15:20:00,0.60886586,0.60994446,69.35472,357730.44,0.1,0.1,31.640034,556085.9,0.9,0.9,69.93447,0.6326379,0.6326379,1.0,121.62698,556301.7,1.4943542,-400.25253,55.227516,55.184006,0.7033362,0.9,1.0,506.752,1.0,68.87544,69.19624,68.95257,68.146225,69.8764
2018-01-02 15:21:00,0.6108031,0.6116624,69.29347,357730.44,0.1,0.1,31.676014,561707.56,0.9,0.9,69.870476,0.63537747,0.63537747,1.0,121.25212,561896.56,1.4940796,-400.25253,55.219162,55.184006,0.7063502,0.9,1.0,510.42014,1.0,68.78519,69.21333,68.914444,68.16551,69.87334
2018-01-02 15:22:00,0.6123359,0.61300635,69.23178,357730.44,0.1,0.1,31.711994,566722.9,0.9,0.9,69.80664,0.6379125,0.6379125,1.0,120.99479,566886.1,1.49469,-400.25253,55.211914,55.184006,0.7091385,0.9,1.0,513.9237,1.0,68.70153,69.22926,68.876434,68.184074,69.86943
2018-01-02 15:23:00,0.6135219,0.61403155,69.17081,357730.44,0.1,0.1,31.748028,571179.25,0.9,0.9,69.74408,0.6402538,0.6402538,1.0,120.84921,571318.0,1.4960632,-400.25253,55.20565,55.184006,0.71171314,0.9,1.0,517.28394,1.0,68.62479,69.244095,68.838585,68.20193,69.86476
2018-01-02 15:24:00,0.61441416,0.6147891,69.11148,357730.44,0.1,0.1,31.784008,575123.4,0.9,0.9,69.683655,0.6424125,0.6424125,1.0,120.80653,575239.2,1.4980469,-400.25253,55.20038,55.184006,0.71408653,0.9,1.0,520.5156,1.0,68.55492,69.257935,68.80084,68.21901,69.85933
2018-01-02 15:25:00,0.61506134,0.6153244,69.05452,357730.44,0.1,0.1,31.819988,578600.9,0.9,0.9,69.62603,0.6443998,0.6443998,1.0,120.85627,578695.56,1.5006104,-400.25253,55.19593,55.184006,0.716271,0.9,1.0,523.6281,1.0,68.49185,69.27078,68.76338,68.23549,69.85317
2018-01-02 15:26:00,0.61550605,0.6156784,69.00063,357730.44,0.1,0.1,31.856024,581655.4,0.9,0.9,69.57176,0.6462267,0.6462267,1.0,120.98711,581730.6,1.5036011,-400.25253,55.192245,55.184006,0.7182788,0.9,1.0,526.62665,1.0,68.43544,69.28282,68.7262,68.251366,69.84636
2018-01-02 15:27:00,0.61578643,0.61588526,68.95015,357730.44,0.1,0.1,31.892004,584327.94,0.9,0.9,69.521164,0.6479038,0.6479038,1.0,121.18772,584385.6,1.506897,-400.25253,55.18928,55.184006,0.7201217,0.9,1.0,529.5137,1.0,68.38518,69.29402,68.68939,68.26669,69.83905
2018-01-02 15:28:00,0.61593467,0.6159751,68.90335,357730.44,0.1,0.1,31.927984,586657.4,0.9,0.9,69.47447,0.6494414,0.6494414,1.0,121.44702,586699.3,1.510498,-400.25253,55.186867,55.184006,0.721811,0.9,1.0,532.28955,1.0,68.34063,69.30463,68.65297,68.28158,69.8312
2018-01-02 15:29:00,0.61597866,0.6159729,68.86034,357730.44,0.1,0.1,31.96402,588679.2,0.9,0.9,69.43169,0.6508493,0.6508493,1.0,121.75473,588707.06,1.5142822,-400.25253,55.184944,55.184006,0.72335744,0.9,1.0,534.95374,1.0,68.30119,69.31462,68.617096,68.29602,69.82291
2018-01-02 15:30:00,0.6159405,0.615899,68.82117,357730.44,0.1,0.1,32.0,590426.2,0.9,0.9,69.39273,0.6521366,0.6521366,1.0,122.10127,590441.6,1.518219,-400.25253,55.183456,55.184006,0.7247713,0.9,1.0,537.5051,1.0,68.26636,69.32413,68.581726,68.310196,69.814285
2018-01-02 15:31:00,0.6158392,0.0,68.785736,357730.44,0.1,0.1,32.036034,591928.75,0.9,0.9,69.357574,0.6533123,0.6533123,1.0,122.47794,591933.3,1.5222778,-400.25253,55.182304,55.184006,0.72606236,0.9,1.0,539.94257,1.0,68.235435,69.33319,68.54695,68.3241,69.80538
2018-01-02 15:32:00,0.1,0.0,68.75383,357730.44,0.1,0.1,32.072014,593214.0,0.9,0.9,69.3261,0.6543847,0.6543847,1.0,122.87704,593209.25,1.5263367,-400.25253,61.59162,55.184006,0.72723967,0.9,1.0,542.2652,1.0,68.217804,69.34291,68.51306,68.33794,69.79643
2018-01-02 15:33:00,0.1,0.0,68.69455,357730.44,0.14569196,0.14569196,32.107994,593431.3,0.88371104,0.85430807,69.30358,0.6556536,0.6556536,1.0,124.23947,593546.5,1.5285339,-400.25253,63.284832,55.184006,0.72879535,0.9,1.0,546.15027,1.0,68.29311,69.367966,68.48807,68.35848,69.79357
2018-01-02 15:34:00,0.1,0.0,68.40935,357730.44,0.20420155,0.20420155,32.14403,591031.2,0.8249667,0.7957985,69.30841,0.65795183,0.65795183,1.0,128.56792,591603.44,1.5265808,-400.25253,63.92259,55.184006,0.73140115,0.9,1.0,556.2265,1.0,68.44072,69.423386,68.48515,68.4021,69.81209
2018-01-02 15:35:00,0.1,0.0,68.01186,357730.44,0.25452533,0.25452533,32.18001,587777.3,0.7709537,0.7454747,69.346756,0.660444,0.660444,1.0,133.74118,588653.9,1.5240173,-400.25253,64.07986,55.184006,0.73420036,0.9,1.0,568.0548,1.0,68.64275,69.50568,68.50273,68.470215,69.852844
2018-01-02 15:36:00,0.1,0.0,67.537254,357730.44,0.29814374,0.29814374,32.215992,584024.0,0.72384346,0.70185626,69.41937,0.6631764,0.6631764,1.0,139.5903,585131.9,1.5206909,-400.25253,63.961205,55.184006,0.7372683,0.9,1.0,581.21545,1.0,68.87759,69.609,68.53679,68.55849,69.91179
2018-01-02 15:37:00,0.1,0.0,66.997986,357730.44,0.33534354,0.33534354,32.252026,580176.44,0.68339616,0.66465646,69.52374,0.6660886,0.6660886,1.0,145.75291,581442.6,1.5169983,-400.25253,63.66655,55.184006,0.7405227,0.9,1.0,595.0358,1.0,69.12906,69.72765,68.583206,68.662094,69.98451
2018-01-02 15:38:00,0.1,0.0,66.416374,357730.44,0.36706907,0.36706907,32.288006,576588.3,0.648904,0.63293093,69.654816,0.66910124,0.66910124,1.0,151.86882,577936.8,1.5132141,-400.25253,63.263573,55.184006,0.74387974,0.9,1.0,608.87866,1.0,69.38229,69.85619,68.63814,68.77635,70.06674
2018-01-02 15:39:00,0.1,0.0,65.81256,357730.44,0.39425856,0.39425856,32.323986,573488.4,0.6194215,0.60574144,69.806366,0.672165,0.672165,1.0,157.70563,574855.6,1.5096436,-400.25253,62.79808,55.184006,0.7472883,0.9,1.0,622.374,1.0,69.62735,69.990005,68.698074,68.89697,70.15469
2018-01-02 15:40:00,0.1,0.0,65.2025,357730.44,0.4177261,0.4177261,32.360023,570990.5,0.59406763,0.5822739,69.972046,0.67525136,0.67525136,1.0,163.1492,572330.75,1.5062866,-400.25253,62.300568,55.184006,0.7507191,0.9,1.0,635.3614,1.0,69.85603,70.125305,68.76031,69.02052,70.24516
2018-01-02 15:41:00,0.1,0.0,64.59802,357730.44,0.4381292,0.4381292,32.396004,569124.25,0.5721071,0.5618708,70.1458,0.67834276,0.67834276,1.0,168.16748,570408.56,1.5032654,-400.25253,61.79146,55.184006,0.7541532,0.9,1.0,647.80426,1.0,70.063286,70.25906,68.82243,69.14428,70.33569
2018-01-02 15:42:00,0.1,0.0,64.00762,357730.44,0.45599246,0.45599246,32.432037,567864.7,0.55294687,0.54400754,70.322235,0.6814262,0.6814262,1.0,172.7773,569077.0,1.5005798,-400.25253,61.28444,55.184006,0.7575769,0.9,1.0,659.72723,1.0,70.245544,70.38919,68.883026,69.26607,70.42441
2018-01-02 15:43:00,0.1,0.0,63.43705,357730.44,0.47173002,0.47173002,32.468018,567156.3,0.5361181,0.52827,70.49675,0.6844904,0.6844904,1.0,177.0176,568289.94,1.49823,-400.25253,60.7883,55.184006,0.76097745,0.9,1.0,671.17456,1.0,70.40134,70.513885,68.94092,69.38428,70.50988
2018-01-02 15:44:00,0.1,0.0,62.889816,357730.44,0.48565942,0.48565942,32.503998,566933.56,0.52125597,0.5143406,70.66556,0.68752253,0.68752253,1.0,180.92978,567986.56,1.4962463,-400.25253,60.3088,55.184006,0.76434076,0.9,1.0,682.18396,1.0,70.52988,70.63216,68.995255,69.497765,70.59096
2018-01-02 15:45:00,0.1,0.0,62.371925,357730.44,0.49825516,0.49825516,32.54003,565874.9,0.5080521,0.50174487,70.8253,0.6896948,0.6896948,1.0,184.20747,566561.44,1.5,-400.25253,59.848858,55.184006,0.76629025,0.9,1.0,691.0179,1.0,70.6315,70.7424,69.044464,69.60521,70.66655
2018-01-02 15:46:00,0.1,0.0,61.878857,357730.44,0.50942916,0.50942916,32.57601,561256.94,0.49611214,0.49057084,70.97092,0.6890869,0.6890869,1.0,185.87494,561335.0,1.5168762,-400.25253,59.39908,55.184006,0.76475686,0.9,1.0,692.5068,1.0,70.70456,70.84952,69.08468,69.70046,70.73153
2018-01-02 15:47:00,0.1,0.0,61.410072,357730.44,0.51935893,0.51935893,32.61199,538474.9,0.48469654,0.48064107,71.085236,0.67901784,0.67901784,1.0,184.83107,537114.75,1.5681763,-400.25253,58.92595,55.184006,0.75360733,0.9,1.0,671.5769,1.0,70.764435,70.93819,69.10567,69.775055,70.783875
2018-01-02 15:48:00,0.1,0.0,60.973145,357730.44,0.5284599,0.5284599,32.64803,524718.44,0.4759364,0.47154012,71.19021,0.6738021,0.6738021,1.0,184.78714,523714.88,1.5939026,-400.25253,58.465897,55.184006,0.74797106,0.9,1.0,660.36676,1.0,70.83013,71.02481,69.122856,69.84175,70.83414
2018-01-02 15:49:00,0.1,0.0,60.554344,357730.44,0.53617686,0.53617686,32.68401,512878.72,0.46775833,0.46382317,71.28826,0.6689479,0.6689479,1.0,183.98486,511984.8,1.6162109,-400.25253,58.04045,55.184006,0.7425973,0.9,1.0,649.2178,1.0,70.87808,71.10973,69.13725,69.902885,70.88369
2018-01-02 15:50:00,0.1,0.0,60.162025,357730.44,0.5431336,0.5431336,32.71999,502210.56,0.4602127,0.45686635,71.377525,0.6643189,0.6643189,1.0,182.73491,501382.88,1.6354065,-400.25253,57.6439,55.184006,0.73748416,0.9,1.0,638.12177,1.0,70.92159,71.19153,69.147415,69.95727,70.931046
2018-01-02 15:51:00,0.1,0.0,59.798378,357730.44,0.5495964,0.5495964,32.756023,492578.62,0.45337084,0.45040357,71.45816,0.65992737,0.65992737,1.0,181.19646,491811.84,1.6517334,-400.25253,57.273552,55.184006,0.73263925,0.9,1.0,627.301,1.0,70.951805,71.27002,69.1535,70.00506,70.976135
2018-01-02 15:52:00,0.1,0.0,59.460434,357730.44,0.5555317,0.5555317,32.792004,483866.66,0.4471977,0.44446832,71.530235,0.6557663,0.6557663,1.0,179.47226,483156.97,1.6655579,-400.25253,56.927593,55.184006,0.72805023,0.9,1.0,616.8692,1.0,70.9746,71.34517,69.1557,70.04653,71.01904
2018-01-02 15:53:00,0.1,0.0,59.14485,357730.44,0.560893,0.560893,32.827984,475966.88,0.44159052,0.43910697,71.59412,0.6518315,0.6518315,1.0,177.64444,475313.06,1.6770935,-400.25253,56.605362,55.184006,0.7237102,0.9,1.0,606.9048,1.0,70.98663,71.41702,69.15417,70.08208,71.0598
2018-01-02 15:54:00,0.1,0.0,58.850693,357730.44,0.5657514,0.5657514,32.86402,468789.78,0.43647042,0.4342486,71.6501,0.6481165,0.6481165,1.0,175.77136,468191.4,1.6865845,-400.25253,56.305984,55.184006,0.7196128,0.9,1.0,597.4473,1.0,70.99053,71.48558,69.14917,70.112015,71.09842
2018-01-02 15:55:00,0.1,0.0,58.577408,357730.44,0.5701943,0.5701943,32.9,462263.38,0.43179524,0.42980567,71.69849,0.6446127,0.6446127,1.0,173.89267,461718.88,1.6943054,-400.25253,56.063133,55.184006,0.7157492,0.9,1.0,588.50934,1.0,70.98526,71.55095,69.14093,70.136734,71.135056
2018-01-02 15:56:00,0.1,0.0,58.32368,357730.44,0.5742627,0.5742627,32.936035,456326.16,0.42753166,0.42573735,71.73964,0.64131147,0.64131147,1.0,172.03668,455832.72,1.7004395,-400.25253,55.88186,55.184006,0.7121097,0.9,1.0,580.08966,1.0,70.97252,71.61318,69.12972,70.15662,71.16977
2018-01-02 15:57:00,0.1,0.0,58.08808,357730.44,0.57797855,0.57797855,32.972015,450922.97,0.42364064,0.42202148,71.77386,0.63820463,0.63820463,1.0,170.22437,450477.62,1.7051392,-400.25253,55.71811,55.184006,0.708685,0.9,1.0,572.17993,1.0,70.952515,71.67251,69.115875,70.172104,71.20273
2018-01-02 15:58:00,0.1,0.0,57.86934,357730.44,0.5813684,0.5813684,33.007996,446004.72,0.42008528,0.4186316,71.801544,0.6352841,0.6352841,1.0,168.47043,445604.44,1.7086182,-400.25253,55.56935,55.184006,0.705466,0.9,1.0,564.7654,1.0,70.92648,71.72909,69.09973,70.18364,71.23399
2018-01-02 15:59:00,0.1,0.0,57.666424,357730.44,0.5844667,0.5844667,33.04403,441527.4,0.41683117,0.41553333,71.823074,0.6325417,0.6325417,1.0,166.78476,441169.3,1.7110596,-400.25253,55.433617,55.184006,0.70244366,0.9,1.0,557.8272,1.0,70.89479,71.78308,69.081604,70.19171,71.26387
2018-01-02 16:00:00,0.1,0.0,57.478394,357730.44,0.58731025,0.58731025,33.08001,437452.62,0.41385758,0.41268975,71.8389,0.6299686,0.6299686,1.0,165.17296,437133.5,1.7124939,-400.25253,55.309196,55.184006,0.6996084,0.9,1.0,551.3425,1.0,70.85809,71.83467,69.06177,70.196655,71.29233
2018-01-02 16:01:00,0.1,0.0,57.304092,357730.44,0.58990645,0.58990645,33.08001,433745.4,0.4111408,0.41009352,71.84944,0.62755644,0.62755644,1.0,163.63837,433462.06,1.7131348,-400.25253,55.199226,55.184006,0.69695073,0.9,1.0,545.2884,1.0,70.81679,71.88388,69.04051,70.19881,71.31957
2018-01-02 16:02:00,0.1,0.0,57.143913,357730.44,0.592332,0.592332,33.08001,430387.22,0.40887475,0.407668,71.854935,0.62528974,0.62528974,1.0,162.17354,430133.84,1.7131042,-400.25253,55.11441,55.184006,0.69445604,0.9,1.0,539.61975,1.0,70.77124,71.9308,69.01782,70.19847,71.34555
2018-01-02 16:03:00,0.1,0.0,56.99115,357730.44,0.59429324,0.59429324,33.08001,427335.94,0.4068224,0.40570676,71.85582,0.62316877,0.62316877,1.0,160.78813,427109.8,1.7124329,-400.25253,55.03855,55.184006,0.6921185,0.9,1.0,534.3378,1.0,70.72219,71.97551,68.99404,70.19589,71.370384
2018-01-02 16:04:00,0.1,0.0,56.848328,357730.44,0.5959979,0.5959979,33.08001,424556.7,0.40488914,0.4040021,71.85246,0.62118804,0.62118804,1.0,159.4845,424358.7,1.7112732,-400.25253,54.970764,55.184006,0.6899354,0.9,1.0,529.4257,1.0,70.67023,72.01819,68.969376,70.19128,71.394165
2018-01-02 16:05:00,0.1,0.0,56.718193,357730.44,0.59765184,0.59765184,33.08001,422030.9,0.40313414,0.40234816,71.845215,0.6193364,0.6193364,1.0,158.25662,421859.16,1.7096558,-400.25253,54.909348,55.184006,0.6878963,0.9,1.0,524.8513,1.0,70.6159,72.05884,68.94389,70.18501,71.416916
2018-01-02 16:06:00,0.1,0.0,56.598335,357730.44,0.599181,0.599181,33.08001,419741.53,0.40158522,0.400819,71.8344,0.6176054,0.6176054,1.0,157.10008,419592.12,1.7077026,-400.25253,54.852882,55.184006,0.68599045,0.9,1.0,520.5899,1.0,70.55975,72.097565,68.91785,70.177155,71.43866
2018-01-02 16:07:00,0.1,0.0,56.486492,357730.44,0.60050637,0.60050637,33.08001,417666.56,0.40019217,0.39949363,71.82039,0.61598974,0.61598974,1.0,156.01396,417536.97,1.7054443,-400.25253,54.802177,55.184006,0.684211,0.9,1.0,516.6259,1.0,70.50235,72.13437,68.89132,70.167984,71.45953
2018-01-02 16:08:00,0.1,0.0,56.382614,357730.44,0.60168046,0.60168046,33.08001,415785.6,0.3989205,0.3983195,71.80357,0.61448354,0.61448354,1.0,154.99626,415674.53,1.7029114,-400.25253,54.760376,55.184006,0.6825523,0.9,1.0,512.9423,1.0,70.44435,72.169365,68.864456,70.15765,71.47954
2018-01-02 16:09:00,0.1,0.0,56.287033,357730.44,0.6027602,0.6027602,33.08001,414083.0,0.39777547,0.3972398,71.78418,0.6130798,0.6130798,1.0,154.0431,413988.72,1.7002258,-400.25253,54.723297,55.184006,0.6810067,0.9,1.0,509.51923,1.0,70.38623,72.2026,68.837875,70.14623,71.49865
2018-01-02 16:10:00,0.1,0.0,56.19876,357730.44,0.60373676,0.60373676,33.08001,412544.5,0.39675653,0.39626327,71.76271,0.6117721,0.6117721,1.0,153.151,412464.97,1.6973877,-400.25253,54.689735,55.184006,0.6795673,0.9,1.0,506.33893,1.0,70.32888,72.234024,68.811066,70.13393,71.51694
2018-01-02 16:11:00,0.1,0.0,56.116966,357730.44,0.60459834,0.60459834,33.08001,411155.62,0.39584482,0.39540166,71.73941,0.6105553,0.6105553,1.0,152.3172,411089.25,1.694397,-400.25253,54.65925,55.184006,0.6782277,0.9,1.0,503.38657,1.0,70.2729,72.263794,68.7842,70.120804,71.53441
2018-01-02 16:12:00,0.1,0.0,56.04127,357730.44,0.6053641,0.6053641,33.08001,409903.0,0.3950254,0.39463595,71.71469,0.60942394,0.60942394,1.0,151.5388,409848.5,1.6914062,-400.25253,54.63134,55.184006,0.6769824,0.9,1.0,500.64764,1.0,70.21902,72.29186,68.75734,70.10696,71.55111
2018-01-02 16:13:00,0.1,0.0,55.971508,357730.44,0.60605335,0.60605335,33.08001,408775.1,0.39429322,0.39394662,71.688934,0.6083728,0.6083728,1.0,150.81271,408731.22,1.6882935,-400.25253,54.606346,55.184006,0.67582554,0.9,1.0,498.10788,1.0,70.16754,72.31828,68.73053,70.09256,71.566986
2018-01-02 16:14:00,0.1,0.0,55.907127,357730.44,0.60666984,0.60666984,33.08001,407761.3,0.3936424,0.39333016,71.6624,0.6073969,0.6073969,1.0,150.1359,407726.78,1.6851807,-400.25253,54.583935,55.184006,0.67475164,0.9,1.0,495.7539,1.0,70.11877,72.34311,68.70378,70.07762,71.58209
2018-01-02 16:15:00,0.1,0.0,55.847637,357730.44,0.6072152,0.6072152,33.08001,406851.6,0.39306295,0.39278477,71.63543,0.6064917,0.6064917,1.0,149.50565,406825.28,1.6820679,-400.25253,54.563667,55.184006,0.67375565,0.9,1.0,493.57376,1.0,70.072624,72.36635,68.677246,70.06224,71.59643
2018-01-02 16:16:00,0.1,0.0,55.792763,357730.44,0.60769904,0.60769904,33.08001,406036.62,0.39254642,0.39230096,71.60824,0.60565287,0.60565287,1.0,148.91933,406017.7,1.6789551,-400.25253,54.545097,55.184006,0.67283267,0.9,1.0,491.55603,1.0,70.02928,72.38799,68.65088,70.04642,71.61
2018-01-02 16:17:00,0.1,0.0,55.742226,357730.44,0.6081302,0.6081302,33.08001,405308.16,0.39208752,0.39186975,71.58116,0.60487616,0.60487616,1.0,148.37427,405295.66,1.6759033,-400.25253,54.52818,55.184006,0.67197824,0.9,1.0,489.68982,1.0,69.98863,72.40816,68.62474,70.03033,71.62285
2018-01-02 16:18:00,0.1,0.0,55.69564,357730.44,0.6085127,0.6085127,33.08001,404658.56,0.39168113,0.39148727,71.554245,0.6041576,0.6041576,1.0,147.86803,404651.7,1.6729126,-400.25253,54.512688,55.184006,0.6711879,0.9,1.0,487.9649,1.0,69.95056,72.42677,68.59886,70.0139,71.63488
2018-01-02 16:19:00,0.1,0.0,55.65274,357730.44,0.6088501,0.6088501,33.08001,404080.72,0.39132127,0.3911499,71.52771,0.6034936,0.6034936,1.0,147.39822,404078.78,1.6699219,-400.25253,54.49846,55.184006,0.67045754,0.9,1.0,486.3719,1.0,69.91497,72.44397,68.57332,69.997314,71.646194
2018-01-02 16:20:00,0.1,0.0,55.61319,357730.44,0.6091478,0.6091478,33.08001,403568.16,0.39100295,0.3908522,71.50167,0.6028805,0.6028805,1.0,146.96265,403570.44,1.6670227,-400.25253,54.485497,55.184006,0.66978335,0.9,1.0,484.90192,1.0,69.88174,72.459625,68.54805,69.9805,71.6568
2018-01-02 16:21:00,0.1,0.0,55.57688,357730.44,0.6094104,0.6094104,33.08001,403114.9,0.3907224,0.39058962,71.47624,0.60231495,0.60231495,1.0,146.55913,403120.88,1.6642456,-400.25253,54.473633,55.184006,0.66916156,0.9,1.0,483.5466,1.0,69.85054,72.47391,68.52312,69.96353,71.666626
2018-01-02 16:22:00,0.1,0.0,55.543427,357730.44,0.60964084,0.60964084,33.08001,402715.53,0.39047587,0.3903592,71.45141,0.60179394,0.60179394,1.0,146.18567,402724.66,1.6614685,-400.25253,54.462753,55.184006,0.66858876,0.9,1.0,482.29807,1.0,69.821365,72.486755,68.49856,69.94644,71.67575
2018-01-02 16:23:00,0.1,0.0,55.5092,357730.44,0.6096498,0.6096498,33.08001,404181.75,0.3902656,0.3903502,71.42845,0.60211194,0.60211194,1.0,146.2771,404683.0,1.6499634,-400.25253,54.452316,55.184006,0.67029047,0.9,1.0,482.8334,1.0,69.79445,72.49923,68.47494,69.92958,71.68437
2018-01-02 16:24:00,0.1,0.0,55.489483,357730.44,0.6102306,0.6102306,33.08001,419193.38,0.39079165,0.38976935,71.41527,0.609162,0.609162,1.0,149.99971,420543.6,1.6189575,-400.25253,54.47171,55.184006,0.6775158,0.9,1.0,498.73203,1.0,69.739624,72.52516,68.465164,69.92568,71.7047
2018-01-02 16:25:00,0.1,0.0,55.44922,357730.44,0.6095675,0.6095675,33.08001,429237.38,0.39034152,0.39043245,71.39087,0.6135823,0.6135823,1.0,152.10652,430287.06,1.599762,-400.25253,54.491707,55.184006,0.68237877,0.9,1.0,508.82828,1.0,69.6613,72.54812,68.45384,69.92184,71.72365
2018-01-02 16:26:00,0.1,0.0,55.424446,357730.44,0.6096371,0.6096371,33.08001,438414.53,0.3899874,0.39036292,71.357315,0.6179718,0.6179718,1.0,154.23975,439396.5,1.5823059,-400.25253,54.509995,55.184006,0.68725795,0.9,1.0,518.97864,1.0,69.573845,72.56943,68.44225,69.91772,71.7415
2018-01-02 16:27:00,0.1,0.0,55.407692,357730.44,0.6100073,0.6100073,33.08001,447114.44,0.3899823,0.3899927,71.31595,0.62232816,0.62232816,1.0,156.34879,448042.53,1.5666809,-400.25253,54.52494,55.184006,0.6920941,0.9,1.0,529.151,1.0,69.474365,72.58916,68.43056,69.91376,71.75842
2018-01-02 16:28:00,0.1,0.0,55.38676,357730.44,0.6100127,0.6100127,33.08001,455326.62,0.3901351,0.3899873,71.26706,0.6266093,0.6266093,1.0,158.41597,456195.16,1.5529175,-400.25253,54.537186,55.184006,0.69683844,0.9,1.0,539.2388,1.0,69.37016,72.607605,68.41907,69.90997,71.774734
2018-01-02 16:29:00,0.1,0.0,55.36248,357730.44,0.609709,0.609709,33.08001,463031.12,0.39026722,0.39029098,71.21141,0.6307904,0.6307904,1.0,160.44221,463841.72,1.5408936,-400.25253,54.548447,55.184006,0.70146596,0.9,1.0,549.1806,1.0,69.26189,72.62475,68.407646,69.90613,71.79045
2018-01-02 16:30:00,0.1,0.0,55.340233,357730.44,0.60940987,0.60940987,33.08001,470232.06,0.3904027,0.39059016,71.149994,0.6348486,0.6348486,1.0,162.42381,470987.62,1.5305176,-400.25253,54.55894,55.184006,0.7059552,0.9,1.0,558.91797,1.0,69.15411,72.64052,68.39627,69.902176,71.80539
2018-01-02 16:31:00,0.1,0.0,55.321556,357730.44,0.60919213,0.60919213,33.08001,476949.1,0.39062098,0.39080787,71.08397,0.6387657,0.6387657,1.0,164.35489,477650.03,1.521759,-400.25253,54.567947,55.184006,0.7102873,0.9,1.0,568.4025,1.0,69.04897,72.654686,68.38485,69.89794,71.8195
2018-01-02 16:32:00,0.1,0.0,55.30409,357730.44,0.60893655,0.60893655,33.08001,483202.12,0.39092588,0.39106342,71.01482,0.6425311,0.6425311,1.0,166.2337,483848.5,1.5144958,-400.25253,54.57542,55.184006,0.7144495,0.9,1.0,577.605,1.0,68.94949,72.66732,68.373314,69.893326,71.83269
2018-01-02 16:33:00,0.1,0.0,55.286728,357730.44,0.6085873,0.6085873,33.08001,489008.03,0.39126542,0.39141268,70.94389,0.6461398,0.6461398,1.0,168.0629,489601.88,1.5085754,-400.25253,54.581738,55.184006,0.7184363,0.9,1.0,586.5107,1.0,68.856766,72.67825,68.361725,69.88838,71.84494
2018-01-02 16:34:00,0.1,0.0,55.270306,357730.44,0.60819834,0.60819834,33.08001,494386.6,0.39161283,0.39180169,70.87276,0.6495888,0.6495888,1.0,169.84416,494931.12,1.5039062,-400.25253,54.58745,55.184006,0.7222453,0.9,1.0,595.1083,1.0,68.772064,72.68753,68.35002,69.88295,71.85614
2018-01-02 16:35:00,0.1,0.0,55.255585,357730.44,0.6078204,0.6078204,33.08001,499361.47,0.39197314,0.39217958,70.802666,0.6528763,0.6528763,1.0,171.57684,499859.6,1.5003662,-400.25253,54.592613,55.184006,0.7258749,0.9,1.0,603.3876,1.0,68.69554,72.695114,68.33821,69.877014,71.8663
2018-01-02 16:36:00,0.1,0.0,55.242508,357730.44,0.60745686,0.60745686,33.08001,503956.62,0.3923464,0.39254314,70.73471,0.6560023,0.6560023,1.0,173.26018,504410.75,1.4978333,-400.25253,54.59723,55.184006,0.7293255,0.9,1.0,611.34247,1.0,68.62749,72.70094,68.32635,69.870636,71.87537
2018-01-02 16:37:00,0.1,0.0,55.230755,357730.44,0.60709465,0.60709465,33.08001,508194.3,0.39272252,0.39290535,70.669785,0.6589685,0.6589685,1.0,174.89406,508606.97,1.4962463,-400.25253,54.601402,55.184006,0.7325987,0.9,1.0,618.9707,1.0,68.56766,72.70506,68.31438,69.86383,71.88333
2018-01-02 16:38:00,0.1,0.0,55.220154,357730.44,0.60673386,0.60673386,33.08001,512095.56,0.39308757,0.39326617,70.6087,0.6617778,0.6617778,1.0,176.4786,512469.5,1.4954529,-400.25253,54.605415,55.184006,0.7356979,0.9,1.0,626.27277,1.0,68.51581,72.707535,68.3024,69.85652,71.8902
2018-01-02 16:39:00,0.1,0.0,55.210815,357730.44,0.60638964,0.60638964,33.08001,515681.2,0.39343545,0.3936104,70.55185,0.66443354,0.66443354,1.0,178.01338,516019.1,1.4953918,-400.25253,54.609314,55.184006,0.7386271,0.9,1.0,633.24963,1.0,68.47104,72.70836,68.29042,69.84878,71.895966
2018-01-02 16:40:00,0.1,0.0,55.202797,357730.44,0.60607016,0.60607016,33.08001,518971.53,0.39376473,0.39392984,70.49956,0.6669395,0.6669395,1.0,179.49757,519275.84,1.4959717,-400.25253,54.613106,55.184006,0.74139035,0.9,1.0,639.90326,1.0,68.4328,72.707535,68.27844,69.84059,71.900696
2018-01-02 16:41:00,0.1,0.0,55.19593,357730.44,0.60577524,0.60577524,33.08001,521985.88,0.3940736,0.39422476,70.45198,0.6692998,0.6692998,1.0,180.93037,522258.94,1.4971008,-400.25253,54.616894,55.184006,0.74399257,0.9,1.0,646.23676,1.0,68.40056,72.70517,68.266525,69.83208,71.90427
2018-01-02 16:42:00,0.1,0.0,55.190163,357730.44,0.6055029,0.6055029,33.08001,524742.4,0.39435932,0.39449713,70.409134,0.67151916,0.67151916,1.0,182.3112,524986.44,1.4987183,-400.25253,54.62068,55.184006,0.74643874,0.9,1.0,652.25446,1.0,68.37364,72.70122,68.254715,69.823235,71.906845
2018-01-02 16:43:00,0.1,0.0,55.185326,357730.44,0.605254,0.605254,33.08001,527258.4,0.39462012,0.39474604,70.3709,0.67360246,0.67360246,1.0,183.63957,527475.5,1.5007935,-400.25253,54.62442,55.184006,0.7487344,0.9,1.0,657.9616,1.0,68.35134,72.69583,68.24301,69.81406,71.90839
2018-01-02 16:44:00,0.1,0.0,55.181374,357730.44,0.60502994,0.60502994,33.08001,529550.1,0.39485615,0.39497006,70.337006,0.6755546,0.6755546,1.0,184.91502,529742.5,1.5031738,-400.25253,54.628212,55.184006,0.7508851,0.9,1.0,663.36383,1.0,68.33299,72.68907,68.23143,69.80461,71.908875
2018-01-02 16:45:00,0.1,0.0,55.178185,357730.44,0.60482997,0.60482997,33.08001,531633.44,0.3950684,0.39517003,70.3073,0.67738056,0.67738056,1.0,186.13718,531802.8,1.5059204,-400.25253,54.632057,55.184006,0.7528964,0.9,1.0,668.4677,1.0,68.31799,72.68094,68.220055,69.794945,71.90844
2018-01-02 16:46:00,0.1,0.0,55.175713,357730.44,0.6046519,0.6046519,33.08001,533522.94,0.39525792,0.3953481,70.28131,0.67908573,0.67908573,1.0,187.30586,533671.2,1.5088501,-400.25253,54.635845,55.184006,0.75477415,0.9,1.0,673.2803,1.0,68.30559,72.67149,68.20891,69.78517,71.90707
2018-01-02 16:47:00,0.1,0.0,55.17379,357730.44,0.6044939,0.6044939,33.08001,535232.6,0.3954261,0.39550608,70.25879,0.68067515,0.68067515,1.0,188.42111,535361.4,1.5120239,-400.25253,54.639633,55.184006,0.756524,0.9,1.0,677.8094,1.0,68.2952,72.66084,68.19797,69.77522,71.904755
2018-01-02 16:48:00,0.1,0.0,55.172363,357730.44,0.6043542,0.6043542,33.08001,536775.7,0.39557496,0.39564577,70.23929,0.682154,0.682154,1.0,189.4831,536886.5,1.5153503,-400.25253,54.64337,55.184006,0.7581519,0.9,1.0,682.06305,1.0,68.28613,72.64897,68.18732,69.76517,71.90163
2018-01-02 16:49:00,0.1,0.0,55.17137,357730.44,0.6042305,0.6042305,33.08001,538164.56,0.39570674,0.3957695,70.22243,0.6835276,0.6835276,1.0,190.49216,538258.9,1.5188599,-400.25253,54.647106,55.184006,0.7596634,0.9,1.0,686.05,1.0,68.27789,72.63606,68.17693,69.75512,71.89761
2018-01-02 16:50:00,0.1,0.0,55.170662,357730.44,0.60412014,0.60412014,33.08001,539411.1,0.3958239,0.39587986,70.2077,0.6848009,0.6848009,1.0,191.44885,539490.44,1.5223999,-400.25253,54.650734,55.184006,0.76106435,0.9,1.0,689.7793,1.0,68.26999,72.622116,68.166885,69.74507,71.89284
2018-01-02 16:51:00,0.1,0.0,55.17022,357730.44,0.6040209,0.6040209,33.08001,540526.4,0.3959287,0.3959791,70.19479,0.68597925,0.68597925,1.0,192.35391,540591.94,1.526001,-400.25253,54.654247,55.184006,0.76236033,0.9,1.0,693.26025,1.0,68.26263,72.60717,68.15716,69.735016,71.887344
2018-01-02 16:52:00,0.1,0.0,55.17,357730.44,0.60393125,0.60393125,33.08001,541520.7,0.39602318,0.39606872,70.183365,0.68706733,0.68706733,1.0,193.20827,541573.75,1.5296631,-400.25253,54.657707,55.184006,0.76355684,0.9,1.0,696.5026,1.0,68.255875,72.591354,68.14782,69.72507,71.881134
2018-01-02 16:53:00,0.1,0.0,55.169945,357730.44,0.6038498,0.6038498,33.08001,542403.7,0.39610878,0.39615017,70.17326,0.6880702,0.6880702,1.0,194.01302,542445.44,1.5333252,-400.25253,54.661003,55.184006,0.76465935,0.9,1.0,699.5162,1.0,68.24983,72.574646,68.13887,69.71518,71.87422
2018-01-02 16:54:00,0.1,0.0,55.17,357730.44,0.6037756,0.6037756,33.08001,543184.44,0.39618665,0.3962244,70.164246,0.68899256,0.68899256,1.0,194.7694,543216.06,1.5369873,-400.25253,54.664192,55.184006,0.76567304,0.9,1.0,702.311,1.0,68.244385,72.55713,68.13024,69.70541,71.86669
2018-01-02 16:55:00,0.1,0.0,55.170166,357730.44,0.60370773,0.60370773,33.08001,543871.56,0.39625776,0.39629227,70.156235,0.6898391,0.6898391,1.0,195.47885,543893.94,1.5405884,-400.25253,54.667267,55.184006,0.76660323,0.9,1.0,704.8972,1.0,68.23967,72.538895,68.122055,69.69585,71.85857
2018-01-02 16:56:00,0.1,0.0,55.17044,357730.44,0.6036455,0.6036455,33.08001,544472.9,0.39632282,0.39635447,70.14898,0.6906144,0.6906144,1.0,196.14285,544487.06,1.54422,-400.25253,54.670235,55.184006,0.7674548,0.9,1.0,707.28516,1.0,68.235596,72.51994,68.11426,69.6864,71.849884
2018-01-02 16:57:00,0.1,0.0,55.17077,357730.44,0.60358846,0.60358846,33.08001,544995.94,0.3963825,0.39641154,70.14255,0.6913228,0.6913228,1.0,196.76303,545002.75,1.5477295,-400.25253,54.673088,55.184006,0.76823264,0.9,1.0,709.48486,1.0,68.232254,72.50033,68.106895,69.67717,71.84065
2018-01-02 16:58:00,0.1,0.0,55.171097,357730.44,0.60353607,0.60353607,33.08001,545447.5,0.39643726,0.3964639,70.136734,0.6919685,0.6919685,1.0,197.34103,545447.9,1.551178,-400.25253,54.675835,55.184006,0.7689415,0.9,1.0,711.50653,1.0,68.22955,72.48012,68.099915,69.66821,71.830986
2018-01-02 16:59:00,0.1,0.0,55.17154,357730.44,0.603488,0.603488,33.08001,545834.25,0.39648753,0.396512,70.131516,0.69255567,0.69255567,1.0,197.87862,545828.8,1.5545349,-400.25253,54.678474,55.184006,0.76958585,0.9,1.0,713.36005,1.0,68.22752,72.459404,68.09338,69.659424,71.82082
2018-01-02 17:00:00,0.1,0.0,55.171978,357730.44,0.60344386,0.60344386,33.08001,546161.94,0.3965337,0.39655617,70.12685,0.69308823,0.69308823,1.0,198.37756,546151.56,1.5578308,-400.25253,54.681,55.184006,0.77017003,0.9,1.0,715.0552,1.0,68.22604,72.438095,68.08728,69.65091,71.81027
2018-01-02 17:01:00,0.1,0.0,55.172417,357730.44,0.6034033,0.6034033,33.04403,546436.44,0.39657608,0.39659673,70.12261,0.69356984,0.69356984,1.0,198.83963,546421.75,1.5610046,-400.25253,54.68342,55.184006,0.7706982,0.9,1.0,716.6015,1.0,68.22511,72.41557,68.08157,69.642624,71.799286
2018-01-02 17:02:00,0.1,0.0,55.174175,357730.44,0.603417,0.603417,33.007996,546683.44,0.3968161,0.39658302,70.116455,0.69399947,0.69399947,1.0,199.25146,546662.7,1.5640869,-400.25253,54.684517,55.184006,0.77117217,0.9,1.0,717.98096,1.0,68.17517,72.38986,68.070366,69.630974,71.78259
2018-01-02 17:03:00,0.1,0.0,55.172913,357730.44,0.60324335,0.60324335,32.972015,546896.06,0.39712405,0.39675662,70.106186,0.69438267,0.69438267,1.0,199.62231,546868.06,1.5671082,-400.25253,54.68435,55.184006,0.7715925,0.9,1.0,719.2192,1.0,68.16029,72.36371,68.05971,69.61966,71.76573
2018-01-02 17:04:00,0.1,0.0,55.169395,357730.44,0.6029295,0.6029295,32.936035,547066.56,0.39741397,0.3970705,70.09432,0.69472563,0.69472563,1.0,199.96362,547033.9,1.5699768,-400.25253,54.684074,55.184006,0.77196705,0.9,1.0,720.33813,1.0,68.12854,72.33718,68.04949,69.60867,71.74859
2018-01-02 17:05:00,0.1,0.0,55.16555,357730.44,0.6025832,0.6025832,32.9,547198.7,0.39769107,0.3974168,70.08064,0.6950307,0.6950307,1.0,200.27661,547163.4,1.5727539,-400.25253,54.683968,55.184006,0.77230006,0.9,1.0,721.3435,1.0,68.11162,72.31032,68.03972,69.59796,71.73117
2018-01-02 17:06:00,0.1,0.0,55.16253,357730.44,0.60226685,0.60226685,32.86402,547297.75,0.39797014,0.39773315,70.06636,0.6953,0.6953,1.0,200.56123,547260.9,1.5753784,-400.25253,54.683968,55.184006,0.77259415,0.9,1.0,722.2396,1.0,68.08932,72.28313,68.030426,69.587524,71.71355
2018-01-02 17:07:00,0.1,0.0,55.160168,357730.44,0.60197395,0.60197395,32.827984,547369.6,0.39826587,0.39802608,70.051636,0.6955354,0.6955354,1.0,200.81703,547331.06,1.5779419,-400.25253,54.683853,55.184006,0.77285135,0.9,1.0,723.0309,1.0,68.07388,72.25566,68.02159,69.57747,71.695694
2018-01-02 17:08:00,0.1,0.0,55.15808,357730.44,0.6016819,0.6016819,32.792004,547416.94,0.3985717,0.3983181,70.03697,0.6957398,0.6957398,1.0,201.04614,547376.9,1.5803833,-400.25253,54.683636,55.184006,0.7730745,0.9,1.0,723.726,1.0,68.057236,72.22792,68.01318,69.56769,71.67761
2018-01-02 17:09:00,0.1,0.0,55.156105,357730.44,0.60138243,0.60138243,32.756023,547441.94,0.39888105,0.39861757,70.022415,0.69591594,0.69591594,1.0,201.25082,547400.6,1.5827026,-400.25253,54.68336,55.184006,0.77326643,0.9,1.0,724.33307,1.0,68.04422,72.20001,68.00527,69.55824,71.65944
2018-01-02 17:10:00,0.1,0.0,55.154182,357730.44,0.6010759,0.6010759,32.71999,547446.7,0.39918834,0.3989241,70.008354,0.69606626,0.69606626,1.0,201.43321,547404.5,1.5848999,-400.25253,54.683144,55.184006,0.77342993,0.9,1.0,724.85974,1.0,68.03148,72.17184,67.99774,69.549126,71.64108
2018-01-02 17:11:00,0.1,0.0,55.15242,357730.44,0.6007689,0.6007689,32.68401,547433.7,0.3994927,0.39923105,69.994736,0.69619304,0.69619304,1.0,201.59485,547390.94,1.5870056,-400.25253,54.682922,55.184006,0.77356756,0.9,1.0,725.3122,1.0,68.02077,72.14349,67.990715,69.54034,71.622635
2018-01-02 17:12:00,0.1,0.0,55.150887,357730.44,0.60046434,0.60046434,32.64803,547405.25,0.39979488,0.39953566,69.98166,0.69629824,0.69629824,1.0,201.73709,547362.3,1.5889893,-400.25253,54.682755,55.184006,0.77368146,0.9,1.0,725.6966,1.0,68.010765,72.11498,67.98412,69.531876,71.604065
2018-01-02 17:13:00,0.1,0.0,55.149567,357730.44,0.6001654,0.6001654,32.61199,547363.4,0.40009347,0.39983457,69.96919,0.6963839,0.6963839,1.0,201.86143,547320.5,1.5908813,-400.25253,54.682594,55.184006,0.77377397,0.9,1.0,726.0186,1.0,68.00214,72.086365,67.97792,69.5237,71.58539
2018-01-02 17:14:00,0.1,0.0,55.148415,357730.44,0.59986836,0.59986836,32.57601,547310.06,0.40038863,0.40013164,69.95727,0.6964517,0.6964517,1.0,201.96916,547267.5,1.5926514,-400.25253,54.68248,55.184006,0.773847,0.9,1.0,726.2836,1.0,67.99423,72.05758,67.97215,69.51584,71.56665
2018-01-02 17:15:00,0.1,0.0,55.147476,357730.44,0.5995777,0.5995777,32.54003,547247.3,0.40068215,0.40042228,69.94595,0.69650346,0.69650346,1.0,202.06131,547205.1,1.5943298,-400.25253,54.682373,55.184006,0.7739023,0.9,1.0,726.4964,1.0,67.987305,72.02869,67.96677,69.508316,71.54781
2018-01-02 17:16:00,0.1,0.0,55.146652,357730.44,0.59928995,0.59928995,32.503998,547176.75,0.4009733,0.40071005,69.93524,0.6965406,0.6965406,1.0,202.13911,547135.06,1.5958862,-400.25253,54.68232,55.184006,0.7739417,0.9,1.0,726.6618,1.0,67.98105,71.99968,67.96182,69.50106,71.528915
2018-01-02 17:17:00,0.1,0.0,55.145996,357730.44,0.5990041,0.5990041,32.468018,547099.56,0.40126115,0.4009959,69.92508,0.6965647,0.6965647,1.0,202.20387,547058.5,1.5973511,-400.25253,54.682205,55.184006,0.7739667,0.9,1.0,726.7844,1.0,67.975555,71.97063,67.95732,69.49414,71.510025
2018-01-02 17:18:00,0.1,0.0,55.145393,357730.44,0.5987207,0.5987207,32.432037,547017.2,0.40154552,0.40127927,69.915405,0.6965771,0.6965771,1.0,202.25662,546976.75,1.5987854,-400.25253,54.68215,55.184006,0.77397895,0.9,1.0,726.8684,1.0,67.97061,71.94145,67.9532,69.48755,71.49107
2018-01-02 17:19:00,0.1,0.0,55.14495,357730.44,0.5984406,0.5984406,32.396004,546930.6,0.40182656,0.4015594,69.906235,0.6965791,0.6965791,1.0,202.2984,546891.06,1.6000671,-400.25253,54.6821,55.184006,0.7739797,0.9,1.0,726.91766,1.0,67.966156,71.912285,67.9494,69.48117,71.47206
2018-01-02 17:20:00,0.1,0.0,55.14457,357730.44,0.5981637,0.5981637,32.360023,546841.06,0.40210462,0.40183628,69.89755,0.69657177,0.69657177,1.0,202.33011,546802.4,1.6012878,-400.25253,54.6821,55.184006,0.77397037,0.9,1.0,726.9356,1.0,67.962204,71.88301,67.94606,69.47519,71.45311
2018-01-02 17:21:00,0.1,0.0,55.14435,357730.44,0.5978921,0.5978921,32.323986,546749.9,0.40238336,0.40210786,69.88927,0.69655603,0.69655603,1.0,202.35217,546711.94,1.602417,-400.25253,54.681988,55.184006,0.7739518,0.9,1.0,726.9249,1.0,67.95874,71.85378,67.943085,69.46942,71.434105
2018-01-02 17:22:00,0.1,0.0,55.14402,357730.44,0.5976148,0.5976148,32.288006,546656.6,0.4026531,0.40238518,69.88141,0.6965334,0.6965334,1.0,202.36665,546619.8,1.6034851,-400.25253,54.681988,55.184006,0.77392566,0.9,1.0,726.89056,1.0,67.95567,71.82445,67.94045,69.46393,71.4151
2018-01-02 17:23:00,0.1,0.0,55.143852,357730.44,0.59734696,0.59734696,32.252026,546562.9,0.4029213,0.40265304,69.873886,0.6965043,0.6965043,1.0,202.37341,546527.2,1.6044617,-400.25253,54.681988,55.184006,0.7738925,0.9,1.0,726.8338,1.0,67.95293,71.795166,67.9382,69.45876,71.39609
2018-01-02 17:24:00,0.1,0.0,55.143852,357730.44,0.59708345,0.59708345,32.215992,546469.5,0.40318856,0.40291652,69.866684,0.6964696,0.6964696,1.0,202.37312,546434.75,1.6053772,-400.25253,54.681988,55.184006,0.7738533,0.9,1.0,726.7571,1.0,67.950455,71.76584,67.93633,69.45382,71.37714
2018-01-02 17:25:00,0.1,0.0,55.1438,357730.44,0.596821,0.596821,32.18001,546376.8,0.4034539,0.403179,69.85988,0.6964301,0.6964301,1.0,202.36653,546343.06,1.6062317,-400.25253,54.68193,55.184006,0.7738088,0.9,1.0,726.66315,1.0,67.9483,71.73656,67.93474,69.44915,71.358185
2018-01-02 17:26:00,0.1,0.0,55.1438,357730.44,0.5965586,0.5965586,32.14403,546285.2,0.4037168,0.40344143,69.85329,0.6963864,0.6963864,1.0,202.35435,546252.56,1.6069946,-400.25253,54.681877,55.184006,0.7737597,0.9,1.0,726.5542,1.0,67.94638,71.70723,67.933586,69.444756,71.33923
2018-01-02 17:27:00,0.1,0.0,55.1438,357730.44,0.59629685,0.59629685,32.107994,546195.4,0.40397817,0.40370315,69.847015,0.69633925,0.69633925,1.0,202.33707,546163.6,1.607727,-400.25253,54.681824,55.184006,0.7737068,0.9,1.0,726.43207,1.0,67.94469,71.678,67.93271,69.440636,71.32034
2018-01-02 17:28:00,0.1,0.0,55.143852,357730.44,0.59603846,0.59603846,32.072014,546106.8,0.40423435,0.40396154,69.84097,0.69628924,0.69628924,1.0,202.31573,546076.25,1.6083984,-400.25253,54.681824,55.184006,0.77365094,0.9,1.0,726.2994,1.0,67.9432,71.64873,67.93216,69.43674,71.3015
2018-01-02 17:29:00,0.1,0.0,55.143963,357730.44,0.5957854,0.5957854,32.036034,546020.6,0.40449005,0.40421462,69.83516,0.6962368,0.6962368,1.0,202.29019,545991.06,1.6089783,-400.25253,54.681824,55.184006,0.7735923,0.9,1.0,726.1566,1.0,67.94194,71.6195,67.93194,69.433105,71.28265
2018-01-02 17:30:00,0.1,0.0,55.144127,357730.44,0.1,0.1,32.0,545937.0,0.4047447,0.9,69.82955,0.6961822,0.6961822,1.0,202.261,545908.44,1.6095581,-400.25253,54.68177,55.184006,0.7735315,0.9,1.0,726.00555,1.0,67.94078,71.59033,67.93205,69.42965,71.26387
2018-01-02 17:31:00,0.10831515,0.38317516,68.416,357730.44,0.1,0.1,31.96402,623127.5,0.8505705,0.9,69.584885,0.66982013,0.66982013,1.0,120.3764,612469.56,1.7166443,-400.25253,60.346264,55.184006,0.74483293,0.9,1.0,575.3365,1.0,67.75638,71.422134,67.80873,69.3127,71.13478
2018-01-02 17:32:00,0.57992005,0.62268126,69.022385,357730.44,0.1,0.1,31.927984,613765.9,0.89818954,0.9,69.44058,0.6714827,0.6714827,1.0,129.13063,610805.3,1.7027283,-400.25253,58.7906,55.184006,0.74593484,0.9,1.0,583.2685,1.0,67.85558,71.34578,67.76785,69.25316,71.064964
2018-01-02 17:33:00,0.5894185,0.5920721,68.85985,357730.44,0.1,0.1,31.892004,604354.56,0.8999467,0.9,69.374115,0.6691534,0.6691534,1.0,132.83408,603206.1,1.7052307,-400.25253,56.352623,55.184006,0.74304646,0.9,1.0,583.7214,1.0,67.87387,71.30776,67.7672,69.24057,71.03223
2018-01-02 17:34:00,0.6118817,0.6229273,68.78876,357730.44,0.1,0.1,31.856024,595925.1,0.8999986,0.9,69.339676,0.66573834,0.66573834,1.0,134.44234,595281.6,1.7110901,-400.25253,55.917343,55.184006,0.73920935,0.9,1.0,580.2361,1.0,67.930786,71.27684,67.77483,69.24178,71.00888
2018-01-02 17:35:00,0.62525666,0.6281049,68.75751,357730.44,0.1,0.1,31.819988,588534.06,0.9,0.9,69.32396,0.6622997,0.6622997,1.0,135.25696,588074.44,1.716217,-400.25253,55.50997,55.184006,0.73541284,0.9,1.0,575.6727,1.0,67.941,71.24657,67.7828,69.244255,70.98691
2018-01-02 17:36:00,0.62975264,0.63100797,68.742455,357730.44,0.1,0.1,31.784008,582092.6,0.9,0.9,69.31682,0.6590867,0.6590867,1.0,135.66566,581731.56,1.7198486,-400.25253,55.333588,55.184006,0.73188,0.9,1.0,570.8767,1.0,67.95715,71.21532,67.78934,69.24524,70.9646
2018-01-02 17:37:00,0.6310537,0.6309347,68.73515,357730.44,0.1,0.1,31.748028,576486.9,0.9,0.9,69.31418,0.6561386,0.6561386,1.0,135.80833,576195.7,1.7220154,-400.25253,55.236523,55.184006,0.728642,0.9,1.0,566.11566,1.0,67.95001,71.18295,67.794174,69.2442,70.94159
2018-01-02 17:38:00,0.63035345,0.62965775,68.73053,357730.44,0.1,0.1,31.711994,571610.5,0.9,0.9,69.31232,0.6534467,0.6534467,1.0,135.75687,571375.1,1.7229004,-400.25253,55.18802,55.184006,0.72568613,0.9,1.0,561.496,1.0,67.943146,71.14972,67.79763,69.241394,70.91797
2018-01-02 17:39:00,0.6287615,0.62777567,68.7263,357730.44,0.1,0.1,31.676014,567370.4,0.9,0.9,69.309845,0.6509921,0.6509921,1.0,135.55965,567181.4,1.7226562,-400.25253,55.16368,55.184006,0.7229912,0.9,1.0,557.06903,1.0,67.926285,71.116,67.79999,69.237274,70.89407
2018-01-02 17:40:00,0.62673724,0.6256233,68.72103,357730.44,0.1,0.1,31.640034,563685.44,0.9,0.9,69.30556,0.64875495,0.64875495,1.0,135.25328,563535.44,1.7215576,-400.25253,55.15187,55.184006,0.72053504,0.9,1.0,552.8613,1.0,67.90953,71.08211,67.80175,69.23222,70.87007
2018-01-02 17:41:00,0.6245298,0.62337023,68.71411,357730.44,0.1,0.1,31.603998,560485.75,0.9,0.9,69.2993,0.64671624,0.64671624,1.0,134.86633,560368.44,1.7197571,-400.25253,55.146492,55.184006,0.71829677,0.9,1.0,548.8854,1.0,67.889366,71.04821,67.80301,69.22673,70.84622
2018-01-02 17:42:00,0.6222669,0.6211031,68.705376,357730.44,0.1,0.1,31.568018,557710.4,0.9,0.9,69.29095,0.64485854,0.64485854,1.0,134.42139,557620.6,1.7173157,-400.25253,55.1444,55.184006,0.7162572,0.9,1.0,545.1445,1.0,67.86998,71.01448,67.80417,69.22107,70.822716
2018-01-02 17:43:00,0.6200132,0.6188674,68.694885,357730.44,0.1,0.1,31.532038,555306.25,0.9,0.9,69.280785,0.64316577,0.64316577,1.0,133.93628,555239.6,1.714447,-400.25253,55.14402,55.184006,0.7143988,0.9,1.0,541.6362,1.0,67.85009,70.98119,67.80527,69.21536,70.79953
2018-01-02 17:44:00,0.6178042,0.61668855,68.68291,357730.44,0.1,0.1,31.496002,553227.0,0.9,0.9,69.26909,0.6416233,0.6416233,1.0,133.42508,553179.9,1.7112122,-400.25253,55.14457,55.184006,0.7127054,0.9,1.0,538.3543,1.0,67.83141,70.94829,67.80647,69.20992,70.7769
2018-01-02 17:45:00,0.6156593,0.6145807,68.66962,357730.44,0.1,0.1,31.460022,551432.25,0.9,0.9,69.25618,0.64021784,0.64021784,1.0,132.89886,551401.44,1.7077332,-400.25253,55.14561,55.184006,0.7111623,0.9,1.0,535.2903,1.0,67.813446,70.91588,67.80791,69.204704,70.754715
2018-01-02 17:46:00,0.61358994,0.61255276,68.65539,357730.44,0.1,0.1,31.423986,549886.6,0.9,0.9,69.242386,0.63893723,0.63893723,1.0,132.36629,549869.4,1.70401,-400.25253,55.146873,55.184006,0.7097564,0.9,1.0,532.4341,1.0,67.79681,70.883965,67.809555,69.199814,70.73306
2018-01-02 17:47:00,0.61160314,0.61060995,68.6405,357730.44,0.1,0.1,31.388006,548559.06,0.9,0.9,69.227936,0.63777053,0.63777053,1.0,131.83412,548553.06,1.7002258,-400.25253,55.1483,55.184006,0.70847553,0.9,1.0,529.77496,1.0,67.781265,70.8526,67.81148,69.195366,70.711975
2018-01-02 17:48:00,0.6097032,0.6087554,68.62523,357730.44,0.1,0.1,31.352026,547422.4,0.9,0.9,69.213104,0.63670766,0.63670766,1.0,131.3076,547425.7,1.6963196,-400.25253,55.14984,55.184006,0.70730865,0.9,1.0,527.3018,1.0,67.76698,70.82173,67.813675,69.191246,70.691376
2018-01-02 17:49:00,0.6078922,0.6069906,68.60974,357730.44,0.1,0.1,31.31599,546452.75,0.9,0.9,69.198166,0.6357395,0.6357395,1.0,130.79076,546463.7,1.6924133,-400.25253,55.151436,55.184006,0.70624584,0.9,1.0,525.0038,1.0,67.75374,70.79135,67.81615,69.18756,70.671265
2018-01-02 17:50:00,0.6061711,0.60531557,68.59425,357730.44,0.1,0.1,31.28001,545629.0,0.9,0.9,69.18328,0.63485783,0.63485783,1.0,130.28667,545646.2,1.6884766,-400.25253,55.153084,55.184006,0.7052779,0.9,1.0,522.86993,1.0,67.741714,70.76141,67.81894,69.184265,70.65166
2018-01-02 17:51:00,0.6045394,0.6037294,68.57892,357730.44,0.1,0.1,31.24403,544932.94,0.9,0.9,69.168564,0.6340551,0.6340551,1.0,129.7976,544955.06,1.6846008,-400.25253,55.154675,55.184006,0.7043967,0.9,1.0,520.8899,1.0,67.73061,70.732025,67.822075,69.181305,70.63249
2018-01-02 17:52:00,0.60299563,0.60223025,68.56387,357730.44,0.1,0.1,31.207996,544348.2,0.9,0.9,69.15411,0.6333244,0.6333244,1.0,129.32523,544374.3,1.6808167,-400.25253,55.15621,55.184006,0.7035946,0.9,1.0,519.05365,1.0,67.72045,70.70302,67.825424,69.17873,70.613754
2018-01-02 17:53:00,0.6015377,0.60081553,68.54915,357730.44,0.1,0.1,31.172016,543860.5,0.9,0.9,69.140045,0.6326595,0.6326595,1.0,128.87074,543889.7,1.677124,-400.25253,55.157753,55.184006,0.70286477,0.9,1.0,517.35175,1.0,67.71111,70.6744,67.8291,69.17647,70.59541
2018-01-02 17:54:00,0.6001627,0.59948206,68.53487,357730.44,0.1,0.1,31.136036,543457.4,0.9,0.9,69.12643,0.6320546,0.6320546,1.0,128.43489,543488.8,1.6734924,-400.25253,55.159233,55.184006,0.7022009,0.9,1.0,515.77515,1.0,67.7026,70.646225,67.83301,69.17449,70.577446
2018-01-02 17:55:00,0.59886724,0.59822637,68.52103,357730.44,0.1,0.1,31.1,543127.6,0.9,0.9,69.1133,0.63150465,0.63150465,1.0,128.01816,543160.75,1.6699829,-400.25253,55.16066,55.184006,0.7015972,0.9,1.0,514.3154,1.0,67.69469,70.61837,67.837234,69.172844,70.559814
2018-01-02 17:56:00,0.5976477,0.59704465,68.507675,357730.44,0.1,0.1,31.06402,542861.56,0.9,0.9,69.10061,0.63100475,0.63100475,1.0,127.6207,542895.8,1.666626,-400.25253,55.162033,55.184006,0.7010486,0.9,1.0,512.9645,1.0,67.68749,70.590904,67.84163,69.17147,70.54251
2018-01-02 17:57:00,0.5965003,0.5959329,68.49487,357730.44,0.1,0.1,31.027985,542650.7,0.9,0.9,69.08847,0.63055056,0.63055056,1.0,127.24251,542685.56,1.6633606,-400.25253,55.163353,55.184006,0.7005502,0.9,1.0,511.71494,1.0,67.680786,70.56377,67.8463,69.17032,70.52548
2018-01-02 17:58:00,0.59542084,0.59488714,68.482574,357730.44,0.1,0.1,30.992004,542487.3,0.9,0.9,69.07683,0.63013816,0.63013816,1.0,126.88343,542522.5,1.6602478,-400.25253,55.164562,55.184006,0.7000977,0.9,1.0,510.5597,1.0,67.67464,70.53691,67.85124,69.16943,70.50878
2018-01-02 17:59:00,0.59446806,0.5940771,68.47082,357730.44,0.1,0.1,30.956024,542364.94,0.9,0.9,69.065674,0.62976396,0.62976396,1.0,126.54313,542400.1,1.6572571,-400.25253,55.168022,55.184006,0.699687,0.9,1.0,509.49225,1.0,67.668976,70.510376,67.85635,69.16878,70.4923
2018-01-02 18:00:00,0.5937423,0.59338695,68.45956,357730.44,0.1,0.1,30.919989,542277.6,0.9,0.9,69.05507,0.62942445,0.62942445,1.0,126.221214,542312.5,1.6544495,-400.25253,55.170273,55.184006,0.69931453,0.9,1.0,508.50632,1.0,67.66376,70.484116,67.86168,69.16829,70.47604
2018-01-02 18:01:00,0.593065,0.59273314,68.44879,357730.44,0.1,0.1,30.956024,542220.25,0.9,0.9,69.04491,0.6291167,0.6291167,1.0,125.917175,542254.56,1.6517029,-400.25253,55.171593,55.184006,0.69897693,0.9,1.0,507.59616,1.0,67.65898,70.45813,67.86728,69.16806,70.46005
2018-01-02 18:02:00,0.59245163,0.59215325,68.4388,357730.44,0.1,0.1,30.992004,542188.4,0.9,0.9,69.032166,0.62883794,0.62883794,1.0,125.63048,542222.0,1.6491699,-400.25253,55.17286,55.184006,0.6986711,0.9,1.0,506.75647,1.0,67.58746,70.42764,67.86492,69.16296,70.43655
2018-01-02 18:03:00,0.5918508,0.59151804,68.42374,357730.44,0.1,0.1,31.027985,542178.0,0.9,0.9,69.01393,0.6285856,0.6285856,1.0,125.360504,542210.8,1.6467285,-400.25253,55.172585,55.184006,0.6983943,0.9,1.0,505.98215,1.0,67.564285,70.39743,67.86316,69.15813,70.41359
2018-01-02 18:04:00,0.5911853,0.5908352,68.4055,357730.44,0.1,0.1,31.06402,542185.7,0.9,0.9,68.993546,0.6283573,0.6283573,1.0,125.10662,542217.56,1.6444397,-400.25253,55.172035,55.184006,0.6981439,0.9,1.0,505.2685,1.0,67.51715,70.36755,67.86157,69.1535,70.39073
2018-01-02 18:05:00,0.5904963,0.590133,68.384735,357730.44,0.1,0.1,31.1,542208.5,0.9,0.9,68.970856,0.62815094,0.62815094,1.0,124.868195,542239.25,1.6422424,-400.25253,55.171593,55.184006,0.6979176,0.9,1.0,504.61115,1.0,67.49072,70.33789,67.860306,69.14906,70.3681
2018-01-02 18:06:00,0.58978134,0.58941114,68.36276,357730.44,0.1,0.1,31.136036,542243.56,0.9,0.9,68.94751,0.6279645,0.6279645,1.0,124.64453,542273.25,1.6401978,-400.25253,55.17121,55.184006,0.69771314,0.9,1.0,504.00595,1.0,67.45639,70.3085,67.859314,69.14483,70.34569
2018-01-02 18:07:00,0.58906096,0.5886906,68.34008,357730.44,0.1,0.1,31.172016,542288.8,0.9,0.9,68.923615,0.62779623,0.62779623,1.0,124.43497,542317.4,1.6382751,-400.25253,55.171097,55.184006,0.69752866,0.9,1.0,503.44913,1.0,67.43167,70.27944,67.85855,69.14076,70.32344
2018-01-02 18:08:00,0.5883411,0.5879739,68.31728,357730.44,0.1,0.1,31.207996,542342.2,0.9,0.9,68.89995,0.62764454,0.62764454,1.0,124.23884,542369.56,1.6364441,-400.25253,55.171097,55.184006,0.69736236,0.9,1.0,502.93707,1.0,67.40509,70.2506,67.85811,69.13692,70.30136
2018-01-02 18:09:00,0.58763164,0.5872719,68.29476,357730.44,0.1,0.1,31.24403,542402.0,0.9,0.9,68.87671,0.6275079,0.6275079,1.0,124.05548,542428.2,1.6347351,-400.25253,55.171318,55.184006,0.6972126,0.9,1.0,502.46655,1.0,67.3835,70.22204,67.85794,69.13329,70.279495
2018-01-02 18:10:00,0.58693767,0.58658737,68.27284,357730.44,0.1,0.1,31.28001,542466.75,0.9,0.9,68.85419,0.6273849,0.6273849,1.0,123.88423,542491.7,1.6331177,-400.25253,55.17154,55.184006,0.6970778,0.9,1.0,502.0344,1.0,67.36224,70.19375,67.858055,69.12984,70.25786
2018-01-02 18:11:00,0.58626395,0.5859251,68.25164,357730.44,0.1,0.1,31.31599,542535.06,0.9,0.9,68.83249,0.6272744,0.6272744,1.0,123.72445,542558.75,1.6316223,-400.25253,55.17192,55.184006,0.69695663,0.9,1.0,501.6378,1.0,67.343895,70.16573,67.858444,69.12659,70.23632
2018-01-02 18:12:00,0.585613,0.58528644,68.23137,357730.44,0.1,0.1,31.352026,542605.8,0.9,0.9,68.81178,0.6271751,0.6271751,1.0,123.57552,542628.44,1.6302185,-400.25253,55.17231,55.184006,0.69684786,0.9,1.0,501.27396,1.0,67.32654,70.13799,67.8591,69.12352,70.21506
2018-01-02 18:13:00,0.58498675,0.5846732,68.212036,357730.44,0.1,0.1,31.388006,542678.25,0.9,0.9,68.79201,0.62708604,0.62708604,1.0,123.43683,542699.7,1.6288757,-400.25253,55.172745,55.184006,0.6967502,0.9,1.0,500.94046,1.0,67.31116,70.11053,67.86009,69.12066,70.19391
2018-01-02 18:14:00,0.58438593,0.58408564,68.19374,357730.44,0.1,0.1,31.423986,542751.44,0.9,0.9,68.77333,0.62700623,0.62700623,1.0,123.307785,542771.7,1.627655,-400.25253,55.173187,55.184006,0.69666284,0.9,1.0,500.63495,1.0,67.29693,70.083336,67.8613,69.11803,70.17299
2018-01-02 18:15:00,0.5838109,0.5835239,68.17644,357730.44,0.1,0.1,31.460022,542824.7,0.9,0.9,68.75569,0.6269348,0.6269348,1.0,123.18783,542843.9,1.6265259,-400.25253,55.173683,55.184006,0.69658464,0.9,1.0,500.3553,1.0,67.284134,70.05642,67.86284,69.115555,70.152275
2018-01-02 18:16:00,0.58326155,0.58298755,68.16018,357730.44,0.1,0.1,31.496002,542897.5,0.9,0.9,68.739044,0.626871,0.626871,1.0,123.07641,542915.6,1.6254578,-400.25253,55.174118,55.184006,0.6965148,0.9,1.0,500.09943,1.0,67.27243,70.02978,67.86465,69.1133,70.13173
2018-01-02 18:17:00,0.5827373,0.582476,68.14485,357730.44,0.1,0.1,31.532038,542969.3,0.9,0.9,68.72345,0.62681407,0.62681407,1.0,122.973015,542986.44,1.6244507,-400.25253,55.17456,55.184006,0.69645244,0.9,1.0,499.8655,1.0,67.26189,70.00341,67.86673,69.111206,70.111404
2018-01-02 18:18:00,0.5822375,0.58198845,68.13057,357730.44,0.1,0.1,31.568018,543039.9,0.9,0.9,68.708786,0.6267634,0.6267634,1.0,122.877144,543055.94,1.6235046,-400.25253,55.175,55.184006,0.69639695,0.9,1.0,499.65186,1.0,67.25227,69.97737,67.869156,69.1094,70.09125
2018-01-02 18:19:00,0.5817612,0.5815239,68.11717,357730.44,0.1,0.1,31.603998,543108.75,0.9,0.9,68.69505,0.6267183,0.6267183,1.0,122.788315,543123.8,1.6226807,-400.25253,55.175438,55.184006,0.6963476,0.9,1.0,499.45682,1.0,67.243645,69.95166,67.87179,69.10775,70.07125
2018-01-02 18:20:00,0.58130735,0.58108133,68.1047,357730.44,0.1,0.1,31.640034,543175.7,0.9,0.9,68.68219,0.6266782,0.6266782,1.0,122.706085,543189.9,1.6218567,-400.25253,55.175823,55.184006,0.6963038,0.9,1.0,499.2789,1.0,67.235794,69.92623,67.874756,69.10626,70.05153
2018-01-02 18:21:00,0.5808751,0.5806599,68.09305,357730.44,0.1,0.1,31.676014,543240.56,0.9,0.9,68.670166,0.6266427,0.6266427,1.0,122.630005,543253.9,1.6210938,-400.25253,55.17621,55.184006,0.6962649,0.9,1.0,499.11667,1.0,67.22876,69.90112,67.87799,69.10506,70.031975
2018-01-02 18:22:00,0.5804633,0.5802583,68.08218,357730.44,0.1,0.1,31.711994,543303.1,0.9,0.9,68.65896,0.6266113,0.6266113,1.0,122.55969,543315.6,1.6204224,-400.25253,55.17659,55.184006,0.6962306,0.9,1.0,498.96896,1.0,67.222496,69.8763,67.881516,69.10402,70.012634
2018-01-02 18:23:00,0.58007103,0.57987565,68.07213,357730.44,0.1,0.1,31.748028,543363.4,0.9,0.9,68.64852,0.6265836,0.6265836,1.0,122.49474,543375.06,1.6197815,-400.25253,55.17698,55.184006,0.6962003,0.9,1.0,498.83453,1.0,67.21689,69.85185,67.88536,69.103195,69.99347
2018-01-02 18:24:00,0.5796972,0.579511,68.06279,357730.44,0.1,0.1,31.784008,543421.2,0.9,0.9,68.638794,0.6265592,0.6265592,1.0,122.43479,543432.06,1.6191711,-400.25253,55.177307,55.184006,0.69617367,0.9,1.0,498.71225,1.0,67.2119,69.82768,67.88942,69.10253,69.97452
2018-01-02 18:25:00,0.57934076,0.57916325,68.05411,357730.44,0.1,0.1,31.819988,543476.5,0.9,0.9,68.62973,0.6265378,0.6265378,1.0,122.37952,543486.75,1.6186218,-400.25253,55.17758,55.184006,0.69615024,0.9,1.0,498.60114,1.0,67.207504,69.80385,67.893814,69.10214,69.95578
2018-01-02 18:26:00,0.5793452,0.58003324,68.04027,357730.44,0.1,0.1,31.856024,546602.75,0.9,0.9,68.621445,0.6278579,0.6278579,1.0,122.00357,546814.0,1.6116333,-400.25253,55.19461,55.184006,0.6978211,0.9,1.0,499.93027,1.0,67.204254,69.7767,67.8998,69.103134,69.93843
2018-01-02 18:27:00,0.5807201,0.5812465,68.033066,357730.44,0.1,0.1,31.892004,549396.25,0.9,0.9,68.615616,0.62895757,0.62895757,1.0,121.565186,549586.8,1.6072998,-400.25253,55.200542,55.184006,0.6989802,0.9,1.0,501.0183,1.0,67.20239,69.73754,67.90689,69.10533,69.92211
2018-01-02 18:28:00,0.5816586,0.58214307,68.02933,357730.44,0.1,0.1,31.927984,551805.4,0.9,0.9,68.61089,0.6299222,0.6299222,1.0,121.19435,551975.6,1.6036682,-400.25253,55.200542,55.184006,0.7000505,0.9,1.0,501.9804,1.0,67.20058,69.6903,67.91403,69.10775,69.90591
2018-01-02 18:29:00,0.58263016,0.58313364,68.025986,357730.44,0.1,0.1,31.96402,554089.5,0.9,0.9,68.60655,0.63087153,0.63087153,1.0,120.87425,554246.9,1.6004944,-400.25253,55.20131,55.184006,0.7011019,0.9,1.0,502.97733,1.0,67.19937,69.63619,67.92145,69.11034,69.88992
2018-01-02 18:30:00,0.58358014,0.5840451,68.02285,357730.44,0.1,0.1,32.0,556234.44,0.9,0.9,68.60238,0.6317905,0.6317905,1.0,120.59829,556379.44,1.5977478,-400.25253,55.200706,55.184006,0.70211774,0.9,1.0,503.98425,1.0,67.198105,69.576096,67.92897,69.11313,69.87416
2018-01-02 18:31:00,0.5844619,0.0,68.019714,357730.44,0.1,0.1,32.036034,558227.7,0.9,0.9,68.5981,0.63266975,0.63266975,1.0,120.365005,558360.2,1.595459,-400.25253,55.19972,55.184006,0.7030885,0.9,1.0,504.9878,1.0,67.19711,69.51083,67.93661,69.11599,69.858505
2018-01-02 18:32:00,0.1,0.0,68.01631,357730.44,0.1,0.1,32.072014,560063.44,0.9,0.9,68.59354,0.6335038,0.6335038,1.0,120.17333,560183.1,1.5935364,-400.25253,60.85482,55.184006,0.7040086,0.9,1.0,505.98004,1.0,67.204094,69.441895,67.94457,69.11896,69.84296
2018-01-02 18:33:00,0.1,0.0,67.99049,357730.44,0.14094265,0.14094265,32.107994,561099.0,0.88665956,0.85905737,68.59288,0.63451093,0.63451093,1.0,120.68693,561313.4,1.5905151,-400.25253,62.500793,55.184006,0.7052563,0.9,1.0,508.04712,1.0,67.285995,69.38043,67.95836,69.12643,69.830215
2018-01-02 18:34:00,0.1,0.0,67.75259,357730.44,0.19830331,0.19830331,32.14403,559888.6,0.83020544,0.80169666,68.61183,0.636508,0.636508,1.0,123.71036,560522.8,1.5838928,-400.25253,63.15915,55.184006,0.7075352,0.9,1.0,515.13214,1.0,67.43057,69.34071,67.989456,69.1523,69.82922
2018-01-02 18:35:00,0.1,0.0,67.39943,357730.44,0.24756294,0.24756294,32.18001,557932.0,0.7773976,0.75243706,68.65637,0.63873136,0.63873136,1.0,127.45485,558830.25,1.5770264,-400.25253,63.354263,55.184006,0.710038,0.9,1.0,523.7971,1.0,67.62317,69.32237,68.03763,69.19954,69.84125
2018-01-02 18:36:00,0.1,0.0,66.97189,357730.44,0.2905243,0.2905243,32.215992,555496.75,0.73114717,0.7094757,68.727844,0.6412158,0.6412158,1.0,131.80077,556590.94,1.5697021,-400.25253,63.28225,55.184006,0.7128346,0.9,1.0,533.753,1.0,67.845856,69.32204,68.09964,69.265015,69.86421
2018-01-02 18:37:00,0.1,0.0,66.48004,357730.44,0.32734764,0.32734764,32.252026,552885.4,0.69121283,0.67265236,68.82497,0.64391154,0.64391154,1.0,136.49309,554114.8,1.5622253,-400.25253,63.038025,55.184006,0.715853,0.9,1.0,544.5417,1.0,68.08453,69.33615,68.17232,69.345,69.895905
2018-01-02 18:38:00,0.1,0.0,65.94424,357730.44,0.3588681,0.3588681,32.288006,550388.6,0.6570104,0.64113194,68.944214,0.64673626,0.64673626,1.0,141.24646,551688.5,1.5549622,-400.25253,62.685143,55.184006,0.7190048,0.9,1.0,555.6414,1.0,68.32607,69.36066,68.25241,69.43547,69.93392
2018-01-02 18:39:00,0.1,0.0,65.383545,357730.44,0.38595393,0.38595393,32.323986,548208.5,0.6276824,0.61404604,69.08078,0.6496314,0.6496314,1.0,145.86472,549523.2,1.5480957,-400.25253,62.267223,55.184006,0.72222805,0.9,1.0,566.70276,1.0,68.56134,69.39191,68.33706,69.53281,69.97606
2018-01-02 18:40:00,0.1,0.0,64.81358,357730.44,0.40937698,0.40937698,32.360023,546457.8,0.6024034,0.590623,69.22958,0.6525586,0.6525586,1.0,150.23956,547746.56,1.5417786,-400.25253,61.813873,55.184006,0.72548264,0.9,1.0,577.5324,1.0,68.782715,69.42674,68.42374,69.633835,70.020386
2018-01-02 18:41:00,0.1,0.0,64.24597,357730.44,0.42976996,0.42976996,32.396004,545180.1,0.5804703,0.57023007,69.385544,0.65549284,0.65549284,1.0,154.32774,546416.3,1.5360413,-400.25253,61.345306,55.184006,0.72874206,0.9,1.0,588.0427,1.0,68.985306,69.462555,68.51059,69.73595,70.06543
2018-01-02 18:42:00,0.1,0.0,63.689293,357730.44,0.44764158,0.44764158,32.432037,544371.94,0.5613128,0.5523584,69.54407,0.6584164,0.6584164,1.0,158.12589,545540.1,1.5309143,-400.25253,60.87498,55.184006,0.7319875,0.9,1.0,598.206,1.0,69.16559,69.497215,68.59601,69.83713,70.11009
2018-01-02 18:43:00,0.1,0.0,63.14926,357730.44,0.46339637,0.46339637,32.468018,544000.94,0.54447436,0.5366036,69.70123,0.66131574,0.66131574,1.0,161.65312,545094.0,1.5263367,-400.25253,60.412018,55.184006,0.7352044,0.9,1.0,608.0248,1.0,69.32187,69.529236,68.67901,69.935684,70.15337
2018-01-02 18:44:00,0.1,0.0,62.62999,357730.44,0.4773578,0.4773578,32.503998,544023.0,0.52959013,0.5226422,69.8535,0.6641809,0.6641809,1.0,164.95264,545037.7,1.5223999,-400.25253,59.96251,55.184006,0.738382,0.9,1.0,617.51483,1.0,69.45305,69.55731,68.758606,70.03044,70.19473
2018-01-02 18:45:00,0.1,0.0,62.133682,357730.44,0.489775,0.489775,32.54003,544386.0,0.5163749,0.510225,69.99814,0.6670019,0.6670019,1.0,168.05043,545323.5,1.519043,-400.25253,59.530197,55.184006,0.7415091,0.9,1.0,626.69037,1.0,69.55984,69.5806,68.834305,70.12047,70.23369
2018-01-02 18:46:00,0.1,0.0,61.66166,357730.44,0.50085574,0.50085574,32.57601,545036.8,0.50460106,0.49914426,70.13305,0.66976947,0.66976947,1.0,170.96327,545900.25,1.5161743,-400.25253,59.117332,55.184006,0.7445757,0.9,1.0,635.5618,1.0,69.64256,69.59845,68.905655,70.205124,70.26983
2018-01-02 18:47:00,0.1,0.0,61.214622,357730.44,0.5107706,0.5107706,32.61199,545922.7,0.49407724,0.48922935,70.256485,0.67247576,0.67247576,1.0,173.70833,546716.5,1.5138855,-400.25253,58.72512,55.184006,0.74757314,0.9,1.0,644.13995,1.0,69.7025,69.610596,68.97234,70.28395,70.30295
2018-01-02 18:48:00,0.1,0.0,60.792583,357730.44,0.51966333,0.51966333,32.64803,546995.8,0.4846471,0.48033664,70.367386,0.6751138,0.6751138,1.0,176.30019,547724.6,1.512085,-400.25253,58.35411,55.184006,0.7504939,0.9,1.0,652.4313,1.0,69.74089,69.61669,69.03436,70.356674,70.333
2018-01-02 18:49:00,0.1,0.0,60.39521,357730.44,0.5276531,0.5276531,32.68401,548212.44,0.47617728,0.47234687,70.465,0.677678,0.677678,1.0,178.75241,548881.3,1.5108032,-400.25253,58.004417,55.184006,0.7533319,0.9,1.0,660.44183,1.0,69.75946,69.616745,69.09149,70.42309,70.35986
2018-01-02 18:50:00,0.1,0.0,60.02211,357730.44,0.5348499,0.5348499,32.71999,549537.6,0.4685685,0.4651501,70.548935,0.6801626,0.6801626,1.0,181.0735,550150.1,1.5099487,-400.25253,57.675323,55.184006,0.756081,0.9,1.0,668.17035,1.0,69.75995,69.6107,69.143845,70.483185,70.383484
2018-01-02 18:51:00,0.1,0.0,59.67209,357730.44,0.541323,0.541323,32.756023,550936.44,0.46171725,0.45867702,70.61908,0.6825647,0.6825647,1.0,183.27539,551496.9,1.509552,-400.25253,57.366554,55.184006,0.75873774,0.9,1.0,675.6236,1.0,69.74429,69.59884,69.19152,70.53696,70.403915
2018-01-02 18:52:00,0.1,0.0,59.34442,357730.44,0.5471571,0.5471571,32.792004,552379.6,0.4555388,0.45284286,70.67577,0.68488157,0.68488157,1.0,185.36736,552892.4,1.509552,-400.25253,57.077393,55.184006,0.7612995,0.9,1.0,682.8044,1.0,69.71425,69.58126,69.23453,70.58453,70.42122
2018-01-02 18:53:00,0.1,0.0,59.038124,357730.44,0.5524213,0.5524213,32.827984,553844.5,0.44996837,0.44757873,70.71933,0.68711054,0.68711054,1.0,187.35527,554313.25,1.5099182,-400.25253,56.806908,55.184006,0.7637634,0.9,1.0,689.7121,1.0,69.67168,69.55819,69.27315,70.62601,70.4355
2018-01-02 18:54:00,0.1,0.0,58.752205,357730.44,0.55717266,0.55717266,32.86402,555311.2,0.44494393,0.44282734,70.75048,0.6892502,0.6892502,1.0,189.2455,555739.1,1.5106506,-400.25253,56.554222,55.184006,0.76612794,0.9,1.0,696.34827,1.0,69.61834,69.530014,69.30748,70.66165,70.44676
2018-01-02 18:55:00,0.1,0.0,58.48551,357730.44,0.56145936,0.56145936,32.9,556762.6,0.44040936,0.43854067,70.76993,0.69129956,0.69129956,1.0,191.0438,557152.94,1.5116882,-400.25253,56.31846,55.184006,0.7683922,0.9,1.0,702.7152,1.0,69.55594,69.496994,69.33775,70.69165,70.45522
2018-01-02 18:56:00,0.1,0.0,58.24469,357730.44,0.5657683,0.5657683,32.936035,555807.25,0.43616617,0.43423167,70.77795,0.69084495,0.69084495,1.0,190.95381,555548.6,1.525116,-400.25253,56.119987,55.184006,0.76742876,0.9,1.0,702.11285,1.0,69.48584,69.45827,69.361694,70.71489,70.45627
2018-01-02 18:57:00,0.1,0.0,58.007607,357730.44,0.56894433,0.56894433,32.972015,554633.2,0.4325719,0.43105567,70.77174,0.6906684,0.6906684,1.0,191.32431,554518.7,1.5333862,-400.25253,55.96788,55.184006,0.767437,0.9,1.0,702.0727,1.0,69.408226,69.413055,69.3795,70.74197,70.45193
2018-01-02 18:58:00,0.1,0.0,57.789253,357730.44,0.5719202,0.5719202,33.007996,554066.4,0.42925927,0.42807978,70.75609,0.69089013,0.69089013,1.0,191.88373,554018.94,1.539978,-400.25253,55.833687,55.184006,0.76768124,0.9,1.0,703.14215,1.0,69.328186,69.36522,69.39526,70.77284,70.44693
2018-01-02 18:59:00,0.1,0.0,57.58864,357730.44,0.5747261,0.5747261,33.04403,553631.75,0.4262806,0.4252739,70.73235,0.69111824,0.69111824,1.0,192.3821,553602.2,1.5458984,-400.25253,55.71135,55.184006,0.7679379,0.9,1.0,704.18085,1.0,69.244804,69.314514,69.408226,70.80541,70.43996
2018-01-02 19:00:00,0.1,0.0,57.403027,357730.44,0.5772855,0.5772855,33.08001,553293.7,0.4236217,0.42271447,70.701645,0.6913591,0.6913591,1.0,192.84712,553271.75,1.551178,-400.25253,55.598907,55.184006,0.7682079,0.9,1.0,705.2134,1.0,69.16087,69.2614,69.41866,70.839195,70.43111
2018-01-02 19:01:00,0.1,0.0,57.230377,357730.44,0.57957196,0.57957196,33.09501,553024.4,0.42123216,0.42042804,70.66528,0.6916054,0.6916054,1.0,193.28415,553006.44,1.5559998,-400.25253,55.495525,55.184006,0.768482,0.9,1.0,706.2278,1.0,69.07649,69.20619,69.42685,70.87392,70.42067
2018-01-02 19:02:00,0.1,0.0,57.070747,357730.44,0.5816426,0.5816426,33.110004,552818.94,0.41917816,0.41835734,70.62419,0.6918466,0.6918466,1.0,193.68315,552801.75,1.5603333,-400.25253,55.400986,55.184006,0.7687515,0.9,1.0,707.18835,1.0,68.9931,69.14928,69.433,70.90918,70.40875
2018-01-02 19:03:00,0.1,0.0,56.921608,357730.44,0.58342993,0.58342993,33.125,552651.25,0.41734883,0.41657004,70.57942,0.69207984,0.69207984,1.0,194.05325,552633.4,1.5643005,-400.25253,55.33287,55.184006,0.76900953,0.9,1.0,708.1015,1.0,68.91082,69.09105,69.43729,70.94478,70.39546
2018-01-02 19:04:00,0.1,0.0,56.782574,357730.44,0.58497804,0.58497804,33.139996,552505.7,0.41569245,0.415022,70.531906,0.69230276,0.69230276,1.0,194.3995,552487.8,1.5679626,-400.25253,55.27256,55.184006,0.7692548,0.9,1.0,708.96576,1.0,68.830894,69.03189,69.43997,70.98053,70.38101
2018-01-02 19:05:00,0.1,0.0,56.653923,357730.44,0.58636224,0.58636224,33.15499,552375.44,0.41419476,0.4136378,70.48236,0.69251245,0.69251245,1.0,194.72195,552358.0,1.5713196,-400.25253,55.218452,55.184006,0.7694853,0.9,1.0,709.7747,1.0,68.7536,68.97207,69.441345,71.01635,70.36557
2018-01-02 19:06:00,0.1,0.0,56.53527,357730.44,0.5876204,0.5876204,33.16999,552257.3,0.41285047,0.41237965,70.4316,0.6927068,0.6927068,1.0,195.01958,552240.0,1.5744019,-400.25253,55.16945,55.184006,0.76969904,0.9,1.0,710.523,1.0,68.67956,68.91197,69.44146,71.052055,70.349205
2018-01-02 19:07:00,0.1,0.0,56.425957,357730.44,0.5887602,0.5887602,33.184986,552148.2,0.41164827,0.41123977,70.38024,0.6928851,0.6928851,1.0,195.29279,552130.7,1.5772705,-400.25253,55.124737,55.184006,0.769895,0.9,1.0,711.2098,1.0,68.60897,68.85182,69.440636,71.08754,70.33218
2018-01-02 19:08:00,0.1,0.0,56.324993,357730.44,0.5897837,0.5897837,33.200035,552045.2,0.41057196,0.41021627,70.32883,0.6930473,0.6930473,1.0,195.5431,552027.1,1.579956,-400.25253,55.088593,55.184006,0.77007306,0.9,1.0,711.83673,1.0,68.54201,68.79184,69.43887,71.12276,70.314545
2018-01-02 19:09:00,0.1,0.0,56.231827,357730.44,0.5906994,0.5906994,33.215034,551945.56,0.40960532,0.40930063,70.277794,0.6931938,0.6931938,1.0,195.7723,551927.1,1.582428,-400.25253,55.057938,55.184006,0.77023363,0.9,1.0,712.4066,1.0,68.47873,68.73224,69.43646,71.15764,70.29636
2018-01-02 19:10:00,0.1,0.0,56.145916,357730.44,0.59152067,0.59152067,33.23003,551847.8,0.40873557,0.40847933,70.227585,0.6933252,0.6933252,1.0,195.98186,551829.0,1.5847473,-400.25253,55.03053,55.184006,0.77037746,0.9,1.0,712.92224,1.0,68.41918,68.67319,69.43344,71.19208,70.27785
2018-01-02 19:11:00,0.1,0.0,56.066814,357730.44,0.5922627,0.5922627,33.245026,551751.1,0.40795347,0.40773734,70.17859,0.69344205,0.69344205,1.0,196.17291,551732.0,1.5868835,-400.25253,55.005646,55.184006,0.7705053,0.9,1.0,713.386,1.0,68.36343,68.61485,69.429924,71.22603,70.25896
2018-01-02 19:12:00,0.1,0.0,55.993973,357730.44,0.5929296,0.5929296,33.26002,551654.6,0.40724874,0.4070704,70.130905,0.69354516,0.69354516,1.0,196.34685,551635.3,1.5888977,-400.25253,54.983727,55.184006,0.770618,0.9,1.0,713.8012,1.0,68.31146,68.557335,69.425964,71.259476,70.23989
2018-01-02 19:13:00,0.1,0.0,55.926956,357730.44,0.59353155,0.59353155,33.275017,551558.1,0.40661252,0.40646845,70.08493,0.69363546,0.69363546,1.0,196.50493,551538.75,1.5907593,-400.25253,54.96472,55.184006,0.77071655,0.9,1.0,714.1712,1.0,68.26312,68.50081,69.4218,71.29233,70.22061
2018-01-02 19:14:00,0.1,0.0,55.865326,357730.44,0.59407616,0.59407616,33.290016,551461.4,0.4060374,0.40592384,70.04065,0.69371384,0.69371384,1.0,196.64828,551442.06,1.5924988,-400.25253,54.947525,55.184006,0.77080196,0.9,1.0,714.499,1.0,68.21835,68.44533,69.41729,71.32457,70.20128
2018-01-02 19:15:00,0.1,0.0,55.808693,357730.44,0.5945705,0.5945705,33.30501,551364.44,0.4055168,0.4054295,69.99831,0.6937811,0.6937811,1.0,196.77802,551345.25,1.5941467,-400.25253,54.931816,55.184006,0.7708752,0.9,1.0,714.7879,1.0,68.17688,68.39101,69.412674,71.356155,70.18182
2018-01-02 19:16:00,0.1,0.0,55.756668,357730.44,0.5950201,0.5950201,33.320007,551267.4,0.40504453,0.40497985,69.95793,0.6938382,0.6938382,1.0,196.89519,551248.5,1.5956421,-400.25253,54.91737,55.184006,0.77093726,0.9,1.0,715.0408,1.0,68.13864,68.33788,69.40795,71.387024,70.16244
2018-01-02 19:17:00,0.1,0.0,55.708992,357730.44,0.595434,0.595434,33.335003,551170.2,0.40461406,0.40456596,69.919586,0.69388604,0.69388604,1.0,197.00096,551151.75,1.5970154,-400.25253,54.90413,55.184006,0.7709893,0.9,1.0,715.261,1.0,68.103485,68.28597,69.40312,71.41724,70.14305
2018-01-02 19:18:00,0.1,0.0,55.66532,357730.44,0.59581393,0.59581393,33.35,551074.1,0.40422717,0.40418604,69.883224,0.69392514,0.69392514,1.0,197.09534,551055.8,1.5983276,-400.25253,54.891884,55.184006,0.7710317,0.9,1.0,715.4499,1.0,68.07114,68.23538,69.398285,71.446686,70.12371
2018-01-02 19:19:00,0.1,0.0,55.625053,357730.44,0.5961515,0.5961515,33.364998,550978.3,0.40387166,0.40384853,69.84883,0.69395673,0.69395673,1.0,197.18028,550960.44,1.5995483,-400.25253,54.880566,55.184006,0.7710657,0.9,1.0,715.6122,1.0,68.04153,68.18611,69.39345,71.47536,70.104485
2018-01-02 19:20:00,0.1,0.0,55.588028,357730.44,0.59645504,0.59645504,33.379993,550882.9,0.4035429,0.40354493,69.81642,0.69398165,0.69398165,1.0,197.25674,550865.7,1.600708,-400.25253,54.870186,55.184006,0.77109236,0.9,1.0,715.7505,1.0,68.01445,68.13815,69.38861,71.503265,70.08537
2018-01-02 19:21:00,0.1,0.0,55.55419,357730.44,0.5967408,0.5967408,33.39499,550788.56,0.40324134,0.40325922,69.785934,0.69400036,0.69400036,1.0,197.32503,550772.06,1.6017151,-400.25253,54.860626,55.184006,0.7711123,0.9,1.0,715.8662,1.0,67.98973,68.09163,69.383835,71.53035,70.06642
2018-01-02 19:22:00,0.1,0.0,55.523266,357730.44,0.59700614,0.59700614,33.409985,550695.9,0.40296623,0.40299386,69.75732,0.6940134,0.6940134,1.0,197.3855,550679.94,1.6026917,-400.25253,54.851727,55.184006,0.77112615,0.9,1.0,715.9613,1.0,67.96715,68.04642,69.379166,71.556656,70.04758
2018-01-02 19:23:00,0.1,0.0,55.49492,357730.44,0.5972502,0.5972502,33.425037,550604.6,0.4027109,0.40274978,69.730515,0.69402176,0.69402176,1.0,197.43938,550589.4,1.6035767,-400.25253,54.843544,55.184006,0.77113473,0.9,1.0,716.03864,1.0,67.94661,68.002525,69.37456,71.58209,70.02895
2018-01-02 19:24:00,0.1,0.0,55.46894,357730.44,0.5974774,0.5974774,33.440033,550515.25,0.40247515,0.4025226,69.70541,0.69402575,0.69402575,1.0,197.48703,550500.7,1.6044312,-400.25253,54.83596,55.184006,0.7711386,0.9,1.0,716.09985,1.0,67.92798,67.96007,69.369995,71.606705,70.0105
2018-01-02 19:25:00,0.1,0.0,55.445152,357730.44,0.597688,0.597688,33.45503,550427.94,0.40225646,0.40231198,69.6819,0.694026,0.694026,1.0,197.52904,550414.0,1.6051941,-400.25253,54.828987,55.184006,0.77113837,0.9,1.0,716.14667,1.0,67.911064,67.918976,69.3656,71.63043,69.9922
2018-01-02 19:26:00,0.1,0.0,55.4234,357730.44,0.5978827,0.5978827,33.470024,550342.6,0.40205127,0.40211728,69.65997,0.6940231,0.6940231,1.0,197.5662,550329.44,1.605896,-400.25253,54.822556,55.184006,0.77113473,0.9,1.0,716.1813,1.0,67.8958,67.87926,69.36131,71.6534,69.97414
2018-01-02 19:27:00,0.1,0.0,55.40368,357730.44,0.59807694,0.59807694,33.485023,550259.75,0.40186167,0.4019231,69.63954,0.6940173,0.6940173,1.0,197.59856,550247.3,1.6065369,-400.25253,54.816628,55.184006,0.77112806,0.9,1.0,716.2043,1.0,67.882,67.840866,69.35719,71.675415,69.95628
2018-01-02 19:28:00,0.1,0.0,55.385387,357730.44,0.5982454,0.5982454,33.50002,550179.6,0.4016839,0.40175465,69.62048,0.6940092,0.6940092,1.0,197.62674,550167.8,1.6071472,-400.25253,54.811134,55.184006,0.77111864,0.9,1.0,716.2178,1.0,67.869644,67.80383,69.35318,71.69656,69.938644
2018-01-02 19:29:00,0.1,0.0,55.368744,357730.44,0.5984052,0.5984052,33.515015,550101.6,0.4015145,0.40159482,69.6028,0.6939992,0.6939992,1.0,197.65155,550090.56,1.6076965,-400.25253,54.806076,55.184006,0.77110726,0.9,1.0,716.22345,1.0,67.85849,67.76819,69.34929,71.71689,69.921234
2018-01-02 19:30:00,0.1,0.0,55.353527,357730.44,0.59855866,0.59855866,33.53001,550026.25,0.40135404,0.4014413,69.58632,0.6939876,0.6939876,1.0,197.67319,550016.0,1.6081848,-400.25253,54.801464,55.184006,0.77109414,0.9,1.0,716.22205,1.0,67.8486,67.733795,69.34555,71.73639,69.903984
2018-01-02 19:31:00,0.1,0.0,55.339794,357730.44,0.5987158,0.5987158,33.545006,549953.7,0.40120348,0.40128422,69.570984,0.6939746,0.6939746,1.0,197.69173,549944.1,1.6086731,-400.25253,54.797234,55.184006,0.7710797,0.9,1.0,716.2142,1.0,67.83977,67.70073,69.34198,71.75496,69.88707
2018-01-02 19:32:00,0.1,0.0,55.32705,357730.44,0.59885234,0.59885234,33.560005,549884.1,0.40106076,0.4011477,69.55676,0.6939606,0.6939606,1.0,197.70753,549875.1,1.6090698,-400.25253,54.79328,55.184006,0.7710639,0.9,1.0,716.20123,1.0,67.83191,67.668976,69.33858,71.772705,69.870316
2018-01-02 19:33:00,0.1,0.0,55.315407,357730.44,0.5989824,0.5989824,33.575,549817.1,0.40092313,0.40101764,69.54358,0.6939459,0.6939459,1.0,197.72127,549808.9,1.6094971,-400.25253,54.78971,55.184006,0.7710474,0.9,1.0,716.1844,1.0,67.82504,67.63855,69.33533,71.789566,69.853775
2018-01-02 19:34:00,0.1,0.0,55.304855,357730.44,0.59911,0.59911,33.589996,549752.8,0.4007907,0.40089,69.53139,0.6939306,0.6939306,1.0,197.73311,549745.25,1.6098328,-400.25253,54.78647,55.184006,0.7710305,0.9,1.0,716.16437,1.0,67.81905,67.60933,69.33226,71.8056,69.83752
2018-01-02 19:35:00,0.1,0.0,55.29519,357730.44,0.5992343,0.5992343,33.604992,549691.25,0.40066352,0.4007657,69.52013,0.69391507,0.69391507,1.0,197.74318,549684.44,1.6101379,-400.25253,54.7835,55.184006,0.77101314,0.9,1.0,716.14154,1.0,67.813835,67.58136,69.329285,71.82077,69.82153
2018-01-02 19:36:00,0.1,0.0,55.286453,357730.44,0.59935546,0.59935546,33.619987,549632.56,0.40054137,0.40064454,69.50969,0.69389933,0.69389933,1.0,197.75166,549626.3,1.6104126,-400.25253,54.780754,55.184006,0.7709956,0.9,1.0,716.11664,1.0,67.80939,67.55467,69.32654,71.835106,69.80571
2018-01-02 19:37:00,0.1,0.0,55.274094,357730.44,0.59922564,0.59922564,33.634987,550895.25,0.40049237,0.40077436,69.500565,0.69523734,0.69523734,1.0,198.81091,551288.7,1.6035767,-400.25253,54.778336,55.184006,0.77280664,0.9,1.0,719.9126,1.0,67.80592,67.52995,69.32539,71.8512,69.790665
2018-01-02 19:38:00,0.1,0.0,55.270416,357730.44,0.5995359,0.5995359,33.650036,552814.0,0.4003464,0.4004641,69.49573,0.69681007,0.69681007,1.0,199.84358,553144.44,1.5982666,-400.25253,54.780315,55.184006,0.7744156,0.9,1.0,724.49426,1.0,67.80455,67.50847,69.32677,71.86966,69.76918
2018-01-02 19:39:00,0.1,0.0,55.26542,357730.44,0.59973586,0.59973586,33.66503,554357.75,0.40021956,0.4002641,69.492325,0.69809556,0.69809556,1.0,200.69756,554641.5,1.5941772,-400.25253,54.780533,55.184006,0.7758452,0.9,1.0,728.2482,1.0,67.80285,67.4877,69.32764,71.88669,69.74123
2018-01-02 19:40:00,0.1,0.0,55.25981,357730.44,0.5998704,0.5998704,33.68003,555847.4,0.400082,0.40012965,69.4898,0.69937766,0.69937766,1.0,201.57611,556113.7,1.5904846,-400.25253,54.780922,55.184006,0.77726656,0.9,1.0,732.01605,1.0,67.80263,67.468094,69.32869,71.90311,69.70848
2018-01-02 19:41:00,0.1,0.0,55.25454,357730.44,0.599997,0.599997,33.695026,557279.3,0.39992857,0.40000302,69.48815,0.70063156,0.70063156,1.0,202.44922,557529.94,1.5872498,-400.25253,54.781578,55.184006,0.7786543,0.9,1.0,735.72516,1.0,67.802734,67.44964,69.32995,71.91882,69.67157
2018-01-02 19:42:00,0.1,0.0,55.24998,357730.44,0.60014015,0.60014015,33.710022,558644.6,0.3997741,0.39985985,69.48705,0.70184463,0.70184463,1.0,203.30528,558878.7,1.5845337,-400.25253,54.78235,55.184006,0.7799957,0.9,1.0,739.3358,1.0,67.80379,67.43239,69.33132,71.93376,69.63103
2018-01-02 19:43:00,0.1,0.0,55.246025,357730.44,0.6002907,0.6002907,33.725018,559936.56,0.39962336,0.39970928,69.48639,0.70300925,0.70300925,1.0,204.138,560153.25,1.5822754,-400.25253,54.783173,55.184006,0.7812824,0.9,1.0,742.82355,1.0,67.80532,67.416245,69.33275,71.94794,69.58746
2018-01-02 19:44:00,0.1,0.0,55.24229,357730.44,0.6004325,0.6004325,33.740013,561151.0,0.39947763,0.39956748,69.48607,0.7041206,0.7041206,1.0,204.94322,561350.0,1.5804443,-400.25253,54.783943,55.184006,0.7825092,0.9,1.0,746.1721,1.0,67.80757,67.40114,69.33423,71.96123,69.54132
2018-01-02 19:45:00,0.1,0.0,55.238884,357730.44,0.60057217,0.60057217,33.755013,562284.9,0.3993326,0.39942783,69.485954,0.7051756,0.7051756,1.0,205.71878,562466.44,1.579071,-400.25253,54.78471,55.184006,0.7836733,0.9,1.0,749.37103,1.0,67.81032,67.38713,69.33577,71.97365,69.493095
2018-01-02 19:46:00,0.1,0.0,55.235756,357730.44,0.6007116,0.6007116,33.770008,563338.2,0.39919028,0.39928842,69.485954,0.7061728,0.7061728,1.0,206.46254,563502.9,1.5780334,-400.25253,54.78559,55.184006,0.784773,0.9,1.0,752.4133,1.0,67.813614,67.37416,69.337364,71.98507,69.44322
2018-01-02 19:47:00,0.1,0.0,55.232952,357730.44,0.60084933,0.60084933,33.785004,564312.2,0.39905134,0.39915064,69.48607,0.70711195,0.70711195,1.0,207.1734,564460.8,1.5773621,-400.25253,54.786415,55.184006,0.7858082,0.9,1.0,755.2961,1.0,67.817406,67.36218,69.33896,71.99562,69.392075
2018-01-02 19:48:00,0.1,0.0,55.230316,357730.44,0.6009843,0.6009843,33.8,565209.25,0.39891565,0.39901572,69.48623,0.7079936,0.7079936,1.0,207.85089,565342.6,1.5769958,-400.25253,54.78724,55.184006,0.78677976,0.9,1.0,758.0191,1.0,67.82164,67.3512,69.340546,72.00512,69.34
2018-01-02 19:49:00,0.1,0.0,55.227898,357730.44,0.6011157,0.6011157,33.814995,566032.06,0.39878187,0.39888433,69.48645,0.7088192,0.7088192,1.0,208.49518,566151.25,1.5769043,-400.25253,54.788116,55.184006,0.78768915,0.9,1.0,760.5846,1.0,67.82631,67.3412,69.34219,72.01369,69.28738
2018-01-02 19:50:00,0.1,0.0,55.225647,357730.44,0.60124475,0.60124475,33.829994,566784.4,0.39865166,0.39875525,69.486725,0.70959026,0.70959026,1.0,209.10637,566890.3,1.5770264,-400.25253,54.788994,55.184006,0.7885383,0.9,1.0,762.9954,1.0,67.83125,67.33214,69.343796,72.02127,69.23442
2018-01-02 19:51:00,0.1,0.0,55.223557,357730.44,0.6013707,0.6013707,33.84499,567469.8,0.39852387,0.3986293,69.487,0.710309,0.710309,1.0,209.68517,567563.5,1.5773621,-400.25253,54.78993,55.184006,0.7893296,0.9,1.0,765.2564,1.0,67.83663,67.324066,69.34544,72.02786,69.18136
2018-01-02 19:52:00,0.1,0.0,55.221634,357730.44,0.6014927,0.6014927,33.859985,568092.1,0.39839688,0.3985073,69.48733,0.71097773,0.71097773,1.0,210.23257,568174.7,1.5779114,-400.25253,54.79081,55.184006,0.7900656,0.9,1.0,767.37305,1.0,67.84224,67.316864,69.34714,72.03352,69.12846
2018-01-02 19:53:00,0.1,0.0,55.219933,357730.44,0.60161847,0.60161847,33.87504,568655.44,0.39827353,0.39838153,69.48772,0.71159863,0.71159863,1.0,210.74908,568727.75,1.5785828,-400.25253,54.79174,55.184006,0.7907489,0.9,1.0,769.3503,1.0,67.84817,67.31061,69.34885,72.03819,69.075836
2018-01-02 19:54:00,0.1,0.0,55.218452,357730.44,0.6017479,0.6017479,33.890034,569163.6,0.39815295,0.39825213,69.48815,0.71217406,0.71217406,1.0,211.2358,569226.5,1.5793762,-400.25253,54.792732,55.184006,0.79138213,0.9,1.0,771.19403,1.0,67.85437,67.30528,69.3506,72.04198,69.023705
2018-01-02 19:55:00,0.1,0.0,55.216858,357730.44,0.6018615,0.6018615,33.90503,569620.75,0.39803374,0.3981385,69.48865,0.7127068,0.7127068,1.0,211.6939,569675.1,1.5802917,-400.25253,54.793663,55.184006,0.79196805,0.9,1.0,772.9117,1.0,67.86075,67.30083,69.352356,72.04483,68.97212
2018-01-02 19:56:00,0.1,0.0,55.21543,357730.44,0.60197574,0.60197574,33.920025,570029.8,0.39791352,0.3980243,69.48925,0.7131992,0.7131992,1.0,212.1249,570076.6,1.5812988,-400.25253,54.794598,55.184006,0.7925095,0.9,1.0,774.50934,1.0,67.86734,67.2972,69.35417,72.04687,68.92126
2018-01-02 19:57:00,0.1,0.0,55.21411,357730.44,0.60209185,0.60209185,33.93502,570394.7,0.39779404,0.39790815,69.489914,0.71365356,0.71365356,1.0,212.52962,570434.7,1.5823364,-400.25253,54.79564,55.184006,0.79300904,0.9,1.0,775.9928,1.0,67.8741,67.29451,69.356094,72.047966,68.871216
2018-01-02 19:58:00,0.1,0.0,55.21296,357730.44,0.60220784,0.60220784,33.95002,570718.9,0.39767545,0.39779213,69.49068,0.71407205,0.71407205,1.0,212.90916,570752.75,1.5834656,-400.25253,54.79663,55.184006,0.79346913,0.9,1.0,777.3682,1.0,67.88107,67.29265,69.35802,72.048294,68.82199
2018-01-02 19:59:00,0.1,0.0,55.212135,357730.44,0.60233545,0.60233545,33.965015,571005.75,0.39755994,0.39766458,69.49156,0.71445686,0.71445686,1.0,213.26434,571034.06,1.5845947,-400.25253,54.797676,55.184006,0.79389215,0.9,1.0,778.6407,1.0,67.88815,67.291595,69.36005,72.047806,68.77371
2018-01-02 20:00:00,0.1,0.0,55.21109,357730.44,0.6024475,0.6024475,33.98001,571258.5,0.39744604,0.39755246,69.492546,0.7148102,0.7148102,1.0,213.59639,571281.75,1.5857544,-400.25253,54.79866,55.184006,0.7942804,0.9,1.0,779.81714,1.0,67.89541,67.29138,69.36214,72.04648,68.72641
2018-01-02 20:01:00,0.1,0.0,55.210155,357730.44,0.6025585,0.6025585,33.998028,571479.2,0.3973292,0.3974415,69.4937,0.7151343,0.7151343,1.0,213.90712,571498.06,1.5869446,-400.25253,54.799706,55.184006,0.7946364,0.9,1.0,780.9038,1.0,67.90271,67.291985,69.36428,72.04445,68.68011
2018-01-02 20:02:00,0.1,0.0,55.208893,357730.44,0.60264915,0.60264915,34.01599,571669.75,0.39720058,0.39735085,69.49243,0.7154313,0.7154313,1.0,214.19807,571684.9,1.5881348,-400.25253,54.800804,55.184006,0.7949622,0.9,1.0,781.9073,1.0,67.85745,67.289185,69.360596,72.0378,68.628586
2018-01-02 20:03:00,0.1,0.0,55.2073,357730.44,0.6027147,0.6027147,34.034008,571838.75,0.3971093,0.39728528,69.4865,0.7157018,0.7157018,1.0,214.46579,571849.9,1.5892944,-400.25253,54.80168,55.184006,0.79525924,0.9,1.0,782.8255,1.0,67.84938,67.28726,69.35736,72.03044,68.57826
2018-01-02 20:04:00,0.1,0.0,55.20582,357730.44,0.6027781,0.6027781,34.052025,571985.94,0.39703855,0.39722192,69.4787,0.7159484,0.7159484,1.0,214.71353,571993.6,1.5904846,-400.25253,54.802345,55.184006,0.7955299,0.9,1.0,783.6666,1.0,67.822235,67.28606,69.35417,72.02231,68.5291
2018-01-02 20:05:00,0.1,0.0,55.204224,357730.44,0.60282505,0.60282505,34.06999,572113.4,0.39698815,0.39717492,69.468765,0.7161722,0.7161722,1.0,214.94182,572118.0,1.5916138,-400.25253,54.802895,55.184006,0.7957756,0.9,1.0,784.4346,1.0,67.81142,67.28572,69.35115,72.01358,68.481094
2018-01-02 20:06:00,0.1,0.0,55.20263,357730.44,0.6028647,0.6028647,34.088005,572221.75,0.3969483,0.39713532,69.45821,0.7163752,0.7163752,1.0,215.1526,572223.7,1.5927734,-400.25253,54.80333,55.184006,0.7959982,0.9,1.0,785.13544,1.0,67.79401,67.2861,69.348236,72.00424,68.434235
2018-01-02 20:07:00,0.1,0.0,55.201035,357730.44,0.602895,0.602895,34.106026,572312.4,0.39691508,0.39710498,69.44701,0.7165586,0.7165586,1.0,215.34708,572312.06,1.5938721,-400.25253,54.80372,55.184006,0.7961993,0.9,1.0,785.7736,1.0,67.784225,67.28726,69.34549,71.99429,68.388535
2018-01-02 20:08:00,0.1,0.0,55.199608,357730.44,0.60292476,0.60292476,34.123985,572386.4,0.3968835,0.39707524,69.43591,0.716724,0.716724,1.0,215.52663,572384.2,1.5949402,-400.25253,54.804153,55.184006,0.79638064,0.9,1.0,786.354,1.0,67.77264,67.289185,69.34291,71.98375,68.34398
2018-01-02 20:09:00,0.1,0.0,55.198288,357730.44,0.6029549,0.6029549,34.142006,572445.44,0.3968534,0.3970451,69.42493,0.7168727,0.7168727,1.0,215.69197,572441.75,1.5959778,-400.25253,54.804596,55.184006,0.79654354,0.9,1.0,786.8803,1.0,67.764946,67.29187,69.34044,71.97271,68.300644
2018-01-02 20:10:00,0.1,0.0,55.197136,357730.44,0.6029876,0.6029876,34.160023,572490.75,0.39682204,0.3970124,69.41438,0.71700597,0.71700597,1.0,215.84425,572485.8,1.5969849,-400.25253,54.80509,55.184006,0.79668957,0.9,1.0,787.3568,1.0,67.757256,67.29528,69.33819,71.961174,68.25845
2018-01-02 20:11:00,0.1,0.0,55.196205,357730.44,0.60302275,0.60302275,34.177986,572523.7,0.39678872,0.39697722,69.40438,0.71712506,0.71712506,1.0,215.98431,572517.7,1.597992,-400.25253,54.80564,55.184006,0.79682,0.9,1.0,787.7872,1.0,67.751816,67.29935,69.336044,71.94914,68.21742
2018-01-02 20:12:00,0.1,0.0,55.19538,357730.44,0.60306156,0.60306156,34.196003,572545.56,0.396752,0.3969384,69.39504,0.71723115,0.71723115,1.0,216.11305,572538.7,1.5989075,-400.25253,54.806244,55.184006,0.7969361,0.9,1.0,788.1751,1.0,67.74698,67.304184,69.33407,71.936615,68.177536
2018-01-02 20:13:00,0.1,0.0,55.194664,357730.44,0.6031047,0.6031047,34.21402,572557.4,0.39671132,0.3968953,69.38637,0.7173253,0.7173253,1.0,216.2313,572549.9,1.599823,-400.25253,54.8069,55.184006,0.7970391,0.9,1.0,788.524,1.0,67.74364,67.30968,69.33226,71.92366,68.138756
2018-01-02 20:14:00,0.1,0.0,55.194115,357730.44,0.6031519,0.6031519,34.232037,572560.44,0.3966668,0.39684805,69.3784,0.7174086,0.7174086,1.0,216.3397,572552.5,1.6006775,-400.25253,54.807617,55.184006,0.7971301,0.9,1.0,788.8368,1.0,67.74094,67.31583,69.33066,71.91025,68.10113
2018-01-02 20:15:00,0.1,0.0,55.193733,357730.44,0.60320365,0.60320365,34.25,572555.75,0.3966174,0.39679635,69.37109,0.717482,0.717482,1.0,216.43913,572547.5,1.601471,-400.25253,54.808388,55.184006,0.7972103,0.9,1.0,789.1168,1.0,67.73929,67.32269,69.32918,71.896515,68.0646
2018-01-02 20:16:00,0.1,0.0,55.19346,357730.44,0.6032602,0.6032602,34.268017,572544.2,0.39656338,0.39673978,69.3645,0.7175462,0.7175462,1.0,216.53018,572535.75,1.6022644,-400.25253,54.809155,55.184006,0.7972805,0.9,1.0,789.36676,1.0,67.738304,67.33016,69.327866,71.88235,68.02922
2018-01-02 20:17:00,0.1,0.0,55.193237,357730.44,0.60332143,0.60332143,34.286034,572526.8,0.3965046,0.39667857,69.35863,0.7176024,0.7176024,1.0,216.61353,572518.25,1.6029968,-400.25253,54.810036,55.184006,0.79734176,0.9,1.0,789.5893,1.0,67.73819,67.33824,69.326706,71.86779,67.99489
2018-01-02 20:18:00,0.1,0.0,55.193184,357730.44,0.6033875,0.6033875,34.303997,572504.3,0.3964412,0.39661252,69.35341,0.7176511,0.7176511,1.0,216.68973,572495.8,1.6036987,-400.25253,54.810966,55.184006,0.79739493,0.9,1.0,789.78687,1.0,67.73858,67.34697,69.325714,71.85296,67.9616
2018-01-02 20:19:00,0.1,0.0,55.193184,357730.44,0.603458,0.603458,34.322014,572477.5,0.39637324,0.396542,69.348785,0.71769315,0.71769315,1.0,216.75937,572469.1,1.6043701,-400.25253,54.8119,55.184006,0.79744077,0.9,1.0,789.9617,1.0,67.73968,67.35631,69.32489,71.83774,67.92941
2018-01-02 20:20:00,0.1,0.0,55.19329,357730.44,0.6035329,0.6035329,34.340034,572447.1,0.39630085,0.3964671,69.34478,0.7177292,0.7177292,1.0,216.82298,572438.9,1.60495,-400.25253,54.81289,55.184006,0.79748005,0.9,1.0,790.11597,1.0,67.74121,67.36626,69.32418,71.8222,67.89827
2018-01-02 20:21:00,0.1,0.0,55.1934,357730.44,0.603612,0.603612,34.357994,572413.7,0.396224,0.39638802,69.341324,0.71775997,0.71775997,1.0,216.88106,572405.7,1.6055603,-400.25253,54.813934,55.184006,0.7975134,0.9,1.0,790.25183,1.0,67.7433,67.37674,69.323685,71.80643,67.8681
2018-01-02 20:22:00,0.1,0.0,55.19362,357730.44,0.6036953,0.6036953,34.376015,572377.9,0.39614284,0.39630473,69.33846,0.7177859,0.7177859,1.0,216.9341,572370.25,1.6061401,-400.25253,54.81498,55.184006,0.7975417,0.9,1.0,790.37103,1.0,67.74577,67.38779,69.32336,71.79034,67.83899
2018-01-02 20:23:00,0.1,0.0,55.19384,357730.44,0.60378265,0.60378265,34.39403,572340.2,0.3960576,0.39621735,69.336044,0.71780765,0.71780765,1.0,216.98254,572332.8,1.6066284,-400.25253,54.81602,55.184006,0.7975652,0.9,1.0,790.47534,1.0,67.74874,67.39943,69.323135,71.77397,67.81087
2018-01-02 20:24:00,0.1,0.0,55.194168,357730.44,0.60387397,0.60387397,34.411995,572301.0,0.39596838,0.39612603,69.33418,0.7178256,0.7178256,1.0,217.0268,572294.06,1.6070862,-400.25253,54.81712,55.184006,0.7975847,0.9,1.0,790.5663,1.0,67.75198,67.411575,69.32308,71.757324,67.78374
2018-01-02 20:25:00,0.1,0.0,55.1945,357730.44,0.60396934,0.60396934,34.43001,572260.94,0.39587617,0.39603066,69.33275,0.71784025,0.71784025,1.0,217.06712,572254.3,1.6075745,-400.25253,54.81822,55.184006,0.79760057,0.9,1.0,790.64526,1.0,67.75561,67.424255,69.3232,71.74051,67.75753
2018-01-02 20:26:00,0.1,0.0,55.19483,357730.44,0.60406667,0.60406667,34.44803,572219.94,0.39577872,0.39593336,69.33176,0.7178521,0.7178521,1.0,217.1042,572213.9,1.6079712,-400.25253,54.819374,55.184006,0.7976133,0.9,1.0,790.7141,1.0,67.75957,67.43744,69.32347,71.723434,67.73226
2018-01-02 20:27:00,0.1,0.0,55.195213,357730.44,0.6041691,0.6041691,34.465992,572178.75,0.3956782,0.39583093,69.33116,0.7178615,0.7178615,1.0,217.13814,572173.06,1.6083679,-400.25253,54.820526,55.184006,0.79762346,0.9,1.0,790.7736,1.0,67.763794,67.451126,69.32385,71.70613,67.70793
2018-01-02 20:28:00,0.1,0.0,55.195656,357730.44,0.6042753,0.6042753,34.48401,572137.6,0.39557546,0.39572468,69.33093,0.7178687,0.7178687,1.0,217.1691,572132.4,1.6087341,-400.25253,54.82173,55.184006,0.79763114,0.9,1.0,790.8248,1.0,67.76824,67.465294,69.324455,71.6886,67.684525
2018-01-02 20:29:00,0.1,0.0,55.196037,357730.44,0.6043831,0.6043831,34.502026,572096.6,0.39546874,0.3956169,69.3311,0.71787405,0.71787405,1.0,217.19768,572091.8,1.6090698,-400.25253,54.822887,55.184006,0.79763687,0.9,1.0,790.8692,1.0,67.773026,67.479904,69.32512,71.67091,67.66206
2018-01-02 20:30:00,0.1,0.0,55.19648,357730.44,0.6044938,0.6044938,34.51999,572055.75,0.39535767,0.39550617,69.33165,0.717878,0.717878,1.0,217.22418,572051.56,1.6093445,-400.25253,54.824097,55.184006,0.79764104,0.9,1.0,790.90784,1.0,67.77797,67.49501,69.32599,71.65301,67.64041
2018-01-02 20:31:00,0.1,0.0,55.196915,357730.44,0.6046096,0.6046096,34.538006,572015.8,0.39524516,0.3953904,69.33247,0.7178806,0.7178806,1.0,217.24849,572012.0,1.6096497,-400.25253,54.825302,55.184006,0.7976438,0.9,1.0,790.94104,1.0,67.78307,67.51061,69.32693,71.634995,67.61965
2018-01-02 20:32:00,0.1,0.0,55.19741,357730.44,0.60472685,0.60472685,34.556023,571976.5,0.39512938,0.39527315,69.33363,0.71788216,0.71788216,1.0,217.2711,571973.2,1.6099243,-400.25253,54.826515,55.184006,0.7976454,0.9,1.0,790.9699,1.0,67.78841,67.526596,69.32808,71.61675,67.59976
2018-01-02 20:33:00,0.1,0.0,55.197853,357730.44,0.6048466,0.6048466,34.573986,571938.06,0.39501053,0.39515343,69.33511,0.71788293,0.71788293,1.0,217.29222,571935.25,1.6101379,-400.25253,54.82772,55.184006,0.79764616,0.9,1.0,790.9953,1.0,67.793945,67.54297,69.329285,71.598404,67.5807
2018-01-02 20:34:00,0.1,0.0,55.198288,357730.44,0.60496926,0.60496926,34.592003,571900.6,0.39488888,0.3950307,69.336815,0.7178831,0.7178831,1.0,217.31201,571898.25,1.6103516,-400.25253,54.828987,55.184006,0.7976463,0.9,1.0,791.0177,1.0,67.79961,67.55983,69.33066,71.579895,67.56241
2018-01-02 20:35:00,0.1,0.0,55.19873,357730.44,0.6050948,0.6050948,34.610023,571864.25,0.3947647,0.3949052,69.33885,0.7178829,0.7178829,1.0,217.33064,571862.3,1.6105957,-400.25253,54.830193,55.184006,0.7976459,0.9,1.0,791.0378,1.0,67.80548,67.57703,69.3322,71.56122,67.545
2018-01-02 20:36:00,0.1,0.0,55.199226,357730.44,0.6052228,0.6052228,34.627983,571829.06,0.394638,0.3947772,69.341095,0.7178823,0.7178823,1.0,217.34827,571827.6,1.6107788,-400.25253,54.83146,55.184006,0.7976453,0.9,1.0,791.056,1.0,67.81142,67.59466,69.33385,71.542435,67.52835
2018-01-02 20:37:00,0.1,0.0,55.19966,357730.44,0.6053531,0.6053531,34.646004,571795.06,0.3945089,0.39464685,69.34363,0.71788156,0.71788156,1.0,217.36505,571794.06,1.6109314,-400.25253,54.832718,55.184006,0.7976445,0.9,1.0,791.07306,1.0,67.81752,67.612625,69.3356,71.52353,67.51248
2018-01-02 20:38:00,0.1,0.0,55.200104,357730.44,0.60548574,0.60548574,34.66402,571762.4,0.39437744,0.39451426,69.34643,0.7178808,0.7178808,1.0,217.38115,571761.8,1.611084,-400.25253,54.83393,55.184006,0.79764366,0.9,1.0,791.0891,1.0,67.82372,67.63097,69.33748,71.50453,67.497375
2018-01-02 20:39:00,0.1,0.0,55.200542,357730.44,0.60562056,0.60562056,34.682037,571730.94,0.3942437,0.39437944,69.349396,0.71788013,0.71788013,1.0,217.39668,571730.8,1.611206,-400.25253,54.83519,55.184006,0.79764295,0.9,1.0,791.10474,1.0,67.83009,67.64964,69.33951,71.48541,67.48303
2018-01-02 20:40:00,0.1,0.0,55.20098,357730.44,0.6057576,0.6057576,34.7,571700.8,0.39410773,0.3942424,69.352585,0.7178796,0.7178796,1.0,217.41173,571701.06,1.6113281,-400.25253,54.836456,55.184006,0.7976424,0.9,1.0,791.1202,1.0,67.83652,67.668655,69.3416,71.46619,67.46941
2018-01-02 20:41:00,0.1,0.0,55.201424,357730.44,0.6058967,0.6058967,34.718018,571672.06,0.39396963,0.3941033,69.35599,0.71787935,0.71787935,1.0,217.42645,571672.6,1.6114197,-400.25253,54.83772,55.184006,0.7976421,0.9,1.0,791.1358,1.0,67.84306,67.68804,69.34384,71.4469,67.45656
2018-01-02 20:42:00,0.1,0.0,55.20186,357730.44,0.60603786,0.60603786,34.736034,571644.56,0.39382944,0.39396212,69.35961,0.7178794,0.7178794,1.0,217.44089,571645.56,1.6115112,-400.25253,54.83898,55.184006,0.79764223,0.9,1.0,791.15186,1.0,67.8497,67.7077,69.34615,71.42751,67.44437
2018-01-02 20:43:00,0.1,0.0,55.2023,357730.44,0.606181,0.606181,34.753998,571618.44,0.39368725,0.39381897,69.36346,0.71787983,0.71787983,1.0,217.45514,571619.75,1.6116333,-400.25253,54.84025,55.184006,0.79764277,0.9,1.0,791.16846,1.0,67.85646,67.727646,69.348625,71.408066,67.432884
2018-01-02 20:44:00,0.1,0.0,55.202682,357730.44,0.60632604,0.60632604,34.772015,571593.56,0.39354312,0.39367393,69.36742,0.71788067,0.71788067,1.0,217.46928,571595.2,1.6117249,-400.25253,54.841564,55.184006,0.7976438,0.9,1.0,791.18604,1.0,67.86327,67.74792,69.35115,71.388565,67.42212
2018-01-02 20:45:00,0.1,0.0,55.203125,357730.44,0.60647297,0.60647297,34.79003,571569.94,0.39339712,0.39352703,69.37158,0.71788204,0.71788204,1.0,217.4834,571571.94,1.6117859,-400.25253,54.842827,55.184006,0.79764533,0.9,1.0,791.2046,1.0,67.87014,67.76852,69.35379,71.36896,67.41201
2018-01-02 20:46:00,0.1,0.0,55.203506,357730.44,0.6066217,0.6066217,34.807995,571547.6,0.39324927,0.39337832,69.37598,0.7178838,0.7178838,1.0,217.49753,571549.9,1.6118469,-400.25253,54.844093,55.184006,0.7976475,0.9,1.0,791.2243,1.0,67.87712,67.78934,69.35654,71.34929,67.40256
2018-01-02 20:47:00,0.1,0.0,55.203896,357730.44,0.6067721,0.6067721,34.82601,571526.5,0.3930996,0.39322785,69.380486,0.7178862,0.7178862,1.0,217.51172,571529.1,1.6118774,-400.25253,54.845352,55.184006,0.79765016,0.9,1.0,791.2453,1.0,67.8842,67.81038,69.35934,71.32962,67.39377
2018-01-02 20:48:00,0.1,0.0,55.204277,357730.44,0.6069244,0.6069244,34.844032,571506.56,0.39294827,0.39307562,69.38521,0.71788913,0.71788913,1.0,217.52603,571509.44,1.6119385,-400.25253,54.84662,55.184006,0.7976535,0.9,1.0,791.2677,1.0,67.89129,67.83174,69.36224,71.309906,67.38564
2018-01-02 20:49:00,0.1,0.0,55.204662,357730.44,0.6070782,0.6070782,34.86199,571487.8,0.3927952,0.39292178,69.390045,0.7178926,0.7178926,1.0,217.5405,571490.94,1.611969,-400.25253,54.84788,55.184006,0.79765743,0.9,1.0,791.2916,1.0,67.89848,67.85327,69.365265,71.29013,67.37811
2018-01-02 20:50:00,0.1,0.0,55.204994,357730.44,0.60723364,0.60723364,34.880013,571470.1,0.39264047,0.39276636,69.39504,0.7178967,0.7178967,1.0,217.55515,571473.5,1.6119995,-400.25253,54.849144,55.184006,0.7976621,0.9,1.0,791.31696,1.0,67.90573,67.875084,69.36835,71.270294,67.3712
2018-01-02 20:51:00,0.1,0.0,55.205376,357730.44,0.6073907,0.6073907,34.89803,571453.56,0.39248416,0.39260933,69.40021,0.71790135,0.71790135,1.0,217.57,571457.2,1.61203,-400.25253,54.85041,55.184006,0.7976673,0.9,1.0,791.344,1.0,67.91304,67.89711,69.37154,71.25047,67.36488
2018-01-02 20:52:00,0.1,0.0,55.205704,357730.44,0.60754925,0.60754925,34.915993,571438.06,0.39232627,0.39245075,69.40553,0.7179066,0.7179066,1.0,217.58513,571441.9,1.61203,-400.25253,54.851727,55.184006,0.7976732,0.9,1.0,791.3726,1.0,67.9204,67.91936,69.37477,71.23064,67.35922
2018-01-02 20:53:00,0.1,0.0,55.206036,357730.44,0.60770935,0.60770935,34.93401,571423.5,0.39216688,0.39229068,69.41097,0.71791244,0.71791244,1.0,217.60051,571427.56,1.6120605,-400.25253,54.85299,55.184006,0.7976798,0.9,1.0,791.40283,1.0,67.92782,67.94177,69.37813,71.210754,67.35411
2018-01-02 20:54:00,0.1,0.0,55.20642,357730.44,0.6078708,0.6078708,34.952026,571409.9,0.392006,0.39212915,69.41658,0.7179188,0.7179188,1.0,217.61617,571414.2,1.6120605,-400.25253,54.854256,55.184006,0.79768705,0.9,1.0,791.4348,1.0,67.93535,67.9644,69.38153,71.19087,67.34955
2018-01-02 20:55:00,0.1,0.0,55.206696,357730.44,0.6080338,0.6080338,34.96999,571397.25,0.3918437,0.39196622,69.42229,0.71792585,0.71792585,1.0,217.63213,571401.7,1.6120605,-400.25253,54.855515,55.184006,0.79769486,0.9,1.0,791.4683,1.0,67.94287,67.9872,69.384995,71.17098,67.3456
2018-01-02 20:56:00,0.1,0.0,55.207024,357730.44,0.6081981,0.6081981,34.988007,571385.44,0.39168,0.3918019,69.428116,0.7179334,0.7179334,1.0,217.64838,571390.06,1.6120911,-400.25253,54.85678,55.184006,0.7977034,0.9,1.0,791.50354,1.0,67.950455,68.01016,69.388565,71.15109,67.34219
2018-01-02 20:57:00,0.1,0.0,55.20735,357730.44,0.60836375,0.60836375,35.006023,571374.44,0.39151493,0.39163622,69.4341,0.7179415,0.7179415,1.0,217.66493,571379.25,1.6120911,-400.25253,54.858044,55.184006,0.7977125,0.9,1.0,791.5404,1.0,67.958084,68.03329,69.39218,71.13121,67.33934
2018-01-02 20:58:00,0.1,0.0,55.207626,357730.44,0.60853076,0.60853076,35.023987,571364.25,0.3913485,0.39146924,69.4402,0.7179502,0.7179502,1.0,217.68182,571369.2,1.6120911,-400.25253,54.859306,55.184006,0.7977222,0.9,1.0,791.57886,1.0,67.96572,68.05658,69.39587,71.11133,67.336975
2018-01-02 20:59:00,0.1,0.0,55.20796,357730.44,0.60869896,0.60869896,35.042004,571354.8,0.39118078,0.39130104,69.4464,0.7179594,0.7179594,1.0,217.69902,571359.9,1.6120911,-400.25253,54.860573,55.184006,0.79773253,0.9,1.0,791.61884,1.0,67.973465,68.07998,69.3996,71.09149,67.33522
2018-01-02 21:00:00,0.1,0.0,55.208233,357730.44,0.6088685,0.6088685,35.06002,571346.06,0.3910118,0.39113152,69.452774,0.7179691,0.7179691,1.0,217.71654,571351.3,1.6120605,-400.25253,54.86183,55.184006,0.79774344,0.9,1.0,791.66046,1.0,67.98126,68.103546,69.4034,71.07167,67.33389
2018-01-02 21:01:00,0.1,0.0,55.208508,357730.44,0.6090373,0.6090373,35.07502,571338.1,0.3908419,0.39096272,69.4592,0.7179794,0.7179794,1.0,217.73433,571343.44,1.6120605,-400.25253,54.863045,55.184006,0.7977548,0.9,1.0,791.7035,1.0,67.98907,68.12717,69.40724,71.051834,67.33313
2018-01-02 21:02:00,0.1,0.0,55.208893,357730.44,0.6092135,0.6092135,35.090015,571332.44,0.39068767,0.39078653,69.46579,0.71798974,0.71798974,1.0,217.75116,571337.7,1.6120605,-400.25253,54.864197,55.184006,0.79776675,0.9,1.0,791.7457,1.0,67.99692,68.150955,69.41113,71.03206,67.33291
2018-01-02 21:03:00,0.1,0.0,55.209,357730.44,0.609376,0.609376,35.10501,571327.75,0.39053562,0.390624,69.47244,0.7180005,0.7180005,1.0,217.76788,571332.9,1.6120605,-400.25253,54.865295,55.184006,0.7977787,0.9,1.0,791.78894,1.0,68.00484,68.17485,69.415146,71.01228,67.33313
2018-01-02 21:04:00,0.1,0.0,55.209,357730.44,0.6095304,0.6095304,35.120007,571323.1,0.39037943,0.39046964,69.4792,0.71801174,0.71801174,1.0,217.78522,571328.25,1.6120605,-400.25253,54.866394,55.184006,0.7977912,0.9,1.0,791.83386,1.0,68.01274,68.19885,69.41916,70.99257,67.33389
2018-01-02 21:05:00,0.1,0.0,55.209,357730.44,0.60968554,0.60968554,35.135002,571318.7,0.3902204,0.39031443,69.48607,0.7180234,0.7180234,1.0,217.80305,571323.94,1.61203,-400.25253,54.867493,55.184006,0.7978042,0.9,1.0,791.88025,1.0,68.020706,68.222916,69.42328,70.9729,67.335106
2018-01-02 21:06:00,0.1,0.0,55.209057,357730.44,0.6098443,0.6098443,35.15,571314.6,0.39006045,0.39015567,69.49304,0.7180354,0.7180354,1.0,217.82115,571319.94,1.61203,-400.25253,54.86859,55.184006,0.7978175,0.9,1.0,791.9277,1.0,68.02867,68.247086,69.4274,70.95329,67.33687
2018-01-02 21:07:00,0.1,0.0,55.209167,357730.44,0.61000526,0.61000526,35.164997,571311.0,0.38990033,0.38999474,69.50012,0.7180477,0.7180477,1.0,217.83942,571316.3,1.61203,-400.25253,54.869743,55.184006,0.79783124,0.9,1.0,791.9759,1.0,68.0367,68.2713,69.431625,70.93373,67.339005
2018-01-02 21:08:00,0.1,0.0,55.20922,357730.44,0.61016685,0.61016685,35.179993,571307.7,0.3897397,0.38983312,69.50726,0.71806026,0.71806026,1.0,217.85785,571313.1,1.6119995,-400.25253,54.870842,55.184006,0.7978453,0.9,1.0,792.0251,1.0,68.04477,68.29564,69.43585,70.91429,67.3417
2018-01-02 21:09:00,0.1,0.0,55.20933,357730.44,0.6103288,0.6103288,35.19499,571304.75,0.38957825,0.3896712,69.51452,0.7180731,0.7180731,1.0,217.87651,571310.2,1.6119995,-400.25253,54.871994,55.184006,0.7978596,0.9,1.0,792.07513,1.0,68.05284,68.31998,69.44014,70.89484,67.34477
2018-01-02 21:10:00,0.1,0.0,55.209442,357730.44,0.6104913,0.6104913,35.209984,571302.06,0.38941592,0.38950872,69.52188,0.71808624,0.71808624,1.0,217.8954,571307.6,1.6119995,-400.25253,54.873093,55.184006,0.7978743,0.9,1.0,792.1261,1.0,68.060974,68.34436,69.44448,70.87545,67.34834
2018-01-02 21:11:00,0.1,0.0,55.209496,357730.44,0.61065453,0.61065453,35.225037,571299.6,0.3892528,0.38934544,69.5293,0.71809965,0.71809965,1.0,217.91447,571305.25,1.611969,-400.25253,54.87425,55.184006,0.7978892,0.9,1.0,792.1779,1.0,68.06911,68.368805,69.448875,70.85617,67.352295
2018-01-02 21:12:00,0.1,0.0,55.209606,357730.44,0.6108187,0.6108187,35.240032,571297.56,0.38908893,0.38918132,69.536766,0.7181133,0.7181133,1.0,217.93376,571303.1,1.611969,-400.25253,54.875347,55.184006,0.7979044,0.9,1.0,792.2304,1.0,68.077286,68.39331,69.45327,70.836945,67.35675
2018-01-02 21:13:00,0.1,0.0,55.209717,357730.44,0.61098355,0.61098355,35.255028,571295.6,0.38892433,0.38901645,69.5444,0.71812713,0.71812713,1.0,217.95322,571301.25,1.611969,-400.25253,54.876446,55.184006,0.7979198,0.9,1.0,792.28375,1.0,68.08547,68.41781,69.45772,70.81777,67.36159
2018-01-02 21:14:00,0.1,0.0,55.209824,357730.44,0.61114913,0.61114913,35.270027,571293.9,0.388759,0.38885087,69.55203,0.71814126,0.71814126,1.0,217.97285,571299.56,1.6119385,-400.25253,54.8776,55.184006,0.7979355,0.9,1.0,792.33765,1.0,68.09371,68.44231,69.46222,70.798706,67.36685
2018-01-02 21:15:00,0.1,0.0,55.209938,357730.44,0.6113154,0.6113154,35.285023,571292.44,0.388593,0.3886846,69.559784,0.71815556,0.71815556,1.0,217.99265,571298.1,1.6119385,-400.25253,54.8787,55.184006,0.7979514,0.9,1.0,792.3923,1.0,68.10195,68.46686,69.46673,70.77971,67.37251
2018-01-02 21:16:00,0.1,0.0,55.210045,357730.44,0.6114824,0.6114824,35.30002,571291.1,0.38842624,0.38851765,69.56758,0.71817005,0.71817005,1.0,218.0126,571296.8,1.6119385,-400.25253,54.8798,55.184006,0.79796755,0.9,1.0,792.4475,1.0,68.110245,68.49136,69.47128,70.76076,67.378555
2018-01-02 21:17:00,0.1,0.0,55.210155,357730.44,0.61165,0.61165,35.315014,571290.0,0.38825884,0.38835,69.57549,0.7181847,0.7181847,1.0,218.03271,571295.75,1.611908,-400.25253,54.88095,55.184006,0.7979839,0.9,1.0,792.5034,1.0,68.118546,68.515915,69.47591,70.74197,67.38504
2018-01-02 21:18:00,0.1,0.0,55.210266,357730.44,0.6118183,0.6118183,35.33001,571289.06,0.3880908,0.3881817,69.58346,0.7181995,0.7181995,1.0,218.05295,571294.8,1.611908,-400.25253,54.88205,55.184006,0.7980004,0.9,1.0,792.5598,1.0,68.12683,68.54042,69.480515,70.723175,67.39191
2018-01-02 21:19:00,0.1,0.0,55.210373,357730.44,0.6119873,0.6119873,35.34501,571288.2,0.38792205,0.3880127,69.59148,0.7182145,0.7182145,1.0,218.07333,571293.94,1.611908,-400.25253,54.88315,55.184006,0.7980171,0.9,1.0,792.61664,1.0,68.135185,68.56491,69.48518,70.70456,67.3991
2018-01-02 21:20:00,0.1,0.0,55.210487,357730.44,0.61215687,0.61215687,35.360004,571287.5,0.3877527,0.3878431,69.59961,0.71822965,0.71822965,1.0,218.09384,571293.3,1.6118774,-400.25253,54.8843,55.184006,0.7980339,0.9,1.0,792.674,1.0,68.14354,68.589355,69.48985,70.68599,67.40674
2018-01-02 21:21:00,0.1,0.0,55.210594,357730.44,0.6123271,0.6123271,35.375,571286.94,0.38758272,0.3876729,69.60774,0.7182449,0.7182449,1.0,218.11444,571292.75,1.6118774,-400.25253,54.8854,55.184006,0.7980509,0.9,1.0,792.7319,1.0,68.15194,68.6138,69.49452,70.667534,67.4147
2018-01-02 21:22:00,0.1,0.0,55.210705,357730.44,0.61249787,0.61249787,35.389996,571286.5,0.38741213,0.38750213,69.61598,0.71826035,0.71826035,1.0,218.13518,571292.3,1.6118774,-400.25253,54.886497,55.184006,0.79806805,0.9,1.0,792.79004,1.0,68.16034,68.6382,69.49925,70.649185,67.423
2018-01-02 21:23:00,0.1,0.0,55.210815,357730.44,0.6126693,0.6126693,35.40499,571286.1,0.38724098,0.38733074,69.62427,0.71827585,0.71827585,1.0,218.156,571291.94,1.6118469,-400.25253,54.887596,55.184006,0.7980853,0.9,1.0,792.84863,1.0,68.16881,68.66258,69.50403,70.63095,67.43167
2018-01-02 21:24:00,0.1,0.0,55.210922,357730.44,0.6128412,0.6128412,35.41999,571285.9,0.38706926,0.38715878,69.63257,0.71829146,0.71829146,1.0,218.17693,571291.7,1.6118469,-400.25253,54.888695,55.184006,0.7981027,0.9,1.0,792.9076,1.0,68.17726,68.68686,69.50875,70.61276,67.440735
2018-01-02 21:25:00,0.1,0.0,55.211037,357730.44,0.6130137,0.6130137,35.434986,571285.75,0.38689694,0.38698632,69.640976,0.7183072,0.7183072,1.0,218.19794,571291.5,1.6118469,-400.25253,54.889793,55.184006,0.79812014,0.9,1.0,792.96686,1.0,68.18572,68.71114,69.513535,70.59475,67.45007
2018-01-02 21:26:00,0.1,0.0,55.21109,357730.44,0.61318666,0.61318666,35.450035,571285.6,0.3867241,0.38681334,69.64943,0.718323,0.718323,1.0,218.21902,571291.44,1.6118469,-400.25253,54.890892,55.184006,0.7981377,0.9,1.0,793.0264,1.0,68.19418,68.73531,69.518364,70.57678,67.4598
2018-01-02 21:27:00,0.1,0.0,55.211197,357730.44,0.61336017,0.61336017,35.465034,571285.6,0.38655075,0.38663983,69.65794,0.7183389,0.7183389,1.0,218.24017,571291.44,1.6118469,-400.25253,54.89199,55.184006,0.7981554,0.9,1.0,793.08624,1.0,68.2027,68.75948,69.52315,70.55899,67.4698
2018-01-02 21:28:00,0.1,0.0,55.21131,357730.44,0.613533,0.613533,35.48003,571285.7,0.38637695,0.38646698,69.66646,0.7183548,0.7183548,1.0,218.26137,571291.44,1.6118164,-400.25253,54.89309,55.184006,0.7981731,0.9,1.0,793.14636,1.0,68.21121,68.78354,69.52798,70.541245,67.48018
2018-01-02 21:29:00,0.1,0.0,55.21142,357730.44,0.6137076,0.6137076,35.495026,571285.75,0.3862021,0.3862924,69.67508,0.7183709,0.7183709,1.0,218.2827,571291.5,1.6118164,-400.25253,54.894188,55.184006,0.798191,0.9,1.0,793.2067,1.0,68.21973,68.80755,69.53281,70.52367,67.49084
2018-01-02 21:30:00,0.1,0.0,55.21153,357730.44,0.6138838,0.6138838,35.51002,571285.9,0.38602722,0.3861162,69.68371,0.718387,0.718387,1.0,218.30405,571291.7,1.6118164,-400.25253,54.895233,55.184006,0.7982089,0.9,1.0,793.26715,1.0,68.228294,68.83144,69.53764,70.50615,67.50182
2018-01-02 21:31:00,0.1,0.0,55.21164,357730.44,0.6140595,0.6140595,35.525017,571286.0,0.38585103,0.38594046,69.692444,0.71840316,0.71840316,1.0,218.32552,571291.9,1.6118164,-400.25253,54.89633,55.184006,0.7982269,0.9,1.0,793.328,1.0,68.23686,68.855225,69.54248,70.488785,67.513084
2018-01-02 21:32:00,0.1,0.0,55.211746,357730.44,0.6142365,0.6142365,35.540016,571286.2,0.38567507,0.38576353,69.70117,0.7184194,0.7184194,1.0,218.34695,571292.06,1.6118164,-400.25253,54.89743,55.184006,0.7982449,0.9,1.0,793.38885,1.0,68.24544,68.87891,69.54736,70.47154,67.52462
2018-01-02 21:33:00,0.1,0.0,55.21186,357730.44,0.6144138,0.6144138,35.55501,571286.56,0.3854993,0.3855862,69.709915,0.7184356,0.7184356,1.0,218.36835,571292.44,1.6117859,-400.25253,54.89853,55.184006,0.79826295,0.9,1.0,793.4497,1.0,68.254,68.902466,69.5522,70.45445,67.53648
2018-01-02 21:34:00,0.1,0.0,55.211967,357730.44,0.61459076,0.61459076,35.570007,571287.0,0.38532326,0.38540924,69.71875,0.7184518,0.7184518,1.0,218.38974,571292.8,1.6117859,-400.25253,54.899574,55.184006,0.798281,0.9,1.0,793.5107,1.0,68.26257,68.92587,69.55709,70.43742,67.54863
2018-01-02 21:35:00,0.1,0.0,55.21202,357730.44,0.6147677,0.6147677,35.585003,571287.4,0.38514662,0.3852323,69.7276,0.7184681,0.7184681,1.0,218.4112,571293.2,1.6117859,-400.25253,54.900616,55.184006,0.7982991,0.9,1.0,793.5717,1.0,68.271194,68.94922,69.56192,70.42056,67.561035
2018-01-02 21:36:00,0.1,0.0,55.212135,357730.44,0.614945,0.614945,35.6,571287.8,0.3849694,0.38505504,69.73644,0.7184844,0.7184844,1.0,218.43268,571293.56,1.6117859,-400.25253,54.901714,55.184006,0.79831725,0.9,1.0,793.63293,1.0,68.279816,68.97234,69.56682,70.40381,67.57373
2018-01-02 21:37:00,0.1,0.0,55.21219,357730.44,0.6151225,0.6151225,35.614998,571288.2,0.38479125,0.38487747,69.745346,0.71850073,0.71850073,1.0,218.45424,571293.94,1.6117859,-400.25253,54.902756,55.184006,0.7983354,0.9,1.0,793.6943,1.0,68.288445,68.99536,69.57165,70.38716,67.58669
2018-01-02 21:38:00,0.1,0.0,55.212296,357730.44,0.61530054,0.61530054,35.629993,571288.7,0.3846134,0.38469946,69.754295,0.7185171,0.7185171,1.0,218.47572,571294.44,1.6117859,-400.25253,54.9038,55.184006,0.79835355,0.9,1.0,793.75555,1.0,68.29707,69.01821,69.57654,70.37063,67.59993
2018-01-02 21:39:00,0.1,0.0,55.212353,357730.44,0.6154787,0.6154787,35.64499,571289.2,0.38443524,0.38452128,69.763245,0.71853346,0.71853346,1.0,218.49722,571294.94,1.6117859,-400.25253,54.904846,55.184006,0.79837173,0.9,1.0,793.81683,1.0,68.305695,69.04089,69.58142,70.35426,67.61339
2018-01-02 21:40:00,0.1,0.0,55.21241,357730.44,0.6156552,0.6156552,35.659985,571289.56,0.38425535,0.3843448,69.77226,0.71854985,0.71854985,1.0,218.51886,571295.4,1.6117859,-400.25253,54.905945,55.184006,0.79839,0.9,1.0,793.8784,1.0,68.314316,69.063416,69.58626,70.338,67.62712
2018-01-02 21:41:00,0.1,0.0,55.212463,357730.44,0.615835,0.615835,35.675037,571290.06,0.38407618,0.384165,69.781265,0.71856624,0.71856624,1.0,218.54039,571295.9,1.6117859,-400.25253,54.90699,55.184006,0.79840815,0.9,1.0,793.93976,1.0,68.323,69.08578,69.59087,70.3219,67.641075
2018-01-02 21:42:00,0.1,0.0,55.21257,357730.44,0.61601555,0.61601555,35.690033,571290.7,0.3838975,0.38398445,69.790276,0.7185826,0.7185826,1.0,218.56183,571296.44,1.6117554,-400.25253,54.90803,55.184006,0.79842633,0.9,1.0,794.001,1.0,68.33162,69.10797,69.59543,70.30592,67.65524
2018-01-02 21:43:00,0.1,0.0,55.212627,357730.44,0.61619514,0.61619514,35.70503,571291.4,0.3837186,0.38380486,69.799286,0.7185989,0.7185989,1.0,218.5832,571297.06,1.6117554,-400.25253,54.909073,55.184006,0.79844445,0.9,1.0,794.06213,1.0,68.3403,69.13,69.60005,70.29004,67.66969
2018-01-02 21:44:00,0.1,0.0,55.212685,357730.44,0.6163742,0.6163742,35.720024,571291.94,0.38353923,0.38362584,69.80835,0.71861523,0.71861523,1.0,218.60461,571297.6,1.6117554,-400.25253,54.91012,55.184006,0.7984626,0.9,1.0,794.1233,1.0,68.34892,69.15181,69.60466,70.27434,67.68436
2018-01-02 21:45:00,0.1,0.0,55.212738,357730.44,0.6165535,0.6165535,35.735023,571292.56,0.38335946,0.3834465,69.81741,0.71863157,0.71863157,1.0,218.62602,571298.2,1.6117554,-400.25253,54.91111,55.184006,0.79848075,0.9,1.0,794.18445,1.0,68.357605,69.17345,69.60922,70.25873,67.69919
2018-01-02 21:46:00,0.1,0.0,55.21279,357730.44,0.6167333,0.6167333,35.75002,571293.2,0.3831795,0.3832667,69.82648,0.71864784,0.71864784,1.0,218.6474,571298.8,1.6117554,-400.25253,54.91215,55.184006,0.79849887,0.9,1.0,794.2455,1.0,68.36623,69.19487,69.61383,70.24324,67.714294
2018-01-02 21:47:00,0.1,0.0,55.212845,357730.44,0.6169134,0.6169134,35.765015,571293.9,0.38299942,0.3830866,69.835594,0.7186641,0.7186641,1.0,218.66873,571299.5,1.6117554,-400.25253,54.913193,55.184006,0.7985169,0.9,1.0,794.30646,1.0,68.37491,69.216125,69.618454,70.22797,67.72963
2018-01-02 21:48:00,0.1,0.0,55.212902,357730.44,0.61709356,0.61709356,35.78001,571294.5,0.3828192,0.3829064,69.84466,0.7186804,0.7186804,1.0,218.69002,571300.06,1.6117554,-400.25253,54.914185,55.184006,0.798535,0.9,1.0,794.3673,1.0,68.38353,69.23717,69.62301,70.21275,67.74512
2018-01-02 21:49:00,0.1,0.0,55.21296,357730.44,0.61727387,0.61727387,35.795006,571295.2,0.38263884,0.38272616,69.853775,0.7186966,0.7186966,1.0,218.71126,571300.75,1.6117554,-400.25253,54.91523,55.184006,0.798553,0.9,1.0,794.42804,1.0,68.39221,69.25804,69.62756,70.19771,67.76077
2018-01-02 21:50:00,0.1,0.0,55.213013,357730.44,0.6174542,0.6174542,35.810005,571295.8,0.38245833,0.3825458,69.8629,0.7187128,0.7187128,1.0,218.73245,571301.44,1.6117554,-400.25253,54.916214,55.184006,0.798571,0.9,1.0,794.48865,1.0,68.40083,69.27864,69.632126,70.182816,67.7767
2018-01-02 21:51:00,0.1,0.0,55.213066,357730.44,0.61763465,0.61763465,35.825,571296.5,0.38227767,0.38236535,69.87201,0.71872896,0.71872896,1.0,218.7536,571302.0,1.6117554,-400.25253,54.91726,55.184006,0.79858893,0.9,1.0,794.54913,1.0,68.409515,69.29903,69.63669,70.16809,67.79274
2018-01-02 21:52:00,0.1,0.0,55.213066,357730.44,0.61781526,0.61781526,35.839996,571297.2,0.3820969,0.38218477,69.88107,0.71874505,0.71874505,1.0,218.7747,571302.75,1.6117554,-400.25253,54.91825,55.184006,0.7986069,0.9,1.0,794.60956,1.0,68.41814,69.31924,69.64125,70.15349,67.809006
2018-01-02 21:53:00,0.1,0.0,55.21312,357730.44,0.61799604,0.61799604,35.854992,571297.9,0.38191605,0.382004,69.8902,0.71876115,0.71876115,1.0,218.79575,571303.4,1.6117554,-400.25253,54.919235,55.184006,0.79862475,0.9,1.0,794.66974,1.0,68.42682,69.33917,69.645805,70.13898,67.825485
2018-01-02 21:54:00,0.1,0.0,55.213177,357730.44,0.61817676,0.61817676,35.869987,571298.6,0.38173518,0.38182324,69.899315,0.7187772,0.7187772,1.0,218.81673,571304.06,1.6117554,-400.25253,54.92028,55.184006,0.7986426,0.9,1.0,794.72974,1.0,68.43544,69.3589,69.650314,70.124695,67.84207
2018-01-02 21:55:00,0.1,0.0,55.213177,357730.44,0.6183575,0.6183575,35.884987,571299.3,0.3815542,0.38164252,69.90843,0.71879315,0.71879315,1.0,218.83765,571304.75,1.6117554,-400.25253,54.921272,55.184006,0.79866034,0.9,1.0,794.7896,1.0,68.44406,69.3784,69.654816,70.11053,67.858826
2018-01-02 21:56:00,0.1,0.0,55.213234,357730.44,0.6185382,0.6185382,35.900036,571300.06,0.38137317,0.3814618,69.91756,0.7188091,0.7188091,1.0,218.8585,571305.44,1.6117554,-400.25253,54.922256,55.184006,0.79867804,0.9,1.0,794.8493,1.0,68.45269,69.39763,69.65932,70.09652,67.87575
2018-01-02 21:57:00,0.1,0.0,55.213234,357730.44,0.6187187,0.6187187,35.91503,571300.7,0.381192,0.38128132,69.92667,0.71882504,0.71882504,1.0,218.87932,571306.2,1.6117554,-400.25253,54.92325,55.184006,0.7986957,0.9,1.0,794.9089,1.0,68.46126,69.416626,69.66377,70.08267,67.89288
2018-01-02 21:58:00,0.1,0.0,55.213234,357730.44,0.6188996,0.6188996,35.93003,571301.44,0.38101086,0.38110042,69.93573,0.7188409,0.7188409,1.0,218.90005,571306.8,1.6117554,-400.25253,54.924236,55.184006,0.7987133,0.9,1.0,794.96814,1.0,68.46988,69.43536,69.668274,70.06894,67.91008
2018-01-02 21:59:00,0.1,0.0,55.213287,357730.44,0.61908066,0.61908066,35.945026,571302.2,0.38082978,0.38091937,69.944855,0.7188567,0.7188567,1.0,218.92072,571307.56,1.6117554,-400.25253,54.925224,55.184006,0.79873085,0.9,1.0,795.0273,1.0,68.47851,69.45387,69.67272,70.055374,67.92749
2018-01-02 22:00:00,0.1,0.0,55.213287,357730.44,0.6192616,0.6192616,35.960022,571302.94,0.38064876,0.3807384,69.95392,0.7188724,0.7188724,1.0,218.94128,571308.25,1.6117554,-400.25253,54.92616,55.184006,0.7987484,0.9,1.0,795.08624,1.0,68.487076,69.47217,69.67712,70.04198,67.94501
2018-01-02 22:01:00,0.1,0.0,55.21334,357730.44,0.0,0.0,35.893993,571303.6,0.38046777,1.0,69.13175,0.7188881,0.7188881,0.0,218.96179,571309.0,1.6117554,-400.25253,55.21334,55.184006,0.0,0.9,0.0,795.1449,0.0,68.49565,69.49019,69.68151,70.02873,67.96265
2018-01-02 22:02:00,0.1,0.0,56.085983,357730.44,0.0,0.0,35.828022,0.0036520981,0.9381762,1.0,68.95878,1.9580325e-06,1.9580325e-06,0.0,5.0369625e-17,-0.0029547748,0.005004883,-400.25253,56.085983,55.184006,0.0,0.9,0.0,-8.072401e-17,0.0,68.78305,69.260895,69.25167,69.262054,68.236206
2018-01-02 22:03:00,0.1,0.0,56.085983,357730.44,0.0,0.0,35.761993,3.4859352e-06,0.99773574,1.0,68.97323,1.2675283e-13,1.2675283e-13,0.0,-3.2167270000000005e-23,-4.206442e-06,0.005004883,-400.25253,56.085983,55.184006,0.0,0.9,0.0,-4.1559752000000004e-24,0.0,68.837875,69.26233,69.26315,69.278534,68.22423
2018-01-02 22:04:00,0.1,0.0,56.085983,357730.44,0.0,0.0,35.696022,-4.6479136e-06,0.9999334,1.0,68.99525,2.2200835e-18,2.2200835e-18,0.0,-3.3539728e-23,2.0851464e-06,0.005004883,-400.25253,56.085983,55.184006,0.0,0.9,0.0,-2.9207855e-24,0.0,68.962296,69.257935,69.25722,69.275406,68.22335
2018-01-02 22:05:00,0.1,0.0,56.085983,357730.44,0.0,0.0,35.629993,-1.1619784e-06,0.9999982,1.0,69.01192,-8.340897e-25,-8.340897e-25,0.0,-4.9232086e-23,1.2504555e-06,0.005004883,-400.25253,56.085983,55.184006,0.0,0.9,0.0,-1.8595783e-24,0.0,69.059845,69.25359,69.251785,69.27227,68.22209
2018-01-02 22:06:00,0.1,0.0,56.085983,357730.44,0.0,0.0,35.56402,4.6479136e-06,0.99999994,1.0,69.029335,-1.0193637999999999e-29,-1.0193637999999999e-29,0.0,-9.133684000000001e-23,7.2879398e-06,0.005004883,-400.25253,56.085983,55.184006,0.0,0.9,0.0,-2.0441372e-24,0.0,69.16115,69.24925,69.24629,69.269135,68.220825
2018-01-02 22:07:00,0.1,0.0,56.085983,357730.44,0.0,0.0,35.497993,0.0,1.0,1.0,69.04562,-2.5279548e-34,-2.5279548e-34,0.0,-7.629388999999999e-24,2.5461725e-06,0.005004883,-400.25253,56.085983,55.184006,0.0,0.9,0.0,-1.429891e-24,0.0,69.25694,69.24492,69.2408,69.26595,68.219505
2018-01-02 22:08:00,0.1,0.0,56.085983,357730.44,0.0,0.0,35.43202,-3.4859352e-06,1.0,1.0,69.061424,-7.954206000000001e-39,-7.954206000000001e-39,0.0,-5.312248e-23,4.83028e-06,0.005004883,-400.25253,56.085983,55.184006,0.0,0.9,0.0,-2.5833203e-24,0.0,69.35027,69.24057,69.235245,69.26277,68.21825
2018-01-02 22:09:00,0.1,0.0,56.085983,357730.44,0.0,0.0,35.36599,1.1619784e-06,1.0,1.0,69.076584,4.0000000000000006e-45,4.0000000000000006e-45,0.0,-2.4331044e-24,-6.249263e-06,0.005004883,-400.25253,56.085983,55.184006,0.0,0.9,0.0,-5.2547543e-27,0.0,69.44052,69.23624,69.22975,69.25952,68.21692
2018-01-02 22:10:00,0.1,0.0,56.085983,357730.44,0.0,0.0,35.30002,-1.1619784e-06,1.0,1.0,69.0912,0.0,0.0,0.0,-1.0995543e-23,2.9394325e-06,0.005004883,-400.25253,56.085983,55.184006,0.0,0.9,0.0,-5.905201699999999e-25,0.0,69.52809,69.23184,69.224205,69.25629,68.21561
2018-01-02 22:11:00,0.1,0.0,56.085983,357730.44,0.0,0.0,35.23399,-1.1619784e-06,1.0,1.0,69.10528,0.0,0.0,0.0,-1.2524219e-23,5.3518843e-06,0.005004883,-400.25253,56.085983,55.184006,0.0,0.9,0.0,-3.9847359999999996e-24,0.0,69.61301,69.2275,69.21866,69.25299,68.21423
2018-01-02 22:12:00,0.1,0.0,56.085983,357730.44,0.0,0.0,35.16802,0.0,1.0,1.0,69.11882,0.0,0.0,0.0,-3.4020523e-23,-1.7332048e-06,0.005004883,-400.25253,56.085983,55.184006,0.0,0.9,0.0,-4.882476e-24,0.0,69.695404,69.22311,69.213104,69.249695,68.2128
2018-01-02 22:13:00,0.1,0.0,56.085983,357730.44,0.0,0.0,35.10199,-1.1619784e-06,1.0,1.0,69.13191,0.0,0.0,0.0,-4.5613275e-23,-1.12120615e-05,0.005004883,-400.25253,56.085983,55.184006,0.0,0.9,0.0,-1.4273048e-24,0.0,69.775444,69.21871,69.207565,69.2464,68.211426
2018-01-02 22:14:00,0.1,0.0,56.085983,357730.44,0.0,0.0,35.03602,-1.1619784e-06,1.0,1.0,69.14449,0.0,0.0,0.0,-4.4668481999999997e-23,2.5974691e-06,0.005004883,-400.25253,56.085983,55.184006,0.0,0.9,0.0,-2.7747557e-24,0.0,69.85312,69.21432,69.20201,69.24304,68.209946
2018-01-02 22:15:00,0.1,0.0,56.085983,357730.44,0.0,0.0,34.96999,-2.3239568e-06,1.0,1.0,69.156654,0.0,0.0,0.0,-6.024367000000001e-23,-2.9847479e-06,0.005004883,-400.25253,56.085983,55.184006,0.0,0.9,0.0,-2.0019113000000002e-24,0.0,69.92859,69.20992,69.196465,69.239746,68.20852
2018-01-02 22:16:00,0.1,0.0,56.085983,357730.44,0.0,0.0,34.904015,1.1619784e-06,1.0,1.0,69.16836,0.0,0.0,0.0,-4.3650227e-23,-3.3376677e-06,0.005004883,-400.25253,56.085983,55.184006,0.0,0.9,0.0,-2.7505085e-25,0.0,70.00204,69.20553,69.19086,69.23634,68.20703
2018-01-02 22:17:00,0.1,0.0,56.085983,357730.44,0.0,0.0,34.83799,0.0,1.0,1.0,69.1797,0.0,0.0,0.0,-4.8729954e-23,-1.6234575e-05,0.005004883,-400.25253,56.085983,55.184006,0.0,0.9,0.0,-2.7130936e-25,0.0,70.0735,69.20113,69.18532,69.232994,68.20555
2018-01-02 22:18:00,0.1,0.0,56.085983,357730.44,0.0,0.0,34.772015,1.1619784e-06,1.0,1.0,69.19062,0.0,0.0,0.0,-8.158637999999999e-26,-2.1507224e-06,0.005004883,-400.25253,56.085983,55.184006,0.0,0.9,0.0,-1.1905758e-24,0.0,70.14299,69.19674,69.17976,69.22958,68.20401
2018-01-02 22:19:00,0.1,0.0,56.085983,357730.44,0.0,0.0,34.705986,0.0,1.0,1.0,69.20119,0.0,0.0,0.0,-9.762701e-25,-1.75982e-06,0.005004883,-400.25253,56.085983,55.184006,0.0,0.9,0.0,-9.266267e-25,0.0,70.21066,69.192345,69.17422,69.22624,68.20248
2018-01-02 22:20:00,0.1,0.0,56.085983,357730.44,0.0,0.0,34.640015,-1.1619784e-06,1.0,1.0,69.21138,0.0,0.0,0.0,-2.6398249e-23,-3.4339737e-07,0.005004883,-400.25253,56.085983,55.184006,0.0,0.9,0.0,-1.1851021000000001e-24,0.0,70.27658,69.1879,69.16861,69.22283,68.20094
2018-01-02 22:21:00,0.1,0.0,56.085983,357730.44,0.0,0.0,34.573986,1.1619784e-06,1.0,1.0,69.221214,0.0,0.0,0.0,-1.9213903e-23,-4.2121387e-06,0.005004883,-400.25253,56.085983,55.184006,0.0,0.9,0.0,-2.8698144e-24,0.0,70.340805,69.1835,69.16307,69.219376,68.19934
2018-01-02 22:22:00,0.1,0.0,56.085983,357730.44,0.0,0.0,34.508015,1.1619784e-06,1.0,1.0,69.23076,0.0,0.0,0.0,-1.0346355e-25,7.5098505e-06,0.005004883,-400.25253,56.085983,55.184006,0.0,0.9,0.0,-2.4779032e-24,0.0,70.40343,69.17911,69.15752,69.215965,68.197754
2018-01-02 22:23:00,0.1,0.0,56.085983,357730.44,0.0,0.0,34.441986,1.1619784e-06,1.0,1.0,69.23997,0.0,0.0,0.0,-4.3967155999999997e-23,8.212086e-06,0.005004883,-400.25253,56.085983,55.184006,0.0,0.9,0.0,-1.0576936e-24,0.0,70.46451,69.17465,69.15197,69.21251,68.19616
2018-01-02 22:24:00,0.1,0.0,56.085983,357730.44,0.0,0.0,34.376015,0.0,1.0,1.0,69.24887,0.0,0.0,0.0,-3.1574383000000002e-24,-2.862388e-07,0.005004883,-400.25253,56.085983,55.184006,0.0,0.9,0.0,-7.876738999999999e-26,0.0,70.52405,69.17026,69.14642,69.2091,68.19451
2018-01-02 22:25:00,0.1,0.0,56.085983,357730.44,0.0,0.0,34.309986,1.1619784e-06,1.0,1.0,69.25747,0.0,0.0,0.0,-7.1358583e-25,-4.2497495e-06,0.005004883,-400.25253,56.085983,55.184006,0.0,0.9,0.0,-4.5188265e-25,0.0,70.58217,69.16582,69.14087,69.20564,68.19286
2018-01-02 22:26:00,0.1,0.0,56.085983,357730.44,0.0,0.0,34.24401,1.1619784e-06,1.0,1.0,69.26581,0.0,0.0,0.0,-1.4590606e-25,-7.6622797e-07,0.005004883,-400.25253,56.085983,55.184006,0.0,0.9,0.0,-3.2124394e-26,0.0,70.638855,69.16142,69.135376,69.20218,68.191216
2018-01-02 22:27:00,0.1,0.0,56.085983,357730.44,0.0,0.0,34.177986,0.0,1.0,1.0,69.27389,0.0,0.0,0.0,-1.6290708e-24,-3.1180873e-06,0.005004883,-400.25253,56.085983,55.184006,0.0,0.9,0.0,-5.2218874e-25,0.0,70.69429,69.15703,69.12984,69.198715,68.18957
2018-01-02 22:28:00,0.1,0.0,56.085983,357730.44,0.0,0.0,34.11201,0.0,1.0,1.0,69.281715,0.0,0.0,0.0,-3.676416e-24,-4.0654127e-06,0.005004883,-400.25253,56.085983,55.184006,0.0,0.9,0.0,-6.745868599999999e-25,0.0,70.7484,69.15263,69.124344,69.19525,68.18792
2018-01-02 22:29:00,0.1,0.0,56.085983,357730.44,0.0,0.0,34.045982,-1.1619784e-06,1.0,1.0,69.289276,0.0,0.0,0.0,-4.412363e-25,-3.5587468e-06,0.005004883,-400.25253,56.085983,55.184006,0.0,0.9,0.0,-2.798499e-24,0.0,70.801346,69.14818,69.11885,69.191795,68.18622
2018-01-02 22:30:00,0.1,0.0,56.085983,357730.44,0.0,0.0,33.98001,0.0,1.0,1.0,69.29661,0.0,0.0,0.0,-1.4333606e-23,1.0150542e-06,0.005004883,-400.25253,56.085983,55.184006,0.0,0.9,0.0,-4.567137e-25,0.0,70.85304,69.14378,69.11336,69.18834,68.18451
2018-01-02 22:31:00,0.1,0.0,56.085983,357730.44,0.0,0.0,33.91404,-2.3239568e-06,1.0,1.0,69.303696,0.0,0.0,0.0,-5.171940000000001e-24,-2.3297468e-06,0.005004883,-400.25253,56.085983,55.184006,0.0,0.9,0.0,-3.6674120999999997e-25,0.0,70.903625,69.13939,69.107864,69.184814,68.182816
2018-01-02 22:32:00,0.1,0.0,56.085983,357730.44,0.0,0.0,33.84801,0.0,1.0,1.0,69.31059,0.0,0.0,0.0,-4.5556560000000005e-25,-2.8192917e-06,0.005004883,-400.25253,56.085983,55.184006,0.0,0.9,0.0,-2.3649951000000002e-24,0.0,70.953125,69.134995,69.10237,69.18136,68.18111
2018-01-02 22:33:00,0.1,0.0,56.085983,357730.44,0.0,0.0,33.782036,0.0,1.0,1.0,69.31727,0.0,0.0,0.0,-5.0316803e-24,8.01882e-06,0.005004883,-400.25253,56.085983,55.184006,0.0,0.9,0.0,-1.1602723999999999e-23,0.0,71.00152,69.1306,69.096924,69.1779,68.179405
2018-01-02 22:34:00,0.1,0.0,56.085983,357730.44,0.0,0.0,33.71601,1.1619784e-06,1.0,1.0,69.323715,0.0,0.0,0.0,-8.506783000000001e-23,2.7731996e-06,0.005004883,-400.25253,56.085983,55.184006,0.0,0.9,0.0,-1.7466086000000002e-26,0.0,71.048874,69.126205,69.09149,69.17438,68.17764
2018-01-02 22:35:00,0.1,0.0,56.085983,357730.44,0.0,0.0,33.650036,-6.9718703e-06,1.0,1.0,69.33,0.0,0.0,0.0,-6.887899e-24,6.505452e-06,0.005004883,-400.25253,56.085983,55.184006,0.0,0.9,0.0,-1.7213884e-24,0.0,71.09529,69.12181,69.08605,69.17092,68.17595
2018-01-02 22:36:00,0.1,0.0,56.085983,357730.44,0.0,0.0,33.584007,2.3239568e-06,1.0,1.0,69.33608,0.0,0.0,0.0,-6.3188003e-24,-3.984143e-06,0.005004883,-400.25253,56.085983,55.184006,0.0,0.9,0.0,-4.0179183e-24,0.0,71.14072,69.11748,69.08061,69.167404,68.17419
2018-01-02 22:37:00,0.1,0.0,56.085983,357730.44,0.0,0.0,33.518036,-1.1619784e-06,1.0,1.0,69.34196,0.0,0.0,0.0,-2.1056534e-23,1.9491263e-06,0.005004883,-400.25253,56.085983,55.184006,0.0,0.9,0.0,-7.390534000000001e-25,0.0,71.18515,69.11308,69.07518,69.16394,68.172424
2018-01-02 22:38:00,0.1,0.0,56.085983,357730.44,0.0,0.0,33.452007,0.0,1.0,1.0,69.34766,0.0,0.0,0.0,-8.012432e-24,5.7588086e-06,0.005004883,-400.25253,56.085983,55.184006,0.0,0.9,0.0,-4.670827e-25,0.0,71.228714,69.10869,69.06979,69.16043,68.17067
2018-01-02 22:39:00,0.1,0.0,56.085983,357730.44,0.0,0.0,33.386036,0.0,1.0,1.0,69.3532,0.0,0.0,0.0,-2.0725023e-25,-5.350371e-06,0.005004883,-400.25253,56.085983,55.184006,0.0,0.9,0.0,-5.2919817e-25,0.0,71.27139,69.10434,69.06441,69.15697,68.168915
2018-01-02 22:40:00,0.1,0.0,56.085983,357730.44,0.0,0.0,33.320007,-2.3239568e-06,1.0,1.0,69.35858,0.0,0.0,0.0,-3.879407e-23,-8.063938e-06,0.005004883,-400.25253,56.085983,55.184006,0.0,0.9,0.0,-1.2174641e-24,0.0,71.3132,69.100006,69.05902,69.1535,68.16716
2018-01-02 22:41:00,0.1,0.0,56.085983,357730.44,0.0,0.0,33.254036,0.0,1.0,1.0,69.363785,0.0,0.0,0.0,-6.371266e-25,5.0355784e-06,0.005004883,-400.25253,56.085983,55.184006,0.0,0.9,0.0,-2.6447568e-24,0.0,71.35423,69.09561,69.053696,69.149994,68.1654
2018-01-02 22:42:00,0.1,0.0,56.085983,357730.44,0.0,0.0,33.188007,1.1619784e-06,1.0,1.0,69.36882,0.0,0.0,0.0,-5.6015076e-24,7.974306e-07,0.005004883,-400.25253,56.085983,55.184006,0.0,0.9,0.0,-5.079675e-27,0.0,71.394394,69.09127,69.04831,69.14653,68.163635
2018-01-02 22:43:00,0.1,0.0,56.085983,357730.44,0.0,0.0,33.122032,0.0,1.0,1.0,69.37373,0.0,0.0,0.0,-6.4581364000000004e-24,-1.505115e-05,0.005004883,-400.25253,56.085983,55.184006,0.0,0.9,0.0,-2.6017145e-24,0.0,71.43378,69.08699,69.042984,69.14302,68.16188
2018-01-02 22:44:00,0.1,0.0,56.085983,357730.44,0.0,0.0,33.056007,-2.3239568e-06,1.0,1.0,69.37849,0.0,0.0,0.0,-5.7343853e-24,3.909368e-06,0.005004883,-400.25253,56.085983,55.184006,0.0,0.9,0.0,-3.4651332e-25,0.0,71.47244,69.08264,69.03766,69.13956,68.160126
2018-01-02 22:45:00,0.1,0.0,56.085983,357730.44,0.0,0.0,32.990032,-1.1619784e-06,1.0,1.0,69.38308,0.0,0.0,0.0,-1.982593e-24,7.056732e-06,0.005004883,-400.25253,56.085983,55.184006,0.0,0.9,0.0,-2.9121134e-24,0.0,71.510345,69.07831,69.03238,69.13604,68.15831
2018-01-02 22:46:00,0.1,0.0,56.085983,357730.44,0.0,0.0,32.924004,1.1619784e-06,1.0,1.0,69.38755,0.0,0.0,0.0,-3.1004821e-24,2.0902767e-06,0.005004883,-400.25253,56.085983,55.184006,0.0,0.9,0.0,-3.923214e-25,0.0,71.54754,69.07402,69.027054,69.13258,68.156555
2018-01-02 22:47:00,0.1,0.0,56.085983,357730.44,0.0,0.0,32.858032,-1.1619784e-06,1.0,1.0,69.39187,0.0,0.0,0.0,-1.4467568e-24,-3.208155e-06,0.005004883,-400.25253,56.085983,55.184006,0.0,0.9,0.0,-1.1080303000000001e-24,0.0,71.584015,69.06969,69.02178,69.12906,68.1548
2018-01-02 22:48:00,0.1,0.0,56.085983,357730.44,0.0,0.0,32.792004,0.0,1.0,1.0,69.396065,0.0,0.0,0.0,-3.696451e-26,-4.8796815e-06,0.005004883,-400.25253,56.085983,55.184006,0.0,0.9,0.0,-1.1525292e-24,0.0,71.61983,69.0654,69.01651,69.1256,68.152985
2018-01-02 22:49:00,0.1,0.0,56.085983,357730.44,0.0,0.0,32.726032,2.3239568e-06,1.0,1.0,69.40015,0.0,0.0,0.0,-6.3299942000000005e-24,-3.0057356e-06,0.005004883,-400.25253,56.085983,55.184006,0.0,0.9,0.0,-4.251455e-25,0.0,71.655045,69.06111,69.01123,69.122086,68.15123
2018-01-02 22:50:00,0.1,0.0,56.085983,357730.44,0.0,0.0,32.660004,1.1619784e-06,1.0,1.0,69.40409,0.0,0.0,0.0,-1.0732408e-23,3.8131059e-06,0.005004883,-400.25253,56.085983,55.184006,0.0,0.9,0.0,-5.455385299999999e-25,0.0,71.68954,69.05682,69.00597,69.11862,68.14947
2018-01-02 22:51:00,0.1,0.0,56.085983,357730.44,0.0,0.0,32.594032,-1.1619784e-06,1.0,1.0,69.40793,0.0,0.0,0.0,-2.8479267e-23,2.63242e-06,0.005004883,-400.25253,56.085983,55.184006,0.0,0.9,0.0,-2.5759251e-24,0.0,71.72348,69.0526,69.00075,69.11511,68.147705
2018-01-02 22:52:00,0.1,0.0,56.085983,357730.44,0.0,0.0,32.528004,-1.1619784e-06,1.0,1.0,69.41164,0.0,0.0,0.0,-3.7949255e-23,2.9695748e-06,0.005004883,-400.25253,56.085983,55.184006,0.0,0.9,0.0,-5.219970499999999e-25,0.0,71.756775,69.04831,68.99547,69.11165,68.14595
2018-01-02 22:53:00,0.1,0.0,56.085983,357730.44,0.0,0.0,32.46203,1.1619784e-06,1.0,1.0,69.41524,0.0,0.0,0.0,-1.4564912e-23,2.2343156e-06,0.005004883,-400.25253,56.085983,55.184006,0.0,0.9,0.0,-6.84319e-26,0.0,71.789566,69.04408,68.99025,69.10814,68.144135
2018-01-02 22:54:00,0.1,0.0,56.085983,357730.44,0.0,0.0,32.396004,2.3239568e-06,1.0,1.0,69.41872,0.0,0.0,0.0,-1.8628013e-23,-2.9737005e-06,0.005004883,-400.25253,56.085983,55.184006,0.0,0.9,0.0,-1.1125226e-26,0.0,71.8217,69.039856,68.98503,69.104614,68.14238
2018-01-02 22:55:00,0.1,0.0,56.085983,357730.44,0.0,0.0,32.33003,1.1619784e-06,1.0,1.0,69.42213,0.0,0.0,0.0,-2.778166e-24,1.8847336e-06,0.005004883,-400.25253,56.085983,55.184006,0.0,0.9,0.0,-3.05333e-26,0.0,71.85335,69.035675,68.97981,69.10116,68.140625
2018-01-02 22:56:00,0.1,0.0,56.085983,357730.44,0.0,0.0,32.264,1.1619784e-06,1.0,1.0,69.425415,0.0,0.0,0.0,-7.5770795e-25,3.796628e-06,0.005004883,-400.25253,56.085983,55.184006,0.0,0.9,0.0,-2.6569097e-26,0.0,71.88443,69.031555,68.974594,69.09764,68.13887
2018-01-02 22:57:00,0.1,0.0,56.085983,357730.44,0.0,0.0,32.19803,-2.3239568e-06,1.0,1.0,69.428604,0.0,0.0,0.0,-2.6648693e-23,8.4953435e-06,0.005004883,-400.25253,56.085983,55.184006,0.0,0.9,0.0,-1.9728579e-24,0.0,71.91503,69.02739,68.969376,69.09413,68.13711
2018-01-02 22:58:00,0.1,0.0,56.085983,357730.44,0.0,0.0,32.132,-1.1619784e-06,1.0,1.0,69.4317,0.0,0.0,0.0,-1.19095735e-23,-7.6136314e-07,0.005004883,-400.25253,56.085983,55.184006,0.0,0.9,0.0,-1.7107768e-27,0.0,71.94513,69.02321,68.96416,69.09061,68.13541
2018-01-02 22:59:00,0.1,0.0,56.085983,357730.44,0.0,0.0,32.06603,-1.1619784e-06,1.0,1.0,69.43469,0.0,0.0,0.0,-2.6625403e-23,-4.427906e-06,0.005004883,-400.25253,56.085983,55.184006,0.0,0.9,0.0,-1.4964929000000001e-24,0.0,71.97475,69.019035,68.95894,69.0871,68.13365
2018-01-02 23:00:00,0.1,0.0,56.085983,357730.44,0.0,0.0,32.0,-1.1619784e-06,1.0,1.0,69.43758,0.0,0.0,0.0,-4.2075316e-24,3.8034216e-06,0.005004883,-400.25253,56.085983,55.184006,0.0,0.9,0.0,-1.7491064e-24,0.0,72.00386,69.01486,68.95372,69.08353,68.13189
2018-01-02 23:01:00,0.1,0.0,56.085983,357730.44,0.0,0.0,32.0,-1.1619784e-06,1.0,1.0,69.44037,0.0,0.0,0.0,-1.16551075e-23,1.6115122e-05,0.005004883,-400.25253,56.085983,55.184006,0.0,0.9,0.0,-2.5940289e-24,0.0,72.03253,69.01068,68.9485,69.08001,68.13013
2018-01-02 23:02:00,0.1,0.0,56.085983,357730.44,0.0,0.0,32.0,-1.1619784e-06,1.0,1.0,69.44265,0.0,0.0,0.0,-4.4410260000000004e-23,-3.993123e-06,0.005004883,-400.25253,56.085983,55.184006,0.0,0.9,0.0,-1.2943116e-24,0.0,72.05923,69.0064,68.943115,69.076324,68.12816
2018-01-02 23:03:00,0.1,0.0,56.085983,357730.44,0.0,0.0,32.0,-1.1619784e-06,1.0,1.0,69.44488,0.0,0.0,0.0,-3.8727702e-24,2.7007584e-07,0.005004883,-400.25253,56.085983,55.184006,0.0,0.9,0.0,-7.172702000000001e-25,0.0,72.085754,69.00212,68.93774,69.07265,68.12612
2018-01-02 23:04:00,0.1,0.0,56.085983,357730.44,0.0,0.0,32.0,-3.4859352e-06,1.0,1.0,69.44696,0.0,0.0,0.0,-2.2512628e-23,3.5647593e-06,0.005004883,-400.25253,56.085983,55.184006,0.0,0.9,0.0,-3.0916058e-24,0.0,72.11174,68.99777,68.9323,69.06897,68.12404
2018-01-02 23:05:00,0.1,0.0,56.085983,357730.44,0.0,0.0,32.0,3.4859352e-06,1.0,1.0,69.44901,0.0,0.0,0.0,-5.475079e-24,2.588819e-06,0.005004883,-400.25253,56.085983,55.184006,0.0,0.9,0.0,-2.3349247e-25,0.0,72.13739,68.99344,68.92691,69.06529,68.122
2018-01-02 23:06:00,0.1,0.0,56.085983,357730.44,0.0,0.0,32.0,-1.1619784e-06,1.0,1.0,69.45093,0.0,0.0,0.0,-7.5837214e-24,6.4104843e-06,0.005004883,-400.25253,56.085983,55.184006,0.0,0.9,0.0,-1.345342e-25,0.0,72.16261,68.9891,68.92153,69.061554,68.11986
2018-01-02 23:07:00,0.1,0.0,56.085983,357730.44,0.0,0.0,32.0,-3.4859352e-06,1.0,1.0,69.45278,0.0,0.0,0.0,-1.08323555e-23,-6.9975194e-06,0.005004883,-400.25253,56.085983,55.184006,0.0,0.9,0.0,-6.0762323000000005e-24,0.0,72.18744,68.98476,68.91609,69.05788,68.11772
2018-01-02 23:08:00,0.1,0.0,56.085983,357730.44,0.0,0.0,32.0,-1.1619784e-06,1.0,1.0,69.45452,0.0,0.0,0.0,-1.7947363e-24,-1.5722819e-05,0.005004883,-400.25253,56.085983,55.184006,0.0,0.9,0.0,-3.5457767000000005e-24,0.0,72.21188,68.98036,68.91066,69.05414,68.11557
2018-01-02 23:09:00,0.1,0.0,56.085983,357730.44,0.0,0.0,32.0,-2.3239568e-06,1.0,1.0,69.4562,0.0,0.0,0.0,-4.0473238e-23,3.8405033e-06,0.005004883,-400.25253,56.085983,55.184006,0.0,0.9,0.0,-4.847594599999999e-25,0.0,72.23599,68.97597,68.90527,69.0504,68.11337
2018-01-02 23:10:00,0.1,0.0,56.085983,357730.44,0.0,0.0,32.0,-1.1619784e-06,1.0,1.0,69.45779,0.0,0.0,0.0,-3.9975646e-23,3.4533282e-06,0.005004883,-400.25253,56.085983,55.184006,0.0,0.9,0.0,-2.1515108e-24,0.0,72.25973,68.97157,68.89983,69.04666,68.11113
2018-01-02 23:11:00,0.1,0.0,56.085983,357730.44,0.0,0.0,32.0,1.1619784e-06,1.0,1.0,69.45931,0.0,0.0,0.0,-5.2998580000000005e-25,-1.3320571e-06,0.005004883,-400.25253,56.085983,55.184006,0.0,0.9,0.0,-1.0401761000000001e-27,0.0,72.28319,68.96718,68.894394,69.04293,68.10887
2018-01-02 23:12:00,0.1,0.0,56.085983,357730.44,0.0,0.0,32.0,-2.3239568e-06,1.0,1.0,69.46074,0.0,0.0,0.0,-5.3731107e-24,4.6377745e-06,0.005004883,-400.25253,56.085983,55.184006,0.0,0.9,0.0,-2.8019057e-25,0.0,72.30626,68.96278,68.88896,69.03914,68.10657
2018-01-02 23:13:00,0.1,0.0,56.085983,357730.44,0.0,0.0,32.0,-1.1619784e-06,1.0,1.0,69.46208,0.0,0.0,0.0,-2.3074333e-23,-1.2015128e-06,0.005004883,-400.25253,56.085983,55.184006,0.0,0.9,0.0,-9.422659e-24,0.0,72.328995,68.958336,68.883514,69.035355,68.10426
2018-01-02 23:14:00,0.1,0.0,56.085983,357730.44,0.0,0.0,32.0,0.0,1.0,1.0,69.46336,0.0,0.0,0.0,-1.9768278999999999e-25,-8.302258e-06,0.005004883,-400.25253,56.085983,55.184006,0.0,0.9,0.0,-1.3560726e-23,0.0,72.35146,68.95389,68.87802,69.031555,68.1019
2018-01-02 23:15:00,0.1,0.0,56.085983,357730.44,0.0,0.0,32.0,0.0,1.0,1.0,69.4646,0.0,0.0,0.0,-2.6218597e-24,-3.1611212e-06,0.005004883,-400.25253,56.085983,55.184006,0.0,0.9,0.0,-1.1006498e-24,0.0,72.37366,68.94943,68.87259,69.02777,68.09953
2018-01-02 23:16:00,0.1,0.0,56.085983,357730.44,0.0,0.0,32.0,0.0,1.0,1.0,69.46578,0.0,0.0,0.0,-1.1805115e-24,2.759565e-07,0.005004883,-400.25253,56.085983,55.184006,0.0,0.9,0.0,-2.2491973e-24,0.0,72.39552,68.94499,68.867096,69.02398,68.097336
2018-01-02 23:17:00,0.1,0.0,56.085983,357730.44,0.0,0.0,32.0,-2.3239568e-06,1.0,1.0,69.46688,0.0,0.0,0.0,-1.1306342e-23,-2.315128e-06,0.005004883,-400.25253,56.085983,55.184006,0.0,0.9,0.0,-1.0351469e-24,0.0,72.41711,68.94054,68.8616,69.020134,68.09503
2018-01-02 23:18:00,0.1,0.0,56.085983,357730.44,0.0,0.0,32.0,0.0,1.0,1.0,69.46792,0.0,0.0,0.0,-1.2501991e-23,-2.0576542e-06,0.005004883,-400.25253,56.085983,55.184006,0.0,0.9,0.0,-1.01132874e-25,0.0,72.438416,68.936035,68.85611,69.01629,68.09273
2018-01-02 23:19:00,0.1,0.0,56.085983,357730.44,0.0,0.0,32.0,1.1619784e-06,1.0,1.0,69.46891,0.0,0.0,0.0,-4.1363338e-24,-7.225434e-06,0.005004883,-400.25253,56.085983,55.184006,0.0,0.9,0.0,-1.6584314e-24,0.0,72.45952,68.93153,68.85062,69.01244,68.090416
2018-01-02 23:20:00,0.1,0.0,56.085983,357730.44,0.0,0.0,32.0,-1.1619784e-06,1.0,1.0,69.46979,0.0,0.0,0.0,-5.1693975e-26,-4.147319e-06,0.005004883,-400.25253,56.085983,55.184006,0.0,0.9,0.0,-2.3692941999999997e-25,0.0,72.48033,68.927025,68.844955,69.0086,68.08806
2018-01-02 23:21:00,0.1,0.0,56.085983,357730.44,0.0,0.0,32.0,0.0,1.0,1.0,69.47062,0.0,0.0,0.0,-2.0289605e-24,4.770711e-06,0.005004883,-400.25253,56.085983,55.184006,0.0,0.9,0.0,-8.267600499999999e-25,0.0,72.50093,68.922516,68.83925,69.0047,68.08569
2018-01-02 23:22:00,0.1,0.0,56.085983,357730.44,0.0,0.0,32.0,2.3239568e-06,1.0,1.0,69.4714,0.0,0.0,0.0,-3.173772e-23,-6.929189e-06,0.005004883,-400.25253,56.085983,55.184006,0.0,0.9,0.0,-8.201509e-25,0.0,72.521255,68.918015,68.83359,69.000854,68.083275
2018-01-02 23:23:00,0.1,0.0,56.085983,357730.44,0.0,0.0,32.0,1.1619784e-06,1.0,1.0,69.47209,0.0,0.0,0.0,-6.192735e-24,1.3292919e-06,0.005004883,-400.25253,56.085983,55.184006,0.0,0.9,0.0,-3.7730569e-28,0.0,72.54137,68.91345,68.82787,68.9969,68.08086
2018-01-02 23:24:00,0.1,0.0,56.085983,357730.44,0.0,0.0,32.0,-3.4859352e-06,1.0,1.0,69.47274,0.0,0.0,0.0,-2.9122749e-24,-4.2183635e-07,0.005004883,-400.25253,56.085983,55.184006,0.0,0.9,0.0,-1.2182162e-25,0.0,72.5613,68.9089,68.82216,68.993,68.078384
2018-01-02 23:25:00,0.1,0.0,56.085983,357730.44,0.0,0.0,32.0,-1.1619784e-06,1.0,1.0,69.47335,0.0,0.0,0.0,-4.7798893e-24,1.502273e-06,0.005004883,-400.25253,56.085983,55.184006,0.0,0.9,0.0,-1.3470309e-25,0.0,72.58096,68.90439,68.81645,68.989044,68.07591
2018-01-02 23:26:00,0.1,0.0,56.085983,357730.44,0.0,0.0,32.0,1.1619784e-06,1.0,1.0,69.4739,0.0,0.0,0.0,-1.1986717e-24,-3.3887723e-06,0.005004883,-400.25253,56.085983,55.184006,0.0,0.9,0.0,-5.277600299999999e-25,0.0,72.600464,68.89983,68.810684,68.98509,68.07344
2018-01-02 23:27:00,0.1,0.0,56.085983,357730.44,0.0,0.0,32.0,2.3239568e-06,1.0,1.0,69.47441,0.0,0.0,0.0,-8.137264e-24,-3.2628148e-07,0.005004883,-400.25253,56.085983,55.184006,0.0,0.9,0.0,-4.2867102000000004e-27,0.0,72.619804,68.89522,68.80496,68.98113,68.070915
2018-01-02 23:28:00,0.1,0.0,56.085983,357730.44,0.0,0.0,32.0,-1.1619784e-06,1.0,1.0,69.47485,0.0,0.0,0.0,-6.416412999999999e-26,7.875002e-06,0.005004883,-400.25253,56.085983,55.184006,0.0,0.9,0.0,-3.209898e-24,0.0,72.638916,68.890656,68.799194,68.97717,68.06833
2018-01-02 23:29:00,0.1,0.0,56.085983,357730.44,0.0,0.0,32.0,1.1619784e-06,1.0,1.0,69.475266,0.0,0.0,0.0,-5.193516e-25,6.887176e-07,0.005004883,-400.25253,56.085983,55.184006,0.0,0.9,0.0,-1.0578642000000001e-24,0.0,72.65793,68.88605,68.79343,68.97317,68.06575
2018-01-02 23:30:00,0.1,0.0,56.085983,357730.44,0.0,0.0,32.0,-1.1619784e-06,1.0,1.0,69.47563,0.0,0.0,0.0,-1.3325558e-23,-1.1878201e-06,0.005004883,-400.25253,56.085983,55.184006,0.0,0.9,0.0,-2.1709152e-24,0.0,72.67671,68.881485,68.78766,68.96916,68.06317
2018-01-02 23:31:00,0.1,0.0,56.085983,357730.44,0.0,0.0,32.0,0.0,1.0,1.0,69.47597,0.0,0.0,0.0,-1.2463728e-23,-4.21027e-06,0.005004883,-400.25253,56.085983,55.184006,0.0,0.9,0.0,-8.604876e-25,0.0,72.69539,68.87688,68.781845,68.96515,68.06053
2018-01-02 23:32:00,0.1,0.0,56.085983,357730.44,0.0,0.0,32.0,1.1619784e-06,1.0,1.0,69.47626,0.0,0.0,0.0,-1.2457099e-25,1.1658165e-06,0.005004883,-400.25253,56.085983,55.184006,0.0,0.9,0.0,-2.0316227e-27,0.0,72.71396,68.87225,68.77608,68.961136,68.057846
2018-01-02 23:33:00,0.1,0.0,56.085983,357730.44,0.0,0.0,32.0,-1.1619784e-06,1.0,1.0,69.476524,0.0,0.0,0.0,-1.0845226000000002e-22,6.3611315e-06,0.005004883,-400.25253,56.085983,55.184006,0.0,0.9,0.0,-1.4553054e-24,0.0,72.73247,68.8677,68.77025,68.95708,68.055145
2018-01-02 23:34:00,0.1,0.0,56.085983,357730.44,0.0,0.0,32.0,-1.1619784e-06,1.0,1.0,69.47678,0.0,0.0,0.0,-3.122665e-24,7.0637307e-06,0.005004883,-400.25253,56.085983,55.184006,0.0,0.9,0.0,-1.6309892999999999e-25,0.0,72.75082,68.86319,68.76443,68.953,68.05246
2018-01-02 23:35:00,0.1,0.0,56.085983,357730.44,0.0,0.0,32.0,1.1619784e-06,1.0,1.0,69.47698,0.0,0.0,0.0,-2.0066592e-24,-2.6629235e-07,0.005004883,-400.25253,56.085983,55.184006,0.0,0.9,0.0,-1.1929669e-26,0.0,72.76906,68.85858,68.758606,68.948944,68.04971
2018-01-02 23:36:00,0.1,0.0,56.085983,357730.44,0.0,0.0,32.0,0.0,1.0,1.0,69.47716,0.0,0.0,0.0,-1.8203874e-26,-3.5697099e-06,0.005004883,-400.25253,56.085983,55.184006,0.0,0.9,0.0,-1.0920099e-24,0.0,72.787186,68.85402,68.75278,68.944824,68.04697
2018-01-02 23:37:00,0.1,0.0,56.085983,357730.44,0.0,0.0,32.0,-1.1619784e-06,1.0,1.0,69.47729,0.0,0.0,0.0,-2.8475928000000003e-24,5.3712197e-06,0.005004883,-400.25253,56.085983,55.184006,0.0,0.9,0.0,-2.5505214e-25,0.0,72.8052,68.84946,68.74696,68.94064,68.04416
2018-01-02 23:38:00,0.1,0.0,56.085983,357730.44,0.0,0.0,32.0,0.0,1.0,1.0,69.47737,0.0,0.0,0.0,-4.9501076e-25,-7.2838594e-07,0.005004883,-400.25253,56.085983,55.184006,0.0,0.9,0.0,-7.852966e-26,0.0,72.82305,68.84485,68.741135,68.93642,68.04137
2018-01-02 23:39:00,0.1,0.0,56.085983,357730.44,0.0,0.0,32.0,0.0,1.0,1.0,69.4774,0.0,0.0,0.0,-4.881907e-24,-1.4223318e-06,0.005004883,-400.25253,56.085983,55.184006,0.0,0.9,0.0,-7.1413316e-26,0.0,72.840744,68.84023,68.73526,68.93224,68.03856
2018-01-02 23:40:00,0.1,0.0,56.085983,357730.44,0.0,0.0,32.0,0.0,1.0,1.0,69.477394,0.0,0.0,0.0,-9.427369e-25,2.4124608e-06,0.005004883,-400.25253,56.085983,55.184006,0.0,0.9,0.0,-3.6557108999999997e-25,0.0,72.85826,68.83562,68.729385,68.92801,68.035706
2018-01-02 23:41:00,0.1,0.0,56.085983,357730.44,0.0,0.0,32.0,1.1619784e-06,1.0,1.0,69.47734,0.0,0.0,0.0,-6.1373469999999995e-24,6.328721e-06,0.005004883,-400.25253,56.085983,55.184006,0.0,0.9,0.0,-2.6727993e-25,0.0,72.875626,68.83101,68.7235,68.92378,68.03279
2018-01-02 23:42:00,0.1,0.0,56.085983,357730.44,0.0,0.0,32.0,1.1619784e-06,1.0,1.0,69.47725,0.0,0.0,0.0,-1.6511971000000001e-24,-5.021279e-06,0.005004883,-400.25253,56.085983,55.184006,0.0,0.9,0.0,-5.007896e-25,0.0,72.892815,68.826385,68.71762,68.919556,68.02988
2018-01-02 23:43:00,0.1,0.0,56.085983,357730.44,0.0,0.0,32.0,1.1619784e-06,1.0,1.0,69.47711,0.0,0.0,0.0,-5.9257764000000006e-24,-4.835833e-06,0.005004883,-400.25253,56.085983,55.184006,0.0,0.9,0.0,-3.4418128000000005e-24,0.0,72.90979,68.82172,68.71175,68.91533,68.02697
2018-01-02 23:44:00,0.1,0.0,56.085983,357730.44,0.0,0.0,32.0,-1.1619784e-06,1.0,1.0,69.476944,0.0,0.0,0.0,-1.4278054e-24,3.0122246e-06,0.005004883,-400.25253,56.085983,55.184006,0.0,0.9,0.0,-6.5385530000000005e-25,0.0,72.9266,68.81711,68.70587,68.911095,68.024
2018-01-02 23:45:00,0.1,0.0,56.085983,357730.44,0.0,0.0,32.0,2.3239568e-06,1.0,1.0,69.47671,0.0,0.0,0.0,-1.8793799e-28,-3.0806812e-06,0.005004883,-400.25253,56.085983,55.184006,0.0,0.9,0.0,-1.0832206e-24,0.0,72.94324,68.81244,68.7,68.906815,68.02104
2018-01-02 23:46:00,0.1,0.0,56.085983,357730.44,0.0,0.0,32.0,-2.3239568e-06,1.0,1.0,69.4764,0.0,0.0,0.0,-5.3175500000000005e-24,-1.6132029e-07,0.005004883,-400.25253,56.085983,55.184006,0.0,0.9,0.0,-9.8975494e-26,0.0,72.95967,68.80777,68.69406,68.90253,68.01802
2018-01-02 23:47:00,0.1,0.0,56.085983,357730.44,0.0,0.0,32.0,0.0,1.0,1.0,69.476074,0.0,0.0,0.0,-6.646852e-25,-3.942035e-06,0.005004883,-400.25253,56.085983,55.184006,0.0,0.9,0.0,-1.2423627e-24,0.0,72.975876,68.80304,68.68819,68.89824,68.015
2018-01-02 23:48:00,0.1,0.0,56.085983,357730.44,0.0,0.0,32.0,0.0,1.0,1.0,69.475685,0.0,0.0,0.0,-1.5986240000000002e-23,-5.0235303e-06,0.005004883,-400.25253,56.085983,55.184006,0.0,0.9,0.0,-4.0451902e-25,0.0,72.99191,68.79837,68.68225,68.89395,68.01192
2018-01-02 23:49:00,0.1,0.0,56.085983,357730.44,0.0,0.0,32.0,0.0,1.0,1.0,69.47526,0.0,0.0,0.0,-8.1946516e-24,-2.2966735e-06,0.005004883,-400.25253,56.085983,55.184006,0.0,0.9,0.0,-4.5581527e-25,0.0,73.00778,68.793655,68.676315,68.88967,68.00884
2018-01-02 23:50:00,0.1,0.0,56.085983,357730.44,0.0,0.0,32.0,1.1619784e-06,1.0,1.0,69.47478,0.0,0.0,0.0,-6.896505500000001e-27,3.848219e-06,0.005004883,-400.25253,56.085983,55.184006,0.0,0.9,0.0,-1.847793e-25,0.0,73.02344,68.788925,68.67044,68.88533,68.00577
2018-01-02 23:51:00,0.1,0.0,56.085983,357730.44,0.0,0.0,32.0,1.1619784e-06,1.0,1.0,69.474266,0.0,0.0,0.0,-5.833691e-23,-2.9421194e-06,0.005004883,-400.25253,56.085983,55.184006,0.0,0.9,0.0,-5.239752699999999e-25,0.0,73.03893,68.7842,68.664566,68.881,68.00264
2018-01-02 23:52:00,0.1,0.0,56.085983,357730.44,0.0,0.0,32.0,3.4859352e-06,1.0,1.0,69.473694,0.0,0.0,0.0,-1.1373679e-23,4.0619125e-07,0.005004883,-400.25253,56.085983,55.184006,0.0,0.9,0.0,-1.1216030000000001e-25,0.0,73.0542,68.77948,68.65863,68.87671,67.99945
2018-01-02 23:53:00,0.1,0.0,56.085983,357730.44,0.0,0.0,32.0,-1.1619784e-06,1.0,1.0,69.47308,0.0,0.0,0.0,-1.4532867e-23,-4.388166e-06,0.005004883,-400.25253,56.085983,55.184006,0.0,0.9,0.0,-2.9006857e-24,0.0,73.06926,68.77475,68.652695,68.87237,67.99632
2018-01-02 23:54:00,0.1,0.0,56.085983,357730.44,0.0,0.0,32.0,2.3239568e-06,1.0,1.0,69.4724,0.0,0.0,0.0,-2.1987289000000003e-24,2.529127e-07,0.005004883,-400.25253,56.085983,55.184006,0.0,0.9,0.0,-3.6809536999999997e-25,0.0,73.0842,68.76997,68.64676,68.86797,67.99307
2018-01-02 23:55:00,0.1,0.0,56.085983,357730.44,0.0,0.0,32.0,1.1619784e-06,1.0,1.0,69.471695,0.0,0.0,0.0,-1.5577660000000002e-23,7.331846e-07,0.005004883,-400.25253,56.085983,55.184006,0.0,0.9,0.0,-2.0419733999999998e-25,0.0,73.09886,68.76525,68.64083,68.86363,67.98989
2018-01-02 23:56:00,0.1,0.0,56.085983,357730.44,0.0,0.0,32.0,1.1619784e-06,1.0,1.0,69.47095,0.0,0.0,0.0,-1.6340932e-23,2.2275144e-06,0.005004883,-400.25253,56.085983,55.184006,0.0,0.9,0.0,-1.5302790999999999e-25,0.0,73.11342,68.76047,68.6349,68.8593,67.98665
2018-01-02 23:57:00,0.1,0.0,56.085983,357730.44,0.0,0.0,32.0,-3.4859352e-06,1.0,1.0,69.470116,0.0,0.0,0.0,-1.25993945e-24,3.0103693e-06,0.005004883,-400.25253,56.085983,55.184006,0.0,0.9,0.0,-2.4443198e-25,0.0,73.1277,68.75569,68.62891,68.854904,67.98341
2018-01-02 23:58:00,0.1,0.0,56.085983,357730.44,0.0,0.0,32.0,-3.4859352e-06,1.0,1.0,69.46925,0.0,0.0,0.0,-2.3295629e-24,-3.147186e-06,0.005004883,-400.25253,56.085983,55.184006,0.0,0.9,0.0,-2.0411255e-24,0.0,73.14188,68.750854,68.622925,68.85051,67.98012
2018-01-02 23:59:00,0.1,0.0,56.085983,357730.44,0.0,0.0,32.0,1.1619784e-06,1.0,1.0,69.46837,0.0,0.0,0.0,-1.2440767e-24,3.1106642e-06,0.005004883,-400.25253,56.085983,55.184006,0.0,0.9,0.0,-5.511673e-25,0.0,73.15582,68.74608,68.61699,68.846115,67.97687
2018-01-03 00:00:00,0.1,0.0,56.085983,357730.44,0.0,0.0,32.0,2.3239568e-06,1.0,1.0,69.46743,0.0,0.0,0.0,-9.253141e-24,1.253737e-05,0.005004883,-400.25253,56.085983,55.184006,0.0,0.9,0.0,-6.901464e-24,0.0,73.16962,68.7413,68.61095,68.84172,67.97357
2018-01-03 00:01:00,0.1,0.0,56.085983,357730.44,0.0,0.0,32.0,-1.1619784e-06,1.0,1.0,69.46643,0.0,0.0,0.0,-1.3824489e-23,-1.2279171e-06,0.005004883,-400.25253,56.085983,55.184006,0.0,0.9,0.0,-2.8040551e-25,0.0,73.18318,68.736465,68.604965,68.837326,67.97023
2018-01-03 00:02:00,0.1,0.0,56.085983,357730.44,0.0,0.0,32.0,1.1619784e-06,1.0,1.0,69.464905,0.0,0.0,0.0,-1.2024686e-24,-3.599955e-06,0.005004883,-400.25253,56.085983,55.184006,0.0,0.9,0.0,-1.678225e-24,0.0,73.194824,68.73147,68.598755,68.83276,67.966705
2018-01-03 00:03:00,0.1,0.0,56.085983,357730.44,0.0,0.0,32.0,-1.1619784e-06,1.0,1.0,69.46344,0.0,0.0,0.0,-1.5993665e-24,4.5095803e-07,0.005004883,-400.25253,56.085983,55.184006,0.0,0.9,0.0,-3.3623105999999996e-25,0.0,73.20686,68.726524,68.59249,68.8282,67.963135
2018-01-03 00:04:00,0.1,0.0,56.085983,357730.44,0.0,0.0,32.0,1.1619784e-06,1.0,1.0,69.46193,0.0,0.0,0.0,-6.802680000000001e-24,-5.587153e-06,0.005004883,-400.25253,56.085983,55.184006,0.0,0.9,0.0,-9.207602e-25,0.0,73.21861,68.72158,68.58629,68.82364,67.959564
2018-01-03 00:05:00,0.1,0.0,56.085983,357730.44,0.0,0.0,32.0,1.1619784e-06,1.0,1.0,69.4604,0.0,0.0,0.0,-4.2327900000000004e-24,-3.1825048e-06,0.005004883,-400.25253,56.085983,55.184006,0.0,0.9,0.0,-1.0636274e-24,0.0,73.23021,68.71658,68.58008,68.81914,67.95599
2018-01-03 00:06:00,0.1,0.0,56.085983,357730.44,0.0,0.0,32.0,0.0,1.0,1.0,69.458855,0.0,0.0,0.0,-1.9070195e-23,-7.681552e-06,0.005004883,-400.25253,56.085983,55.184006,0.0,0.9,0.0,-1.6301027e-24,0.0,73.24163,68.71164,68.57393,68.814575,67.952484
2018-01-03 00:07:00,0.1,0.0,56.085983,357730.44,0.0,0.0,32.0,1.1619784e-06,1.0,1.0,69.45726,0.0,0.0,0.0,-3.96138e-24,5.5490505e-06,0.005004883,-400.25253,56.085983,55.184006,0.0,0.9,0.0,-2.6860843999999997e-25,0.0,73.252945,68.706696,68.56772,68.81002,67.94891
2018-01-03 00:08:00,0.1,0.0,56.085983,357730.44,0.0,0.0,32.0,-2.3239568e-06,1.0,1.0,69.45564,0.0,0.0,0.0,-9.667583e-24,-2.353683e-06,0.005004883,-400.25253,56.085983,55.184006,0.0,0.9,0.0,-1.6933728e-24,0.0,73.2641,68.70175,68.56157,68.805466,67.94534
2018-01-03 00:09:00,0.1,0.0,56.085983,357730.44,0.0,0.0,32.0,1.1619784e-06,1.0,1.0,69.453995,0.0,0.0,0.0,-3.9991343e-24,1.2669547e-06,0.005004883,-400.25253,56.085983,55.184006,0.0,0.9,0.0,-1.2665602000000001e-24,0.0,73.275085,68.69681,68.55541,68.8009,67.94177
2018-01-03 00:10:00,0.1,0.0,56.085983,357730.44,0.0,0.0,32.0,1.1619784e-06,1.0,1.0,69.45234,0.0,0.0,0.0,-7.951498999999999e-24,-2.3305913e-06,0.005004883,-400.25253,56.085983,55.184006,0.0,0.9,0.0,-4.1929904999999995e-25,0.0,73.285965,68.691864,68.549255,68.7964,67.9382
2018-01-03 00:11:00,0.1,0.0,56.085983,357730.44,0.0,0.0,32.0,-1.1619784e-06,1.0,1.0,69.45066,0.0,0.0,0.0,-6.7225893e-23,1.3774456e-06,0.005004883,-400.25253,56.085983,55.184006,0.0,0.9,0.0,-3.2000894e-24,0.0,73.29668,68.68697,68.543106,68.79184,67.934685
2018-01-03 00:12:00,0.1,0.0,56.085983,357730.44,0.0,0.0,32.0,1.1619784e-06,1.0,1.0,69.44892,0.0,0.0,0.0,-4.1716476e-23,4.7973235e-06,0.005004883,-400.25253,56.085983,55.184006,0.0,0.9,0.0,-1.3387040000000001e-25,0.0,73.30722,68.68203,68.53696,68.78728,67.931114
2018-01-03 00:13:00,0.1,0.0,56.085983,357730.44,0.0,0.0,32.0,-1.1619784e-06,1.0,1.0,69.44719,0.0,0.0,0.0,-7.395978e-23,1.1251312e-06,0.005004883,-400.25253,56.085983,55.184006,0.0,0.9,0.0,-4.0154820000000002e-25,0.0,73.31766,68.67714,68.53085,68.782776,67.92754
2018-01-03 00:14:00,0.1,0.0,56.085983,357730.44,0.0,0.0,32.0,0.0,1.0,1.0,69.44543,0.0,0.0,0.0,-9.8217545e-24,1.8961804e-06,0.005004883,-400.25253,56.085983,55.184006,0.0,0.9,0.0,-1.4931636000000001e-24,0.0,73.32799,68.672195,68.524765,68.77821,67.92397
2018-01-03 00:15:00,0.1,0.0,56.085983,357730.44,0.0,0.0,32.0,1.1619784e-06,1.0,1.0,69.44364,0.0,0.0,0.0,-1.7104467e-24,-3.446012e-06,0.005004883,-400.25253,56.085983,55.184006,0.0,0.9,0.0,-1.0690901e-24,0.0,73.33809,68.66731,68.51861,68.77371,67.920456
2018-01-03 00:16:00,0.1,0.0,56.085983,357730.44,0.0,0.0,32.0,-1.1619784e-06,1.0,1.0,69.44182,0.0,0.0,0.0,-3.683337e-23,-5.540863e-06,0.005004883,-400.25253,56.085983,55.184006,0.0,0.9,0.0,-7.0601744e-25,0.0,73.348145,68.66237,68.512566,68.76915,67.916885
2018-01-03 00:17:00,0.1,0.0,56.085983,357730.44,0.0,0.0,32.0,0.0,1.0,1.0,69.43999,0.0,0.0,0.0,-1.3892365000000001e-24,5.2449476e-08,0.005004883,-400.25253,56.085983,55.184006,0.0,0.9,0.0,-7.498605999999999e-26,0.0,73.35803,68.65747,68.50647,68.76465,67.913315
2018-01-03 00:18:00,0.1,0.0,56.085983,357730.44,0.0,0.0,32.0,0.0,1.0,1.0,69.43813,0.0,0.0,0.0,-2.5088191000000002e-26,2.371422e-06,0.005004883,-400.25253,56.085983,55.184006,0.0,0.9,0.0,-8.748667999999999e-26,0.0,73.36781,68.65259,68.50043,68.760086,67.909744
2018-01-03 00:19:00,0.1,0.0,56.085983,357730.44,0.0,0.0,32.0,0.0,1.0,1.0,69.43626,0.0,0.0,0.0,-1.674066e-24,6.882316e-08,0.005004883,-400.25253,56.085983,55.184006,0.0,0.9,0.0,-2.1280092e-25,0.0,73.377426,68.6477,68.49432,68.755585,67.906235
2018-01-03 00:20:00,0.1,0.0,56.085983,357730.44,0.0,0.0,32.0,1.1619784e-06,1.0,1.0,69.434364,0.0,0.0,0.0,-9.2672066e-24,1.3617736e-06,0.005004883,-400.25253,56.085983,55.184006,0.0,0.9,0.0,-1.4766708e-24,0.0,73.38698,68.64281,68.48828,68.75108,67.902664
2018-01-03 00:21:00,0.1,0.0,56.085983,357730.44,0.0,0.0,32.0,1.1619784e-06,1.0,1.0,69.432434,0.0,0.0,0.0,-2.4661494e-24,-1.164546e-05,0.005004883,-400.25253,56.085983,55.184006,0.0,0.9,0.0,-5.207373e-24,0.0,73.39632,68.637924,68.48224,68.746574,67.89909
2018-01-03 00:22:00,0.1,0.0,56.085983,357730.44,0.0,0.0,32.0,-1.1619784e-06,1.0,1.0,69.430504,0.0,0.0,0.0,-5.2977025000000004e-27,-2.0847945e-06,0.005004883,-400.25253,56.085983,55.184006,0.0,0.9,0.0,-2.2659652000000002e-27,0.0,73.4056,68.63309,68.47626,68.74202,67.89557
2018-01-03 00:23:00,0.1,0.0,56.085983,357730.44,0.0,0.0,32.0,-1.1619784e-06,1.0,1.0,69.42853,0.0,0.0,0.0,-1.2261415e-23,-2.276346e-06,0.005004883,-400.25253,56.085983,55.184006,0.0,0.9,0.0,-8.435466e-27,0.0,73.41472,68.6282,68.470215,68.73751,67.892
2018-01-03 00:24:00,0.1,0.0,56.085983,357730.44,0.0,0.0,32.0,1.1619784e-06,1.0,1.0,69.426575,0.0,0.0,0.0,-1.0373002000000001e-22,-4.8093993e-06,0.005004883,-400.25253,56.085983,55.184006,0.0,0.9,0.0,-1.860539e-24,0.0,73.42378,68.62337,68.464226,68.733,67.88849
2018-01-03 00:25:00,0.1,0.0,56.085983,357730.44,0.0,0.0,32.0,0.0,1.0,1.0,69.42456,0.0,0.0,0.0,-6.1614786e-24,-1.0549203e-06,0.005004883,-400.25253,56.085983,55.184006,0.0,0.9,0.0,-1.7768064e-26,0.0,73.43268,68.61847,68.45824,68.7285,67.88492
2018-01-03 00:26:00,0.1,0.0,56.085983,357730.44,0.0,0.0,32.0,1.1619784e-06,1.0,1.0,69.42255,0.0,0.0,0.0,-3.638964e-24,2.0057719e-06,0.005004883,-400.25253,56.085983,55.184006,0.0,0.9,0.0,-5.4855766000000005e-24,0.0,73.44147,68.61364,68.452255,68.724,67.88135
2018-01-03 00:27:00,0.1,0.0,56.085983,357730.44,0.0,0.0,32.0,1.1619784e-06,1.0,1.0,69.42052,0.0,0.0,0.0,-2.8556954e-23,1.3785705e-06,0.005004883,-400.25253,56.085983,55.184006,0.0,0.9,0.0,-3.3704914e-26,0.0,73.45015,68.60881,68.44626,68.7195,67.87783
2018-01-03 00:28:00,0.1,0.0,56.085983,357730.44,0.0,0.0,32.0,0.0,1.0,1.0,69.41844,0.0,0.0,0.0,-6.9576104e-24,-1.8090004e-06,0.005004883,-400.25253,56.085983,55.184006,0.0,0.9,0.0,-1.5532685999999998e-25,0.0,73.458664,68.60397,68.44033,68.71499,67.87426
2018-01-03 00:29:00,0.1,0.0,56.085983,357730.44,0.0,0.0,32.0,0.0,1.0,1.0,69.41637,0.0,0.0,0.0,-2.7198378e-23,1.6025492e-06,0.005004883,-400.25253,56.085983,55.184006,0.0,0.9,0.0,-1.9097942e-26,0.0,73.467125,68.59908,68.43434,68.71054,67.87074
2018-01-03 00:30:00,0.1,0.0,56.085983,357730.44,0.0,0.0,32.0,0.0,1.0,1.0,69.41428,0.0,0.0,0.0,-2.5341973999999998e-23,5.365735e-07,0.005004883,-400.25253,56.085983,55.184006,0.0,0.9,0.0,-1.5023421000000001e-27,0.0,73.47548,68.5943,68.428406,68.70604,67.86717
2018-01-03 00:31:00,0.1,0.0,56.085983,357730.44,0.0,0.0,32.0,1.1619784e-06,1.0,1.0,69.41217,0.0,0.0,0.0,-4.3352644e-24,-2.0038489e-07,0.005004883,-400.25253,56.085983,55.184006,0.0,0.9,0.0,-1.9244183e-26,0.0,73.48372,68.58947,68.42248,68.70153,67.86366
2018-01-03 00:32:00,0.1,0.0,56.085983,357730.44,0.0,0.0,32.0,0.0,1.0,1.0,69.41005,0.0,0.0,0.0,-2.0030740999999998e-25,-1.1081128e-06,0.005004883,-400.25253,56.085983,55.184006,0.0,0.9,0.0,-1.2196504e-25,0.0,73.491844,68.58464,68.41655,68.69708,67.86014
2018-01-03 00:33:00,0.1,0.0,56.085983,357730.44,0.0,0.0,32.0,1.1619784e-06,1.0,1.0,69.4079,0.0,0.0,0.0,-2.8361585e-23,1.22461615e-05,0.005004883,-400.25253,56.085983,55.184006,0.0,0.9,0.0,-1.7140279999999998e-24,0.0,73.49986,68.5798,68.41067,68.69258,67.85657
2018-01-03 00:34:00,0.1,0.0,56.085983,357730.44,0.0,0.0,32.0,-2.3239568e-06,1.0,1.0,69.40573,0.0,0.0,0.0,-4.5218780000000007e-23,5.4266425e-06,0.005004883,-400.25253,56.085983,55.184006,0.0,0.9,0.0,-3.7289873e-24,0.0,73.507774,68.57503,68.40474,68.68807,67.85306
2018-01-03 00:35:00,0.1,0.0,56.085983,357730.44,0.0,0.0,32.0,-3.4859352e-06,1.0,1.0,69.40356,0.0,0.0,0.0,-3.3211688e-23,6.9898115e-06,0.005004883,-400.25253,56.085983,55.184006,0.0,0.9,0.0,-5.564052e-28,0.0,73.515625,68.57019,68.39886,68.683624,67.84949
2018-01-03 00:36:00,0.1,0.0,56.085983,357730.44,0.0,0.0,32.0,-1.1619784e-06,1.0,1.0,69.40138,0.0,0.0,0.0,-8.2693086e-24,2.0680661e-06,0.005004883,-400.25253,56.085983,55.184006,0.0,0.9,0.0,-4.2102986e-24,0.0,73.52338,68.565414,68.392975,68.67917,67.84597
2018-01-03 00:37:00,0.1,0.0,56.085983,357730.44,0.0,0.0,32.0,1.1619784e-06,1.0,1.0,69.399155,0.0,0.0,0.0,-1.3991739e-23,1.2115898e-06,0.005004883,-400.25253,56.085983,55.184006,0.0,0.9,0.0,-2.0564458e-24,0.0,73.53096,68.56063,68.3871,68.67467,67.84245
2018-01-03 00:38:00,0.1,0.0,56.085983,357730.44,0.0,0.0,32.0,0.0,1.0,1.0,69.39697,0.0,0.0,0.0,-6.189918e-25,-1.8184658e-06,0.005004883,-400.25253,56.085983,55.184006,0.0,0.9,0.0,-2.2327905e-24,0.0,73.538536,68.55585,68.38128,68.67022,67.83894
2018-01-03 00:39:00,0.1,0.0,56.085983,357730.44,0.0,0.0,32.0,1.1619784e-06,1.0,1.0,69.394714,0.0,0.0,0.0,-4.5004175000000005e-24,7.958937e-06,0.005004883,-400.25253,56.085983,55.184006,0.0,0.9,0.0,-3.6789175e-24,0.0,73.54595,68.55107,68.3754,68.66577,67.83537
2018-01-03 00:40:00,0.1,0.0,56.085983,357730.44,0.0,0.0,32.0,0.0,1.0,1.0,69.392456,0.0,0.0,0.0,-1.5880107e-26,1.4858227e-06,0.005004883,-400.25253,56.085983,55.184006,0.0,0.9,0.0,-1.1819604e-24,0.0,73.55325,68.546295,68.36958,68.661316,67.83185
2018-01-03 00:41:00,0.1,0.0,56.085983,357730.44,0.0,0.0,32.0,0.0,1.0,1.0,69.39018,0.0,0.0,0.0,-1.3800982000000001e-24,-6.955299e-06,0.005004883,-400.25253,56.085983,55.184006,0.0,0.9,0.0,-3.8895332000000004e-26,0.0,73.56051,68.54152,68.363754,68.656815,67.82834
2018-01-03 00:42:00,0.1,0.0,56.085983,357730.44,0.0,0.0,32.0,2.3239568e-06,1.0,1.0,69.38792,0.0,0.0,0.0,-5.8185535e-23,-1.8781539e-06,0.005004883,-400.25253,56.085983,55.184006,0.0,0.9,0.0,-3.3407200000000006e-24,0.0,73.5677,68.536736,68.35793,68.65237,67.82482
2018-01-03 00:43:00,0.1,0.0,56.085983,357730.44,0.0,0.0,32.0,0.0,1.0,1.0,69.385635,0.0,0.0,0.0,-2.9284887e-24,2.5155227e-06,0.005004883,-400.25253,56.085983,55.184006,0.0,0.9,0.0,-4.2347919999999996e-26,0.0,73.57479,68.53195,68.352165,68.64792,67.821304
2018-01-03 00:44:00,0.1,0.0,56.085983,357730.44,0.0,0.0,32.0,-1.1619784e-06,1.0,1.0,69.38332,0.0,0.0,0.0,-7.568385e-24,1.0143903e-06,0.005004883,-400.25253,56.085983,55.184006,0.0,0.9,0.0,-1.7904870000000002e-27,0.0,73.58177,68.52724,68.346344,68.64346,67.817795
2018-01-03 00:45:00,0.1,0.0,56.085983,357730.44,0.0,0.0,32.0,-1.1619784e-06,1.0,1.0,69.381,0.0,0.0,0.0,-1.8923510000000002e-23,-7.980535e-07,0.005004883,-400.25253,56.085983,55.184006,0.0,0.9,0.0,-2.5999342e-26,0.0,73.58864,68.52245,68.340576,68.63907,67.81427
2018-01-03 00:46:00,0.1,0.0,56.085983,357730.44,0.0,0.0,32.0,1.1619784e-06,1.0,1.0,69.37868,0.0,0.0,0.0,-3.2519549999999998e-24,7.5596267e-06,0.005004883,-400.25253,56.085983,55.184006,0.0,0.9,0.0,-1.5832134000000001e-24,0.0,73.59544,68.51773,68.33481,68.63463,67.81076
2018-01-03 00:47:00,0.1,0.0,56.085983,357730.44,0.0,0.0,32.0,1.1619784e-06,1.0,1.0,69.37633,0.0,0.0,0.0,-1.7576703e-23,6.350654e-06,0.005004883,-400.25253,56.085983,55.184006,0.0,0.9,0.0,-3.0970728e-24,0.0,73.6022,68.513,68.32904,68.63017,67.80724
2018-01-03 00:48:00,0.1,0.0,56.085983,357730.44,0.0,0.0,32.0,-1.1619784e-06,1.0,1.0,69.37398,0.0,0.0,0.0,-3.816046e-25,-3.2225253e-06,0.005004883,-400.25253,56.085983,55.184006,0.0,0.9,0.0,-5.1818385e-25,0.0,73.60885,68.508286,68.32327,68.625725,67.80373
2018-01-03 00:49:00,0.1,0.0,56.085983,357730.44,0.0,0.0,32.0,-1.1619784e-06,1.0,1.0,69.3716,0.0,0.0,0.0,-9.496527e-24,2.663447e-06,0.005004883,-400.25253,56.085983,55.184006,0.0,0.9,0.0,-5.885973e-25,0.0,73.61539,68.503555,68.317505,68.62133,67.80022
2018-01-03 00:50:00,0.1,0.0,56.085983,357730.44,0.0,0.0,32.0,0.0,1.0,1.0,69.369225,0.0,0.0,0.0,-4.9841027e-23,-7.7048435e-06,0.005004883,-400.25253,56.085983,55.184006,0.0,0.9,0.0,-1.0107638e-24,0.0,73.62192,68.49883,68.31179,68.61688,67.79669
2018-01-03 00:51:00,0.1,0.0,56.085983,357730.44,0.0,0.0,32.0,0.0,1.0,1.0,69.36683,0.0,0.0,0.0,-4.9170237e-24,6.631529e-06,0.005004883,-400.25253,56.085983,55.184006,0.0,0.9,0.0,-1.4964652e-25,0.0,73.628296,68.49411,68.306076,68.61249,67.79318
2018-01-03 00:52:00,0.1,0.0,56.085983,357730.44,0.0,0.0,32.0,0.0,1.0,1.0,69.36444,0.0,0.0,0.0,-5.6088963e-23,6.5802766e-07,0.005004883,-400.25253,56.085983,55.184006,0.0,0.9,0.0,-3.0384733e-25,0.0,73.63467,68.48938,68.30037,68.60803,67.78972
2018-01-03 00:53:00,0.1,0.0,56.085983,357730.44,0.0,0.0,32.0,-2.3239568e-06,1.0,1.0,69.362015,0.0,0.0,0.0,-1.9230690000000003e-23,5.9525028e-06,0.005004883,-400.25253,56.085983,55.184006,0.0,0.9,0.0,-9.952995000000001e-25,0.0,73.64093,68.484665,68.29465,68.60364,67.78621
2018-01-03 00:54:00,0.1,0.0,56.085983,357730.44,0.0,0.0,32.0,0.0,1.0,1.0,69.35959,0.0,0.0,0.0,-3.9390176e-24,-1.4908507e-06,0.005004883,-400.25253,56.085983,55.184006,0.0,0.9,0.0,-1.1977086000000001e-24,0.0,73.64708,68.479996,68.28894,68.59924,67.782684
2018-01-03 00:55:00,0.1,0.0,56.085983,357730.44,0.0,0.0,32.0,0.0,1.0,1.0,69.35714,0.0,0.0,0.0,-9.529286e-25,6.154481e-06,0.005004883,-400.25253,56.085983,55.184006,0.0,0.9,0.0,-1.1409854999999999e-25,0.0,73.65318,68.475266,68.28328,68.5948,67.779175
2018-01-03 00:56:00,0.1,0.0,56.085983,357730.44,0.0,0.0,32.0,0.0,1.0,1.0,69.35471,0.0,0.0,0.0,-6.915056e-24,-4.0997843e-06,0.005004883,-400.25253,56.085983,55.184006,0.0,0.9,0.0,-2.8374984e-25,0.0,73.659225,68.4706,68.27762,68.59041,67.77571
2018-01-03 00:57:00,0.1,0.0,56.085983,357730.44,0.0,0.0,32.0,1.1619784e-06,1.0,1.0,69.35226,0.0,0.0,0.0,-1.24801e-24,-7.9967447e-07,0.005004883,-400.25253,56.085983,55.184006,0.0,0.9,0.0,-3.659e-24,0.0,73.66521,68.46593,68.27191,68.58601,67.7722
2018-01-03 00:58:00,0.1,0.0,56.085983,357730.44,0.0,0.0,32.0,-1.1619784e-06,1.0,1.0,69.34981,0.0,0.0,0.0,-6.078376999999999e-26,-3.86825e-06,0.005004883,-400.25253,56.085983,55.184006,0.0,0.9,0.0,-1.0924953e-24,0.0,73.67114,68.461205,68.26631,68.58162,67.76874
2018-01-03 00:59:00,0.1,0.0,56.085983,357730.44,0.0,0.0,32.0,-1.1619784e-06,1.0,1.0,69.34732,0.0,0.0,0.0,-1.0475843e-24,-1.1711802e-06,0.005004883,-400.25253,56.085983,55.184006,0.0,0.9,0.0,-5.9472426e-25,0.0,73.67696,68.456535,68.26065,68.577225,67.76522
2018-01-03 01:00:00,0.1,0.0,56.085983,357730.44,0.0,0.0,32.0,0.0,1.0,1.0,69.34483,0.0,0.0,0.0,-2.836037e-23,-5.023998e-06,0.005004883,-400.25253,56.085983,55.184006,0.0,0.9,0.0,-1.2001208000000001e-24,0.0,73.68273,68.451866,68.25499,68.57283,67.761765
2018-01-03 01:01:00,0.1,0.0,56.085983,357730.44,0.0,0.0,32.0,2.3239568e-06,1.0,1.0,69.34234,0.0,0.0,0.0,-2.5654258e-24,5.698784e-07,0.005004883,-400.25253,56.085983,55.184006,0.0,0.9,0.0,-8.618412e-26,0.0,73.688385,68.44725,68.24939,68.568436,67.75824
2018-01-03 01:02:00,0.1,0.0,56.085983,357730.44,0.0,0.0,32.0,-2.3239568e-06,1.0,1.0,69.33985,0.0,0.0,0.0,-2.6572382e-23,-1.9776442e-06,0.005004883,-400.25253,56.085983,55.184006,0.0,0.9,0.0,-3.6226144e-26,0.0,73.694046,68.44258,68.24373,68.56409,67.75478
2018-01-03 01:03:00,0.1,0.0,56.085983,357730.44,0.0,0.0,32.0,-1.1619784e-06,1.0,1.0,69.337326,0.0,0.0,0.0,-3.0659013e-23,5.599676e-06,0.005004883,-400.25253,56.085983,55.184006,0.0,0.9,0.0,-1.7554297000000002e-24,0.0,73.699646,68.43791,68.23813,68.55969,67.75127
2018-01-03 01:04:00,0.1,0.0,56.085983,357730.44,0.0,0.0,32.0,-1.1619784e-06,1.0,1.0,69.33478,0.0,0.0,0.0,-3.5041034e-23,6.6337407e-06,0.005004883,-400.25253,56.085983,55.184006,0.0,0.9,0.0,-1.6154955e-24,0.0,73.70514,68.43324,68.23247,68.5553,67.74776
2018-01-03 01:05:00,0.1,0.0,56.085983,357730.44,0.0,0.0,32.0,1.1619784e-06,1.0,1.0,69.33221,0.0,0.0,0.0,-4.3073746e-23,-5.910363e-06,0.005004883,-400.25253,56.085983,55.184006,0.0,0.9,0.0,-3.3776097e-24,0.0,73.71059,68.42852,68.22681,68.5509,67.74423
2018-01-03 01:06:00,0.1,0.0,56.085983,357730.44,0.0,0.0,32.0,-3.4859352e-06,1.0,1.0,69.329636,0.0,0.0,0.0,-2.5072737e-23,-7.781966e-07,0.005004883,-400.25253,56.085983,55.184006,0.0,0.9,0.0,-2.9884489e-24,0.0,73.715965,68.42385,68.22121,68.54646,67.74072
2018-01-03 01:07:00,0.1,0.0,56.085983,357730.44,0.0,0.0,32.0,-1.1619784e-06,1.0,1.0,69.32704,0.0,0.0,0.0,-4.9770973e-23,1.6281882e-06,0.005004883,-400.25253,56.085983,55.184006,0.0,0.9,0.0,-6.6870293999999995e-25,0.0,73.7213,68.41918,68.215546,68.54207,67.73715
2018-01-03 01:08:00,0.1,0.0,56.085983,357730.44,0.0,0.0,32.0,0.0,1.0,1.0,69.32445,0.0,0.0,0.0,-6.3266286e-24,-2.1893936e-06,0.005004883,-400.25253,56.085983,55.184006,0.0,0.9,0.0,-6.1064096e-25,0.0,73.72656,68.41446,68.20989,68.537674,67.733635
2018-01-03 01:09:00,0.1,0.0,56.085983,357730.44,0.0,0.0,32.0,0.0,1.0,1.0,69.32183,0.0,0.0,0.0,-3.5820953e-23,-5.50341e-06,0.005004883,-400.25253,56.085983,55.184006,0.0,0.9,0.0,-3.9330466999999997e-25,0.0,73.73178,68.40979,68.20424,68.53328,67.730064
2018-01-03 01:10:00,0.1,0.0,56.085983,357730.44,0.0,0.0,32.0,0.0,1.0,1.0,69.319176,0.0,0.0,0.0,-3.6147153e-24,1.7337416e-06,0.005004883,-400.25253,56.085983,55.184006,0.0,0.9,0.0,-9.652766e-25,0.0,73.73695,68.40506,68.19852,68.528824,67.72655
2018-01-03 01:11:00,0.1,0.0,56.085983,357730.44,0.0,0.0,32.0,2.3239568e-06,1.0,1.0,69.31653,0.0,0.0,0.0,-3.9778322999999997e-25,-1.9323413e-06,0.005004883,-400.25253,56.085983,55.184006,0.0,0.9,0.0,-9.011413e-25,0.0,73.74206,68.400345,68.19286,68.52443,67.72298
2018-01-03 01:12:00,0.1,0.0,56.085983,357730.44,0.0,0.0,32.0,0.0,1.0,1.0,69.31388,0.0,0.0,0.0,-1.2536552999999999e-25,-2.4072665e-06,0.005004883,-400.25253,56.085983,55.184006,0.0,0.9,0.0,-1.772492e-26,0.0,73.747116,68.395676,68.18721,68.51998,67.719406
2018-01-03 01:13:00,0.1,0.0,56.085983,357730.44,0.0,0.0,32.0,-1.1619784e-06,1.0,1.0,69.3112,0.0,0.0,0.0,-2.1779568e-24,1.3272431e-06,0.005004883,-400.25253,56.085983,55.184006,0.0,0.9,0.0,-7.52048e-25,0.0,73.752106,68.390945,68.18155,68.51559,67.715836
2018-01-03 01:14:00,0.1,0.0,56.085983,357730.44,0.0,0.0,32.0,-1.1619784e-06,1.0,1.0,69.308495,0.0,0.0,0.0,-6.746873999999999e-24,-6.6838237e-07,0.005004883,-400.25253,56.085983,55.184006,0.0,0.9,0.0,-2.8013858e-25,0.0,73.75705,68.38622,68.175835,68.51114,67.71221
2018-01-03 01:15:00,0.1,0.0,56.085983,357730.44,0.0,0.0,32.0,-1.1619784e-06,1.0,1.0,69.30579,0.0,0.0,0.0,-6.2794169999999996e-24,-5.767022e-06,0.005004883,-400.25253,56.085983,55.184006,0.0,0.9,0.0,-2.0882093e-24,0.0,73.76195,68.3815,68.17012,68.506744,67.70864
2018-01-03 01:16:00,0.1,0.0,56.085983,357730.44,0.0,0.0,32.0,1.1619784e-06,1.0,1.0,69.30306,0.0,0.0,0.0,-6.2046648e-24,-5.40362e-07,0.005004883,-400.25253,56.085983,55.184006,0.0,0.9,0.0,-8.271838e-26,0.0,73.76678,68.37677,68.16446,68.50229,67.70502
2018-01-03 01:17:00,0.1,0.0,56.085983,357730.44,0.0,0.0,32.0,0.0,1.0,1.0,69.30034,0.0,0.0,0.0,-5.5280907e-24,-6.6358934e-06,0.005004883,-400.25253,56.085983,55.184006,0.0,0.9,0.0,-4.0569368e-27,0.0,73.77156,68.372055,68.15875,68.49785,67.70145
2018-01-03 01:18:00,0.1,0.0,56.085983,357730.44,0.0,0.0,32.0,-2.3239568e-06,1.0,1.0,69.29757,0.0,0.0,0.0,-2.0787532e-23,-6.7018905e-06,0.005004883,-400.25253,56.085983,55.184006,0.0,0.9,0.0,-6.929097e-27,0.0,73.776276,68.36727,68.15304,68.493454,67.697815
2018-01-03 01:19:00,0.1,0.0,56.085983,357730.44,0.0,0.0,32.0,0.0,1.0,1.0,69.2948,0.0,0.0,0.0,-2.86663e-24,3.4645243e-06,0.005004883,-400.25253,56.085983,55.184006,0.0,0.9,0.0,-4.3716339999999996e-24,0.0,73.780945,68.36255,68.14732,68.489,67.6942
2018-01-03 01:20:00,0.1,0.0,56.085983,357730.44,0.0,0.0,32.0,2.3239568e-06,1.0,1.0,69.29203,0.0,0.0,0.0,-3.3594107e-24,-2.882589e-06,0.005004883,-400.25253,56.085983,55.184006,0.0,0.9,0.0,-1.4261692000000001e-24,0.0,73.785614,68.35782,68.14162,68.48455,67.69057
2018-01-03 01:21:00,0.1,0.0,56.085983,357730.44,0.0,0.0,32.0,-1.1619784e-06,1.0,1.0,69.28923,0.0,0.0,0.0,-2.6203908e-25,-6.7377086e-06,0.005004883,-400.25253,56.085983,55.184006,0.0,0.9,0.0,-3.8852157e-24,0.0,73.79018,68.35304,68.135895,68.4801,67.68694
2018-01-03 01:22:00,0.1,0.0,56.085983,357730.44,0.0,0.0,32.0,1.1619784e-06,1.0,1.0,69.286446,0.0,0.0,0.0,-4.5680245e-24,-4.5986417e-06,0.005004883,-400.25253,56.085983,55.184006,0.0,0.9,0.0,-1.6696277e-24,0.0,73.79474,68.34832,68.13019,68.47565,67.68332
2018-01-03 01:23:00,0.1,0.0,56.085983,357730.44,0.0,0.0,32.0,0.0,1.0,1.0,69.28361,0.0,0.0,0.0,-4.6631876e-24,1.0059473e-06,0.005004883,-400.25253,56.085983,55.184006,0.0,0.9,0.0,-5.2592522999999995e-25,0.0,73.79919,68.34354,68.12447,68.47121,67.67964
2018-01-03 01:24:00,0.1,0.0,56.085983,357730.44,0.0,0.0,32.0,1.1619784e-06,1.0,1.0,69.2808,0.0,0.0,0.0,-1.12929115e-23,-8.156416e-06,0.005004883,-400.25253,56.085983,55.184006,0.0,0.9,0.0,-5.7524304e-26,0.0,73.803635,68.33882,68.11876,68.46675,67.67601
2018-01-03 01:25:00,0.1,0.0,56.085983,357730.44,0.0,0.0,32.0,1.1619784e-06,1.0,1.0,69.27795,0.0,0.0,0.0,-1.8670782e-23,-1.498326e-06,0.005004883,-400.25253,56.085983,55.184006,0.0,0.9,0.0,-1.9434707e-24,0.0,73.80803,68.33404,68.11305,68.4623,67.67233
2018-01-03 01:26:00,0.1,0.0,56.085983,357730.44,0.0,0.0,32.0,-1.1619784e-06,1.0,1.0,69.2751,0.0,0.0,0.0,-7.519979e-23,-3.4757058e-08,0.005004883,-400.25253,56.085983,55.184006,0.0,0.9,0.0,-7.902647500000001e-27,0.0,73.81242,68.329254,68.107285,68.457855,67.668655
2018-01-03 01:27:00,0.1,0.0,56.085983,357730.44,0.0,0.0,32.0,0.0,1.0,1.0,69.27223,0.0,0.0,0.0,-3.4160947e-24,4.1741782e-06,0.005004883,-400.25253,56.085983,55.184006,0.0,0.9,0.0,-1.391269e-24,0.0,73.81671,68.32448,68.10156,68.4534,67.66497
2018-01-03 01:28:00,0.1,0.0,56.085983,357730.44,0.0,0.0,32.0,2.3239568e-06,1.0,1.0,69.26933,0.0,0.0,0.0,-2.4396284e-23,-6.046557e-06,0.005004883,-400.25253,56.085983,55.184006,0.0,0.9,0.0,-2.0753633e-24,0.0,73.821,68.3197,68.095795,68.4489,67.661285
2018-01-03 01:29:00,0.1,0.0,56.085983,357730.44,0.0,0.0,32.0,-1.1619784e-06,1.0,1.0,69.26646,0.0,0.0,0.0,-7.0815144e-24,3.493007e-06,0.005004883,-400.25253,56.085983,55.184006,0.0,0.9,0.0,-1.0031977999999999e-25,0.0,73.825226,68.314926,68.09009,68.44445,67.65761
2018-01-03 01:30:00,0.1,0.0,56.085983,357730.44,0.0,0.0,32.0,-1.1619784e-06,1.0,1.0,69.263565,0.0,0.0,0.0,-1.8406884000000002e-22,-1.5803511e-06,0.005004883,-400.25253,56.085983,55.184006,0.0,0.9,0.0,-9.242993000000001e-27,0.0,73.8294,68.31014,68.08432,68.44,67.65393
2018-01-03 01:31:00,0.1,0.0,56.085983,357730.44,0.0,0.0,32.0,-1.1619784e-06,1.0,1.0,69.26064,0.0,0.0,0.0,-3.6495206e-24,3.6879649e-06,0.005004883,-400.25253,56.085983,55.184006,0.0,0.9,0.0,-1.1195898e-24,0.0,73.83357,68.30536,68.07855,68.4355,67.65025
2018-01-03 01:32:00,0.1,0.0,56.085983,357730.44,0.0,0.0,32.0,1.1619784e-06,1.0,1.0,69.257706,0.0,0.0,0.0,-1.5178315e-23,-8.4408265e-07,0.005004883,-400.25253,56.085983,55.184006,0.0,0.9,0.0,-3.7164305e-25,0.0,73.83764,68.30058,68.072784,68.431046,67.646515
2018-01-03 01:33:00,0.1,0.0,56.085983,357730.44,0.0,0.0,32.0,0.0,1.0,1.0,69.2548,0.0,0.0,0.0,-2.6956484e-24,1.8048519e-06,0.005004883,-400.25253,56.085983,55.184006,0.0,0.9,0.0,-1.5440163000000002e-26,0.0,73.841705,68.295746,68.06707,68.4266,67.64284
2018-01-03 01:34:00,0.1,0.0,56.085983,357730.44,0.0,0.0,32.0,0.0,1.0,1.0,69.25185,0.0,0.0,0.0,-6.374026e-24,1.4405739e-06,0.005004883,-400.25253,56.085983,55.184006,0.0,0.9,0.0,-2.4547390000000003e-25,0.0,73.845764,68.29097,68.0613,68.42209,67.6391
2018-01-03 01:35:00,0.1,0.0,56.085983,357730.44,0.0,0.0,32.0,1.1619784e-06,1.0,1.0,69.248886,0.0,0.0,0.0,-6.6043304e-27,-5.2190203e-06,0.005004883,-400.25253,56.085983,55.184006,0.0,0.9,0.0,-1.8724217e-24,0.0,73.849724,68.28613,68.055534,68.41765,67.63536
2018-01-03 01:36:00,0.1,0.0,56.085983,357730.44,0.0,0.0,32.0,1.1619784e-06,1.0,1.0,69.24592,0.0,0.0,0.0,-3.9073941999999997e-25,-3.1030565e-06,0.005004883,-400.25253,56.085983,55.184006,0.0,0.9,0.0,-5.2236436e-25,0.0,73.85368,68.28136,68.04977,68.41314,67.63162
2018-01-03 01:37:00,0.1,0.0,56.085983,357730.44,0.0,0.0,32.0,-1.1619784e-06,1.0,1.0,69.24293,0.0,0.0,0.0,-1.7850565e-23,-1.7428807e-06,0.005004883,-400.25253,56.085983,55.184006,0.0,0.9,0.0,-8.113146000000001e-27,0.0,73.857574,68.27652,68.044,68.40863,67.62789
2018-01-03 01:38:00,0.1,0.0,56.085983,357730.44,0.0,0.0,32.0,0.0,1.0,1.0,69.23995,0.0,0.0,0.0,-1.2468621e-23,-8.452492e-06,0.005004883,-400.25253,56.085983,55.184006,0.0,0.9,0.0,-2.4125068e-24,0.0,73.86148,68.27174,68.03823,68.40419,67.62416
2018-01-03 01:39:00,0.1,0.0,56.085983,357730.44,0.0,0.0,32.0,0.0,1.0,1.0,69.23694,0.0,0.0,0.0,-5.1402906e-24,1.9552347e-06,0.005004883,-400.25253,56.085983,55.184006,0.0,0.9,0.0,-2.7803677e-24,0.0,73.865265,68.26691,68.03241,68.39968,67.62042
2018-01-03 01:40:00,0.1,0.0,56.085983,357730.44,0.0,0.0,32.0,2.3239568e-06,1.0,1.0,69.23393,0.0,0.0,0.0,-5.0466382e-23,5.326636e-06,0.005004883,-400.25253,56.085983,55.184006,0.0,0.9,0.0,-2.0566557e-25,0.0,73.86911,68.26208,68.02664,68.39517,67.616684
2018-01-03 01:41:00,0.1,0.0,56.085983,357730.44,0.0,0.0,32.0,-1.1619784e-06,1.0,1.0,69.230934,0.0,0.0,0.0,-2.893904e-23,7.8590335e-07,0.005004883,-400.25253,56.085983,55.184006,0.0,0.9,0.0,-5.708988000000001e-27,0.0,73.87285,68.25729,68.020874,68.39073,67.6129
2018-01-03 01:42:00,0.1,0.0,56.085983,357730.44,0.0,0.0,32.0,-1.1619784e-06,1.0,1.0,69.22791,0.0,0.0,0.0,-6.0361187000000005e-24,-1.0584962e-06,0.005004883,-400.25253,56.085983,55.184006,0.0,0.9,0.0,-1.5696943e-28,0.0,73.87659,68.252464,68.01511,68.38622,67.60916
2018-01-03 01:43:00,0.1,0.0,56.085983,357730.44,0.0,0.0,32.0,2.3239568e-06,1.0,1.0,69.22485,0.0,0.0,0.0,-5.4212263e-23,2.1906117e-06,0.005004883,-400.25253,56.085983,55.184006,0.0,0.9,0.0,-1.3573013000000001e-24,0.0,73.880264,68.247635,68.00928,68.381714,67.60537
2018-01-03 01:44:00,0.1,0.0,56.085983,357730.44,0.0,0.0,32.0,0.0,1.0,1.0,69.22182,0.0,0.0,0.0,-1.3063771000000001e-24,1.7166608e-06,0.005004883,-400.25253,56.085983,55.184006,0.0,0.9,0.0,-3.9661395e-25,0.0,73.88394,68.2428,68.00351,68.37721,67.60164
2018-01-03 01:45:00,0.1,0.0,56.085983,357730.44,0.0,0.0,32.0,0.0,1.0,1.0,69.218765,0.0,0.0,0.0,-2.5422682e-24,5.730511e-06,0.005004883,-400.25253,56.085983,55.184006,0.0,0.9,0.0,-1.6893499999999999e-25,0.0,73.88757,68.23796,67.99774,68.37271,67.59784
2018-01-03 01:46:00,0.1,0.0,56.085983,357730.44,0.0,0.0,32.0,1.1619784e-06,1.0,1.0,69.21571,0.0,0.0,0.0,-3.3125645e-25,-4.2450483e-06,0.005004883,-400.25253,56.085983,55.184006,0.0,0.9,0.0,-4.195820000000001e-24,0.0,73.8912,68.23312,67.99193,68.368256,67.594055
2018-01-03 01:47:00,0.1,0.0,56.085983,357730.44,0.0,0.0,32.0,0.0,1.0,1.0,69.21264,0.0,0.0,0.0,-4.9290212999999997e-23,-4.883396e-06,0.005004883,-400.25253,56.085983,55.184006,0.0,0.9,0.0,-2.8015493e-25,0.0,73.894714,68.228294,67.98616,68.363754,67.59026
2018-01-03 01:48:00,0.1,0.0,56.085983,357730.44,0.0,0.0,32.0,-1.1619784e-06,1.0,1.0,69.20955,0.0,0.0,0.0,-1.0447829999999999e-24,2.7713154e-06,0.005004883,-400.25253,56.085983,55.184006,0.0,0.9,0.0,-1.871703e-24,0.0,73.898285,68.223404,67.98033,68.35925,67.58647
2018-01-03 01:49:00,0.1,0.0,56.085983,357730.44,0.0,0.0,32.0,0.0,1.0,1.0,69.20647,0.0,0.0,0.0,-2.1357271e-24,-1.7282993e-07,0.005004883,-400.25253,56.085983,55.184006,0.0,0.9,0.0,-7.051517e-27,0.0,73.90175,68.21857,67.97456,68.35475,67.58269
2018-01-03 01:50:00,0.1,0.0,56.085983,357730.44,0.0,0.0,32.0,2.3239568e-06,1.0,1.0,69.20338,0.0,0.0,0.0,-1.5455222e-24,-7.240089e-06,0.005004883,-400.25253,56.085983,55.184006,0.0,0.9,0.0,-1.6671652e-24,0.0,73.90526,68.21374,67.96874,68.35024,67.57889
2018-01-03 01:51:00,0.1,0.0,56.085983,357730.44,0.0,0.0,32.0,-1.1619784e-06,1.0,1.0,69.200264,0.0,0.0,0.0,-5.455025e-26,-9.99897e-07,0.005004883,-400.25253,56.085983,55.184006,0.0,0.9,0.0,-1.9278382000000002e-24,0.0,73.90866,68.20891,67.962975,68.34573,67.57504
2018-01-03 01:52:00,0.1,0.0,56.085983,357730.44,0.0,0.0,32.0,0.0,1.0,1.0,69.19715,0.0,0.0,0.0,-2.5368946e-25,3.6413437e-06,0.005004883,-400.25253,56.085983,55.184006,0.0,0.9,0.0,-1.5826316e-24,0.0,73.91207,68.20401,67.95715,68.34123,67.57126
2018-01-03 01:53:00,0.1,0.0,56.085983,357730.44,0.0,0.0,32.0,-2.3239568e-06,1.0,1.0,69.194046,0.0,0.0,0.0,-3.0399601000000003e-24,8.25774e-06,0.005004883,-400.25253,56.085983,55.184006,0.0,0.9,0.0,-2.6179504999999997e-25,0.0,73.91548,68.19918,67.951385,68.33673,67.56747
2018-01-03 01:54:00,0.1,0.0,56.085983,357730.44,0.0,0.0,32.0,-2.3239568e-06,1.0,1.0,69.190895,0.0,0.0,0.0,-1.0948396e-22,2.7785686e-06,0.005004883,-400.25253,56.085983,55.184006,0.0,0.9,0.0,-1.24346235e-23,0.0,73.91882,68.19429,67.94556,68.33217,67.56362
2018-01-03 01:55:00,0.1,0.0,56.085983,357730.44,0.0,0.0,32.0,0.0,1.0,1.0,69.18775,0.0,0.0,0.0,-6.331837e-25,-1.3159695e-07,0.005004883,-400.25253,56.085983,55.184006,0.0,0.9,0.0,-2.091058e-24,0.0,73.92212,68.18945,67.93974,68.32767,67.55978
2018-01-03 01:56:00,0.1,0.0,56.085983,357730.44,0.0,0.0,32.0,1.1619784e-06,1.0,1.0,69.18461,0.0,0.0,0.0,-3.340181e-23,3.982796e-06,0.005004883,-400.25253,56.085983,55.184006,0.0,0.9,0.0,-1.4330083e-24,0.0,73.925415,68.18457,67.933914,68.323166,67.555984
2018-01-03 01:57:00,0.1,0.0,56.085983,357730.44,0.0,0.0,32.0,2.3239568e-06,1.0,1.0,69.18146,0.0,0.0,0.0,-6.733833e-23,-2.9127493e-06,0.005004883,-400.25253,56.085983,55.184006,0.0,0.9,0.0,-1.0129316000000001e-24,0.0,73.928665,68.17968,67.92815,68.31866,67.55214
2018-01-03 01:58:00,0.1,0.0,56.085983,357730.44,0.0,0.0,32.0,-1.1619784e-06,1.0,1.0,69.17831,0.0,0.0,0.0,-2.7413120000000004e-23,-3.4722607e-06,0.005004883,-400.25253,56.085983,55.184006,0.0,0.9,0.0,-3.5151587999999996e-25,0.0,73.9319,68.17485,67.922325,68.31415,67.548294
2018-01-03 01:59:00,0.1,0.0,56.085983,357730.44,0.0,0.0,32.0,-1.1619784e-06,1.0,1.0,69.17513,0.0,0.0,0.0,-9.092631e-24,-2.5613197e-06,0.005004883,-400.25253,56.085983,55.184006,0.0,0.9,0.0,-1.1025336e-24,0.0,73.93514,68.16995,67.916504,68.30965,67.54445
2018-01-03 02:00:00,0.1,0.0,56.085983,357730.44,0.0,0.0,32.0,0.0,1.0,1.0,69.17195,0.0,0.0,0.0,-1.3285145e-24,5.226918e-07,0.005004883,-400.25253,56.085983,55.184006,0.0,0.9,0.0,-5.612426e-26,0.0,73.938324,68.16507,67.910675,68.305084,67.5406
2018-01-03 02:01:00,0.1,0.0,56.085983,357730.44,0.0,0.0,32.018017,0.0,1.0,1.0,69.168785,0.0,0.0,0.0,-1.6747576e-24,-9.116631e-07,0.005004883,-400.25253,56.085983,55.184006,0.0,0.9,0.0,-7.4934286e-26,0.0,73.94146,68.16023,67.90491,68.30058,67.53676
2018-01-03 02:02:00,0.1,0.0,56.085983,357730.44,0.0,0.0,32.036034,1.1619784e-06,1.0,1.0,69.1656,0.0,0.0,0.0,-9.062630000000001e-24,1.5412861e-06,0.005004883,-400.25253,56.085983,55.184006,0.0,0.9,0.0,-4.3743994e-25,0.0,73.944595,68.15535,67.89909,68.29608,67.53291
2018-01-03 02:03:00,0.1,0.0,56.085983,357730.44,0.0,0.0,32.053997,0.0,1.0,1.0,69.162415,0.0,0.0,0.0,-1.5209535e-23,-3.1189038e-06,0.005004883,-400.25253,56.085983,55.184006,0.0,0.9,0.0,-2.4279682e-25,0.0,73.94772,68.15045,67.893265,68.29158,67.52907
2018-01-03 02:04:00,0.1,0.0,56.085983,357730.44,0.0,0.0,32.072014,1.1619784e-06,1.0,1.0,69.15922,0.0,0.0,0.0,-1.5954917e-23,4.1700105e-06,0.005004883,-400.25253,56.085983,55.184006,0.0,0.9,0.0,-4.091079e-24,0.0,73.9508,68.14557,67.88744,68.28702,67.52522
2018-01-03 02:05:00,0.1,0.0,56.085983,357730.44,0.0,0.0,32.090034,-2.3239568e-06,1.0,1.0,69.156,0.0,0.0,0.0,-2.0753863e-24,4.6096834e-06,0.005004883,-400.25253,56.085983,55.184006,0.0,0.9,0.0,-1.013063e-26,0.0,73.95382,68.14068,67.881676,68.28252,67.521324
2018-01-03 02:06:00,0.1,0.0,56.085983,357730.44,0.0,0.0,32.107994,-1.1619784e-06,1.0,1.0,69.152794,0.0,0.0,0.0,-6.814162e-24,4.7070607e-06,0.005004883,-400.25253,56.085983,55.184006,0.0,0.9,0.0,-1.1187493e-24,0.0,73.95684,68.13579,67.875854,68.27801,67.51748
2018-01-03 02:07:00,0.1,0.0,56.085983,357730.44,0.0,0.0,32.126015,1.1619784e-06,1.0,1.0,69.14961,0.0,0.0,0.0,-2.0022184e-23,1.6165951e-06,0.005004883,-400.25253,56.085983,55.184006,0.0,0.9,0.0,-3.3518253000000004e-26,0.0,73.95986,68.13095,67.87009,68.2735,67.51363
2018-01-03 02:08:00,0.1,0.0,56.085983,357730.44,0.0,0.0,32.14403,0.0,1.0,1.0,69.14639,0.0,0.0,0.0,-3.9166606e-25,2.6325627e-06,0.005004883,-400.25253,56.085983,55.184006,0.0,0.9,0.0,-1.4762243e-25,0.0,73.96283,68.12607,67.86426,68.269,67.50979
2018-01-03 02:09:00,0.1,0.0,56.085983,357730.44,0.0,0.0,32.161995,0.0,1.0,1.0,69.14318,0.0,0.0,0.0,-1.2038913e-24,3.552004e-06,0.005004883,-400.25253,56.085983,55.184006,0.0,0.9,0.0,-2.5965485e-25,0.0,73.96579,68.12118,67.85849,68.264496,67.50594
