Datetime,CHWC_VLV,CHWC_VLV_DM,MA_TEMP,OA_CFM,OA_DMPR,OA_DMPR_DM,OA_TEMP,RA_CFM,RA_DMPR,RA_DMPR_DM,RA_TEMP,RF_CS,RF_SPD,RF_SPD_DM,RF_WAT,SA_CFM,SA_SP,SA_SPSPT,SA_TEMP,SA_TEMPSPT,SF_CS,SF_SPD,SF_SPD_DM,SF_WAT,SYS_CTL,ZONE_TEMP_1,ZONE_TEMP_2,ZONE_TEMP_3,ZONE_TEMP_4,ZONE_TEMP_5
2018-01-01 01:00:00,2.6353027e-21,0.0,66.37468,357730.44,0.0,0.0,10.355011,0.85319424,1.0,1.0,68.34175,0.0,0.0,0.0,-2.6171643e-13,-0.9433311,402.07953,1.60746,66.37468,55.184006,0.0,0.9,0.0,-2.7915195e-13,0.0,73.94652,66.76723,67.0271,66.761345,67.206566
2018-01-01 01:01:00,2.4795785e-21,0.0,66.37468,357730.44,0.0,0.0,10.040033,0.85305715,1.0,1.0,68.34786,0.0,0.0,0.0,-2.6162666e-13,-0.9431673,402.0795,1.60746,66.37468,55.184006,0.0,0.9,0.0,-2.7906123e-13,0.0,73.97777,66.76668,67.025894,66.76129,67.20772
2018-01-01 01:02:00,2.3803613e-21,0.0,66.37468,357730.44,0.0,0.0,10.055031,0.85291773,1.0,1.0,68.35378,0.0,0.0,0.0,-2.6154624e-13,-0.943027,402.07947,1.60746,66.37468,55.184006,0.0,0.9,0.0,-2.789696e-13,0.0,74.00836,66.766014,67.02458,66.761185,67.20876
2018-01-01 01:03:00,-1.2742586e-21,0.0,66.374626,357730.44,0.0,0.0,10.070026,0.8527794,1.0,1.0,68.35948,0.0,0.0,0.0,-2.614546e-13,-0.9428671,402.0794,1.60746,66.374626,55.184006,0.0,0.9,0.0,-2.7888068e-13,0.0,74.03825,66.765305,67.02315,66.76102,67.2097
2018-01-01 01:04:00,2.7499868e-21,0.0,66.374626,357730.44,0.0,0.0,10.085022,0.85264117,1.0,1.0,68.36498,0.0,0.0,0.0,-2.6136908e-13,-0.9427191,402.07938,1.60746,66.374626,55.184006,0.0,0.9,0.0,-2.787895e-13,0.0,74.06741,66.76453,67.02167,66.76074,67.21057
2018-01-01 01:05:00,-2.1791254e-23,0.0,66.374626,357730.44,0.0,0.0,10.100019,0.8525029,1.0,1.0,68.370316,0.0,0.0,0.0,-2.6128776e-13,-0.9425605,402.07935,1.60746,66.374626,55.184006,0.0,0.9,0.0,-2.7869907e-13,0.0,74.09598,66.7637,67.02013,66.76047,67.21129
2018-01-01 01:06:00,-2.5931310000000002e-22,0.0,66.374626,357730.44,0.0,0.0,10.115015,0.8523623,1.0,1.0,68.37544,0.0,0.0,0.0,-2.612098e-13,-0.94241256,402.07928,1.60746,66.374626,55.184006,0.0,0.9,0.0,-2.786084e-13,0.0,74.12395,66.76283,67.018425,66.760086,67.211945
2018-01-01 01:07:00,8.850098599999999e-23,0.0,66.374626,357730.44,0.0,0.0,10.145008,0.8522251,1.0,1.0,68.38037,0.0,0.0,0.0,-2.6112006e-13,-0.94225013,402.07925,1.60746,66.374626,55.184006,0.0,0.9,0.0,-2.7851918e-13,0.0,74.151245,66.76184,67.01666,66.75964,67.21245
2018-01-01 01:08:00,4.881839e-23,0.0,66.374626,357730.44,0.0,0.0,10.145008,0.8520869,1.0,1.0,68.38514,0.0,0.0,0.0,-2.6103216e-13,-0.94209677,402.07922,1.60746,66.374626,55.184006,0.0,0.9,0.0,-2.784279e-13,0.0,74.17799,66.760796,67.014854,66.75915,67.21288
2018-01-01 01:09:00,-1.9413986000000002e-22,0.0,66.374626,357730.44,0.0,0.0,10.160004,0.8519498,1.0,1.0,68.38971,0.0,0.0,0.0,-2.609518e-13,-0.9419595,402.0792,1.60746,66.374626,55.184006,0.0,0.9,0.0,-2.7833608e-13,0.0,74.20415,66.7597,67.01293,66.758545,67.21321
2018-01-01 01:10:00,-1.1808915e-22,0.0,66.374626,357730.44,0.0,0.0,10.175001,0.8518092,1.0,1.0,68.39414,0.0,0.0,0.0,-2.608608e-13,-0.9417919,402.07916,1.60746,66.374626,55.184006,0.0,0.9,0.0,-2.782467e-13,0.0,74.22974,66.7586,67.010956,66.757935,67.213486
2018-01-01 01:11:00,-1.4546875000000001e-22,0.0,66.374626,357730.44,0.0,0.0,10.189997,0.85167325,1.0,1.0,68.39841,0.0,0.0,0.0,-2.6077057e-13,-0.9416344,402.07913,1.60746,66.374626,55.184006,0.0,0.9,0.0,-2.7816006e-13,0.0,74.254845,66.757385,67.00893,66.757225,67.21365
2018-01-01 01:12:00,5.0444446e-23,0.0,66.374626,357730.44,0.0,0.0,10.204994,0.8515338,1.0,1.0,68.40251,0.0,0.0,0.0,-2.6069424e-13,-0.9414933,402.07907,1.60746,66.374626,55.184006,0.0,0.9,0.0,-2.7806682e-13,0.0,74.2794,66.75613,67.006775,66.756516,67.21371
2018-01-01 01:13:00,-2.4076542999999998e-23,0.0,66.374626,357730.44,0.0,0.0,10.21999,0.85139436,1.0,1.0,68.40644,0.0,0.0,0.0,-2.606093e-13,-0.9413347,402.07904,1.60746,66.374626,55.184006,0.0,0.9,0.0,-2.779763e-13,0.0,74.303406,66.75481,67.00458,66.75574,67.21365
2018-01-01 01:14:00,-2.1070741000000002e-22,0.0,66.374626,357730.44,0.0,0.0,10.234985,0.8512561,1.0,1.0,68.41024,0.0,0.0,0.0,-2.605207e-13,-0.94118273,402.079,1.60746,66.374626,55.184006,0.0,0.9,0.0,-2.7788636e-13,0.0,74.326965,66.753494,67.002335,66.75487,67.21355
2018-01-01 01:15:00,4.0098384e-23,0.0,66.374626,357730.44,0.0,0.0,10.265034,0.851119,1.0,1.0,68.413895,0.0,0.0,0.0,-2.6044122e-13,-0.9410319,402.07898,1.60746,66.374626,55.184006,0.0,0.9,0.0,-2.777964e-13,0.0,74.35004,66.75206,67.00002,66.75398,67.21338
2018-01-01 01:16:00,-5.3480345e-23,0.0,66.374626,357730.44,0.0,0.0,10.265034,0.8509784,1.0,1.0,68.41739,0.0,0.0,0.0,-2.6035651e-13,-0.9408773,402.07895,1.60746,66.374626,55.184006,0.0,0.9,0.0,-2.7770513e-13,0.0,74.37267,66.75058,66.997604,66.75299,67.213104
2018-01-01 01:17:00,-2.0554338e-22,0.0,66.374626,357730.44,0.0,0.0,10.280029,0.8508424,1.0,1.0,68.42078,0.0,0.0,0.0,-2.6027244e-13,-0.94072604,402.07892,1.60746,66.374626,55.184006,0.0,0.9,0.0,-2.776142e-13,0.0,74.394806,66.7491,66.99519,66.75201,67.21277
2018-01-01 01:18:00,-2.4204589e-23,0.0,66.374626,357730.44,0.0,0.0,10.295027,0.85070527,1.0,1.0,68.42402,0.0,0.0,0.0,-2.6018348e-13,-0.9405694,402.0789,1.60746,66.374626,55.184006,0.0,0.9,0.0,-2.7752724e-13,0.0,74.416565,66.74756,66.99266,66.75096,67.21233
2018-01-01 01:19:00,1.9619187e-21,0.0,66.374626,357730.44,0.0,0.0,10.310022,0.8505647,1.0,1.0,68.427124,0.0,0.0,0.0,-2.6010837e-13,-0.9404154,402.07886,1.60746,66.374626,55.184006,0.0,0.9,0.0,-2.7743682e-13,0.0,74.43788,66.745964,66.99008,66.74986,67.21184
2018-01-01 01:20:00,2.4525958e-21,0.0,66.374626,357730.44,0.0,0.0,10.32502,0.85042644,1.0,1.0,68.4301,0.0,0.0,0.0,-2.6002095e-13,-0.94026434,402.07883,1.60746,66.374626,55.184006,0.0,0.9,0.0,-2.773464e-13,0.0,74.4588,66.744316,66.98744,66.74871,67.211235
2018-01-01 01:21:00,-9.40798e-22,0.0,66.374626,357730.44,0.0,0.0,10.340015,0.850287,1.0,1.0,68.43296,0.0,0.0,0.0,-2.5993384e-13,-0.94010824,402.07877,1.60746,66.374626,55.184006,0.0,0.9,0.0,-2.7725608e-13,0.0,74.479294,66.742615,66.98476,66.7475,67.21063
2018-01-01 01:22:00,1.3435832e-21,0.0,66.374626,357730.44,0.0,0.0,10.370008,0.8501534,1.0,1.0,68.43569,0.0,0.0,0.0,-2.5984618e-13,-0.93996835,402.07874,1.60746,66.374626,55.184006,0.0,0.9,0.0,-2.7716623e-13,0.0,74.499405,66.74086,66.98201,66.74629,67.209915
2018-01-01 01:23:00,-3.56751e-23,0.0,66.37457,357730.44,0.0,0.0,10.385004,0.8500128,1.0,1.0,68.43833,0.0,0.0,0.0,-2.5976405e-13,-0.93981093,402.0787,1.60746,66.37457,55.184006,0.0,0.9,0.0,-2.7707502e-13,0.0,74.51918,66.7391,66.97926,66.74498,67.20915
2018-01-01 01:24:00,-3.5368206e-22,0.0,66.37457,357730.44,0.0,0.0,10.385004,0.8498757,1.0,1.0,68.440834,0.0,0.0,0.0,-2.5968165e-13,-0.93965423,402.07867,1.60746,66.37457,55.184006,0.0,0.9,0.0,-2.7698495e-13,0.0,74.53857,66.73729,66.9764,66.74365,67.20827
2018-01-01 01:25:00,9.1494574e-23,0.0,66.37457,357730.44,0.0,0.0,10.400002,0.84973854,1.0,1.0,68.44323,0.0,0.0,0.0,-2.5959543e-13,-0.9395003,402.07864,1.60746,66.37457,55.184006,0.0,0.9,0.0,-2.7689575e-13,0.0,74.55757,66.73541,66.973495,66.74228,67.20739
2018-01-01 01:26:00,2.6500962e-23,0.0,66.37457,357730.44,0.0,0.0,10.414997,0.8495991,1.0,1.0,68.44554,0.0,0.0,0.0,-2.5951176e-13,-0.9393481,402.0786,1.60746,66.37457,55.184006,0.0,0.9,0.0,-2.7680652e-13,0.0,74.57625,66.73355,66.97058,66.740906,67.206406
2018-01-01 01:27:00,5.780253000000001e-23,0.0,66.37457,357730.44,0.0,0.0,10.429993,0.849462,1.0,1.0,68.44772,0.0,0.0,0.0,-2.594246e-13,-0.9392021,402.07858,1.60746,66.37457,55.184006,0.0,0.9,0.0,-2.7671653e-13,0.0,74.59465,66.73163,66.96756,66.739426,67.20535
2018-01-01 01:28:00,-7.225431000000001e-23,0.0,66.37457,357730.44,0.0,0.0,10.44499,0.84932256,1.0,1.0,68.449814,0.0,0.0,0.0,-2.5934937e-13,-0.9390442,402.07855,1.60746,66.37457,55.184006,0.0,0.9,0.0,-2.7662733e-13,0.0,74.61267,66.729645,66.96454,66.737946,67.204254
2018-01-01 01:29:00,-5.6640683000000005e-22,0.0,66.37457,357730.44,0.0,0.0,10.459986,0.8491854,1.0,1.0,68.451805,0.0,0.0,0.0,-2.5926006e-13,-0.9388932,402.07852,1.60746,66.37457,55.184006,0.0,0.9,0.0,-2.7653696e-13,0.0,74.63042,66.727615,66.96146,66.736404,67.20311
2018-01-01 01:30:00,5.5922450000000005e-22,0.0,66.37457,357730.44,0.0,0.0,10.490034,0.8490472,1.0,1.0,68.4537,0.0,0.0,0.0,-2.5917422e-13,-0.9387368,402.0785,1.60746,66.37457,55.184006,0.0,0.9,0.0,-2.7644518e-13,0.0,74.64783,66.725586,66.95833,66.73486,67.2019
2018-01-01 01:31:00,8.0599760000000005e-22,0.0,66.37457,357730.44,0.0,0.0,10.50503,0.84890884,1.0,1.0,68.455505,0.0,0.0,0.0,-2.590947e-13,-0.93858343,402.07843,1.60746,66.37457,55.184006,0.0,0.9,0.0,-2.763557e-13,0.0,74.66496,66.723495,66.95514,66.73328,67.20064
2018-01-01 01:32:00,4.2107055000000003e-22,0.0,66.37457,357730.44,0.0,0.0,10.50503,0.8487706,1.0,1.0,68.45723,0.0,0.0,0.0,-2.5901828e-13,-0.938426,402.0784,1.60746,66.37457,55.184006,0.0,0.9,0.0,-2.7626797e-13,0.0,74.68178,66.721405,66.95201,66.73163,67.19931
2018-01-01 01:33:00,8.171227e-22,0.0,66.37457,357730.44,0.0,0.0,10.520025,0.84863347,1.0,1.0,68.45886,0.0,0.0,0.0,-2.589243e-13,-0.938281,402.07837,1.60746,66.37457,55.184006,0.0,0.9,0.0,-2.7617736e-13,0.0,74.698364,66.71927,66.94882,66.72992,67.19794
2018-01-01 01:34:00,-3.4420475000000003e-22,0.0,66.37457,357730.44,0.0,0.0,10.535023,0.8484964,1.0,1.0,68.46041,0.0,0.0,0.0,-2.588427e-13,-0.93813163,402.07834,1.60746,66.37457,55.184006,0.0,0.9,0.0,-2.7608861e-13,0.0,74.71462,66.71707,66.94559,66.728226,67.19652
2018-01-01 01:35:00,4.861804e-22,0.0,66.37457,357730.44,0.0,0.0,10.550018,0.8483581,1.0,1.0,68.461876,0.0,0.0,0.0,-2.587558e-13,-0.9379749,402.0783,1.60746,66.37457,55.184006,0.0,0.9,0.0,-2.7599814e-13,0.0,74.73067,66.714874,66.942345,66.72646,67.19503
2018-01-01 01:36:00,2.0102256000000002e-22,0.0,66.37457,357730.44,0.0,0.0,10.565016,0.848221,1.0,1.0,68.46328,0.0,0.0,0.0,-2.5867242e-13,-0.93782866,402.07828,1.60746,66.37457,55.184006,0.0,0.9,0.0,-2.759084e-13,0.0,74.74648,66.712616,66.93905,66.7247,67.19354
2018-01-01 01:37:00,9.647994000000001e-22,0.0,66.37457,357730.44,0.0,0.0,10.580011,0.84808505,1.0,1.0,68.46458,0.0,0.0,0.0,-2.5858908e-13,-0.9376817,402.07825,1.60746,66.37457,55.184006,0.0,0.9,0.0,-2.758182e-13,0.0,74.762024,66.71031,66.9357,66.72289,67.191956
2018-01-01 01:38:00,5.3379544e-22,0.0,66.37457,357730.44,0.0,0.0,10.595007,0.8479456,1.0,1.0,68.4658,0.0,0.0,0.0,-2.5849757e-13,-0.93752474,402.0782,1.60746,66.37457,55.184006,0.0,0.9,0.0,-2.7572793e-13,0.0,74.77736,66.70801,66.9323,66.72102,67.19031
2018-01-01 01:39:00,5.13042e-23,0.0,66.37457,357730.44,0.0,0.0,10.625,0.847805,1.0,1.0,68.466965,0.0,0.0,0.0,-2.5842254e-13,-0.9373625,402.07816,1.60746,66.37457,55.184006,0.0,0.9,0.0,-2.7564187e-13,0.0,74.792404,66.7057,66.92889,66.71916,67.18866
2018-01-01 01:40:00,7.012406e-24,0.0,66.37457,357730.44,0.0,0.0,10.625,0.84766674,1.0,1.0,68.46803,0.0,0.0,0.0,-2.5833952e-13,-0.9372144,402.0781,1.60746,66.37457,55.184006,0.0,0.9,0.0,-2.7555174e-13,0.0,74.807236,66.70334,66.92543,66.71724,67.186905
2018-01-01 01:41:00,-4.536521e-22,0.0,66.37457,357730.44,0.0,0.0,10.6399975,0.847532,1.0,1.0,68.46904,0.0,0.0,0.0,-2.5825793e-13,-0.9370629,402.07806,1.60746,66.37457,55.184006,0.0,0.9,0.0,-2.7546327e-13,0.0,74.82185,66.70092,66.92197,66.71532,67.18514
2018-01-01 01:42:00,7.810806400000001e-22,0.0,66.37457,357730.44,0.0,0.0,10.654993,0.8473925,1.0,1.0,68.46997,0.0,0.0,0.0,-2.5817006e-13,-0.9369182,402.07803,1.60746,66.37457,55.184006,0.0,0.9,0.0,-2.7536957e-13,0.0,74.83624,66.6985,66.91845,66.71333,67.183334
2018-01-01 01:43:00,-5.277249e-22,0.0,66.37451,357730.44,0.0,0.0,10.669989,0.84725654,1.0,1.0,68.470825,0.0,0.0,0.0,-2.580882e-13,-0.9367645,402.078,1.60746,66.37451,55.184006,0.0,0.9,0.0,-2.7528302e-13,0.0,74.85036,66.69603,66.91493,66.71136,67.18146
2018-01-01 01:44:00,1.2508972e-22,0.0,66.37451,357730.44,0.0,0.0,10.684986,0.8471194,1.0,1.0,68.4716,0.0,0.0,0.0,-2.5800076e-13,-0.93660456,402.07797,1.60746,66.37451,55.184006,0.0,0.9,0.0,-2.7519295e-13,0.0,74.86426,66.69356,66.91131,66.70932,67.179596
2018-01-01 01:45:00,-3.0959552999999997e-23,0.0,66.37451,357730.44,0.0,0.0,10.700037,0.84698117,1.0,1.0,68.47233,0.0,0.0,0.0,-2.579166e-13,-0.9364578,402.07794,1.60746,66.37451,55.184006,0.0,0.9,0.0,-2.7510394e-13,0.0,74.87793,66.691086,66.90774,66.70729,67.17761
2018-01-01 01:46:00,-1.0556419000000001e-21,0.0,66.37451,357730.44,0.0,0.0,10.73003,0.8468452,1.0,1.0,68.472984,0.0,0.0,0.0,-2.5783818e-13,-0.9363002,402.0779,1.60746,66.37451,55.184006,0.0,0.9,0.0,-2.7501428e-13,0.0,74.89139,66.68856,66.90411,66.7052,67.175644
2018-01-01 01:47:00,-6.048559399999999e-23,0.0,66.37451,357730.44,0.0,0.0,10.745026,0.8467058,1.0,1.0,68.47356,0.0,0.0,0.0,-2.5774486e-13,-0.9361566,402.07788,1.60746,66.37451,55.184006,0.0,0.9,0.0,-2.7492453e-13,0.0,74.904686,66.685974,66.90044,66.703064,67.17361
2018-01-01 01:48:00,-1.937124e-22,0.0,66.37451,357730.44,0.0,0.0,10.745026,0.8465687,1.0,1.0,68.47406,0.0,0.0,0.0,-2.5766452e-13,-0.93600076,402.07785,1.60746,66.37451,55.184006,0.0,0.9,0.0,-2.7483552e-13,0.0,74.91771,66.683395,66.89675,66.70092,67.171524
2018-01-01 01:49:00,4.6655407000000005e-24,0.0,66.37451,357730.44,0.0,0.0,10.760023,0.8464327,1.0,1.0,68.474525,0.0,0.0,0.0,-2.5758136e-13,-0.9358456,402.07782,1.60746,66.37451,55.184006,0.0,0.9,0.0,-2.7474594e-13,0.0,74.93056,66.68082,66.89302,66.69878,67.16943
2018-01-01 01:50:00,-8.022905000000001e-22,0.0,66.37451,357730.44,0.0,0.0,10.775019,0.8462933,1.0,1.0,68.4749,0.0,0.0,0.0,-2.5749303e-13,-0.9356938,402.07776,1.60746,66.37451,55.184006,0.0,0.9,0.0,-2.7465739e-13,0.0,74.94319,66.67818,66.88928,66.69658,67.16729
2018-01-01 01:51:00,-7.8200410000000005e-22,0.0,66.37451,357730.44,0.0,0.0,10.790014,0.846155,1.0,1.0,68.47523,0.0,0.0,0.0,-2.5741442e-13,-0.93554157,402.07773,1.60746,66.37451,55.184006,0.0,0.9,0.0,-2.7456813e-13,0.0,74.95566,66.67554,66.88549,66.69433,67.16509
2018-01-01 01:52:00,-1.0924289e-23,0.0,66.37451,357730.44,0.0,0.0,10.805012,0.8460202,1.0,1.0,68.47549,0.0,0.0,0.0,-2.573288e-13,-0.9353883,402.0777,1.60746,66.37451,55.184006,0.0,0.9,0.0,-2.7447985e-13,0.0,74.96791,66.67285,66.8817,66.69213,67.16284
2018-01-01 01:53:00,5.314801000000001e-22,0.0,66.37451,357730.44,0.0,0.0,10.820007,0.84587955,1.0,1.0,68.475685,0.0,0.0,0.0,-2.5724532e-13,-0.9352405,402.07767,1.60746,66.37451,55.184006,0.0,0.9,0.0,-2.7438918e-13,0.0,74.979996,66.67016,66.87785,66.68982,67.16058
2018-01-01 01:54:00,4.788652e-22,0.0,66.37451,357730.44,0.0,0.0,10.835005,0.84574246,1.0,1.0,68.47583,0.0,0.0,0.0,-2.5715858e-13,-0.93507826,402.07764,1.60746,66.37451,55.184006,0.0,0.9,0.0,-2.7430098e-13,0.0,74.99187,66.66741,66.87401,66.68758,67.15828
2018-01-01 01:55:00,5.204981500000001e-22,0.0,66.37451,357730.44,0.0,0.0,10.864996,0.8456077,1.0,1.0,68.475914,0.0,0.0,0.0,-2.5708396e-13,-0.9349365,402.0776,1.60746,66.37451,55.184006,0.0,0.9,0.0,-2.742129e-13,0.0,75.00362,66.664665,66.87011,66.68521,67.155975
2018-01-01 01:56:00,1.0535259000000001e-22,0.0,66.37451,357730.44,0.0,0.0,10.864996,0.8454683,1.0,1.0,68.47595,0.0,0.0,0.0,-2.5699346e-13,-0.93478364,402.07758,1.60746,66.37451,55.184006,0.0,0.9,0.0,-2.741224e-13,0.0,75.01515,66.66192,66.86621,66.68291,67.15356
2018-01-01 01:57:00,7.572537e-22,0.0,66.37451,357730.44,0.0,0.0,10.879993,0.8453312,1.0,1.0,68.47594,0.0,0.0,0.0,-2.569093e-13,-0.9346445,402.07755,1.60746,66.37451,55.184006,0.0,0.9,0.0,-2.7403204e-13,0.0,75.02658,66.65912,66.862305,66.68054,67.15114
2018-01-01 01:58:00,-1.8215296000000001e-22,0.0,66.37451,357730.44,0.0,0.0,10.894989,0.8451952,1.0,1.0,68.47585,0.0,0.0,0.0,-2.5682475e-13,-0.9344908,402.0775,1.60746,66.37451,55.184006,0.0,0.9,0.0,-2.7394347e-13,0.0,75.03778,66.65631,66.85835,66.67812,67.14873
2018-01-01 01:59:00,5.988933e-23,0.0,66.37451,357730.44,0.0,0.0,10.9099865,0.8450593,1.0,1.0,68.475746,0.0,0.0,0.0,-2.5673975e-13,-0.9343233,402.07748,1.60746,66.37451,55.184006,0.0,0.9,0.0,-2.738565e-13,0.0,75.04888,66.65352,66.8544,66.675705,67.146255
2018-01-01 02:00:00,3.3900294000000003e-22,0.0,66.37451,357730.44,0.0,0.0,10.925037,0.8449198,1.0,1.0,68.47556,0.0,0.0,0.0,-2.5666738e-13,-0.9341767,402.07742,1.60746,66.37451,55.184006,0.0,0.9,0.0,-2.7376625e-13,0.0,75.05975,66.65066,66.85039,66.673294,67.14372
2018-01-01 02:01:00,2.2708301e-23,0.0,66.37451,357730.44,0.0,0.0,10.940033,0.8447804,1.0,1.0,68.475365,0.0,0.0,0.0,-2.565785e-13,-0.9340234,402.0774,1.60746,66.37451,55.184006,0.0,0.9,0.0,-2.736778e-13,0.0,75.07058,66.6478,66.846375,66.67087,67.1412
2018-01-01 02:02:00,-1.6405117e-22,0.0,66.37451,357730.44,0.0,0.0,10.957996,0.8446456,1.0,1.0,68.47509,0.0,0.0,0.0,-2.5649947e-13,-0.93388355,402.07736,1.60746,66.37451,55.184006,0.0,0.9,0.0,-2.7358806e-13,0.0,75.08118,66.64489,66.84237,66.668396,67.13861
2018-01-01 02:03:00,-2.3067446e-22,0.0,66.37451,357730.44,0.0,0.0,10.994032,0.84450847,1.0,1.0,68.47478,0.0,0.0,0.0,-2.5640907e-13,-0.93371874,402.07733,1.60746,66.37451,55.184006,0.0,0.9,0.0,-2.735019e-13,0.0,75.09173,66.64198,66.8383,66.66588,67.13603
2018-01-01 02:04:00,8.622565e-22,0.0,66.374466,357730.44,0.0,0.0,10.994032,0.8443702,1.0,1.0,68.47444,0.0,0.0,0.0,-2.5633415e-13,-0.9335718,402.0773,1.60746,66.374466,55.184006,0.0,0.9,0.0,-2.7341166e-13,0.0,75.10211,66.63907,66.83424,66.66341,67.13339
2018-01-01 02:05:00,-1.207904e-22,0.0,66.374466,357730.44,0.0,0.0,11.011993,0.8442342,1.0,1.0,68.47407,0.0,0.0,0.0,-2.5624408e-13,-0.9334078,402.07727,1.60746,66.374466,55.184006,0.0,0.9,0.0,-2.7332417e-13,0.0,75.11238,66.636154,66.83017,66.66087,67.13076
2018-01-01 02:06:00,-2.714211e-22,0.0,66.374466,357730.44,0.0,0.0,11.030012,0.84409827,1.0,1.0,68.47365,0.0,0.0,0.0,-2.561657e-13,-0.93326926,402.07724,1.60746,66.374466,55.184006,0.0,0.9,0.0,-2.7323418e-13,0.0,75.12254,66.633194,66.82611,66.658295,67.12807
2018-01-01 02:07:00,4.158776e-22,0.0,66.374466,357730.44,0.0,0.0,11.048029,0.84396,1.0,1.0,68.47319,0.0,0.0,0.0,-2.5608113e-13,-0.933116,402.0772,1.60746,66.374466,55.184006,0.0,0.9,0.0,-2.7314614e-13,0.0,75.13254,66.63028,66.82199,66.65576,67.12538
2018-01-01 02:08:00,2.6918898e-22,0.0,66.374466,357730.44,0.0,0.0,11.065992,0.84382176,1.0,1.0,68.47267,0.0,0.0,0.0,-2.5600033e-13,-0.9329686,402.07718,1.60746,66.374466,55.184006,0.0,0.9,0.0,-2.730558e-13,0.0,75.14238,66.62726,66.81787,66.65318,67.122635
2018-01-01 02:09:00,-5.3612315e-22,0.0,66.374466,357730.44,0.0,0.0,11.084009,0.84368813,1.0,1.0,68.47212,0.0,0.0,0.0,-2.5591102e-13,-0.93281823,402.07715,1.60746,66.374466,55.184006,0.0,0.9,0.0,-2.7296728e-13,0.0,75.1521,66.62429,66.81375,66.65054,67.11989
2018-01-01 02:10:00,-1.5046241000000002e-22,0.0,66.374466,357730.44,0.0,0.0,11.102026,0.84354866,1.0,1.0,68.47154,0.0,0.0,0.0,-2.5582469e-13,-0.9326645,402.07706,1.60746,66.374466,55.184006,0.0,0.9,0.0,-2.7287886e-13,0.0,75.16171,66.62132,66.80957,66.647964,67.11714
2018-01-01 02:11:00,2.5841536000000003e-22,0.0,66.374466,357730.44,0.0,0.0,11.138006,0.8434139,1.0,1.0,68.4709,0.0,0.0,0.0,-2.5574397e-13,-0.9325104,402.07703,1.60746,66.374466,55.184006,0.0,0.9,0.0,-2.7279052e-13,0.0,75.17116,66.6183,66.805405,66.645325,67.114334
2018-01-01 02:12:00,-8.903302e-22,0.0,66.374466,357730.44,0.0,0.0,11.138006,0.8432744,1.0,1.0,68.47023,0.0,0.0,0.0,-2.5566647e-13,-0.93235207,402.077,1.60746,66.374466,55.184006,0.0,0.9,0.0,-2.7270327e-13,0.0,75.18044,66.61528,66.80122,66.64269,67.111534
2018-01-01 02:13:00,-1.2978407000000002e-22,0.0,66.374466,357730.44,0.0,0.0,11.156025,0.8431362,1.0,1.0,68.46955,0.0,0.0,0.0,-2.5558562e-13,-0.93221146,402.07697,1.60746,66.374466,55.184006,0.0,0.9,0.0,-2.7261364e-13,0.0,75.18967,66.612206,66.79705,66.64006,67.108734
2018-01-01 02:14:00,-2.8045747e-22,0.0,66.374466,357730.44,0.0,0.0,11.173986,0.8430002,1.0,1.0,68.468796,0.0,0.0,0.0,-2.5550186e-13,-0.932043,402.07693,1.60746,66.374466,55.184006,0.0,0.9,0.0,-2.725277e-13,0.0,75.198685,66.609184,66.79288,66.63736,67.10588
2018-01-01 02:15:00,1.1105923e-23,0.0,66.374466,357730.44,0.0,0.0,11.192005,0.8428631,1.0,1.0,68.46802,0.0,0.0,0.0,-2.5541865e-13,-0.9319055,402.0769,1.60746,66.374466,55.184006,0.0,0.9,0.0,-2.724362e-13,0.0,75.207634,66.60611,66.78865,66.634674,67.10302
2018-01-01 02:16:00,8.000464e-22,0.0,66.374466,357730.44,0.0,0.0,11.210022,0.8427295,1.0,1.0,68.467186,0.0,0.0,0.0,-2.5533013e-13,-0.9317513,402.07687,1.60746,66.374466,55.184006,0.0,0.9,0.0,-2.7234958e-13,0.0,75.21637,66.60303,66.78442,66.63198,67.10011
2018-01-01 02:17:00,-2.6555287e-22,0.0,66.374466,357730.44,0.0,0.0,11.227985,0.84258884,1.0,1.0,68.466324,0.0,0.0,0.0,-2.552513e-13,-0.9316072,402.07684,1.60746,66.374466,55.184006,0.0,0.9,0.0,-2.722599e-13,0.0,75.22505,66.59996,66.78018,66.629234,67.0972
2018-01-01 02:18:00,-8.334065300000001e-22,0.0,66.374466,357730.44,0.0,0.0,11.246002,0.84245175,1.0,1.0,68.46544,0.0,0.0,0.0,-2.5516942e-13,-0.93145645,402.0768,1.60746,66.374466,55.184006,0.0,0.9,0.0,-2.7217112e-13,0.0,75.23357,66.59688,66.775955,66.62654,67.094284
2018-01-01 02:19:00,1.3360394e-21,0.0,66.374466,357730.44,0.0,0.0,11.282038,0.842317,1.0,1.0,68.464516,0.0,0.0,0.0,-2.55081e-13,-0.931302,402.07678,1.60746,66.374466,55.184006,0.0,0.9,0.0,-2.7208235e-13,0.0,75.24197,66.5938,66.77167,66.623795,67.091324
2018-01-01 02:20:00,2.1524162000000003e-22,0.0,66.374466,357730.44,0.0,0.0,11.282038,0.84217983,1.0,1.0,68.46355,0.0,0.0,0.0,-2.5500487e-13,-0.93115425,402.07675,1.60746,66.374466,55.184006,0.0,0.9,0.0,-2.7199526e-13,0.0,75.25026,66.59067,66.76744,66.620995,67.08835
2018-01-01 02:21:00,1.1802244e-22,0.0,66.374466,357730.44,0.0,0.0,11.300001,0.8420416,1.0,1.0,68.46254,0.0,0.0,0.0,-2.5492035e-13,-0.9310056,402.0767,1.60746,66.374466,55.184006,0.0,0.9,0.0,-2.7190408e-13,0.0,75.25839,66.58754,66.76315,66.61825,67.08539
2018-01-01 02:22:00,-1.3947022000000002e-22,0.0,66.374466,357730.44,0.0,0.0,11.318018,0.84190565,1.0,1.0,68.4615,0.0,0.0,0.0,-2.548356e-13,-0.9308417,402.07666,1.60746,66.374466,55.184006,0.0,0.9,0.0,-2.7181875e-13,0.0,75.26641,66.58441,66.75887,66.61545,67.08237
2018-01-01 02:23:00,2.3402855e-22,0.0,66.374466,357730.44,0.0,0.0,11.336035,0.8417709,1.0,1.0,68.460434,0.0,0.0,0.0,-2.5475978e-13,-0.9306934,402.07663,1.60746,66.374466,55.184006,0.0,0.9,0.0,-2.717301e-13,0.0,75.27432,66.58128,66.75459,66.61264,67.079346
2018-01-01 02:24:00,-3.9770507e-22,0.0,66.374466,357730.44,0.0,0.0,11.353998,0.84163487,1.0,1.0,68.45934,0.0,0.0,0.0,-2.5467614e-13,-0.9305387,402.0766,1.60746,66.374466,55.184006,0.0,0.9,0.0,-2.7164214e-13,0.0,75.28212,66.57815,66.750305,66.60985,67.076324
2018-01-01 02:25:00,8.068784400000001e-22,0.0,66.374405,357730.44,0.0,0.0,11.372015,0.84149665,1.0,1.0,68.458206,0.0,0.0,0.0,-2.545906e-13,-0.9303948,402.07657,1.60746,66.374405,55.184006,0.0,0.9,0.0,-2.7155505e-13,0.0,75.28976,66.57497,66.745964,66.60704,67.0733
2018-01-01 02:26:00,3.6342994e-22,0.0,66.374405,357730.44,0.0,0.0,11.390034,0.84135956,1.0,1.0,68.45704,0.0,0.0,0.0,-2.5450573e-13,-0.9302471,402.07654,1.60746,66.374405,55.184006,0.0,0.9,0.0,-2.7146273e-13,0.0,75.29733,66.57178,66.741684,66.60419,67.07022
2018-01-01 02:27:00,3.8833002e-22,0.0,66.374405,357730.44,0.0,0.0,11.426014,0.8412201,1.0,1.0,68.45583,0.0,0.0,0.0,-2.5443322e-13,-0.9300865,402.0765,1.60746,66.374405,55.184006,0.0,0.9,0.0,-2.713774e-13,0.0,75.30475,66.56859,66.737335,66.60133,67.067154
2018-01-01 02:28:00,-5.513568700000001e-22,0.0,66.374405,357730.44,0.0,0.0,11.426014,0.8410818,1.0,1.0,68.45459,0.0,0.0,0.0,-2.5434868e-13,-0.92993945,402.07648,1.60746,66.374405,55.184006,0.0,0.9,0.0,-2.712893e-13,0.0,75.31206,66.5654,66.733,66.59847,67.06402
2018-01-01 02:29:00,2.7532467e-23,0.0,66.374405,357730.44,0.0,0.0,11.444031,0.8409493,1.0,1.0,68.453354,0.0,0.0,0.0,-2.542576e-13,-0.9297926,402.07645,1.60746,66.374405,55.184006,0.0,0.9,0.0,-2.712009e-13,0.0,75.319305,66.56222,66.72866,66.59561,67.06094
2018-01-01 02:30:00,-1.04535657e-22,0.0,66.374405,357730.44,0.0,0.0,11.461994,0.8408134,1.0,1.0,68.452065,0.0,0.0,0.0,-2.5417827e-13,-0.929635,402.07642,1.60746,66.374405,55.184006,0.0,0.9,0.0,-2.7111313e-13,0.0,75.3264,66.55904,66.72432,66.59276,67.057816
2018-01-01 02:31:00,-4.726896400000001e-22,0.0,66.374405,357730.44,0.0,0.0,11.480011,0.84067506,1.0,1.0,68.450745,0.0,0.0,0.0,-2.5409294e-13,-0.92948616,402.07635,1.60746,66.374405,55.184006,0.0,0.9,0.0,-2.7102374e-13,0.0,75.33343,66.55585,66.719925,66.58984,67.05468
2018-01-01 02:32:00,-3.8217537e-22,0.0,66.374405,357730.44,0.0,0.0,11.49803,0.84053916,1.0,1.0,68.44939,0.0,0.0,0.0,-2.5401377e-13,-0.9293407,402.07632,1.60746,66.374405,55.184006,0.0,0.9,0.0,-2.709359e-13,0.0,75.340294,66.552605,66.71559,66.58694,67.0515
2018-01-01 02:33:00,-5.456506e-22,0.0,66.374405,357730.44,0.0,0.0,11.515991,0.8404032,1.0,1.0,68.44802,0.0,0.0,0.0,-2.5392527e-13,-0.9291855,402.0763,1.60746,66.374405,55.184006,0.0,0.9,0.0,-2.7084872e-13,0.0,75.34711,66.54936,66.71124,66.58403,67.04836
2018-01-01 02:34:00,4.308758e-22,0.0,66.374405,357730.44,0.0,0.0,11.552027,0.84026724,1.0,1.0,68.44662,0.0,0.0,0.0,-2.538496e-13,-0.92903435,402.07626,1.60746,66.374405,55.184006,0.0,0.9,0.0,-2.707613e-13,0.0,75.353806,66.54613,66.70685,66.581116,67.04518
2018-01-01 02:35:00,1.0880322e-22,0.0,66.374405,357730.44,0.0,0.0,11.56999,0.8401313,1.0,1.0,68.44518,0.0,0.0,0.0,-2.537592e-13,-0.9288796,402.07623,1.60746,66.374405,55.184006,0.0,0.9,0.0,-2.70674e-13,0.0,75.3604,66.54288,66.70245,66.5782,67.04199
2018-01-01 02:36:00,9.7066684e-23,0.0,66.374405,357730.44,0.0,0.0,11.56999,0.8399954,1.0,1.0,68.44371,0.0,0.0,0.0,-2.5367994e-13,-0.92873216,402.0762,1.60746,66.374405,55.184006,0.0,0.9,0.0,-2.7058602e-13,0.0,75.36688,66.53964,66.69806,66.57524,67.03875
2018-01-01 02:37:00,-5.6255845000000005e-22,0.0,66.374405,357730.44,0.0,0.0,11.588007,0.83985823,1.0,1.0,68.44224,0.0,0.0,0.0,-2.5359692e-13,-0.9285846,402.07617,1.60746,66.374405,55.184006,0.0,0.9,0.0,-2.7049573e-13,0.0,75.37331,66.5364,66.693665,66.572266,67.03557
2018-01-01 02:38:00,8.6127215e-23,0.0,66.374405,357730.44,0.0,0.0,11.606024,0.83972114,1.0,1.0,68.440735,0.0,0.0,0.0,-2.5351685e-13,-0.92842346,402.07614,1.60746,66.374405,55.184006,0.0,0.9,0.0,-2.7041122e-13,0.0,75.37962,66.53316,66.68927,66.569305,67.03232
2018-01-01 02:39:00,2.2014293e-23,0.0,66.374405,357730.44,0.0,0.0,11.623987,0.839584,1.0,1.0,68.43921,0.0,0.0,0.0,-2.534343e-13,-0.92828035,402.0761,1.60746,66.374405,55.184006,0.0,0.9,0.0,-2.703224e-13,0.0,75.38589,66.52986,66.684875,66.56634,67.02908
2018-01-01 02:40:00,-3.7586958e-22,0.0,66.374405,357730.44,0.0,0.0,11.642004,0.8394469,1.0,1.0,68.43767,0.0,0.0,0.0,-2.5335466e-13,-0.9281269,402.07608,1.60746,66.374405,55.184006,0.0,0.9,0.0,-2.7023381e-13,0.0,75.39198,66.52663,66.68048,66.56337,67.02584
2018-01-01 02:41:00,4.1813255000000005e-22,0.0,66.374405,357730.44,0.0,0.0,11.660023,0.8393121,1.0,1.0,68.43609,0.0,0.0,0.0,-2.5327115e-13,-0.92797273,402.07602,1.60746,66.374405,55.184006,0.0,0.9,0.0,-2.7014602e-13,0.0,75.39809,66.52333,66.67609,66.56041,67.022545
2018-01-01 02:42:00,-2.9592492000000004e-22,0.0,66.374405,357730.44,0.0,0.0,11.677984,0.8391773,1.0,1.0,68.43447,0.0,0.0,0.0,-2.5318083e-13,-0.92782885,402.07596,1.60746,66.374405,55.184006,0.0,0.9,0.0,-2.7005988e-13,0.0,75.404015,66.520035,66.671646,66.55739,67.0193
2018-01-01 02:43:00,2.986297e-22,0.0,66.374405,357730.44,0.0,0.0,11.71402,0.83903676,1.0,1.0,68.432846,0.0,0.0,0.0,-2.5311348e-13,-0.9276736,402.07593,1.60746,66.374405,55.184006,0.0,0.9,0.0,-2.6997122e-13,0.0,75.4099,66.51674,66.66725,66.55437,67.01601
2018-01-01 02:44:00,-1.213984e-22,0.0,66.374405,357730.44,0.0,0.0,11.71402,0.83890194,1.0,1.0,68.4312,0.0,0.0,0.0,-2.5303024e-13,-0.9275246,402.0759,1.60746,66.374405,55.184006,0.0,0.9,0.0,-2.698842e-13,0.0,75.41571,66.51344,66.662796,66.551346,67.01271
2018-01-01 02:45:00,5.557849500000001e-22,0.0,66.374405,357730.44,0.0,0.0,11.7320385,0.83876485,1.0,1.0,68.429535,0.0,0.0,0.0,-2.529415e-13,-0.92737776,402.07587,1.60746,66.374405,55.184006,0.0,0.9,0.0,-2.6979395e-13,0.0,75.42143,66.51015,66.6584,66.548325,67.00936
2018-01-01 02:46:00,5.613207600000001e-22,0.0,66.37435,357730.44,0.0,0.0,11.75,0.8386277,1.0,1.0,68.42784,0.0,0.0,0.0,-2.5285926e-13,-0.9272277,402.07584,1.60746,66.37435,55.184006,0.0,0.9,0.0,-2.6970795e-13,0.0,75.42703,66.50685,66.65395,66.5453,67.006065
2018-01-01 02:47:00,5.73101e-23,0.0,66.37435,357730.44,0.0,0.0,11.768019,0.83849406,1.0,1.0,68.42612,0.0,0.0,0.0,-2.527797e-13,-0.92707765,402.0758,1.60746,66.37435,55.184006,0.0,0.9,0.0,-2.6962024e-13,0.0,75.43258,66.503494,66.649506,66.54228,67.002716
2018-01-01 02:48:00,-7.219610600000001e-22,0.0,66.37435,357730.44,0.0,0.0,11.786036,0.838357,1.0,1.0,68.42439,0.0,0.0,0.0,-2.5269655e-13,-0.9269214,402.07578,1.60746,66.37435,55.184006,0.0,0.9,0.0,-2.69534e-13,0.0,75.43807,66.5002,66.64511,66.5392,66.99942
2018-01-01 02:49:00,-2.9192014e-22,0.0,66.37435,357730.44,0.0,0.0,11.803999,0.8382233,1.0,1.0,68.42265,0.0,0.0,0.0,-2.5260767e-13,-0.9267729,402.07574,1.60746,66.37435,55.184006,0.0,0.9,0.0,-2.6944587e-13,0.0,75.44345,66.4969,66.640656,66.53618,66.99606
2018-01-01 02:50:00,1.2916421e-21,0.0,66.37435,357730.44,0.0,0.0,11.840033,0.8380839,1.0,1.0,68.42086,0.0,0.0,0.0,-2.5253107e-13,-0.92661923,402.0757,1.60746,66.37435,55.184006,0.0,0.9,0.0,-2.6935837e-13,0.0,75.44873,66.49355,66.636215,66.533104,66.99272
2018-01-01 02:51:00,1.6599578000000002e-22,0.0,66.37435,357730.44,0.0,0.0,11.857996,0.8379503,1.0,1.0,68.41905,0.0,0.0,0.0,-2.5244891e-13,-0.9264729,402.07568,1.60746,66.37435,55.184006,0.0,0.9,0.0,-2.692701e-13,0.0,75.45395,66.490204,66.63176,66.53003,66.98931
2018-01-01 02:52:00,-2.9400808000000003e-22,0.0,66.37435,357730.44,0.0,0.0,11.857996,0.837812,1.0,1.0,68.41725,0.0,0.0,0.0,-2.5236692e-13,-0.92632556,402.07565,1.60746,66.37435,55.184006,0.0,0.9,0.0,-2.691823e-13,0.0,75.45911,66.48691,66.62731,66.52695,66.98596
2018-01-01 02:53:00,-7.447749e-22,0.0,66.37435,357730.44,0.0,0.0,11.876013,0.8376772,1.0,1.0,68.415405,0.0,0.0,0.0,-2.5228162e-13,-0.92616445,402.0756,1.60746,66.37435,55.184006,0.0,0.9,0.0,-2.6909632e-13,0.0,75.464165,66.48355,66.62286,66.52388,66.98256
2018-01-01 02:54:00,7.107873500000001e-22,0.0,66.37435,357730.44,0.0,0.0,11.894032,0.8375412,1.0,1.0,68.41355,0.0,0.0,0.0,-2.5220784e-13,-0.92603135,402.07556,1.60746,66.37435,55.184006,0.0,0.9,0.0,-2.6900704e-13,0.0,75.46916,66.48021,66.61841,66.5208,66.9792
2018-01-01 02:55:00,4.0349834000000006e-22,0.0,66.37435,357730.44,0.0,0.0,11.911993,0.83740646,1.0,1.0,68.41167,0.0,0.0,0.0,-2.5211907e-13,-0.92587227,402.07553,1.60746,66.37435,55.184006,0.0,0.9,0.0,-2.6892106e-13,0.0,75.47405,66.47685,66.61397,66.51767,66.9758
2018-01-01 02:56:00,-5.613307e-22,0.0,66.37435,357730.44,0.0,0.0,11.930012,0.8372682,1.0,1.0,68.409775,0.0,0.0,0.0,-2.5203616e-13,-0.9257258,402.0755,1.60746,66.37435,55.184006,0.0,0.9,0.0,-2.6883405e-13,0.0,75.47888,66.4735,66.60951,66.51459,66.9724
2018-01-01 02:57:00,-6.644485300000001e-22,0.0,66.37435,357730.44,0.0,0.0,11.948029,0.83713335,1.0,1.0,68.40786,0.0,0.0,0.0,-2.5195842e-13,-0.92557096,402.07547,1.60746,66.37435,55.184006,0.0,0.9,0.0,-2.6874667e-13,0.0,75.483665,66.47015,66.60501,66.51146,66.96899
2018-01-01 02:58:00,-8.16639e-22,0.0,66.37435,357730.44,0.0,0.0,11.965992,0.8369986,1.0,1.0,68.40591,0.0,0.0,0.0,-2.5187746e-13,-0.92541677,402.07544,1.60746,66.37435,55.184006,0.0,0.9,0.0,-2.686594e-13,0.0,75.488335,66.4668,66.600555,66.50833,66.96553
2018-01-01 02:59:00,-2.1447305e-22,0.0,66.37435,357730.44,0.0,0.0,12.0020275,0.8368615,1.0,1.0,68.40396,0.0,0.0,0.0,-2.517943e-13,-0.92526984,402.0754,1.60746,66.37435,55.184006,0.0,0.9,0.0,-2.6857133e-13,0.0,75.49295,66.463394,66.596115,66.5052,66.96212
2018-01-01 03:00:00,-2.119248e-22,0.0,66.37435,357730.44,0.0,0.0,12.0020275,0.83672434,1.0,1.0,68.40198,0.0,0.0,0.0,-2.5170821e-13,-0.9251127,402.07538,1.60746,66.37435,55.184006,0.0,0.9,0.0,-2.6848494e-13,0.0,75.49745,66.460045,66.59166,66.50207,66.958664
2018-01-01 03:01:00,2.2929908e-23,0.0,66.37435,357730.44,0.0,0.0,12.019989,0.83658844,1.0,1.0,68.40001,0.0,0.0,0.0,-2.5163424e-13,-0.9249728,402.07535,1.60746,66.37435,55.184006,0.0,0.9,0.0,-2.6839856e-13,0.0,75.50195,66.456696,66.58721,66.49893,66.95525
2018-01-01 03:02:00,2.4142516000000004e-22,0.0,66.37435,357730.44,0.0,0.0,12.019989,0.83645475,1.0,1.0,68.39797,0.0,0.0,0.0,-2.51546e-13,-0.9248192,402.07532,1.60746,66.37435,55.184006,0.0,0.9,0.0,-2.68311e-13,0.0,75.50635,66.45329,66.5827,66.495804,66.95174
2018-01-01 03:03:00,-1.4530411000000001e-22,0.0,66.37435,357730.44,0.0,0.0,12.019989,0.83631885,1.0,1.0,68.39593,0.0,0.0,0.0,-2.5146373e-13,-0.9246614,402.0753,1.60746,66.37435,55.184006,0.0,0.9,0.0,-2.682241e-13,0.0,75.5107,66.44988,66.5782,66.492615,66.94827
2018-01-01 03:04:00,5.152424e-22,0.0,66.37435,357730.44,0.0,0.0,12.019989,0.83618057,1.0,1.0,68.393875,0.0,0.0,0.0,-2.5138425e-13,-0.92451936,402.07523,1.60746,66.37435,55.184006,0.0,0.9,0.0,-2.6813672e-13,0.0,75.51498,66.44647,66.5737,66.48943,66.94476
2018-01-01 03:05:00,1.5548854e-23,0.0,66.37435,357730.44,0.0,0.0,12.019989,0.83604574,1.0,1.0,68.39176,0.0,0.0,0.0,-2.5130494e-13,-0.92437273,402.0752,1.60746,66.37435,55.184006,0.0,0.9,0.0,-2.6804795e-13,0.0,75.51915,66.443016,66.5692,66.48625,66.94119
2018-01-01 03:06:00,3.1115458000000003e-22,0.0,66.37435,357730.44,0.0,0.0,12.019989,0.83590984,1.0,1.0,68.38962,0.0,0.0,0.0,-2.5121978e-13,-0.9242047,402.07516,1.60746,66.37435,55.184006,0.0,0.9,0.0,-2.679645e-13,0.0,75.52327,66.43956,66.56464,66.483,66.93762
2018-01-01 03:07:00,-8.089328000000001e-23,0.0,66.37435,357730.44,0.0,0.0,12.019989,0.8357751,1.0,1.0,68.38746,0.0,0.0,0.0,-2.5114104e-13,-0.9240597,402.07513,1.60746,66.37435,55.184006,0.0,0.9,0.0,-2.6787467e-13,0.0,75.527336,66.4361,66.560074,66.47977,66.93399
2018-01-01 03:08:00,-1.2068023e-23,0.0,66.3743,357730.44,0.0,0.0,12.019989,0.83564025,1.0,1.0,68.38527,0.0,0.0,0.0,-2.5105924e-13,-0.9239182,402.0751,1.60746,66.3743,55.184006,0.0,0.9,0.0,-2.6778796e-13,0.0,75.53134,66.43263,66.555466,66.476524,66.930374
2018-01-01 03:09:00,-6.7543967e-22,0.0,66.3743,357730.44,0.0,0.0,12.019989,0.8355043,1.0,1.0,68.38306,0.0,0.0,0.0,-2.5097746e-13,-0.9237625,402.07507,1.60746,66.3743,55.184006,0.0,0.9,0.0,-2.6770188e-13,0.0,75.5353,66.42912,66.5509,66.47323,66.92674
2018-01-01 03:10:00,7.9428484e-22,0.0,66.3743,357730.44,0.0,0.0,12.019989,0.835366,1.0,1.0,68.38083,0.0,0.0,0.0,-2.5089574e-13,-0.9236115,402.07504,1.60746,66.3743,55.184006,0.0,0.9,0.0,-2.6761397e-13,0.0,75.5392,66.4256,66.54629,66.469986,66.923065
2018-01-01 03:11:00,7.52842e-22,0.0,66.3743,357730.44,0.0,0.0,12.019989,0.83523124,1.0,1.0,68.37854,0.0,0.0,0.0,-2.5081372e-13,-0.92345893,402.075,1.60746,66.3743,55.184006,0.0,0.9,0.0,-2.6752754e-13,0.0,75.54299,66.42209,66.54162,66.46664,66.91933
2018-01-01 03:12:00,-6.7749407e-23,0.0,66.3743,357730.44,0.0,0.0,12.019989,0.8350965,1.0,1.0,68.37624,0.0,0.0,0.0,-2.5073753e-13,-0.92331386,402.07498,1.60746,66.3743,55.184006,0.0,0.9,0.0,-2.6744001e-13,0.0,75.54678,66.41852,66.537,66.46334,66.91559
2018-01-01 03:13:00,-1.1701732e-22,0.0,66.3743,357730.44,0.0,0.0,12.019989,0.8349628,1.0,1.0,68.37392,0.0,0.0,0.0,-2.506497e-13,-0.92316157,402.07492,1.60746,66.3743,55.184006,0.0,0.9,0.0,-2.6735577e-13,0.0,75.55046,66.41495,66.53233,66.45999,66.91186
2018-01-01 03:14:00,-3.712358e-22,0.0,66.3743,357730.44,0.0,0.0,12.019989,0.83482456,1.0,1.0,68.37156,0.0,0.0,0.0,-2.5057034e-13,-0.923015,402.0749,1.60746,66.3743,55.184006,0.0,0.9,0.0,-2.6726825e-13,0.0,75.55409,66.41138,66.52761,66.456635,66.908066
2018-01-01 03:15:00,-4.397371e-22,0.0,66.3743,357730.44,0.0,0.0,12.019989,0.8346898,1.0,1.0,68.36918,0.0,0.0,0.0,-2.5049087e-13,-0.9228741,402.07486,1.60746,66.3743,55.184006,0.0,0.9,0.0,-2.6717937e-13,0.0,75.55766,66.407745,66.52294,66.45329,66.90422
2018-01-01 03:16:00,-4.1302912000000004e-22,0.0,66.3743,357730.44,0.0,0.0,12.019989,0.83455145,1.0,1.0,68.366776,0.0,0.0,0.0,-2.504085e-13,-0.92271477,402.0748,1.60746,66.3743,55.184006,0.0,0.9,0.0,-2.670938e-13,0.0,75.56123,66.40413,66.51822,66.44988,66.900375
2018-01-01 03:17:00,-2.7126438000000004e-22,0.0,66.3743,357730.44,0.0,0.0,12.019989,0.8344167,1.0,1.0,68.36434,0.0,0.0,0.0,-2.5033098e-13,-0.92256206,402.07477,1.60746,66.3743,55.184006,0.0,0.9,0.0,-2.6700655e-13,0.0,75.56469,66.4005,66.51349,66.44653,66.89653
2018-01-01 03:18:00,4.1356574000000006e-22,0.0,66.3743,357730.44,0.0,0.0,12.019989,0.83428186,1.0,1.0,68.36189,0.0,0.0,0.0,-2.5024327e-13,-0.92241645,402.07474,1.60746,66.3743,55.184006,0.0,0.9,0.0,-2.669199e-13,0.0,75.5681,66.39687,66.50877,66.44307,66.89263
2018-01-01 03:19:00,4.1951386e-22,0.0,66.3743,357730.44,0.0,0.0,12.019989,0.8341471,1.0,1.0,68.359406,0.0,0.0,0.0,-2.5016466e-13,-0.92226744,402.0747,1.60746,66.3743,55.184006,0.0,0.9,0.0,-2.6683373e-13,0.0,75.57144,66.39319,66.50399,66.43967,66.88873
2018-01-01 03:20:00,1.7017037000000001e-22,0.0,66.3743,357730.44,0.0,0.0,12.019989,0.8340112,1.0,1.0,68.35689,0.0,0.0,0.0,-2.500837e-13,-0.9221181,402.07468,1.60746,66.3743,55.184006,0.0,0.9,0.0,-2.6674762e-13,0.0,75.57474,66.38951,66.49921,66.4362,66.88478
2018-01-01 03:21:00,-4.775265e-22,0.0,66.3743,357730.44,0.0,0.0,12.019989,0.8338752,1.0,1.0,68.35436,0.0,0.0,0.0,-2.4999696e-13,-0.9219692,402.07465,1.60746,66.3743,55.184006,0.0,0.9,0.0,-2.6665974e-13,0.0,75.57799,66.38583,66.49443,66.43274,66.88082
2018-01-01 03:22:00,-3.8834368000000002e-22,0.0,66.3743,357730.44,0.0,0.0,12.019989,0.8337393,1.0,1.0,68.35182,0.0,0.0,0.0,-2.4992213e-13,-0.92181426,402.07462,1.60746,66.3743,55.184006,0.0,0.9,0.0,-2.6657328e-13,0.0,75.58122,66.382095,66.489655,66.42928,66.87686
2018-01-01 03:23:00,-2.3395125e-22,0.0,66.3743,357730.44,0.0,0.0,12.019989,0.83360565,1.0,1.0,68.34923,0.0,0.0,0.0,-2.498415e-13,-0.921667,402.0746,1.60746,66.3743,55.184006,0.0,0.9,0.0,-2.6648743e-13,0.0,75.58435,66.37836,66.48482,66.425766,66.872856
2018-01-01 03:24:00,-4.635777e-22,0.0,66.3743,357730.44,0.0,0.0,12.019989,0.8334685,1.0,1.0,68.346634,0.0,0.0,0.0,-2.4976101e-13,-0.9215234,402.07455,1.60746,66.3743,55.184006,0.0,0.9,0.0,-2.664e-13,0.0,75.58743,66.374626,66.47998,66.4223,66.86879
2018-01-01 03:25:00,6.5521353e-22,0.0,66.3743,357730.44,0.0,0.0,12.019989,0.83333373,1.0,1.0,68.344025,0.0,0.0,0.0,-2.4968124e-13,-0.9213629,402.07452,1.60746,66.3743,55.184006,0.0,0.9,0.0,-2.6631518e-13,0.0,75.59051,66.370895,66.47515,66.41879,66.86478
2018-01-01 03:26:00,7.4551894e-22,0.0,66.3743,357730.44,0.0,0.0,12.019989,0.8332001,1.0,1.0,68.34135,0.0,0.0,0.0,-2.4959288e-13,-0.921219,402.0745,1.60746,66.3743,55.184006,0.0,0.9,0.0,-2.6622796e-13,0.0,75.593475,66.367096,66.47026,66.41522,66.86066
2018-01-01 03:27:00,4.290073500000001e-22,0.0,66.3743,357730.44,0.0,0.0,12.019989,0.8330618,1.0,1.0,68.338684,0.0,0.0,0.0,-2.4951994e-13,-0.92106324,402.07446,1.60746,66.3743,55.184006,0.0,0.9,0.0,-2.6614244e-13,0.0,75.596436,66.36331,66.46538,66.411705,66.8566
2018-01-01 03:28:00,1.2577394000000001e-22,0.0,66.3743,357730.44,0.0,0.0,12.019989,0.83292705,1.0,1.0,68.33599,0.0,0.0,0.0,-2.494381e-13,-0.92091346,402.0744,1.60746,66.3743,55.184006,0.0,0.9,0.0,-2.660553e-13,0.0,75.59935,66.35952,66.46048,66.408134,66.85248
2018-01-01 03:29:00,1.568215e-22,0.0,66.37424,357730.44,0.0,0.0,12.019989,0.8327934,1.0,1.0,68.33327,0.0,0.0,0.0,-2.4935384e-13,-0.9207698,402.07437,1.60746,66.37424,55.184006,0.0,0.9,0.0,-2.6596843e-13,0.0,75.6022,66.355675,66.4556,66.404564,66.8483
2018-01-01 03:30:00,-2.6183227000000003e-22,0.0,66.37424,357730.44,0.0,0.0,12.019989,0.83265746,1.0,1.0,68.33052,0.0,0.0,0.0,-2.492733e-13,-0.92061126,402.07434,1.60746,66.37424,55.184006,0.0,0.9,0.0,-2.658841e-13,0.0,75.60501,66.35188,66.45065,66.40094,66.84413
2018-01-01 03:31:00,-1.2068203e-21,0.0,66.37424,357730.44,0.0,0.0,12.019989,0.8325227,1.0,1.0,68.32776,0.0,0.0,0.0,-2.4919598e-13,-0.92046934,402.0743,1.60746,66.37424,55.184006,0.0,0.9,0.0,-2.6579398e-13,0.0,75.60776,66.34804,66.44571,66.39731,66.83995
2018-01-01 03:32:00,-4.5504875e-22,0.0,66.37424,357730.44,0.0,0.0,12.019989,0.83238554,1.0,1.0,68.32496,0.0,0.0,0.0,-2.4911247e-13,-0.9203213,402.07428,1.60746,66.37424,55.184006,0.0,0.9,0.0,-2.6571207e-13,0.0,75.61044,66.34414,66.440765,66.39369,66.835724
2018-01-01 03:33:00,1.3007979500000001e-23,0.0,66.37424,357730.44,0.0,0.0,12.019989,0.8322519,1.0,1.0,68.32216,0.0,0.0,0.0,-2.490255e-13,-0.9201678,402.07425,1.60746,66.37424,55.184006,0.0,0.9,0.0,-2.6562465e-13,0.0,75.613144,66.340294,66.43582,66.39006,66.8315
2018-01-01 03:34:00,-2.7659278e-23,0.0,66.37424,357730.44,0.0,0.0,12.019989,0.8321183,1.0,1.0,68.31933,0.0,0.0,0.0,-2.4894998e-13,-0.92002684,402.07422,1.60746,66.37424,55.184006,0.0,0.9,0.0,-2.655349e-13,0.0,75.615776,66.336395,66.43082,66.38644,66.82721
2018-01-01 03:35:00,-6.331362000000001e-22,0.0,66.37424,357730.44,0.0,0.0,12.019989,0.8319823,1.0,1.0,68.31647,0.0,0.0,0.0,-2.4887064e-13,-0.9198724,402.0742,1.60746,66.37424,55.184006,0.0,0.9,0.0,-2.654515e-13,0.0,75.61836,66.33249,66.42583,66.38275,66.82292
2018-01-01 03:36:00,2.870071e-22,0.0,66.37424,357730.44,0.0,0.0,12.019989,0.8318487,1.0,1.0,68.31359,0.0,0.0,0.0,-2.4878824e-13,-0.9197243,402.07416,1.60746,66.37424,55.184006,0.0,0.9,0.0,-2.6536306e-13,0.0,75.62088,66.32854,66.42082,66.379074,66.818634
2018-01-01 03:37:00,4.661797e-22,0.0,66.37424,357730.44,0.0,0.0,12.019989,0.8317128,1.0,1.0,68.310715,0.0,0.0,0.0,-2.48706e-13,-0.91957545,402.07413,1.60746,66.37424,55.184006,0.0,0.9,0.0,-2.652789e-13,0.0,75.62341,66.32464,66.415825,66.3754,66.8143
2018-01-01 03:38:00,8.945091e-22,0.0,66.37424,357730.44,0.0,0.0,12.019989,0.83157563,1.0,1.0,68.307785,0.0,0.0,0.0,-2.486246e-13,-0.91942346,402.0741,1.60746,66.37424,55.184006,0.0,0.9,0.0,-2.6519385e-13,0.0,75.625824,66.32068,66.41077,66.37166,66.80996
2018-01-01 03:39:00,-2.8678525e-22,0.0,66.37424,357730.44,0.0,0.0,12.019989,0.83144087,1.0,1.0,68.30486,0.0,0.0,0.0,-2.485406e-13,-0.9192752,402.07407,1.60746,66.37424,55.184006,0.0,0.9,0.0,-2.6510657e-13,0.0,75.62825,66.31673,66.40578,66.36798,66.805565
2018-01-01 03:40:00,9.230038e-23,0.0,66.37424,357730.44,0.0,0.0,12.019989,0.8313049,1.0,1.0,68.301895,0.0,0.0,0.0,-2.4846588e-13,-0.9191308,402.074,1.60746,66.37424,55.184006,0.0,0.9,0.0,-2.6502127e-13,0.0,75.63061,66.31271,66.40072,66.36424,66.80117
2018-01-01 03:41:00,4.9109724e-22,0.0,66.37424,357730.44,0.0,0.0,12.019989,0.8311724,1.0,1.0,68.29893,0.0,0.0,0.0,-2.4838549e-13,-0.91897374,402.07397,1.60746,66.37424,55.184006,0.0,0.9,0.0,-2.649342e-13,0.0,75.632965,66.30876,66.395615,66.360504,66.796776
2018-01-01 03:42:00,-1.1780869e-22,0.0,66.37424,357730.44,0.0,0.0,12.019989,0.83103764,1.0,1.0,68.29593,0.0,0.0,0.0,-2.483014e-13,-0.9188207,402.07394,1.60746,66.37424,55.184006,0.0,0.9,0.0,-2.648486e-13,0.0,75.63528,66.30475,66.39056,66.35672,66.79233
2018-01-01 03:43:00,-1.9591758000000001e-22,0.0,66.37424,357730.44,0.0,0.0,12.019989,0.83090174,1.0,1.0,68.2929,0.0,0.0,0.0,-2.482201e-13,-0.9186806,402.0739,1.60746,66.37424,55.184006,0.0,0.9,0.0,-2.6476152e-13,0.0,75.63753,66.30074,66.38545,66.35293,66.78787
2018-01-01 03:44:00,7.9234855e-22,0.0,66.37424,357730.44,0.0,0.0,12.019989,0.8307657,1.0,1.0,68.28988,0.0,0.0,0.0,-2.4814197e-13,-0.918533,402.07388,1.60746,66.37424,55.184006,0.0,0.9,0.0,-2.6467636e-13,0.0,75.639725,66.29668,66.38034,66.3492,66.78343
2018-01-01 03:45:00,6.891146e-22,0.0,66.37424,357730.44,0.0,0.0,12.019989,0.83063215,1.0,1.0,68.28682,0.0,0.0,0.0,-2.4805806e-13,-0.91838723,402.07382,1.60746,66.37424,55.184006,0.0,0.9,0.0,-2.6459198e-13,0.0,75.64192,66.29266,66.37523,66.34535,66.77892
2018-01-01 03:46:00,8.3575275e-23,0.0,66.37424,357730.44,0.0,0.0,12.019989,0.8304962,1.0,1.0,68.28375,0.0,0.0,0.0,-2.47982e-13,-0.9182243,402.0738,1.60746,66.37424,55.184006,0.0,0.9,0.0,-2.6450513e-13,0.0,75.644066,66.288605,66.37012,66.34155,66.774414
2018-01-01 03:47:00,-3.5766577000000005e-22,0.0,66.37424,357730.44,0.0,0.0,12.019989,0.8303625,1.0,1.0,68.280655,0.0,0.0,0.0,-2.479027e-13,-0.91808194,402.07376,1.60746,66.37424,55.184006,0.0,0.9,0.0,-2.6441826e-13,0.0,75.64621,66.28454,66.36496,66.33771,66.76986
2018-01-01 03:48:00,5.621022400000001e-22,0.0,66.37424,357730.44,0.0,0.0,12.019989,0.8302266,1.0,1.0,68.27753,0.0,0.0,0.0,-2.478181e-13,-0.9179335,402.07373,1.60746,66.37424,55.184006,0.0,0.9,0.0,-2.6433448e-13,0.0,75.64824,66.28042,66.359795,66.33386,66.765305
2018-01-01 03:49:00,2.3703085e-24,0.0,66.37424,357730.44,0.0,0.0,12.019989,0.83009416,1.0,1.0,68.2744,0.0,0.0,0.0,-2.4773713e-13,-0.9177787,402.0737,1.60746,66.37424,55.184006,0.0,0.9,0.0,-2.642463e-13,0.0,75.65027,66.27635,66.35463,66.33002,66.76074
2018-01-01 03:50:00,7.0111564e-22,0.0,66.37424,357730.44,0.0,0.0,12.019989,0.8299558,1.0,1.0,68.271255,0.0,0.0,0.0,-2.4766446e-13,-0.9176352,402.07367,1.60746,66.37424,55.184006,0.0,0.9,0.0,-2.641614e-13,0.0,75.652306,66.27223,66.34947,66.32617,66.75613
2018-01-01 03:51:00,-4.1127060000000004e-22,0.0,66.37419,357730.44,0.0,0.0,12.019989,0.82982105,1.0,1.0,68.26809,0.0,0.0,0.0,-2.4757605e-13,-0.91748244,402.07364,1.60746,66.37419,55.184006,0.0,0.9,0.0,-2.6407546e-13,0.0,75.65428,66.26811,66.34425,66.32228,66.75151
2018-01-01 03:52:00,4.4474630000000005e-22,0.0,66.37419,357730.44,0.0,0.0,12.019989,0.8296863,1.0,1.0,68.264915,0.0,0.0,0.0,-2.4749349e-13,-0.91734016,402.07358,1.60746,66.37419,55.184006,0.0,0.9,0.0,-2.6398957e-13,0.0,75.656204,66.26399,66.33908,66.318436,66.7469
2018-01-01 03:53:00,-1.2167221e-22,0.0,66.37419,357730.44,0.0,0.0,12.019989,0.8295538,1.0,1.0,68.26172,0.0,0.0,0.0,-2.4741312e-13,-0.9171916,402.07355,1.60746,66.37419,55.184006,0.0,0.9,0.0,-2.639036e-13,0.0,75.65813,66.25982,66.33386,66.31453,66.74223
2018-01-01 03:54:00,1.520912e-22,0.0,66.37419,357730.44,0.0,0.0,12.019989,0.8294167,1.0,1.0,68.258484,0.0,0.0,0.0,-2.473387e-13,-0.917037,402.07352,1.60746,66.37419,55.184006,0.0,0.9,0.0,-2.6382005e-13,0.0,75.659996,66.255646,66.32864,66.31058,66.737564
2018-01-01 03:55:00,1.2680022e-23,0.0,66.37419,357730.44,0.0,0.0,12.019989,0.8292854,1.0,1.0,68.25525,0.0,0.0,0.0,-2.4725285e-13,-0.91688454,402.0735,1.60746,66.37419,55.184006,0.0,0.9,0.0,-2.6373427e-13,0.0,75.661804,66.251465,66.32338,66.30667,66.732895
2018-01-01 03:56:00,5.482748e-22,0.0,66.37419,357730.44,0.0,0.0,12.019989,0.82914823,1.0,1.0,68.25199,0.0,0.0,0.0,-2.4717592e-13,-0.916745,402.07346,1.60746,66.37419,55.184006,0.0,0.9,0.0,-2.636481e-13,0.0,75.66362,66.2473,66.31816,66.30272,66.728165
2018-01-01 03:57:00,-4.978148500000001e-22,0.0,66.37419,357730.44,0.0,0.0,12.019989,0.82901233,1.0,1.0,68.2487,0.0,0.0,0.0,-2.4710016e-13,-0.9165976,402.07343,1.60746,66.37419,55.184006,0.0,0.9,0.0,-2.6356047e-13,0.0,75.665375,66.243065,66.31288,66.29877,66.72344
2018-01-01 03:58:00,3.6980903000000004e-22,0.0,66.37419,357730.44,0.0,0.0,12.019989,0.8288799,1.0,1.0,68.24544,0.0,0.0,0.0,-2.4701652e-13,-0.91644317,402.0734,1.60746,66.37419,55.184006,0.0,0.9,0.0,-2.6347585e-13,0.0,75.66714,66.23889,66.30761,66.294815,66.71872
2018-01-01 03:59:00,3.8141758000000005e-22,0.0,66.37419,357730.44,0.0,0.0,12.019989,0.8287462,1.0,1.0,68.24213,0.0,0.0,0.0,-2.4693916e-13,-0.9162857,402.07336,1.60746,66.37419,55.184006,0.0,0.9,0.0,-2.6339217e-13,0.0,75.66884,66.234665,66.30234,66.290855,66.71394
2018-01-01 04:00:00,-1.2041661000000001e-22,0.0,66.37419,357730.44,0.0,0.0,12.019989,0.8286103,1.0,1.0,68.23881,0.0,0.0,0.0,-2.4685847e-13,-0.9161418,402.07333,1.60746,66.37419,55.184006,0.0,0.9,0.0,-2.6330611e-13,0.0,75.67055,66.23043,66.29706,66.28685,66.70916
2018-01-01 04:01:00,4.759101e-22,0.0,66.37419,357730.44,0.0,0.0,12.019989,0.82847553,1.0,1.0,68.23545,0.0,0.0,0.0,-2.467775e-13,-0.91599673,402.0733,1.60746,66.37419,55.184006,0.0,0.9,0.0,-2.632197e-13,0.0,75.672195,66.22615,66.29173,66.28284,66.70433
2018-01-01 04:02:00,-3.7115196000000004e-22,0.0,66.37419,357730.44,0.0,0.0,12.0349865,0.82834184,1.0,1.0,68.23213,0.0,0.0,0.0,-2.4669698e-13,-0.9158479,402.07327,1.60746,66.37419,55.184006,0.0,0.9,0.0,-2.631353e-13,0.0,75.67384,66.22192,66.28646,66.278885,66.69955
2018-01-01 04:03:00,-5.982783000000001e-23,0.0,66.37419,357730.44,0.0,0.0,12.065033,0.8282071,1.0,1.0,68.22876,0.0,0.0,0.0,-2.4661458e-13,-0.9156914,402.07324,1.60746,66.37419,55.184006,0.0,0.9,0.0,-2.630507e-13,0.0,75.67543,66.217636,66.28113,66.27487,66.69472
2018-01-01 04:04:00,-9.288508399999999e-23,0.0,66.37419,357730.44,0.0,0.0,12.08003,0.8280723,1.0,1.0,68.225395,0.0,0.0,0.0,-2.4653258e-13,-0.9155619,402.0732,1.60746,66.37419,55.184006,0.0,0.9,0.0,-2.629623e-13,0.0,75.67697,66.2134,66.27586,66.27086,66.68988
2018-01-01 04:05:00,-4.1856697999999997e-23,0.0,66.37419,357730.44,0.0,0.0,12.08003,0.8279363,1.0,1.0,68.22202,0.0,0.0,0.0,-2.4645707e-13,-0.9154043,402.07315,1.60746,66.37419,55.184006,0.0,0.9,0.0,-2.6287826e-13,0.0,75.67851,66.20912,66.27053,66.2668,66.685104
2018-01-01 04:06:00,3.6473785e-23,0.0,66.37419,357730.44,0.0,0.0,12.095026,0.82780504,1.0,1.0,68.21863,0.0,0.0,0.0,-2.463657e-13,-0.91525203,402.07312,1.60746,66.37419,55.184006,0.0,0.9,0.0,-2.6279342e-13,0.0,75.680046,66.204834,66.2652,66.26279,66.68027
2018-01-01 04:07:00,3.0215505e-24,0.0,66.37419,357730.44,0.0,0.0,12.110022,0.82766676,1.0,1.0,68.21525,0.0,0.0,0.0,-2.4630035e-13,-0.9150979,402.0731,1.60746,66.37419,55.184006,0.0,0.9,0.0,-2.627088e-13,0.0,75.68153,66.20055,66.25993,66.25877,66.67543
2018-01-01 04:08:00,3.4946264e-23,0.0,66.37419,357730.44,0.0,0.0,12.125019,0.82753426,1.0,1.0,68.21183,0.0,0.0,0.0,-2.4621752e-13,-0.91495514,402.07306,1.60746,66.37419,55.184006,0.0,0.9,0.0,-2.6262046e-13,0.0,75.683014,66.19626,66.2546,66.254715,66.67055
2018-01-01 04:09:00,3.2205690000000004e-23,0.0,66.37419,357730.44,0.0,0.0,12.140015,0.8274006,1.0,1.0,68.208435,0.0,0.0,0.0,-2.4613195e-13,-0.91480875,402.07303,1.60746,66.37419,55.184006,0.0,0.9,0.0,-2.625375e-13,0.0,75.68444,66.19198,66.24933,66.2507,66.66571
2018-01-01 04:10:00,-9.965849e-24,0.0,66.37419,357730.44,0.0,0.0,12.155012,0.82726586,1.0,1.0,68.205,0.0,0.0,0.0,-2.4605193e-13,-0.91466135,402.073,1.60746,66.37419,55.184006,0.0,0.9,0.0,-2.624507e-13,0.0,75.685814,66.1877,66.244,66.246635,66.66087
2018-01-01 04:11:00,-1.4682562e-23,0.0,66.37419,357730.44,0.0,0.0,12.185003,0.8271299,1.0,1.0,68.2016,0.0,0.0,0.0,-2.459788e-13,-0.91451555,402.07297,1.60746,66.37419,55.184006,0.0,0.9,0.0,-2.6236373e-13,0.0,75.68724,66.18341,66.23872,66.24263,66.65599
2018-01-01 04:12:00,-1.3449203e-23,0.0,66.37419,357730.44,0.0,0.0,12.200001,0.82699746,1.0,1.0,68.19816,0.0,0.0,0.0,-2.4589854e-13,-0.91436327,402.07294,1.60746,66.37419,55.184006,0.0,0.9,0.0,-2.6228095e-13,0.0,75.68856,66.17912,66.2334,66.238556,66.65115
2018-01-01 04:13:00,-3.8223716e-23,0.0,66.37419,357730.44,0.0,0.0,12.200001,0.8268627,1.0,1.0,68.19472,0.0,0.0,0.0,-2.4582138e-13,-0.91421664,402.0729,1.60746,66.37419,55.184006,0.0,0.9,0.0,-2.6219679e-13,0.0,75.68993,66.174835,66.22807,66.2345,66.64626
2018-01-01 04:14:00,-7.693001000000001e-23,0.0,66.37419,357730.44,0.0,0.0,12.214996,0.8267302,1.0,1.0,68.191284,0.0,0.0,0.0,-2.4573217e-13,-0.91405016,402.07288,1.60746,66.37419,55.184006,0.0,0.9,0.0,-2.6211252e-13,0.0,75.69119,66.170555,66.22279,66.23043,66.64143
2018-01-01 04:15:00,-2.9050248e-23,0.0,66.37419,357730.44,0.0,0.0,12.229994,0.82659423,1.0,1.0,68.18782,0.0,0.0,0.0,-2.4565164e-13,-0.9139215,402.07285,1.60746,66.37419,55.184006,0.0,0.9,0.0,-2.6202358e-13,0.0,75.69252,66.166214,66.21747,66.226364,66.636536
2018-01-01 04:16:00,-5.4608742e-24,0.0,66.37419,357730.44,0.0,0.0,12.244989,0.82645947,1.0,1.0,68.18437,0.0,0.0,0.0,-2.455782e-13,-0.91376746,402.0728,1.60746,66.37419,55.184006,0.0,0.9,0.0,-2.6194053e-13,0.0,75.69378,66.16193,66.21219,66.222305,66.63165
2018-01-01 04:17:00,-2.1689675e-23,0.0,66.37419,357730.44,0.0,0.0,12.259985,0.82632583,1.0,1.0,68.18089,0.0,0.0,0.0,-2.4549368e-13,-0.91361934,402.07278,1.60746,66.37419,55.184006,0.0,0.9,0.0,-2.6185453e-13,0.0,75.69499,66.157646,66.20686,66.21823,66.62676
2018-01-01 04:18:00,4.1110262e-23,0.0,66.37419,357730.44,0.0,0.0,12.275038,0.82619333,1.0,1.0,68.177444,0.0,0.0,0.0,-2.454181e-13,-0.9134726,402.0727,1.60746,66.37419,55.184006,0.0,0.9,0.0,-2.617709e-13,0.0,75.69625,66.153305,66.20159,66.21417,66.62187
2018-01-01 04:19:00,2.712915e-23,0.0,66.37419,357730.44,0.0,0.0,12.290033,0.82605743,1.0,1.0,68.17395,0.0,0.0,0.0,-2.453403e-13,-0.91332453,402.07266,1.60746,66.37419,55.184006,0.0,0.9,0.0,-2.616862e-13,0.0,75.6974,66.14902,66.19626,66.210106,66.61699
2018-01-01 04:20:00,-2.0898707e-23,0.0,66.37419,357730.44,0.0,0.0,12.320026,0.8259238,1.0,1.0,68.17049,0.0,0.0,0.0,-2.452554e-13,-0.9131706,402.07263,1.60746,66.37419,55.184006,0.0,0.9,0.0,-2.616008e-13,0.0,75.69861,66.144684,66.190994,66.20604,66.61209
2018-01-01 04:21:00,-4.6368675999999996e-23,0.0,66.37419,357730.44,0.0,0.0,12.320026,0.8257855,1.0,1.0,68.16699,0.0,0.0,0.0,-2.4518137e-13,-0.9130245,402.0726,1.60746,66.37419,55.184006,0.0,0.9,0.0,-2.615163e-13,0.0,75.69977,66.14034,66.185715,66.20192,66.60721
2018-01-01 04:22:00,-8.7011377e-23,0.0,66.37419,357730.44,0.0,0.0,12.335022,0.82565534,1.0,1.0,68.1635,0.0,0.0,0.0,-2.450994e-13,-0.91287553,402.07257,1.60746,66.37419,55.184006,0.0,0.9,0.0,-2.6143074e-13,0.0,75.70087,66.13606,66.18039,66.19786,66.60232
2018-01-01 04:23:00,-1.1202452000000002e-22,0.0,66.37419,357730.44,0.0,0.0,12.350019,0.8255206,1.0,1.0,68.15999,0.0,0.0,0.0,-2.4501896e-13,-0.91272557,402.07254,1.60746,66.37419,55.184006,0.0,0.9,0.0,-2.6134783e-13,0.0,75.701965,66.131714,66.17511,66.19374,66.59743
2018-01-01 04:24:00,3.3206797e-23,0.0,66.37419,357730.44,0.0,0.0,12.365015,0.82538575,1.0,1.0,68.15647,0.0,0.0,0.0,-2.4494174e-13,-0.91257596,402.0725,1.60746,66.37419,55.184006,0.0,0.9,0.0,-2.6126275e-13,0.0,75.703064,66.12738,66.169785,66.18967,66.59248
2018-01-01 04:25:00,9.68905e-23,0.0,66.37419,357730.44,0.0,0.0,12.380011,0.8252533,1.0,1.0,68.15298,0.0,0.0,0.0,-2.4486145e-13,-0.9124267,402.07248,1.60746,66.37419,55.184006,0.0,0.9,0.0,-2.611779e-13,0.0,75.70416,66.12309,66.16451,66.18555,66.5876
2018-01-01 04:26:00,-3.8197885e-23,0.0,66.37419,357730.44,0.0,0.0,12.395008,0.8251174,1.0,1.0,68.14946,0.0,0.0,0.0,-2.4478404e-13,-0.9122823,402.07245,1.60746,66.37419,55.184006,0.0,0.9,0.0,-2.6109114e-13,0.0,75.7052,66.11876,66.15924,66.18149,66.58266
2018-01-01 04:27:00,4.7802260000000006e-23,0.0,66.37419,357730.44,0.0,0.0,12.410004,0.8249837,1.0,1.0,68.14593,0.0,0.0,0.0,-2.4470289e-13,-0.9121398,402.07242,1.60746,66.37419,55.184006,0.0,0.9,0.0,-2.610053e-13,0.0,75.70619,66.11441,66.153915,66.17737,66.57776
2018-01-01 04:28:00,2.8754258e-23,0.0,66.37419,357730.44,0.0,0.0,12.439997,0.8248501,1.0,1.0,68.14241,0.0,0.0,0.0,-2.4462553e-13,-0.91199,402.0724,1.60746,66.37419,55.184006,0.0,0.9,0.0,-2.6092103e-13,0.0,75.70724,66.11008,66.148636,66.17325,66.572815
2018-01-01 04:29:00,-1.9558402e-23,0.0,66.37413,357730.44,0.0,0.0,12.439997,0.8247142,1.0,1.0,68.13888,0.0,0.0,0.0,-2.445435e-13,-0.9118379,402.07236,1.60746,66.37413,55.184006,0.0,0.9,0.0,-2.6083763e-13,0.0,75.70822,66.105736,66.143364,66.16913,66.56793
2018-01-01 04:30:00,-1.7569529e-23,0.0,66.37413,357730.44,0.0,0.0,12.454992,0.8245829,1.0,1.0,68.13534,0.0,0.0,0.0,-2.4446634e-13,-0.91168934,402.07233,1.60746,66.37413,55.184006,0.0,0.9,0.0,-2.6075198e-13,0.0,75.70916,66.101395,66.13809,66.16506,66.56299
2018-01-01 04:31:00,6.571437e-23,0.0,66.37413,357730.44,0.0,0.0,12.46999,0.82444924,1.0,1.0,68.13179,0.0,0.0,0.0,-2.4438305e-13,-0.91154605,402.0723,1.60746,66.37413,55.184006,0.0,0.9,0.0,-2.606684e-13,0.0,75.710144,66.09706,66.13277,66.16094,66.558044
2018-01-01 04:32:00,-1.0117416e-23,0.0,66.37413,357730.44,0.0,0.0,12.484985,0.8243145,1.0,1.0,68.12825,0.0,0.0,0.0,-2.4431412e-13,-0.91139656,402.07224,1.60746,66.37413,55.184006,0.0,0.9,0.0,-2.6058273e-13,0.0,75.71108,66.09271,66.12749,66.15682,66.553154
2018-01-01 04:33:00,5.311945000000001e-23,0.0,66.37413,357730.44,0.0,0.0,12.500036,0.824182,1.0,1.0,68.124695,0.0,0.0,0.0,-2.442201e-13,-0.91124773,402.0722,1.60746,66.37413,55.184006,0.0,0.9,0.0,-2.6049649e-13,0.0,75.71196,66.08838,66.122215,66.1527,66.54821
2018-01-01 04:34:00,2.6283141e-23,0.0,66.37413,357730.44,0.0,0.0,12.515034,0.824046,1.0,1.0,68.12115,0.0,0.0,0.0,-2.4414734e-13,-0.911114,402.07217,1.60746,66.37413,55.184006,0.0,0.9,0.0,-2.6041284e-13,0.0,75.71289,66.08404,66.11694,66.14858,66.54327
2018-01-01 04:35:00,-2.2157139000000002e-24,0.0,66.37413,357730.44,0.0,0.0,12.545027,0.8239124,1.0,1.0,68.11757,0.0,0.0,0.0,-2.440704e-13,-0.91095114,402.07214,1.60746,66.37413,55.184006,0.0,0.9,0.0,-2.6032873e-13,0.0,75.713776,66.07964,66.111664,66.14441,66.53832
2018-01-01 04:36:00,7.160913e-23,0.0,66.37413,357730.44,0.0,0.0,12.560022,0.8237776,1.0,1.0,68.114,0.0,0.0,0.0,-2.4399054e-13,-0.91079867,402.0721,1.60746,66.37413,55.184006,0.0,0.9,0.0,-2.602465e-13,0.0,75.7146,66.0753,66.1064,66.14029,66.53338
2018-01-01 04:37:00,8.210511e-24,0.0,66.37413,357730.44,0.0,0.0,12.560022,0.8236463,1.0,1.0,68.110435,0.0,0.0,0.0,-2.4391402e-13,-0.91065556,402.07208,1.60746,66.37413,55.184006,0.0,0.9,0.0,-2.601606e-13,0.0,75.71548,66.07097,66.10112,66.13617,66.528435
2018-01-01 04:38:00,1.2817235e-23,0.0,66.37413,357730.44,0.0,0.0,12.575018,0.8235092,1.0,1.0,68.106865,0.0,0.0,0.0,-2.438334e-13,-0.9105071,402.07205,1.60746,66.37413,55.184006,0.0,0.9,0.0,-2.6007714e-13,0.0,75.7163,66.06662,66.09585,66.13205,66.52349
2018-01-01 04:39:00,-9.333081e-25,0.0,66.37413,357730.44,0.0,0.0,12.590015,0.8233779,1.0,1.0,68.10327,0.0,0.0,0.0,-2.4375245e-13,-0.9103618,402.07202,1.60746,66.37413,55.184006,0.0,0.9,0.0,-2.5999163e-13,0.0,75.717125,66.062225,66.090576,66.12787,66.51855
2018-01-01 04:40:00,-1.26996074e-23,0.0,66.37413,357730.44,0.0,0.0,12.605011,0.8232443,1.0,1.0,68.099686,0.0,0.0,0.0,-2.4366606e-13,-0.91021836,402.072,1.60746,66.37413,55.184006,0.0,0.9,0.0,-2.599057e-13,0.0,75.717896,66.05789,66.0853,66.12375,66.5136
2018-01-01 04:41:00,-2.4520388e-23,0.0,66.37413,357730.44,0.0,0.0,12.620008,0.82310945,1.0,1.0,68.09611,0.0,0.0,0.0,-2.4359177e-13,-0.9100686,402.07196,1.60746,66.37413,55.184006,0.0,0.9,0.0,-2.5982198e-13,0.0,75.71866,66.05355,66.08003,66.11963,66.50866
2018-01-01 04:42:00,1.8719296999999998e-23,0.0,66.37413,357730.44,0.0,0.0,12.635004,0.8229759,1.0,1.0,68.092514,0.0,0.0,0.0,-2.4351525e-13,-0.9099204,402.07193,1.60746,66.37413,55.184006,0.0,0.9,0.0,-2.597386e-13,0.0,75.71944,66.04916,66.074814,66.11546,66.503716
2018-01-01 04:43:00,1.0395896000000001e-24,0.0,66.37413,357730.44,0.0,0.0,12.664997,0.8228457,1.0,1.0,68.088936,0.0,0.0,0.0,-2.4343602e-13,-0.9097738,402.0719,1.60746,66.37413,55.184006,0.0,0.9,0.0,-2.5965387e-13,0.0,75.7202,66.044815,66.069534,66.11134,66.49877
2018-01-01 04:44:00,-3.6711898e-23,0.0,66.37413,357730.44,0.0,0.0,12.679993,0.8227062,1.0,1.0,68.08533,0.0,0.0,0.0,-2.4336086e-13,-0.9096166,402.07187,1.60746,66.37413,55.184006,0.0,0.9,0.0,-2.5956955e-13,0.0,75.72092,66.04048,66.06426,66.10716,66.49383
2018-01-01 04:45:00,-4.5005e-23,0.0,66.37413,357730.44,0.0,0.0,12.679993,0.822575,1.0,1.0,68.08171,0.0,0.0,0.0,-2.4327895e-13,-0.9094752,402.07184,1.60746,66.37413,55.184006,0.0,0.9,0.0,-2.5948604e-13,0.0,75.721634,66.03609,66.05899,66.10304,66.48883
2018-01-01 04:46:00,3.9601774e-23,0.0,66.37413,357730.44,0.0,0.0,12.69499,0.82244134,1.0,1.0,68.078125,0.0,0.0,0.0,-2.431973e-13,-0.9093232,402.07178,1.60746,66.37413,55.184006,0.0,0.9,0.0,-2.5940296e-13,0.0,75.72234,66.03174,66.05377,66.09887,66.48389
2018-01-01 04:47:00,2.3603535e-24,0.0,66.37413,357730.44,0.0,0.0,12.709986,0.8223077,1.0,1.0,68.07452,0.0,0.0,0.0,-2.431186e-13,-0.90917784,402.07175,1.60746,66.37413,55.184006,0.0,0.9,0.0,-2.593154e-13,0.0,75.72305,66.02734,66.04849,66.09475,66.47894
2018-01-01 04:48:00,-5.8210406e-23,0.0,66.37413,357730.44,0.0,0.0,12.725037,0.8221764,1.0,1.0,68.070915,0.0,0.0,0.0,-2.4304002e-13,-0.9090296,402.07172,1.60746,66.37413,55.184006,0.0,0.9,0.0,-2.5923377e-13,0.0,75.72372,66.02301,66.043274,66.090576,66.474
2018-01-01 04:49:00,1.6393282e-23,0.0,66.37413,357730.44,0.0,0.0,12.740034,0.82204044,1.0,1.0,68.067276,0.0,0.0,0.0,-2.4295531e-13,-0.90888786,402.07166,1.60746,66.37413,55.184006,0.0,0.9,0.0,-2.5914728e-13,0.0,75.72438,66.018616,66.03801,66.086395,66.468994
2018-01-01 04:50:00,-2.2418270000000003e-23,0.0,66.37413,357730.44,0.0,0.0,12.75503,0.8219092,1.0,1.0,68.063675,0.0,0.0,0.0,-2.4288094e-13,-0.9087312,402.07162,1.60746,66.37413,55.184006,0.0,0.9,0.0,-2.590652e-13,0.0,75.72504,66.014275,66.03279,66.08223,66.46405
2018-01-01 04:51:00,-2.0587253e-23,0.0,66.37413,357730.44,0.0,0.0,12.770025,0.82177556,1.0,1.0,68.06006,0.0,0.0,0.0,-2.4280374e-13,-0.9085849,402.0716,1.60746,66.37413,55.184006,0.0,0.9,0.0,-2.5898142e-13,0.0,75.72569,66.00988,66.02751,66.07811,66.45911
2018-01-01 04:52:00,2.060728e-23,0.0,66.37413,357730.44,0.0,0.0,12.800018,0.82164073,1.0,1.0,68.05642,0.0,0.0,0.0,-2.4272807e-13,-0.9084439,402.07156,1.60746,66.37413,55.184006,0.0,0.9,0.0,-2.5889604e-13,0.0,75.7263,66.005486,66.02229,66.07393,66.45412
2018-01-01 04:53:00,-5.2727128000000005e-24,0.0,66.37413,357730.44,0.0,0.0,12.800018,0.8215083,1.0,1.0,68.05281,0.0,0.0,0.0,-2.426448e-13,-0.9082876,402.07153,1.60746,66.37413,55.184006,0.0,0.9,0.0,-2.5881394e-13,0.0,75.7269,66.001144,66.017075,66.069756,66.44917
2018-01-01 04:54:00,7.9230365e-24,0.0,66.37413,357730.44,0.0,0.0,12.815016,0.8213735,1.0,1.0,68.04916,0.0,0.0,0.0,-2.4256863e-13,-0.9081497,402.0715,1.60746,66.37413,55.184006,0.0,0.9,0.0,-2.58727e-13,0.0,75.72751,65.99675,66.0118,66.06558,66.44417
2018-01-01 04:55:00,-3.8343253e-23,0.0,66.37413,357730.44,0.0,0.0,12.830011,0.821241,1.0,1.0,68.04553,0.0,0.0,0.0,-2.424889e-13,-0.9079968,402.07147,1.60746,66.37413,55.184006,0.0,0.9,0.0,-2.5864377e-13,0.0,75.72806,65.99242,66.006584,66.0614,66.439224
2018-01-01 04:56:00,-4.5993540000000006e-23,0.0,66.37413,357730.44,0.0,0.0,12.845007,0.8211074,1.0,1.0,68.04191,0.0,0.0,0.0,-2.424033e-13,-0.9078555,402.07144,1.60746,66.37413,55.184006,0.0,0.9,0.0,-2.5855904e-13,0.0,75.72866,65.98802,66.001366,66.057236,66.43428
2018-01-01 04:57:00,-3.7510383e-23,0.0,66.37413,357730.44,0.0,0.0,12.860004,0.82097375,1.0,1.0,68.03826,0.0,0.0,0.0,-2.4232076e-13,-0.90770364,402.0714,1.60746,66.37413,55.184006,0.0,0.9,0.0,-2.584767e-13,0.0,75.72921,65.98363,65.99615,66.053055,66.42928
2018-01-01 04:58:00,7.279961e-24,0.0,66.37413,357730.44,0.0,0.0,12.875,0.8208413,1.0,1.0,68.03465,0.0,0.0,0.0,-2.42251e-13,-0.9075492,402.07138,1.60746,66.37413,55.184006,0.0,0.9,0.0,-2.5839162e-13,0.0,75.72976,65.97928,65.99093,66.048935,66.42434
2018-01-01 04:59:00,-2.7151684e-23,0.0,66.37413,357730.44,0.0,0.0,12.904993,0.8207088,1.0,1.0,68.03099,0.0,0.0,0.0,-2.421677e-13,-0.9074048,402.07135,1.60746,66.37413,55.184006,0.0,0.9,0.0,-2.583095e-13,0.0,75.730255,65.974884,65.98571,66.04476,66.41934
2018-01-01 05:00:00,-8.1083605e-23,0.0,66.37413,357730.44,0.0,0.0,12.919989,0.82057285,1.0,1.0,68.02736,0.0,0.0,0.0,-2.4208996e-13,-0.9072561,402.0713,1.60746,66.37413,55.184006,0.0,0.9,0.0,-2.5822557e-13,0.0,75.730804,65.97049,65.98049,66.04059,66.4144
2018-01-01 05:01:00,-5.529182e-23,0.0,66.37413,357730.44,0.0,0.0,12.919989,0.8204393,1.0,1.0,68.02369,0.0,0.0,0.0,-2.4202192e-13,-0.907107,402.07126,1.60746,66.37413,55.184006,0.0,0.9,0.0,-2.581392e-13,0.0,75.73129,65.966095,65.97527,66.03636,66.40939
2018-01-01 05:02:00,3.211626e-23,0.0,66.37413,357730.44,0.0,0.0,12.919989,0.8203056,1.0,1.0,68.02005,0.0,0.0,0.0,-2.4193936e-13,-0.9069688,402.07123,1.60746,66.37413,55.184006,0.0,0.9,0.0,-2.5805765e-13,0.0,75.7318,65.96176,65.970055,66.03218,66.40445
2018-01-01 05:03:00,2.839399e-23,0.0,66.37413,357730.44,0.0,0.0,12.919989,0.820172,1.0,1.0,68.016396,0.0,0.0,0.0,-2.4186916e-13,-0.9068161,402.0712,1.60746,66.37413,55.184006,0.0,0.9,0.0,-2.579737e-13,0.0,75.732285,65.95737,65.964836,66.02801,66.39946
2018-01-01 05:04:00,5.5134364e-24,0.0,66.37413,357730.44,0.0,0.0,12.919989,0.820043,1.0,1.0,68.01272,0.0,0.0,0.0,-2.4177736e-13,-0.9066725,402.07117,1.60746,66.37413,55.184006,0.0,0.9,0.0,-2.5788882e-13,0.0,75.73273,65.95297,65.95962,66.023834,66.394455
2018-01-01 05:05:00,5.2615845e-26,0.0,66.37413,357730.44,0.0,0.0,12.919989,0.81990826,1.0,1.0,68.009056,0.0,0.0,0.0,-2.41706e-13,-0.906527,402.07114,1.60746,66.37413,55.184006,0.0,0.9,0.0,-2.5780466e-13,0.0,75.733215,65.94858,65.9544,66.01961,66.38946
2018-01-01 05:06:00,1.0526663999999999e-23,0.0,66.37413,357730.44,0.0,0.0,12.919989,0.81977457,1.0,1.0,68.00539,0.0,0.0,0.0,-2.4162928e-13,-0.90637046,402.0711,1.60746,66.37413,55.184006,0.0,0.9,0.0,-2.5772307e-13,0.0,75.73366,65.94418,65.94918,66.01543,66.38446
2018-01-01 05:07:00,-2.1938124e-23,0.0,66.37413,357730.44,0.0,0.0,12.919989,0.8196421,1.0,1.0,68.0017,0.0,0.0,0.0,-2.4154336e-13,-0.9062321,402.07108,1.60746,66.37413,55.184006,0.0,0.9,0.0,-2.5763688e-13,0.0,75.7341,65.93979,65.94396,66.0112,66.379456
2018-01-01 05:08:00,-3.29394e-23,0.0,66.37413,357730.44,0.0,0.0,12.919989,0.81950736,1.0,1.0,67.99803,0.0,0.0,0.0,-2.4146342e-13,-0.90607995,402.07104,1.60746,66.37413,55.184006,0.0,0.9,0.0,-2.5755542e-13,0.0,75.73454,65.935394,65.93874,66.00702,66.374466
2018-01-01 05:09:00,-2.099217e-23,0.0,66.37413,357730.44,0.0,0.0,12.919989,0.81937367,1.0,1.0,67.99432,0.0,0.0,0.0,-2.413882e-13,-0.9059291,402.071,1.60746,66.37413,55.184006,0.0,0.9,0.0,-2.5747148e-13,0.0,75.734924,65.93094,65.933525,66.00279,66.36946
2018-01-01 05:10:00,-2.9001668e-25,0.0,66.37413,357730.44,0.0,0.0,12.919989,0.8192401,1.0,1.0,67.99063,0.0,0.0,0.0,-2.4131914e-13,-0.9057878,402.07098,1.60746,66.37413,55.184006,0.0,0.9,0.0,-2.573887e-13,0.0,75.73537,65.926544,65.92825,65.998566,66.36441
2018-01-01 05:11:00,-1.7798228e-23,0.0,66.37413,357730.44,0.0,0.0,12.919989,0.81910765,1.0,1.0,67.98692,0.0,0.0,0.0,-2.4123328e-13,-0.9056313,402.07095,1.60746,66.37413,55.184006,0.0,0.9,0.0,-2.5730587e-13,0.0,75.73575,65.922104,65.923035,65.99434,66.359406
2018-01-01 05:12:00,-3.5776824e-23,0.0,66.37413,357730.44,0.0,0.0,12.919989,0.8189775,1.0,1.0,67.98323,0.0,0.0,0.0,-2.4114537e-13,-0.9054892,402.07092,1.60746,66.37413,55.184006,0.0,0.9,0.0,-2.5722154e-13,0.0,75.73613,65.91771,65.917816,65.990105,66.354355
2018-01-01 05:13:00,2.1926195e-23,0.0,66.37413,357730.44,0.0,0.0,12.919989,0.8188439,1.0,1.0,67.97951,0.0,0.0,0.0,-2.4106753e-13,-0.90535605,402.0709,1.60746,66.37413,55.184006,0.0,0.9,0.0,-2.571374e-13,0.0,75.73651,65.91325,65.91254,65.98587,66.34936
2018-01-01 05:14:00,2.4026540000000003e-23,0.0,66.37413,357730.44,0.0,0.0,12.919989,0.8187102,1.0,1.0,67.97579,0.0,0.0,0.0,-2.4099337e-13,-0.9051979,402.07086,1.60746,66.37413,55.184006,0.0,0.9,0.0,-2.5705336e-13,0.0,75.73685,65.90886,65.90732,65.98164,66.3443
2018-01-01 05:15:00,-2.6814928e-23,0.0,66.37413,357730.44,0.0,0.0,12.919989,0.8185766,1.0,1.0,67.972084,0.0,0.0,0.0,-2.4091436e-13,-0.90506023,402.0708,1.60746,66.37413,55.184006,0.0,0.9,0.0,-2.569682e-13,0.0,75.73723,65.90441,65.9021,65.97742,66.33925
2018-01-01 05:16:00,7.9497805e-24,0.0,66.37413,357730.44,0.0,0.0,12.919989,0.8184407,1.0,1.0,67.96834,0.0,0.0,0.0,-2.408352e-13,-0.9049049,402.07077,1.60746,66.37413,55.184006,0.0,0.9,0.0,-2.5688785e-13,0.0,75.737564,65.89996,65.896835,65.97313,66.3342
2018-01-01 05:17:00,-5.1069833e-23,0.0,66.37413,357730.44,0.0,0.0,12.919989,0.81831163,1.0,1.0,67.964615,0.0,0.0,0.0,-2.4076224e-13,-0.9047477,402.07074,1.60746,66.37413,55.184006,0.0,0.9,0.0,-2.5680486e-13,0.0,75.737885,65.89551,65.89162,65.9689,66.32915
2018-01-01 05:18:00,-4.9460890000000006e-23,0.0,66.37413,357730.44,0.0,0.0,12.919989,0.8181803,1.0,1.0,67.96089,0.0,0.0,0.0,-2.4068524e-13,-0.9046069,402.0707,1.60746,66.37413,55.184006,0.0,0.9,0.0,-2.567211e-13,0.0,75.73822,65.89111,65.88634,65.964676,66.32409
2018-01-01 05:19:00,4.7304303e-23,0.0,66.37413,357730.44,0.0,0.0,12.919989,0.81804323,1.0,1.0,67.95715,0.0,0.0,0.0,-2.4060783e-13,-0.9044648,402.07068,1.60746,66.37413,55.184006,0.0,0.9,0.0,-2.5663578e-13,0.0,75.73855,65.88667,65.88112,65.96039,66.31903
2018-01-01 05:20:00,-1.2271784e-23,0.0,66.37413,357730.44,0.0,0.0,12.919989,0.817912,1.0,1.0,67.9534,0.0,0.0,0.0,-2.4053416e-13,-0.90431446,402.07065,1.60746,66.37413,55.184006,0.0,0.9,0.0,-2.565538e-13,0.0,75.73888,65.88222,65.87585,65.9561,66.31393
2018-01-01 05:21:00,-3.4050206e-23,0.0,66.37413,357730.44,0.0,0.0,12.919989,0.8177783,1.0,1.0,67.94964,0.0,0.0,0.0,-2.404542e-13,-0.9041721,402.07062,1.60746,66.37413,55.184006,0.0,0.9,0.0,-2.5646965e-13,0.0,75.73915,65.877716,65.870575,65.95187,66.30887
2018-01-01 05:22:00,8.621615999999999e-24,0.0,66.37413,357730.44,0.0,0.0,12.919989,0.8176447,1.0,1.0,67.94588,0.0,0.0,0.0,-2.4037228e-13,-0.90401536,402.07056,1.60746,66.37413,55.184006,0.0,0.9,0.0,-2.563869e-13,0.0,75.739426,65.87326,65.86536,65.947586,66.303764
2018-01-01 05:23:00,4.1285497e-24,0.0,66.37413,357730.44,0.0,0.0,12.919989,0.8175134,1.0,1.0,67.94212,0.0,0.0,0.0,-2.402941e-13,-0.9038771,402.07053,1.60746,66.37413,55.184006,0.0,0.9,0.0,-2.5630442e-13,0.0,75.7397,65.86882,65.86008,65.9433,66.298706
2018-01-01 05:24:00,3.4512610000000006e-23,0.0,66.37413,357730.44,0.0,0.0,12.919989,0.8173821,1.0,1.0,67.938354,0.0,0.0,0.0,-2.4021055e-13,-0.903723,402.0705,1.60746,66.37413,55.184006,0.0,0.9,0.0,-2.5622148e-13,0.0,75.739975,65.864365,65.85481,65.93902,66.2936
2018-01-01 05:25:00,1.3078570000000001e-23,0.0,66.37413,357730.44,0.0,0.0,12.919989,0.81724614,1.0,1.0,67.93459,0.0,0.0,0.0,-2.4013877e-13,-0.90358317,402.07047,1.60746,66.37413,55.184006,0.0,0.9,0.0,-2.561364e-13,0.0,75.74025,65.85986,65.849594,65.93474,66.2885
2018-01-01 05:26:00,-1.4777420000000002e-23,0.0,66.37413,357730.44,0.0,0.0,12.919989,0.81711483,1.0,1.0,67.93082,0.0,0.0,0.0,-2.4006264e-13,-0.9034424,402.07043,1.60746,66.37413,55.184006,0.0,0.9,0.0,-2.560532e-13,0.0,75.740524,65.85541,65.844315,65.93045,66.28339
2018-01-01 05:27:00,5.1452850000000004e-23,0.0,66.37413,357730.44,0.0,0.0,12.919989,0.8169835,1.0,1.0,67.92705,0.0,0.0,0.0,-2.3998208e-13,-0.9032893,402.0704,1.60746,66.37413,55.184006,0.0,0.9,0.0,-2.5597038e-13,0.0,75.740746,65.85097,65.83904,65.92616,66.278336
2018-01-01 05:28:00,1.322448e-23,0.0,66.37413,357730.44,0.0,0.0,12.919989,0.81684875,1.0,1.0,67.92327,0.0,0.0,0.0,-2.3990431e-13,-0.9031418,402.07037,1.60746,66.37413,55.184006,0.0,0.9,0.0,-2.5588814e-13,0.0,75.74102,65.84646,65.83377,65.921875,66.273224
2018-01-01 05:29:00,4.4795034e-23,0.0,66.37413,357730.44,0.0,0.0,12.919989,0.8167186,1.0,1.0,67.91947,0.0,0.0,0.0,-2.398228e-13,-0.9029942,402.07034,1.60746,66.37413,55.184006,0.0,0.9,0.0,-2.558062e-13,0.0,75.74124,65.84195,65.82849,65.91754,66.26811
2018-01-01 05:30:00,7.156982e-24,0.0,66.37413,357730.44,0.0,0.0,12.919989,0.8165838,1.0,1.0,67.91567,0.0,0.0,0.0,-2.397449e-13,-0.9028429,402.0703,1.60746,66.37413,55.184006,0.0,0.9,0.0,-2.5572312e-13,0.0,75.741455,65.83751,65.82323,65.91325,66.262955
2018-01-01 05:31:00,-2.4170995e-23,0.0,66.37413,357730.44,0.0,0.0,12.919989,0.8164514,1.0,1.0,67.91189,0.0,0.0,0.0,-2.396712e-13,-0.9027067,402.07025,1.60746,66.37413,55.184006,0.0,0.9,0.0,-2.5563704e-13,0.0,75.741684,65.833,65.81801,65.90892,66.25784
2018-01-01 05:32:00,8.08991e-24,0.0,66.37413,357730.44,0.0,0.0,12.919989,0.81631774,1.0,1.0,67.9081,0.0,0.0,0.0,-2.3959556e-13,-0.9025569,402.07022,1.60746,66.37413,55.184006,0.0,0.9,0.0,-2.555568e-13,0.0,75.741844,65.82849,65.81273,65.90463,66.25273
2018-01-01 05:33:00,2.0095220000000003e-23,0.0,66.37413,357730.44,0.0,0.0,12.919989,0.81618524,1.0,1.0,67.904274,0.0,0.0,0.0,-2.3950929e-13,-0.90241224,402.0702,1.60746,66.37413,55.184006,0.0,0.9,0.0,-2.5547235e-13,0.0,75.742065,65.82399,65.80746,65.90029,66.247574
2018-01-01 05:34:00,-4.1569142e-23,0.0,66.37413,357730.44,0.0,0.0,12.919989,0.8160539,1.0,1.0,67.90048,0.0,0.0,0.0,-2.3943982e-13,-0.9022616,402.07016,1.60746,66.37413,55.184006,0.0,0.9,0.0,-2.5538772e-13,0.0,75.74223,65.81954,65.802185,65.89601,66.24246
2018-01-01 05:35:00,-4.1394447e-23,0.0,66.37413,357730.44,0.0,0.0,12.919989,0.8159203,1.0,1.0,67.89667,0.0,0.0,0.0,-2.3936427e-13,-0.902119,402.07013,1.60746,66.37413,55.184006,0.0,0.9,0.0,-2.5530617e-13,0.0,75.74245,65.81503,65.796906,65.89166,66.2373
2018-01-01 05:36:00,4.1990762e-24,0.0,66.37413,357730.44,0.0,0.0,12.919989,0.81578904,1.0,1.0,67.89286,0.0,0.0,0.0,-2.3928074e-13,-0.9019592,402.0701,1.60746,66.37413,55.184006,0.0,0.9,0.0,-2.5522455e-13,0.0,75.742615,65.81053,65.79164,65.88733,66.23219
2018-01-01 05:37:00,1.3099440000000001e-23,0.0,66.37413,357730.44,0.0,0.0,12.919989,0.81565535,1.0,1.0,67.88904,0.0,0.0,0.0,-2.3920525e-13,-0.9018231,402.07007,1.60746,66.37413,55.184006,0.0,0.9,0.0,-2.5514028e-13,0.0,75.74278,65.80603,65.78636,65.88299,66.22702
2018-01-01 05:38:00,-3.1185988e-23,0.0,66.37413,357730.44,0.0,0.0,12.919989,0.81552637,1.0,1.0,67.88521,0.0,0.0,0.0,-2.3911588e-13,-0.9016733,402.07004,1.60746,66.37413,55.184006,0.0,0.9,0.0,-2.5505843e-13,0.0,75.74294,65.80147,65.78109,65.87865,66.22186
2018-01-01 05:39:00,6.9788625e-23,0.0,66.37413,357730.44,0.0,0.0,12.919989,0.8153916,1.0,1.0,67.88137,0.0,0.0,0.0,-2.390458e-13,-0.901524,402.07,1.60746,66.37413,55.184006,0.0,0.9,0.0,-2.549759e-13,0.0,75.7431,65.79697,65.77576,65.87431,66.21675
2018-01-01 05:40:00,-1.5835954e-23,0.0,66.37413,357730.44,0.0,0.0,12.919989,0.81525916,1.0,1.0,67.87755,0.0,0.0,0.0,-2.3897263e-13,-0.9013824,402.06998,1.60746,66.37413,55.184006,0.0,0.9,0.0,-2.5489317e-13,0.0,75.74322,65.792465,65.77049,65.869965,66.21159
2018-01-01 05:41:00,2.0287972e-23,0.0,66.37413,357730.44,0.0,0.0,12.919989,0.81512904,1.0,1.0,67.87372,0.0,0.0,0.0,-2.3888828e-13,-0.9012411,402.06995,1.60746,66.37413,55.184006,0.0,0.9,0.0,-2.5481055e-13,0.0,75.74338,65.78796,65.76521,65.86563,66.20642
2018-01-01 05:42:00,-6.938001e-23,0.0,66.37413,357730.44,0.0,0.0,12.919989,0.81499654,1.0,1.0,67.86988,0.0,0.0,0.0,-2.388076e-13,-0.9011026,402.06992,1.60746,66.37413,55.184006,0.0,0.9,0.0,-2.5472753e-13,0.0,75.74349,65.7834,65.75994,65.86129,66.20126
2018-01-01 05:43:00,-7.312843e-24,0.0,66.37413,357730.44,0.0,0.0,12.919989,0.8148618,1.0,1.0,67.866035,0.0,0.0,0.0,-2.387399e-13,-0.900945,402.0699,1.60746,66.37413,55.184006,0.0,0.9,0.0,-2.5464488e-13,0.0,75.74361,65.77889,65.75467,65.856895,66.1961
2018-01-01 05:44:00,3.0949276e-23,0.0,66.37413,357730.44,0.0,0.0,12.919989,0.81473047,1.0,1.0,67.8622,0.0,0.0,0.0,-2.3865542e-13,-0.9008025,402.06985,1.60746,66.37413,55.184006,0.0,0.9,0.0,-2.5456072e-13,0.0,75.74371,65.77438,65.74939,65.852554,66.19093
2018-01-01 05:45:00,2.8546602e-26,0.0,66.37413,357730.44,0.0,0.0,12.919989,0.8145968,1.0,1.0,67.85834,0.0,0.0,0.0,-2.385831e-13,-0.9006486,402.06982,1.60746,66.37413,55.184006,0.0,0.9,0.0,-2.544797e-13,0.0,75.74382,65.76983,65.744125,65.84822,66.185715
2018-01-01 05:46:00,1.5799715000000001e-24,0.0,66.37413,357730.44,0.0,0.0,12.919989,0.8144655,1.0,1.0,67.85448,0.0,0.0,0.0,-2.3849995e-13,-0.900513,402.0698,1.60746,66.37413,55.184006,0.0,0.9,0.0,-2.543963e-13,0.0,75.74393,65.76532,65.73879,65.84383,66.18056
2018-01-01 05:47:00,1.3404143e-23,0.0,66.37413,357730.44,0.0,0.0,12.919989,0.814333,1.0,1.0,67.85064,0.0,0.0,0.0,-2.3842888e-13,-0.9003595,402.06976,1.60746,66.37413,55.184006,0.0,0.9,0.0,-2.5431404e-13,0.0,75.74404,65.760765,65.73352,65.83948,66.175385
2018-01-01 05:48:00,5.0586075e-23,0.0,66.37413,357730.44,0.0,0.0,12.919989,0.8142018,1.0,1.0,67.84677,0.0,0.0,0.0,-2.3834938e-13,-0.90021384,402.0697,1.60746,66.37413,55.184006,0.0,0.9,0.0,-2.542302e-13,0.0,75.744156,65.75621,65.72824,65.83508,66.170166
2018-01-01 05:49:00,1.3862697e-23,0.0,66.37413,357730.44,0.0,0.0,12.919989,0.81406933,1.0,1.0,67.84291,0.0,0.0,0.0,-2.3827414e-13,-0.9000643,402.06967,1.60746,66.37413,55.184006,0.0,0.9,0.0,-2.5415051e-13,0.0,75.7442,65.7517,65.72298,65.83069,66.16501
2018-01-01 05:50:00,2.5386761999999998e-23,0.0,66.37413,357730.44,0.0,0.0,12.919989,0.81393796,1.0,1.0,67.83905,0.0,0.0,0.0,-2.381937e-13,-0.8999232,402.06964,1.60746,66.37413,55.184006,0.0,0.9,0.0,-2.5406597e-13,0.0,75.744316,65.74715,65.71764,65.826355,66.15979
2018-01-01 05:51:00,9.707231e-24,0.0,66.37413,357730.44,0.0,0.0,12.919989,0.8138055,1.0,1.0,67.83519,0.0,0.0,0.0,-2.3811628e-13,-0.89978504,402.0696,1.60746,66.37413,55.184006,0.0,0.9,0.0,-2.5398173e-13,0.0,75.74437,65.742584,65.71237,65.82196,66.154625
2018-01-01 05:52:00,1.3035401e-23,0.0,66.37413,357730.44,0.0,0.0,12.919989,0.81367075,1.0,1.0,67.83131,0.0,0.0,0.0,-2.380447e-13,-0.8996268,402.06958,1.60746,66.37413,55.184006,0.0,0.9,0.0,-2.5390096e-13,0.0,75.74443,65.73802,65.70709,65.817566,66.14941
2018-01-01 05:53:00,4.6276745e-23,0.0,66.37413,357730.44,0.0,0.0,12.919989,0.81353945,1.0,1.0,67.82741,0.0,0.0,0.0,-2.379605e-13,-0.8994677,402.06955,1.60746,66.37413,55.184006,0.0,0.9,0.0,-2.5381905e-13,0.0,75.74448,65.73346,65.70177,65.81317,66.14419
2018-01-01 05:54:00,-6.767811e-23,0.0,66.37413,357730.44,0.0,0.0,12.919989,0.81340927,1.0,1.0,67.82355,0.0,0.0,0.0,-2.3788068e-13,-0.8993474,402.06952,1.60746,66.37413,55.184006,0.0,0.9,0.0,-2.5373285e-13,0.0,75.74454,65.728905,65.696495,65.80878,66.13902
2018-01-01 05:55:00,1.2299691e-23,0.0,66.37413,357730.44,0.0,0.0,12.919989,0.8132768,1.0,1.0,67.819664,0.0,0.0,0.0,-2.3780785e-13,-0.89919335,402.06946,1.60746,66.37413,55.184006,0.0,0.9,0.0,-2.5365547e-13,0.0,75.74459,65.72435,65.69122,65.80438,66.133804
2018-01-01 05:56:00,4.2134210000000004e-23,0.0,66.37413,357730.44,0.0,0.0,12.919989,0.8131443,1.0,1.0,67.81577,0.0,0.0,0.0,-2.3772686e-13,-0.89903945,402.06943,1.60746,66.37413,55.184006,0.0,0.9,0.0,-2.5357223e-13,0.0,75.74459,65.71979,65.6859,65.79999,66.128586
2018-01-01 05:57:00,4.0851290000000005e-23,0.0,66.37413,357730.44,0.0,0.0,12.919989,0.81301075,1.0,1.0,67.81189,0.0,0.0,0.0,-2.3765712e-13,-0.8989052,402.0694,1.60746,66.37413,55.184006,0.0,0.9,0.0,-2.5348964e-13,0.0,75.744644,65.715225,65.68062,65.79559,66.12337
2018-01-01 05:58:00,1.8915194999999998e-23,0.0,66.37413,357730.44,0.0,0.0,12.919989,0.81287825,1.0,1.0,67.808,0.0,0.0,0.0,-2.3757228e-13,-0.8987525,402.06937,1.60746,66.37413,55.184006,0.0,0.9,0.0,-2.5340645e-13,0.0,75.744644,65.71066,65.67535,65.7912,66.11815
2018-01-01 05:59:00,7.4145055e-23,0.0,66.37413,357730.44,0.0,0.0,12.919989,0.81274694,1.0,1.0,67.8041,0.0,0.0,0.0,-2.374992e-13,-0.89860713,402.06934,1.60746,66.37413,55.184006,0.0,0.9,0.0,-2.5332392e-13,0.0,75.744705,65.70611,65.67001,65.78674,66.11293
2018-01-01 06:00:00,-8.416648e-24,0.0,66.37413,357730.44,0.0,0.0,12.919989,0.8126145,1.0,1.0,67.80022,0.0,0.0,0.0,-2.37426e-13,-0.89845437,402.0693,1.60746,66.37413,55.184006,0.0,0.9,0.0,-2.532418e-13,0.0,75.744705,65.70155,65.66475,65.78235,66.10771
2018-01-01 06:01:00,3.2009817e-23,0.0,66.37413,357730.44,0.0,0.0,12.919989,0.8124832,1.0,1.0,67.79631,0.0,0.0,0.0,-2.3734768e-13,-0.8983169,402.06927,1.60746,66.37413,55.184006,0.0,0.9,0.0,-2.5316186e-13,0.0,75.744705,65.69699,65.65942,65.777954,66.10249
2018-01-01 06:02:00,6.9518216e-23,0.0,66.37413,357730.44,0.0,0.0,12.919989,0.81235075,1.0,1.0,67.7924,0.0,0.0,0.0,-2.3726857e-13,-0.8981744,402.06924,1.60746,66.37413,55.184006,0.0,0.9,0.0,-2.530768e-13,0.0,75.744705,65.692375,65.654144,65.77351,66.09722
2018-01-01 06:03:00,2.8480548e-23,0.0,66.37413,357730.44,0.0,0.0,12.919989,0.8122206,1.0,1.0,67.7885,0.0,0.0,0.0,-2.3718798e-13,-0.8980187,402.0692,1.60746,66.37413,55.184006,0.0,0.9,0.0,-2.5299467e-13,0.0,75.744705,65.68782,65.64882,65.76912,66.092
2018-01-01 06:04:00,-2.0246290000000002e-23,0.0,66.37413,357730.44,0.0,0.0,12.919989,0.81208926,1.0,1.0,67.78457,0.0,0.0,0.0,-2.371139e-13,-0.8978806,402.06918,1.60746,66.37413,55.184006,0.0,0.9,0.0,-2.5291311e-13,0.0,75.744705,65.6832,65.64354,65.76466,66.08673
2018-01-01 06:05:00,5.0088707e-23,0.0,66.37413,357730.44,0.0,0.0,12.919989,0.8119533,1.0,1.0,67.78063,0.0,0.0,0.0,-2.3703955e-13,-0.89772934,402.06912,1.60746,66.37413,55.184006,0.0,0.9,0.0,-2.5283153e-13,0.0,75.744705,65.67859,65.638214,65.760216,66.08145
2018-01-01 06:06:00,-3.8046920000000006e-23,0.0,66.37413,357730.44,0.0,0.0,12.919989,0.8118232,1.0,1.0,67.77671,0.0,0.0,0.0,-2.3696212e-13,-0.89758396,402.0691,1.60746,66.37413,55.184006,0.0,0.9,0.0,-2.5274918e-13,0.0,75.744705,65.67403,65.63289,65.75577,66.07619
2018-01-01 06:07:00,3.1928318e-23,0.0,66.37413,357730.44,0.0,0.0,12.919989,0.8116931,1.0,1.0,67.772766,0.0,0.0,0.0,-2.3688085e-13,-0.89744294,402.06906,1.60746,66.37413,55.184006,0.0,0.9,0.0,-2.5266876e-13,0.0,75.744644,65.66942,65.627556,65.75131,66.07091
2018-01-01 06:08:00,8.9756745e-23,0.0,66.37413,357730.44,0.0,0.0,12.919989,0.8115617,1.0,1.0,67.76884,0.0,0.0,0.0,-2.3680133e-13,-0.89729863,402.06903,1.60746,66.37413,55.184006,0.0,0.9,0.0,-2.5258414e-13,0.0,75.744644,65.664795,65.62222,65.74687,66.065636
2018-01-01 06:09:00,-3.3788004e-23,0.0,66.37413,357730.44,0.0,0.0,12.919989,0.81142694,1.0,1.0,67.76488,0.0,0.0,0.0,-2.367286e-13,-0.8971445,402.069,1.60746,66.37413,55.184006,0.0,0.9,0.0,-2.525025e-13,0.0,75.74459,65.660126,65.6169,65.74242,66.06036
2018-01-01 06:10:00,-4.2028526999999997e-23,0.0,66.37413,357730.44,0.0,0.0,12.919989,0.8112956,1.0,1.0,67.760925,0.0,0.0,0.0,-2.3665453e-13,-0.8970061,402.06897,1.60746,66.37413,55.184006,0.0,0.9,0.0,-2.5242194e-13,0.0,75.74454,65.65552,65.61157,65.73797,66.05504
2018-01-01 06:11:00,-3.0673290000000004e-23,0.0,66.37413,357730.44,0.0,0.0,12.919989,0.8111644,1.0,1.0,67.756966,0.0,0.0,0.0,-2.3657736e-13,-0.8968496,402.06894,1.60746,66.37413,55.184006,0.0,0.9,0.0,-2.5234093e-13,0.0,75.74448,65.6509,65.60625,65.73346,66.049706
2018-01-01 06:12:00,-1.9493376e-23,0.0,66.37413,357730.44,0.0,0.0,12.919989,0.81103414,1.0,1.0,67.75299,0.0,0.0,0.0,-2.3650147e-13,-0.89671314,402.0689,1.60746,66.37413,55.184006,0.0,0.9,0.0,-2.5225625e-13,0.0,75.74443,65.64623,65.600914,65.72902,66.04437
2018-01-01 06:13:00,6.396182000000001e-23,0.0,66.37413,357730.44,0.0,0.0,12.919989,0.81090057,1.0,1.0,67.749,0.0,0.0,0.0,-2.3642628e-13,-0.89656335,402.06888,1.60746,66.37413,55.184006,0.0,0.9,0.0,-2.5217507e-13,0.0,75.74437,65.64156,65.595535,65.72451,66.03905
2018-01-01 06:14:00,6.769838e-24,0.0,66.37413,357730.44,0.0,0.0,12.919989,0.81076926,1.0,1.0,67.74504,0.0,0.0,0.0,-2.3634756e-13,-0.8964203,402.06885,1.60746,66.37413,55.184006,0.0,0.9,0.0,-2.520947e-13,0.0,75.744316,65.63695,65.5902,65.72,66.03372
2018-01-01 06:15:00,4.0146053e-23,0.0,66.37413,357730.44,0.0,0.0,12.919989,0.81063795,1.0,1.0,67.741066,0.0,0.0,0.0,-2.36268e-13,-0.8962763,402.06882,1.60746,66.37413,55.184006,0.0,0.9,0.0,-2.5201206e-13,0.0,75.74426,65.63228,65.58482,65.71556,66.0284
2018-01-01 06:16:00,1.4972758e-23,0.0,66.37413,357730.44,0.0,0.0,12.919989,0.8105044,1.0,1.0,67.737076,0.0,0.0,0.0,-2.3619046e-13,-0.8961346,402.0688,1.60746,66.37413,55.184006,0.0,0.9,0.0,-2.5192993e-13,0.0,75.7442,65.62761,65.57949,65.71105,66.02301
2018-01-01 06:17:00,-2.5071973e-23,0.0,66.37413,357730.44,0.0,0.0,12.919989,0.8103719,1.0,1.0,67.73307,0.0,0.0,0.0,-2.3612048e-13,-0.89597464,402.06876,1.60746,66.37413,55.184006,0.0,0.9,0.0,-2.518493e-13,0.0,75.744095,65.62294,65.57411,65.70654,66.017624
2018-01-01 06:18:00,-6.781879e-24,0.0,66.37413,357730.44,0.0,0.0,12.919989,0.81024057,1.0,1.0,67.72907,0.0,0.0,0.0,-2.3603537e-13,-0.89583355,402.06873,1.60746,66.37413,55.184006,0.0,0.9,0.0,-2.517678e-13,0.0,75.74404,65.61827,65.568726,65.70204,66.0123
2018-01-01 06:19:00,4.9185862e-23,0.0,66.37413,357730.44,0.0,0.0,12.919989,0.81010926,1.0,1.0,67.72504,0.0,0.0,0.0,-2.359652e-13,-0.8956859,402.0687,1.60746,66.37413,55.184006,0.0,0.9,0.0,-2.5168623e-13,0.0,75.74393,65.61355,65.56334,65.69748,66.00691
2018-01-01 06:20:00,-7.176341000000001e-23,0.0,66.37413,357730.44,0.0,0.0,12.919989,0.8099803,1.0,1.0,67.72103,0.0,0.0,0.0,-2.3588905e-13,-0.8955455,402.06866,1.60746,66.37413,55.184006,0.0,0.9,0.0,-2.516031e-13,0.0,75.74388,65.60888,65.55795,65.69298,66.00148
2018-01-01 06:21:00,4.0206265e-23,0.0,66.37413,357730.44,0.0,0.0,12.919989,0.80984783,1.0,1.0,67.71702,0.0,0.0,0.0,-2.3581183e-13,-0.8954016,402.06863,1.60746,66.37413,55.184006,0.0,0.9,0.0,-2.515212e-13,0.0,75.74377,65.60416,65.552574,65.68848,65.99609
2018-01-01 06:22:00,-1.6267427e-23,0.0,66.37413,357730.44,0.0,0.0,12.919989,0.8097188,1.0,1.0,67.71299,0.0,0.0,0.0,-2.357299e-13,-0.89526254,402.0686,1.60746,66.37413,55.184006,0.0,0.9,0.0,-2.5143917e-13,0.0,75.74365,65.59949,65.547195,65.683914,65.99071
2018-01-01 06:23:00,1.601387e-23,0.0,66.37413,357730.44,0.0,0.0,12.919989,0.80958635,1.0,1.0,67.70896,0.0,0.0,0.0,-2.3565752e-13,-0.89511055,402.06854,1.60746,66.37413,55.184006,0.0,0.9,0.0,-2.513584e-13,0.0,75.743546,65.59476,65.54181,65.67941,65.985275
2018-01-01 06:24:00,2.1677868e-23,0.0,66.37413,357730.44,0.0,0.0,12.919989,0.8094528,1.0,1.0,67.70491,0.0,0.0,0.0,-2.3558442e-13,-0.8949583,402.0685,1.60746,66.37413,55.184006,0.0,0.9,0.0,-2.5127632e-13,0.0,75.74344,65.59004,65.53642,65.67485,65.97983
2018-01-01 06:25:00,-8.5701647e-23,0.0,66.37413,357730.44,0.0,0.0,12.919989,0.8093226,1.0,1.0,67.700874,0.0,0.0,0.0,-2.355054e-13,-0.8948277,402.06848,1.60746,66.37413,55.184006,0.0,0.9,0.0,-2.511946e-13,0.0,75.74333,65.58531,65.53104,65.67029,65.974396
2018-01-01 06:26:00,-1.7800643e-23,0.0,66.37413,357730.44,0.0,0.0,12.919989,0.80919015,1.0,1.0,67.69682,0.0,0.0,0.0,-2.354293e-13,-0.89467865,402.06845,1.60746,66.37413,55.184006,0.0,0.9,0.0,-2.511126e-13,0.0,75.74322,65.58059,65.525604,65.66573,65.968956
2018-01-01 06:27:00,-4.0733640000000006e-23,0.0,66.37413,357730.44,0.0,0.0,12.919989,0.8090588,1.0,1.0,67.69277,0.0,0.0,0.0,-2.3534755e-13,-0.8945231,402.06842,1.60746,66.37413,55.184006,0.0,0.9,0.0,-2.5103067e-13,0.0,75.7431,65.57587,65.52022,65.66118,65.96352
2018-01-01 06:28:00,-3.4166465e-23,0.0,66.37413,357730.44,0.0,0.0,12.919989,0.80892986,1.0,1.0,67.6887,0.0,0.0,0.0,-2.352716e-13,-0.89438415,402.06836,1.60746,66.37413,55.184006,0.0,0.9,0.0,-2.5094992e-13,0.0,75.74294,65.57109,65.514786,65.65662,65.958084
2018-01-01 06:29:00,7.360571e-24,0.0,66.37413,357730.44,0.0,0.0,12.919989,0.80879736,1.0,1.0,67.68465,0.0,0.0,0.0,-2.35196e-13,-0.8942432,402.06833,1.60746,66.37413,55.184006,0.0,0.9,0.0,-2.5086872e-13,0.0,75.74283,65.56636,65.5094,65.652054,65.95259
2018-01-01 06:30:00,2.6383133e-23,0.0,66.37413,357730.44,0.0,0.0,12.919989,0.8086626,1.0,1.0,67.68057,0.0,0.0,0.0,-2.3512217e-13,-0.8940957,402.0683,1.60746,66.37413,55.184006,0.0,0.9,0.0,-2.5078867e-13,0.0,75.74267,65.561584,65.50396,65.64749,65.94714
2018-01-01 06:31:00,-9.992716e-24,0.0,66.37413,357730.44,0.0,0.0,12.919989,0.8085324,1.0,1.0,67.6765,0.0,0.0,0.0,-2.3504834e-13,-0.8939451,402.06827,1.60746,66.37413,55.184006,0.0,0.9,0.0,-2.5070687e-13,0.0,75.74255,65.556854,65.49852,65.64294,65.94165
2018-01-01 06:32:00,-8.916509000000001e-23,0.0,66.37413,357730.44,0.0,0.0,12.919989,0.8084011,1.0,1.0,67.67241,0.0,0.0,0.0,-2.3497388e-13,-0.8937911,402.06824,1.60746,66.37413,55.184006,0.0,0.9,0.0,-2.506268e-13,0.0,75.74239,65.55208,65.49313,65.63832,65.93616
2018-01-01 06:33:00,-1.1626414999999999e-23,0.0,66.37413,357730.44,0.0,0.0,12.919989,0.8082722,1.0,1.0,67.668335,0.0,0.0,0.0,-2.348894e-13,-0.8936549,402.0682,1.60746,66.37413,55.184006,0.0,0.9,0.0,-2.5054367e-13,0.0,75.74223,65.5473,65.4877,65.63376,65.930664
2018-01-01 06:34:00,7.394587e-24,0.0,66.37413,357730.44,0.0,0.0,12.919989,0.8081374,1.0,1.0,67.664246,0.0,0.0,0.0,-2.348142e-13,-0.8935195,402.06818,1.60746,66.37413,55.184006,0.0,0.9,0.0,-2.504624e-13,0.0,75.74212,65.54253,65.48226,65.62915,65.92517
2018-01-01 06:35:00,1.2213303e-23,0.0,66.37413,357730.44,0.0,0.0,12.919989,0.80800843,1.0,1.0,67.66014,0.0,0.0,0.0,-2.3474031e-13,-0.89337015,402.06815,1.60746,66.37413,55.184006,0.0,0.9,0.0,-2.5038015e-13,0.0,75.74196,65.53774,65.47682,65.624535,65.91968
2018-01-01 06:36:00,1.8361072e-23,0.0,66.37413,357730.44,0.0,0.0,12.919989,0.80787474,1.0,1.0,67.65605,0.0,0.0,0.0,-2.3466147e-13,-0.89323145,402.0681,1.60746,66.37413,55.184006,0.0,0.9,0.0,-2.5029878e-13,0.0,75.74179,65.53296,65.47139,65.61998,65.91414
2018-01-01 06:37:00,-6.568339399999999e-25,0.0,66.37413,357730.44,0.0,0.0,12.919989,0.80774695,1.0,1.0,67.651955,0.0,0.0,0.0,-2.3458064e-13,-0.8930666,402.06808,1.60746,66.37413,55.184006,0.0,0.9,0.0,-2.502193e-13,0.0,75.74162,65.52818,65.46594,65.61536,65.908646
2018-01-01 06:38:00,5.2897257e-23,0.0,66.37413,357730.44,0.0,0.0,12.919989,0.80761683,1.0,1.0,67.64781,0.0,0.0,0.0,-2.345097e-13,-0.89293647,402.06805,1.60746,66.37413,55.184006,0.0,0.9,0.0,-2.5013655e-13,0.0,75.74141,65.523346,65.46051,65.61075,65.90309
2018-01-01 06:39:00,-3.8332544e-23,0.0,66.37413,357730.44,0.0,0.0,12.919989,0.80748665,1.0,1.0,67.6437,0.0,0.0,0.0,-2.3443237e-13,-0.8927786,402.06802,1.60746,66.37413,55.184006,0.0,0.9,0.0,-2.5005673e-13,0.0,75.74124,65.51857,65.45502,65.60613,65.897545
2018-01-01 06:40:00,-2.190945e-24,0.0,66.37413,357730.44,0.0,0.0,12.919989,0.80735075,1.0,1.0,67.63958,0.0,0.0,0.0,-2.3436678e-13,-0.8926512,402.068,1.60746,66.37413,55.184006,0.0,0.9,0.0,-2.4997425e-13,0.0,75.74107,65.51373,65.44958,65.60152,65.892
2018-01-01 06:41:00,-1.0228577e-21,0.0,66.37413,357730.44,0.0,0.0,12.919989,0.8072229,1.0,1.0,67.63544,0.0,0.0,0.0,-2.342826e-13,-0.89250046,402.06796,1.60746,66.37413,55.184006,0.0,0.9,0.0,-2.4989285e-13,0.0,75.740906,65.5089,65.44414,65.596794,65.886444
2018-01-01 06:42:00,-5.3680306e-23,0.0,66.37413,357730.44,0.0,0.0,12.919989,0.8070904,1.0,1.0,67.63129,0.0,0.0,0.0,-2.342019e-13,-0.8923538,402.06793,1.60746,66.37413,55.184006,0.0,0.9,0.0,-2.4981178e-13,0.0,75.74069,65.50412,65.438644,65.59207,65.880905
2018-01-01 06:43:00,4.3455380000000003e-23,0.0,66.37413,357730.44,0.0,0.0,12.919989,0.8069603,1.0,1.0,67.62712,0.0,0.0,0.0,-2.3412966e-13,-0.8922014,402.06787,1.60746,66.37413,55.184006,0.0,0.9,0.0,-2.4973228e-13,0.0,75.740524,65.49929,65.43321,65.587296,65.8753
2018-01-01 06:44:00,6.458181000000001e-23,0.0,66.37413,357730.44,0.0,0.0,12.919989,0.8068255,1.0,1.0,67.62296,0.0,0.0,0.0,-2.3405724e-13,-0.8920649,402.06784,1.60746,66.37413,55.184006,0.0,0.9,0.0,-2.4965013e-13,0.0,75.74031,65.49446,65.42772,65.582565,65.86975
2018-01-01 06:45:00,-2.6312596999999998e-23,0.0,66.37413,357730.44,0.0,0.0,12.919989,0.8066954,1.0,1.0,67.6188,0.0,0.0,0.0,-2.3398628e-13,-0.8919197,402.0678,1.60746,66.37413,55.184006,0.0,0.9,0.0,-2.4956767e-13,0.0,75.74008,65.489624,65.42227,65.57784,65.86415
2018-01-01 06:46:00,-5.1112775e-23,0.0,66.37413,357730.44,0.0,0.0,12.919989,0.8065652,1.0,1.0,67.614624,0.0,0.0,0.0,-2.3390233e-13,-0.8917707,402.06778,1.60746,66.37413,55.184006,0.0,0.9,0.0,-2.4948796e-13,0.0,75.73992,65.48479,65.41678,65.57306,65.8586
2018-01-01 06:47:00,2.3306826e-25,0.0,66.37413,357730.44,0.0,0.0,12.919989,0.8064363,1.0,1.0,67.61046,0.0,0.0,0.0,-2.3382565e-13,-0.89163345,402.06775,1.60746,66.37413,55.184006,0.0,0.9,0.0,-2.4940542e-13,0.0,75.7397,65.479904,65.41135,65.568344,65.853
2018-01-01 06:48:00,-4.7808117e-23,0.0,66.37413,357730.44,0.0,0.0,12.919989,0.80630493,1.0,1.0,67.60628,0.0,0.0,0.0,-2.337527e-13,-0.89148337,402.06772,1.60746,66.37413,55.184006,0.0,0.9,0.0,-2.4932712e-13,0.0,75.73949,65.47507,65.40585,65.56356,65.8474
2018-01-01 06:49:00,-4.5969632e-23,0.0,66.37413,357730.44,0.0,0.0,12.919989,0.8061736,1.0,1.0,67.6021,0.0,0.0,0.0,-2.3367208e-13,-0.8913398,402.0677,1.60746,66.37413,55.184006,0.0,0.9,0.0,-2.4924615e-13,0.0,75.73926,65.47023,65.40036,65.55884,65.84179
2018-01-01 06:50:00,-1.6989306e-23,0.0,66.37413,357730.44,0.0,0.0,12.919989,0.8060423,1.0,1.0,67.597885,0.0,0.0,0.0,-2.3359561e-13,-0.89118385,402.06766,1.60746,66.37413,55.184006,0.0,0.9,0.0,-2.4916554e-13,0.0,75.739044,65.46535,65.39487,65.55406,65.836136
2018-01-01 06:51:00,-2.8972056e-23,0.0,66.37413,357730.44,0.0,0.0,12.919989,0.80591106,1.0,1.0,67.5937,0.0,0.0,0.0,-2.3352647e-13,-0.8910504,402.06763,1.60746,66.37413,55.184006,0.0,0.9,0.0,-2.490837e-13,0.0,75.73882,65.46045,65.38937,65.54928,65.83053
2018-01-01 06:52:00,2.9219597e-23,0.0,66.37413,357730.44,0.0,0.0,12.919989,0.8057774,1.0,1.0,67.5895,0.0,0.0,0.0,-2.3344632e-13,-0.89090854,402.0676,1.60746,66.37413,55.184006,0.0,0.9,0.0,-2.4900245e-13,0.0,75.7386,65.45562,65.38388,65.544495,65.82492
2018-01-01 06:53:00,6.815095e-23,0.0,66.37413,357730.44,0.0,0.0,12.919989,0.8056496,1.0,1.0,67.58528,0.0,0.0,0.0,-2.3337257e-13,-0.8907647,402.06757,1.60746,66.37413,55.184006,0.0,0.9,0.0,-2.489211e-13,0.0,75.73833,65.45073,65.37839,65.539665,65.81927
2018-01-01 06:54:00,2.690899e-23,0.0,66.37413,357730.44,0.0,0.0,12.919989,0.80551827,1.0,1.0,67.58107,0.0,0.0,0.0,-2.3329814e-13,-0.8906161,402.06754,1.60746,66.37413,55.184006,0.0,0.9,0.0,-2.4883898e-13,0.0,75.73811,65.44585,65.372894,65.53488,65.813614
2018-01-01 06:55:00,1.7369161e-23,0.0,66.37413,357730.44,0.0,0.0,12.919989,0.80538815,1.0,1.0,67.57687,0.0,0.0,0.0,-2.3322568e-13,-0.89046496,402.0675,1.60746,66.37413,55.184006,0.0,0.9,0.0,-2.4876032e-13,0.0,75.737885,65.44095,65.3674,65.530106,65.80801
2018-01-01 06:56:00,2.3001819999999998e-24,0.0,66.37413,357730.44,0.0,0.0,12.919989,0.8052557,1.0,1.0,67.57265,0.0,0.0,0.0,-2.33144e-13,-0.8903325,402.06747,1.60746,66.37413,55.184006,0.0,0.9,0.0,-2.4867857e-13,0.0,75.73761,65.436066,65.36191,65.52527,65.80235
2018-01-01 06:57:00,-2.3151692999999998e-23,0.0,66.37413,357730.44,0.0,0.0,12.919989,0.80512786,1.0,1.0,67.56842,0.0,0.0,0.0,-2.3306452e-13,-0.8901776,402.06744,1.60746,66.37413,55.184006,0.0,0.9,0.0,-2.485996e-13,0.0,75.7374,65.43112,65.356415,65.52049,65.79669
2018-01-01 06:58:00,-1.8758840000000002e-23,0.0,66.37413,357730.44,0.0,0.0,12.919989,0.80499655,1.0,1.0,67.564186,0.0,0.0,0.0,-2.3299594e-13,-0.8900362,402.0674,1.60746,66.37413,55.184006,0.0,0.9,0.0,-2.4851822e-13,0.0,75.73712,65.42623,65.35092,65.515656,65.79098
2018-01-01 06:59:00,5.1808195e-24,0.0,66.37413,357730.44,0.0,0.0,12.919989,0.80486405,1.0,1.0,67.55995,0.0,0.0,0.0,-2.3291446e-13,-0.88988674,402.06738,1.60746,66.37413,55.184006,0.0,0.9,0.0,-2.4843902e-13,0.0,75.7369,65.42134,65.34537,65.510826,65.785324
2018-01-01 07:00:00,2.8787983e-23,0.0,66.37413,357730.44,0.0,0.0,12.919989,0.8047328,1.0,1.0,67.55571,0.0,0.0,0.0,-2.3283835e-13,-0.88974094,402.06735,1.60746,66.37413,55.184006,0.0,0.9,0.0,-2.4835846e-13,0.0,75.736626,65.4164,65.339874,65.506,65.77966
2018-01-01 07:01:00,-2.4362776e-23,0.0,66.37413,357730.44,0.0,0.0,12.919989,0.80460495,1.0,1.0,67.55146,0.0,0.0,0.0,-2.3276498e-13,-0.8896024,402.0673,1.60746,66.37413,55.184006,0.0,0.9,0.0,-2.4827585e-13,0.0,75.73635,65.411514,65.334335,65.50116,65.77395
2018-01-01 07:02:00,-2.606911e-24,0.0,66.37413,357730.44,0.0,0.0,12.956024,0.8044725,1.0,1.0,67.54722,0.0,0.0,0.0,-2.3269152e-13,-0.88945675,402.06726,1.60746,66.37413,55.184006,0.0,0.9,0.0,-2.4819548e-13,0.0,75.73608,65.40657,65.32884,65.49632,65.768295
2018-01-01 07:03:00,-1.5976332999999998e-23,0.0,66.37413,357730.44,0.0,0.0,12.956024,0.8043435,1.0,1.0,67.54299,0.0,0.0,0.0,-2.3260937e-13,-0.8893094,402.0672,1.60746,66.37413,55.184006,0.0,0.9,0.0,-2.4811614e-13,0.0,75.7358,65.40167,65.32335,65.491486,65.762634
2018-01-01 07:04:00,8.676681000000001e-25,0.0,66.37413,357730.44,0.0,0.0,12.973988,0.8042099,1.0,1.0,67.53874,0.0,0.0,0.0,-2.325397e-13,-0.88916844,402.06717,1.60746,66.37413,55.184006,0.0,0.9,0.0,-2.4803477e-13,0.0,75.73553,65.39673,65.317856,65.48666,65.75697
2018-01-01 07:05:00,-5.598578e-23,0.0,66.37408,357730.44,0.0,0.0,12.992004,0.80408204,1.0,1.0,67.53453,0.0,0.0,0.0,-2.32466e-13,-0.88902974,402.06714,1.60746,66.37408,55.184006,0.0,0.9,0.0,-2.4795346e-13,0.0,75.73525,65.391846,65.31236,65.48187,65.75131
2018-01-01 07:06:00,-7.723416000000001e-23,0.0,66.37408,357730.44,0.0,0.0,13.010023,0.8039496,1.0,1.0,67.53031,0.0,0.0,0.0,-2.3238854e-13,-0.8888771,402.0671,1.60746,66.37408,55.184006,0.0,0.9,0.0,-2.4787393e-13,0.0,75.73498,65.386955,65.306915,65.47704,65.74566
2018-01-01 07:07:00,-3.525738e-23,0.0,66.37408,357730.44,0.0,0.0,13.027985,0.8038183,1.0,1.0,67.52608,0.0,0.0,0.0,-2.3231382e-13,-0.8887347,402.06708,1.60746,66.37408,55.184006,0.0,0.9,0.0,-2.4779283e-13,0.0,75.7347,65.382065,65.30142,65.47221,65.740005
2018-01-01 07:08:00,3.0338590000000005e-23,0.0,66.37408,357730.44,0.0,0.0,13.046003,0.80368817,1.0,1.0,67.52189,0.0,0.0,0.0,-2.3223887e-13,-0.88859224,402.06705,1.60746,66.37408,55.184006,0.0,0.9,0.0,-2.4771138e-13,0.0,75.73443,65.37718,65.29599,65.46743,65.7344
2018-01-01 07:09:00,-4.3855034e-24,0.0,66.37408,357730.44,0.0,0.0,13.06402,0.8035592,1.0,1.0,67.51768,0.0,0.0,0.0,-2.3216178e-13,-0.88844615,402.06702,1.60746,66.37408,55.184006,0.0,0.9,0.0,-2.4763278e-13,0.0,75.73415,65.372284,65.2905,65.46265,65.72879
2018-01-01 07:10:00,-8.838450000000001e-23,0.0,66.37408,357730.44,0.0,0.0,13.1,0.8034279,1.0,1.0,67.513466,0.0,0.0,0.0,-2.3208724e-13,-0.88830954,402.067,1.60746,66.37408,55.184006,0.0,0.9,0.0,-2.4755016e-13,0.0,75.733826,65.3674,65.28506,65.45782,65.72319
2018-01-01 07:11:00,1.2601566999999999e-23,0.0,66.37408,357730.44,0.0,0.0,13.1,0.8032977,1.0,1.0,67.50927,0.0,0.0,0.0,-2.320097e-13,-0.88815004,402.06696,1.60746,66.37408,55.184006,0.0,0.9,0.0,-2.4747348e-13,0.0,75.73355,65.362564,65.27962,65.45303,65.71759
2018-01-01 07:12:00,1.9764519e-23,0.0,66.37408,357730.44,0.0,0.0,13.118017,0.8031688,1.0,1.0,67.50508,0.0,0.0,0.0,-2.3193803e-13,-0.8880056,402.06693,1.60746,66.37408,55.184006,0.0,0.9,0.0,-2.4739282e-13,0.0,75.733215,65.35768,65.27423,65.44826,65.71199
2018-01-01 07:13:00,-2.9091688e-23,0.0,66.37408,357730.44,0.0,0.0,13.136036,0.80303514,1.0,1.0,67.50089,0.0,0.0,0.0,-2.318606e-13,-0.887865,402.0669,1.60746,66.37408,55.184006,0.0,0.9,0.0,-2.4731042e-13,0.0,75.73294,65.352844,65.2688,65.44348,65.70638
2018-01-01 07:14:00,3.1527990000000004e-23,0.0,66.37408,357730.44,0.0,0.0,13.153997,0.80290616,1.0,1.0,67.496704,0.0,0.0,0.0,-2.3177968e-13,-0.88772595,402.06686,1.60746,66.37408,55.184006,0.0,0.9,0.0,-2.4723005e-13,0.0,75.73262,65.34795,65.26341,65.438705,65.700836
2018-01-01 07:15:00,-5.491769000000001e-23,0.0,66.37408,357730.44,0.0,0.0,13.172016,0.80277485,1.0,1.0,67.49253,0.0,0.0,0.0,-2.3170894e-13,-0.88757366,402.06683,1.60746,66.37408,55.184006,0.0,0.9,0.0,-2.4715063e-13,0.0,75.732346,65.343124,65.25798,65.43392,65.69528
2018-01-01 07:16:00,1.0651275999999999e-23,0.0,66.37408,357730.44,0.0,0.0,13.190033,0.80264467,1.0,1.0,67.48836,0.0,0.0,0.0,-2.3162635e-13,-0.887432,402.0668,1.60746,66.37408,55.184006,0.0,0.9,0.0,-2.4707192e-13,0.0,75.73201,65.33829,65.252594,65.42914,65.68974
2018-01-01 07:17:00,-3.1742150000000003e-23,0.0,66.37408,357730.44,0.0,0.0,13.226013,0.80251455,1.0,1.0,67.48419,0.0,0.0,0.0,-2.3155368e-13,-0.8872909,402.06677,1.60746,66.37408,55.184006,0.0,0.9,0.0,-2.4699202e-13,0.0,75.73168,65.33345,65.24721,65.42442,65.68419
2018-01-01 07:18:00,3.1847961999999997e-23,0.0,66.37408,357730.44,0.0,0.0,13.226013,0.80238676,1.0,1.0,67.48002,0.0,0.0,0.0,-2.3148128e-13,-0.88714194,402.06674,1.60746,66.37408,55.184006,0.0,0.9,0.0,-2.469109e-13,0.0,75.73135,65.32861,65.24182,65.41964,65.67864
2018-01-01 07:19:00,1.3487048e-23,0.0,66.37408,357730.44,0.0,0.0,13.244032,0.80225426,1.0,1.0,67.475876,0.0,0.0,0.0,-2.314096e-13,-0.8870085,402.0667,1.60746,66.37408,55.184006,0.0,0.9,0.0,-2.4682887e-13,0.0,75.73108,65.323784,65.236496,65.41492,65.673096
2018-01-01 07:20:00,1.9939116e-23,0.0,66.37408,357730.44,0.0,0.0,13.261993,0.802123,1.0,1.0,67.47171,0.0,0.0,0.0,-2.313339e-13,-0.8868618,402.06668,1.60746,66.37408,55.184006,0.0,0.9,0.0,-2.4674943e-13,0.0,75.73074,65.318954,65.23111,65.41014,65.6676
2018-01-01 07:21:00,7.5407506e-24,0.0,66.37408,357730.44,0.0,0.0,13.280012,0.801994,1.0,1.0,67.467575,0.0,0.0,0.0,-2.3125666e-13,-0.88671386,402.06665,1.60746,66.37408,55.184006,0.0,0.9,0.0,-2.4667117e-13,0.0,75.73042,65.31417,65.225784,65.40541,65.66211
2018-01-01 07:22:00,9.893311e-24,0.0,66.37408,357730.44,0.0,0.0,13.298029,0.8018627,1.0,1.0,67.463425,0.0,0.0,0.0,-2.3118508e-13,-0.8865782,402.06662,1.60746,66.37408,55.184006,0.0,0.9,0.0,-2.4658726e-13,0.0,75.73009,65.30934,65.2204,65.40069,65.65662
2018-01-01 07:23:00,1.9445035e-23,0.0,66.37408,357730.44,0.0,0.0,13.315992,0.80173135,1.0,1.0,67.4593,0.0,0.0,0.0,-2.3111298e-13,-0.88642716,402.0666,1.60746,66.37408,55.184006,0.0,0.9,0.0,-2.4650833e-13,0.0,75.72976,65.30456,65.21507,65.395966,65.65112
2018-01-01 07:24:00,-1.0874297999999999e-23,0.0,66.37408,357730.44,0.0,0.0,13.334009,0.80160356,1.0,1.0,67.45516,0.0,0.0,0.0,-2.3103663e-13,-0.8862896,402.06656,1.60746,66.37408,55.184006,0.0,0.9,0.0,-2.4642758e-13,0.0,75.72943,65.29973,65.2098,65.391235,65.64563
2018-01-01 07:25:00,-1.3946106e-23,0.0,66.37408,357730.44,0.0,0.0,13.369989,0.80147225,1.0,1.0,67.451035,0.0,0.0,0.0,-2.3095761e-13,-0.8861457,402.06653,1.60746,66.37408,55.184006,0.0,0.9,0.0,-2.463508e-13,0.0,75.72905,65.294945,65.20447,65.38652,65.64019
2018-01-01 07:26:00,4.5522607e-23,0.0,66.37408,357730.44,0.0,0.0,13.388006,0.8013421,1.0,1.0,67.4469,0.0,0.0,0.0,-2.3088755e-13,-0.88600105,402.06647,1.60746,66.37408,55.184006,0.0,0.9,0.0,-2.4626864e-13,0.0,75.728714,65.29016,65.19914,65.38179,65.6347
2018-01-01 07:27:00,-2.0213182000000002e-22,0.0,66.37408,357730.44,0.0,0.0,13.388006,0.801212,1.0,1.0,67.44304,0.0,0.0,0.0,-2.308124e-13,-0.8858515,402.06644,1.60746,66.37408,55.184006,0.0,0.9,0.0,-2.46188e-13,0.0,75.728386,65.285446,65.193985,65.37767,65.6297
2018-01-01 07:28:00,2.3115316e-22,0.0,66.37408,357730.44,0.0,0.0,13.406025,0.801083,1.0,1.0,67.43925,0.0,0.0,0.0,-2.307317e-13,-0.88571274,402.0664,1.60746,66.37408,55.184006,0.0,0.9,0.0,-2.4610655e-13,0.0,75.72806,65.28078,65.18887,65.37372,65.62481
2018-01-01 07:29:00,7.28859e-22,0.0,66.37408,357730.44,0.0,0.0,13.423986,0.80095166,1.0,1.0,67.43546,0.0,0.0,0.0,-2.3065618e-13,-0.8855677,402.06638,1.60746,66.37408,55.184006,0.0,0.9,0.0,-2.460292e-13,0.0,75.72768,65.27611,65.18376,65.36977,65.61998
2018-01-01 07:30:00,5.192868e-22,0.0,66.37408,357730.44,0.0,0.0,13.442005,0.8008204,1.0,1.0,67.43171,0.0,0.0,0.0,-2.3058573e-13,-0.8854195,402.06635,1.60746,66.37408,55.184006,0.0,0.9,0.0,-2.4594937e-13,0.0,75.72734,65.271484,65.17865,65.36586,65.6152
2018-01-01 07:31:00,-9.39791e-23,0.0,66.37408,357730.44,0.0,0.0,13.460022,0.80069023,1.0,1.0,67.42797,0.0,0.0,0.0,-2.3051236e-13,-0.88527834,402.0663,1.60746,66.37408,55.184006,0.0,0.9,0.0,-2.4586957e-13,0.0,75.72701,65.266815,65.1736,65.362015,65.61041
2018-01-01 07:32:00,6.503128e-22,0.0,66.37408,357730.44,0.0,0.0,13.477985,0.8005636,1.0,1.0,67.42434,0.0,0.0,0.0,-2.3043408e-13,-0.88512963,402.06628,1.60746,66.37408,55.184006,0.0,0.9,0.0,-2.4579045e-13,0.0,75.72662,65.26221,65.16855,65.35839,65.60591
2018-01-01 07:33:00,5.255862e-22,0.0,66.37408,357730.44,0.0,0.0,13.496002,0.80043113,1.0,1.0,67.42079,0.0,0.0,0.0,-2.303586e-13,-0.88498837,402.06625,1.60746,66.37408,55.184006,0.0,0.9,0.0,-2.4571008e-13,0.0,75.7263,65.25759,65.1635,65.35504,65.60152
2018-01-01 07:34:00,1.622153e-22,0.0,66.37408,357730.44,0.0,0.0,13.532038,0.80030215,1.0,1.0,67.41734,0.0,0.0,0.0,-2.302882e-13,-0.8848471,402.0662,1.60746,66.37408,55.184006,0.0,0.9,0.0,-2.456294e-13,0.0,75.72597,65.25304,65.15849,65.35185,65.59734
2018-01-01 07:35:00,-8.161860400000001e-22,0.0,66.37408,357730.44,0.0,0.0,13.532038,0.80017203,1.0,1.0,67.41398,0.0,0.0,0.0,-2.3021288e-13,-0.88470227,402.06616,1.60746,66.37408,55.184006,0.0,0.9,0.0,-2.4554962e-13,0.0,75.72564,65.248474,65.15355,65.34889,65.59334
2018-01-01 07:36:00,-6.5825164e-22,0.0,66.37408,357730.44,0.0,0.0,13.550001,0.8000407,1.0,1.0,67.41068,0.0,0.0,0.0,-2.3013823e-13,-0.8845577,402.06613,1.60746,66.37408,55.184006,0.0,0.9,0.0,-2.4547224e-13,0.0,75.725365,65.24391,65.148605,65.346085,65.58943
2018-01-01 07:37:00,-2.0439319000000002e-22,0.0,66.37408,357730.44,0.0,0.0,13.568018,0.79991287,1.0,1.0,67.407486,0.0,0.0,0.0,-2.3006014e-13,-0.8844201,402.0661,1.60746,66.37408,55.184006,0.0,0.9,0.0,-2.4539016e-13,0.0,75.72504,65.23935,65.14366,65.34356,65.58581
2018-01-01 07:38:00,-4.2912736e-22,0.0,66.37408,357730.44,0.0,0.0,13.586035,0.79978275,1.0,1.0,67.404465,0.0,0.0,0.0,-2.2999338e-13,-0.8842764,402.06607,1.60746,66.37408,55.184006,0.0,0.9,0.0,-2.4531134e-13,0.0,75.72476,65.23485,65.13878,65.341415,65.58251
2018-01-01 07:39:00,2.3455036e-22,0.0,66.37408,357730.44,0.0,0.0,13.603998,0.79965264,1.0,1.0,67.40158,0.0,0.0,0.0,-2.2991212e-13,-0.8841282,402.06604,1.60746,66.37408,55.184006,0.0,0.9,0.0,-2.4523168e-13,0.0,75.72449,65.2304,65.13394,65.339554,65.57949
2018-01-01 07:40:00,-2.1930172e-22,0.0,66.37408,357730.44,0.0,0.0,13.622015,0.79952365,1.0,1.0,67.39876,0.0,0.0,0.0,-2.298329e-13,-0.88399035,402.066,1.60746,66.37408,55.184006,0.0,0.9,0.0,-2.451519e-13,0.0,75.72421,65.22589,65.129105,65.337906,65.57669
2018-01-01 07:41:00,-5.223498e-22,0.0,66.37408,357730.44,0.0,0.0,13.640034,0.79939,1.0,1.0,67.396095,0.0,0.0,0.0,-2.2976244e-13,-0.88384014,402.06598,1.60746,66.37408,55.184006,0.0,0.9,0.0,-2.4507151e-13,0.0,75.72399,65.22145,65.12433,65.33658,65.57411
2018-01-01 07:42:00,-1.1341845000000002e-22,0.0,66.37408,357730.44,0.0,0.0,13.676014,0.79926103,1.0,1.0,67.393524,0.0,0.0,0.0,-2.2968454e-13,-0.8836968,402.06595,1.60746,66.37408,55.184006,0.0,0.9,0.0,-2.449928e-13,0.0,75.72377,65.21706,65.11955,65.335434,65.5718
2018-01-01 07:43:00,-7.408797300000001e-22,0.0,66.37408,357730.44,0.0,0.0,13.676014,0.79913324,1.0,1.0,67.391075,0.0,0.0,0.0,-2.2961543e-13,-0.8835462,402.06592,1.60746,66.37408,55.184006,0.0,0.9,0.0,-2.449135e-13,0.0,75.72356,65.21266,65.11482,65.33461,65.56972
2018-01-01 07:44:00,-3.5606086000000003e-22,0.0,66.37408,357730.44,0.0,0.0,13.694031,0.7990054,1.0,1.0,67.38874,0.0,0.0,0.0,-2.295373e-13,-0.8834013,402.0659,1.60746,66.37408,55.184006,0.0,0.9,0.0,-2.4483516e-13,0.0,75.72339,65.20827,65.11015,65.334,65.5679
2018-01-01 07:45:00,-3.5197012000000003e-22,0.0,66.37408,357730.44,0.0,0.0,13.711994,0.7988741,1.0,1.0,67.38651,0.0,0.0,0.0,-2.294653e-13,-0.8832641,402.06586,1.60746,66.37408,55.184006,0.0,0.9,0.0,-2.4475425e-13,0.0,75.72322,65.20387,65.105484,65.33362,65.56636
2018-01-01 07:46:00,-2.5032485000000004e-22,0.0,66.37408,357730.44,0.0,0.0,13.730011,0.79874045,1.0,1.0,67.384415,0.0,0.0,0.0,-2.2939924e-13,-0.8831218,402.06583,1.60746,66.37408,55.184006,0.0,0.9,0.0,-2.44676e-13,0.0,75.723114,65.199524,65.100815,65.33356,65.56505
2018-01-01 07:47:00,4.0078675e-23,0.0,66.37402,357730.44,0.0,0.0,13.74803,0.7986138,1.0,1.0,67.38246,0.0,0.0,0.0,-2.2931613e-13,-0.88297933,402.0658,1.60746,66.37402,55.184006,0.0,0.9,0.0,-2.445963e-13,0.0,75.72305,65.195244,65.09625,65.333725,65.56406
2018-01-01 07:48:00,1.6046568000000002e-22,0.0,66.37402,357730.44,0.0,0.0,13.765991,0.79848486,1.0,1.0,67.380615,0.0,0.0,0.0,-2.292448e-13,-0.8828365,402.06577,1.60746,66.37402,55.184006,0.0,0.9,0.0,-2.445159e-13,0.0,75.72301,65.19096,65.091644,65.33417,65.563286
2018-01-01 07:49:00,-6.203031e-22,0.0,66.37402,357730.44,0.0,0.0,13.802027,0.7983547,1.0,1.0,67.37892,0.0,0.0,0.0,-2.2916779e-13,-0.8826798,402.06573,1.60746,66.37402,55.184006,0.0,0.9,0.0,-2.4444013e-13,0.0,75.72301,65.186676,65.08714,65.334885,65.56285
2018-01-01 07:50:00,-3.78535e-22,0.0,66.37402,357730.44,0.0,0.0,13.81999,0.79822344,1.0,1.0,67.377335,0.0,0.0,0.0,-2.290908e-13,-0.88254726,402.0657,1.60746,66.37402,55.184006,0.0,0.9,0.0,-2.4435795e-13,0.0,75.72301,65.18245,65.082634,65.33587,65.56268
2018-01-01 07:51:00,-3.1839842000000005e-22,0.0,66.37402,357730.44,0.0,0.0,13.81999,0.7980944,1.0,1.0,67.37587,0.0,0.0,0.0,-2.2902055e-13,-0.88240457,402.06564,1.60746,66.37402,55.184006,0.0,0.9,0.0,-2.4427744e-13,0.0,75.72305,65.178215,65.078125,65.33713,65.56279
2018-01-01 07:52:00,-9.1311306e-23,0.0,66.37402,357730.44,0.0,0.0,13.838007,0.7979654,1.0,1.0,67.37455,0.0,0.0,0.0,-2.2894544e-13,-0.88226897,402.0656,1.60746,66.37402,55.184006,0.0,0.9,0.0,-2.4419935e-13,0.0,75.72317,65.17398,65.07373,65.338615,65.56323
2018-01-01 07:53:00,-9.798276e-22,0.0,66.37402,357730.44,0.0,0.0,13.856024,0.7978341,1.0,1.0,67.37337,0.0,0.0,0.0,-2.2886781e-13,-0.8821187,402.06558,1.60746,66.37402,55.184006,0.0,0.9,0.0,-2.441189e-13,0.0,75.72328,65.169815,65.069336,65.34042,65.563995
2018-01-01 07:54:00,-5.788923e-22,0.0,66.37402,357730.44,0.0,0.0,13.873987,0.7977051,1.0,1.0,67.37234,0.0,0.0,0.0,-2.2879086e-13,-0.8819793,402.06555,1.60746,66.37402,55.184006,0.0,0.9,0.0,-2.4404174e-13,0.0,75.723495,65.165695,65.06494,65.342514,65.56505
2018-01-01 07:55:00,-5.04045e-22,0.0,66.37402,357730.44,0.0,0.0,13.892004,0.7975762,1.0,1.0,67.371445,0.0,0.0,0.0,-2.2872253e-13,-0.8818329,402.06552,1.60746,66.37402,55.184006,0.0,0.9,0.0,-2.4396067e-13,0.0,75.72372,65.161575,65.06061,65.34488,65.56647
2018-01-01 07:56:00,2.4575264000000004e-22,0.0,66.37402,357730.44,0.0,0.0,13.910023,0.7974449,1.0,1.0,67.37067,0.0,0.0,0.0,-2.2864775e-13,-0.8816974,402.0655,1.60746,66.37402,55.184006,0.0,0.9,0.0,-2.438823e-13,0.0,75.72394,65.157455,65.05632,65.34746,65.56818
2018-01-01 07:57:00,-2.84651e-22,0.0,66.37402,357730.44,0.0,0.0,13.946003,0.7973182,1.0,1.0,67.37007,0.0,0.0,0.0,-2.285671e-13,-0.8815467,402.06546,1.60746,66.37402,55.184006,0.0,0.9,0.0,-2.4380186e-13,0.0,75.724266,65.15338,65.05209,65.35037,65.570206
2018-01-01 07:58:00,4.9524328e-23,0.0,66.37402,357730.44,0.0,0.0,13.96402,0.79718924,1.0,1.0,67.36958,0.0,0.0,0.0,-2.2850095e-13,-0.8813994,402.06543,1.60746,66.37402,55.184006,0.0,0.9,0.0,-2.4372282e-13,0.0,75.724594,65.14932,65.04787,65.35356,65.57257
2018-01-01 07:59:00,-5.1261656e-22,0.0,66.37402,357730.44,0.0,0.0,13.96402,0.7970602,1.0,1.0,67.369286,0.0,0.0,0.0,-2.2842023e-13,-0.881262,402.0654,1.60746,66.37402,55.184006,0.0,0.9,0.0,-2.4364525e-13,0.0,75.72504,65.14531,65.043686,65.35707,65.57532
2018-01-01 08:00:00,-7.416111400000001e-22,0.0,66.37402,357730.44,0.0,0.0,13.9820385,0.79692894,1.0,1.0,67.36909,0.0,0.0,0.0,-2.2835154e-13,-0.8811171,402.06537,1.60746,66.37402,55.184006,0.0,0.9,0.0,-2.4356455e-13,0.0,75.72548,65.14136,65.03951,65.36075,65.57834
2018-01-01 08:01:00,-1.2150405e-22,0.0,66.37402,357730.44,0.0,0.0,14.0,0.79679996,1.0,1.0,67.36901,0.0,0.0,0.0,-2.2828064e-13,-0.8809796,402.06534,1.60746,66.37402,55.184006,0.0,0.9,0.0,-2.4348484e-13,0.0,75.725914,65.137344,65.03539,65.36471,65.58169
2018-01-01 08:02:00,7.3102546000000005e-22,0.0,66.37402,357730.44,0.0,0.0,14.033014,0.79666984,1.0,1.0,67.369095,0.0,0.0,0.0,-2.2820683e-13,-0.8808363,402.0653,1.60746,66.37402,55.184006,0.0,0.9,0.0,-2.4340594e-13,0.0,75.72646,65.133446,65.03133,65.36888,65.58531
2018-01-01 08:03:00,-4.5353055e-23,0.0,66.37402,357730.44,0.0,0.0,14.066029,0.796542,1.0,1.0,67.36928,0.0,0.0,0.0,-2.281248e-13,-0.8806941,402.06528,1.60746,66.37402,55.184006,0.0,0.9,0.0,-2.4332774e-13,0.0,75.727066,65.129486,65.02727,65.37334,65.589264
2018-01-01 08:04:00,5.4895076e-22,0.0,66.37402,357730.44,0.0,0.0,14.098988,0.796413,1.0,1.0,67.36959,0.0,0.0,0.0,-2.2805195e-13,-0.8805453,402.06525,1.60746,66.37402,55.184006,0.0,0.9,0.0,-2.4324878e-13,0.0,75.72768,65.125595,65.023254,65.377945,65.5935
2018-01-01 08:05:00,-3.0436326000000004e-22,0.0,66.37402,357730.44,0.0,0.0,14.132002,0.79627943,1.0,1.0,67.37006,0.0,0.0,0.0,-2.2798148e-13,-0.8804066,402.06522,1.60746,66.37402,55.184006,0.0,0.9,0.0,-2.4316988e-13,0.0,75.728386,65.12175,65.0193,65.382835,65.59805
2018-01-01 08:06:00,-3.1614332000000005e-22,0.0,66.37402,357730.44,0.0,0.0,14.198029,0.7961516,1.0,1.0,67.37063,0.0,0.0,0.0,-2.2791063e-13,-0.88025796,402.0652,1.60746,66.37402,55.184006,0.0,0.9,0.0,-2.4309184e-13,0.0,75.729095,65.11784,65.01534,65.38794,65.60295
2018-01-01 08:07:00,-2.7645610000000002e-22,0.0,66.37402,357730.44,0.0,0.0,14.198029,0.7960249,1.0,1.0,67.37142,0.0,0.0,0.0,-2.2783514e-13,-0.88011646,402.06516,1.60746,66.37402,55.184006,0.0,0.9,0.0,-2.4301226e-13,0.0,75.72987,65.11406,65.0115,65.39339,65.60828
2018-01-01 08:08:00,4.345314e-22,0.0,66.37402,357730.44,0.0,0.0,14.230988,0.7958924,1.0,1.0,67.37234,0.0,0.0,0.0,-2.2776022e-13,-0.879978,402.0651,1.60746,66.37402,55.184006,0.0,0.9,0.0,-2.4293116e-13,0.0,75.7307,65.11032,65.00765,65.39909,65.61394
2018-01-01 08:09:00,-1.4365201000000002e-22,0.0,66.37402,357730.44,0.0,0.0,14.264002,0.79576695,1.0,1.0,67.373375,0.0,0.0,0.0,-2.2768e-13,-0.8798328,402.06506,1.60746,66.37402,55.184006,0.0,0.9,0.0,-2.4285394e-13,0.0,75.73157,65.10653,65.00386,65.40497,65.61992
2018-01-01 08:10:00,6.6769273e-22,0.0,66.37396,357730.44,0.0,0.0,14.297016,0.79563797,1.0,1.0,67.37457,0.0,0.0,0.0,-2.2761117e-13,-0.87968785,402.06503,1.60746,66.37396,55.184006,0.0,0.9,0.0,-2.427752e-13,0.0,75.732506,65.102844,65.00012,65.41118,65.626236
2018-01-01 08:11:00,2.404181e-22,0.0,66.37396,357730.44,0.0,0.0,14.33003,0.7955055,1.0,1.0,67.37589,0.0,0.0,0.0,-2.2753365e-13,-0.87955064,402.065,1.60746,66.37396,55.184006,0.0,0.9,0.0,-2.426966e-13,0.0,75.73349,65.09911,64.99639,65.41756,65.63289
2018-01-01 08:12:00,3.5630303000000004e-22,0.0,66.37396,357730.44,0.0,0.0,14.362989,0.79537773,1.0,1.0,67.377365,0.0,0.0,0.0,-2.2745827e-13,-0.8794072,402.06497,1.60746,66.37396,55.184006,0.0,0.9,0.0,-2.4261653e-13,0.0,75.73448,65.09549,64.99277,65.42415,65.639915
2018-01-01 08:13:00,4.765313e-22,0.0,66.37396,357730.44,0.0,0.0,14.429016,0.79524755,1.0,1.0,67.37895,0.0,0.0,0.0,-2.2738829e-13,-0.8792543,402.06494,1.60746,66.37396,55.184006,0.0,0.9,0.0,-2.4254023e-13,0.0,75.73558,65.09181,64.989136,65.431015,65.64722
2018-01-01 08:14:00,3.3026072e-22,0.0,66.37396,357730.44,0.0,0.0,14.46203,0.7951209,1.0,1.0,67.38068,0.0,0.0,0.0,-2.2730682e-13,-0.8791153,402.0649,1.60746,66.37396,55.184006,0.0,0.9,0.0,-2.4245994e-13,0.0,75.73668,65.08824,64.98552,65.43804,65.65491
2018-01-01 08:15:00,-1.00481404e-22,0.0,66.37396,357730.44,0.0,0.0,14.46203,0.79498965,1.0,1.0,67.38254,0.0,0.0,0.0,-2.2723698e-13,-0.8789808,402.06488,1.60746,66.37396,55.184006,0.0,0.9,0.0,-2.4238117e-13,0.0,75.73784,65.08461,64.98195,65.44534,65.66293
2018-01-01 08:16:00,1.5730962000000002e-22,0.0,66.37396,357730.44,0.0,0.0,14.494989,0.7948606,1.0,1.0,67.38456,0.0,0.0,0.0,-2.271711e-13,-0.8788374,402.06485,1.60746,66.37396,55.184006,0.0,0.9,0.0,-2.4230292e-13,0.0,75.7391,65.08104,64.978424,65.45287,65.67134
2018-01-01 08:17:00,3.700019e-22,0.0,66.37396,357730.44,0.0,0.0,14.528004,0.7947316,1.0,1.0,67.38672,0.0,0.0,0.0,-2.270952e-13,-0.8786879,402.06482,1.60746,66.37396,55.184006,0.0,0.9,0.0,-2.4222537e-13,0.0,75.74036,65.07753,64.97497,65.46062,65.68013
2018-01-01 08:18:00,-1.2347163000000002e-22,0.0,66.37396,357730.44,0.0,0.0,14.561018,0.7946038,1.0,1.0,67.38901,0.0,0.0,0.0,-2.2701155e-13,-0.87854207,402.06476,1.60746,66.37396,55.184006,0.0,0.9,0.0,-2.4214712e-13,0.0,75.741684,65.074005,64.97151,65.46858,65.68924
2018-01-01 08:19:00,-1.2475147e-22,0.0,66.37396,357730.44,0.0,0.0,14.59403,0.7944725,1.0,1.0,67.39146,0.0,0.0,0.0,-2.2694506e-13,-0.87840265,402.06473,1.60746,66.37396,55.184006,0.0,0.9,0.0,-2.4206722e-13,0.0,75.74306,65.07055,64.9681,65.47677,65.69881
2018-01-01 08:20:00,1.640516e-23,0.0,66.37396,357730.44,0.0,0.0,14.626989,0.794347,1.0,1.0,67.39402,0.0,0.0,0.0,-2.2686974e-13,-0.87825954,402.0647,1.60746,66.37396,55.184006,0.0,0.9,0.0,-2.4198818e-13,0.0,75.74443,65.06709,64.96475,65.48512,65.708694
2018-01-01 08:21:00,-5.814836400000001e-22,0.0,66.37396,357730.44,0.0,0.0,14.660004,0.79421455,1.0,1.0,67.39674,0.0,0.0,0.0,-2.2680184e-13,-0.87811655,402.06467,1.60746,66.37396,55.184006,0.0,0.9,0.0,-2.4190922e-13,0.0,75.74591,65.06368,64.961395,65.493744,65.71896
2018-01-01 08:22:00,4.788765e-22,0.0,66.37396,357730.44,0.0,0.0,14.726032,0.79408556,1.0,1.0,67.3996,0.0,0.0,0.0,-2.2672283e-13,-0.8779739,402.06464,1.60746,66.37396,55.184006,0.0,0.9,0.0,-2.4183176e-13,0.0,75.74739,65.06027,64.95816,65.50259,65.72957
2018-01-01 08:23:00,1.0977757000000001e-21,0.0,66.37396,357730.44,0.0,0.0,14.726032,0.79395664,1.0,1.0,67.40258,0.0,0.0,0.0,-2.266473e-13,-0.87783474,402.0646,1.60746,66.37396,55.184006,0.0,0.9,0.0,-2.4175171e-13,0.0,75.748985,65.05687,64.954865,65.5116,65.7406
2018-01-01 08:24:00,-3.4381305000000004e-22,0.0,66.37396,357730.44,0.0,0.0,14.758991,0.79383,1.0,1.0,67.40575,0.0,0.0,0.0,-2.2657703e-13,-0.8776816,402.06458,1.60746,66.37396,55.184006,0.0,0.9,0.0,-2.416749e-13,0.0,75.75058,65.05357,64.951675,65.520874,65.75203
2018-01-01 08:25:00,3.0141325e-22,0.0,66.37396,357730.44,0.0,0.0,14.792006,0.7936986,1.0,1.0,67.40902,0.0,0.0,0.0,-2.265015e-13,-0.87754446,402.06454,1.60746,66.37396,55.184006,0.0,0.9,0.0,-2.4159662e-13,0.0,75.75223,65.050224,64.94849,65.53038,65.76379
2018-01-01 08:26:00,-5.677621500000001e-22,0.0,66.37396,357730.44,0.0,0.0,14.825018,0.79357195,1.0,1.0,67.41246,0.0,0.0,0.0,-2.264289e-13,-0.8773981,402.0645,1.60746,66.37396,55.184006,0.0,0.9,0.0,-2.415177e-13,0.0,75.75393,65.04693,64.94536,65.5401,65.775986
2018-01-01 08:27:00,-9.450118e-22,0.0,66.37396,357730.44,0.0,0.0,14.858032,0.79344296,1.0,1.0,67.41603,0.0,0.0,0.0,-2.2635303e-13,-0.87725884,402.06448,1.60746,66.37396,55.184006,0.0,0.9,0.0,-2.4143773e-13,0.0,75.75563,65.043686,64.94228,65.55005,65.788506
2018-01-01 08:28:00,-6.142774e-22,0.0,66.37396,357730.44,0.0,0.0,14.890991,0.7933094,1.0,1.0,67.41976,0.0,0.0,0.0,-2.2628756e-13,-0.87710935,402.06445,1.60746,66.37396,55.184006,0.0,0.9,0.0,-2.4136094e-13,0.0,75.757385,65.0405,64.93926,65.56021,65.80147
2018-01-01 08:29:00,2.1683282e-22,0.0,66.37396,357730.44,0.0,0.0,14.9240055,0.79318154,1.0,1.0,67.42362,0.0,0.0,0.0,-2.262134e-13,-0.87697965,402.06442,1.60746,66.37396,55.184006,0.0,0.9,0.0,-2.4128356e-13,0.0,75.7592,65.03726,64.93624,65.57059,65.81482
2018-01-01 08:30:00,7.541761000000001e-22,0.0,66.37396,357730.44,0.0,0.0,14.990034,0.7930549,1.0,1.0,67.42764,0.0,0.0,0.0,-2.2614004e-13,-0.87683934,402.0644,1.60746,66.37396,55.184006,0.0,0.9,0.0,-2.4120322e-13,0.0,75.76107,65.034134,64.93327,65.58119,65.82855
2018-01-01 08:31:00,2.6146488e-22,0.0,66.37396,357730.44,0.0,0.0,14.990034,0.7929282,1.0,1.0,67.43178,0.0,0.0,0.0,-2.260584e-13,-0.8766926,402.06436,1.60746,66.37396,55.184006,0.0,0.9,0.0,-2.4112608e-13,0.0,75.76294,65.031,64.93031,65.59201,65.84261
2018-01-01 08:32:00,5.5042736e-22,0.0,66.37396,357730.44,0.0,0.0,15.022993,0.79279697,1.0,1.0,67.43605,0.0,0.0,0.0,-2.25991e-13,-0.8765561,402.06433,1.60746,66.37396,55.184006,0.0,0.9,0.0,-2.4104614e-13,0.0,75.76486,65.02786,64.92745,65.603,65.857056
2018-01-01 08:33:00,-1.2983003000000002e-22,0.0,66.37392,357730.44,0.0,0.0,15.0560055,0.7926691,1.0,1.0,67.44043,0.0,0.0,0.0,-2.2591018e-13,-0.87640995,402.0643,1.60746,66.37392,55.184006,0.0,0.9,0.0,-2.4096952e-13,0.0,75.76684,65.024796,64.92459,65.6141,65.87184
2018-01-01 08:34:00,-1.4817848e-22,0.0,66.37392,357730.44,0.0,0.0,15.08902,0.7925413,1.0,1.0,67.44489,0.0,0.0,0.0,-2.2584056e-13,-0.87626344,402.06427,1.60746,66.37392,55.184006,0.0,0.9,0.0,-2.4088972e-13,0.0,75.768814,65.02171,64.92174,65.62536,65.88683
2018-01-01 08:35:00,-2.795141e-22,0.0,66.37392,357730.44,0.0,0.0,15.122034,0.7924112,1.0,1.0,67.449486,0.0,0.0,0.0,-2.2576529e-13,-0.8761242,402.06424,1.60746,66.37392,55.184006,0.0,0.9,0.0,-2.4081225e-13,0.0,75.77084,65.01869,64.91894,65.636734,65.902214
2018-01-01 08:36:00,-6.669702600000001e-22,0.0,66.37392,357730.44,0.0,0.0,15.154993,0.79228216,1.0,1.0,67.45418,0.0,0.0,0.0,-2.2569673e-13,-0.8759889,402.0642,1.60746,66.37392,55.184006,0.0,0.9,0.0,-2.4073335e-13,0.0,75.77288,65.01573,64.91619,65.64827,65.917816
2018-01-01 08:37:00,-6.072748e-22,0.0,66.37392,357730.44,0.0,0.0,15.188007,0.79215205,1.0,1.0,67.45897,0.0,0.0,0.0,-2.256262e-13,-0.87583697,402.06418,1.60746,66.37392,55.184006,0.0,0.9,0.0,-2.4065602e-13,0.0,75.77496,65.01276,64.9135,65.65985,65.93375
2018-01-01 08:38:00,-9.935999999999999e-22,0.0,66.37392,357730.44,0.0,0.0,15.254034,0.7920242,1.0,1.0,67.46385,0.0,0.0,0.0,-2.255537e-13,-0.87568825,402.06415,1.60746,66.37392,55.184006,0.0,0.9,0.0,-2.4058034e-13,0.0,75.777115,65.009796,64.91081,65.671616,65.94995
2018-01-01 08:39:00,-2.6726923000000003e-22,0.0,66.37392,357730.44,0.0,0.0,15.254034,0.7918964,1.0,1.0,67.46883,0.0,0.0,0.0,-2.2547453e-13,-0.8755568,402.06412,1.60746,66.37392,55.184006,0.0,0.9,0.0,-2.4049933e-13,0.0,75.7792,65.00688,64.90817,65.683426,65.96643
2018-01-01 08:40:00,2.6934243e-22,0.0,66.37392,357730.44,0.0,0.0,15.286993,0.7917686,1.0,1.0,67.47391,0.0,0.0,0.0,-2.2540329e-13,-0.8754128,402.0641,1.60746,66.37392,55.184006,0.0,0.9,0.0,-2.404237e-13,0.0,75.781395,65.00397,64.90553,65.6954,65.98324
2018-01-01 08:41:00,-1.1210472e-22,0.0,66.37392,357730.44,0.0,0.0,15.320007,0.7916361,1.0,1.0,67.47906,0.0,0.0,0.0,-2.2533781e-13,-0.875265,402.06406,1.60746,66.37392,55.184006,0.0,0.9,0.0,-2.4034502e-13,0.0,75.78354,65.001114,64.902954,65.70743,66.00027
2018-01-01 08:42:00,1.2395087e-22,0.0,66.37392,357730.44,0.0,0.0,15.353022,0.7915118,1.0,1.0,67.4843,0.0,0.0,0.0,-2.2525604e-13,-0.87512386,402.064,1.60746,66.37392,55.184006,0.0,0.9,0.0,-2.4026647e-13,0.0,75.785736,64.99826,64.900375,65.71957,66.01757
2018-01-01 08:43:00,-8.537937e-22,0.0,66.37392,357730.44,0.0,0.0,15.386036,0.79138285,1.0,1.0,67.48966,0.0,0.0,0.0,-2.2518848e-13,-0.8749895,402.06396,1.60746,66.37392,55.184006,0.0,0.9,0.0,-2.401872e-13,0.0,75.78799,64.99545,64.89784,65.73181,66.0352
2018-01-01 08:44:00,-8.870692e-22,0.0,66.37392,357730.44,0.0,0.0,15.418995,0.791255,1.0,1.0,67.49508,0.0,0.0,0.0,-2.2511527e-13,-0.87483525,402.06393,1.60746,66.37392,55.184006,0.0,0.9,0.0,-2.4011007e-13,0.0,75.790184,64.99266,64.89537,65.744125,66.053055
2018-01-01 08:45:00,-5.281686000000001e-22,0.0,66.37392,357730.44,0.0,0.0,15.452009,0.7911249,1.0,1.0,67.500595,0.0,0.0,0.0,-2.2503169e-13,-0.87469923,402.0639,1.60746,66.37392,55.184006,0.0,0.9,0.0,-2.4003198e-13,0.0,75.792435,64.989914,64.89296,65.756485,66.07118
2018-01-01 08:46:00,4.2851850000000003e-23,0.0,66.37392,357730.44,0.0,0.0,15.518036,0.7909947,1.0,1.0,67.50618,0.0,0.0,0.0,-2.2496535e-13,-0.874559,402.06387,1.60746,66.37392,55.184006,0.0,0.9,0.0,-2.3995405e-13,0.0,75.79469,64.98717,64.89049,65.76895,66.089584
2018-01-01 08:47:00,3.1369961000000004e-22,0.0,66.37392,357730.44,0.0,0.0,15.518036,0.79086804,1.0,1.0,67.51184,0.0,0.0,0.0,-2.248901e-13,-0.8744141,402.06384,1.60746,66.37392,55.184006,0.0,0.9,0.0,-2.3987707e-13,0.0,75.796936,64.98442,64.88812,65.78148,66.10826
2018-01-01 08:48:00,-5.4070763e-22,0.0,66.37392,357730.44,0.0,0.0,15.550995,0.7907379,1.0,1.0,67.5176,0.0,0.0,0.0,-2.2482112e-13,-0.87427616,402.0638,1.60746,66.37392,55.184006,0.0,0.9,0.0,-2.397974e-13,0.0,75.79925,64.98172,64.88576,65.79411,66.12716
2018-01-01 08:49:00,-5.27725e-22,0.0,66.37392,357730.44,0.0,0.0,15.584009,0.7906136,1.0,1.0,67.52343,0.0,0.0,0.0,-2.2474064e-13,-0.87413174,402.06378,1.60746,66.37392,55.184006,0.0,0.9,0.0,-2.3971995e-13,0.0,75.8015,64.97909,64.88345,65.80675,66.146385
2018-01-01 08:50:00,-1.5943808e-22,0.0,66.37392,357730.44,0.0,0.0,15.617023,0.7904811,1.0,1.0,67.52934,0.0,0.0,0.0,-2.2467382e-13,-0.8739873,402.06375,1.60746,66.37392,55.184006,0.0,0.9,0.0,-2.3964484e-13,0.0,75.8038,64.976456,64.88115,65.81949,66.16583
2018-01-01 08:51:00,-5.997672000000001e-23,0.0,66.37392,357730.44,0.0,0.0,15.650038,0.79035676,1.0,1.0,67.53532,0.0,0.0,0.0,-2.2459873e-13,-0.87384975,402.0637,1.60746,66.37392,55.184006,0.0,0.9,0.0,-2.395645e-13,0.0,75.806114,64.973816,64.87884,65.83223,66.18555
2018-01-01 08:52:00,3.3478775e-22,0.0,66.37392,357730.44,0.0,0.0,15.682997,0.79022783,1.0,1.0,67.54138,0.0,0.0,0.0,-2.2452103e-13,-0.8737163,402.06366,1.60746,66.37392,55.184006,0.0,0.9,0.0,-2.394867e-13,0.0,75.808426,64.97124,64.87664,65.845085,66.20549
2018-01-01 08:53:00,-1.2825589000000001e-21,0.0,66.37392,357730.44,0.0,0.0,15.716009,0.79009885,1.0,1.0,67.54751,0.0,0.0,0.0,-2.2445175e-13,-0.8735584,402.06363,1.60746,66.37392,55.184006,0.0,0.9,0.0,-2.3940905e-13,0.0,75.81073,64.96865,64.87444,65.85794,66.22576
2018-01-01 08:54:00,-3.0398781e-22,0.0,66.37392,357730.44,0.0,0.0,15.782038,0.78996754,1.0,1.0,67.553696,0.0,0.0,0.0,-2.243796e-13,-0.87342435,402.0636,1.60746,66.37392,55.184006,0.0,0.9,0.0,-2.3933237e-13,0.0,75.813034,64.966125,64.872246,65.8709,66.2462
2018-01-01 08:55:00,-3.1720250000000003e-22,0.0,66.37392,357730.44,0.0,0.0,15.782038,0.78984207,1.0,1.0,67.559975,0.0,0.0,0.0,-2.2430667e-13,-0.87328947,402.06357,1.60746,66.37392,55.184006,0.0,0.9,0.0,-2.392529e-13,0.0,75.81534,64.96359,64.8701,65.883865,66.26696
2018-01-01 08:56:00,5.457879e-22,0.0,66.373856,357730.44,0.0,0.0,15.814997,0.7897142,1.0,1.0,67.56631,0.0,0.0,0.0,-2.2423087e-13,-0.87313396,402.06354,1.60746,66.373856,55.184006,0.0,0.9,0.0,-2.3917676e-13,0.0,75.81765,64.96112,64.867966,65.896835,66.28795
2018-01-01 08:57:00,9.8687686e-23,0.0,66.373856,357730.44,0.0,0.0,15.848011,0.78958523,1.0,1.0,67.572716,0.0,0.0,0.0,-2.2416045e-13,-0.87299633,402.0635,1.60746,66.373856,55.184006,0.0,0.9,0.0,-2.390992e-13,0.0,75.81996,64.95865,64.865875,65.909904,66.309204
2018-01-01 08:58:00,4.482693e-22,0.0,66.373856,357730.44,0.0,0.0,15.881025,0.7894551,1.0,1.0,67.579185,0.0,0.0,0.0,-2.2408979e-13,-0.8728578,402.06348,1.60746,66.373856,55.184006,0.0,0.9,0.0,-2.390227e-13,0.0,75.822205,64.95624,64.863846,65.92293,66.330734
2018-01-01 08:59:00,-4.2250378000000003e-22,0.0,66.373856,357730.44,0.0,0.0,15.914038,0.78932846,1.0,1.0,67.58573,0.0,0.0,0.0,-2.2401413e-13,-0.8727148,402.06345,1.60746,66.373856,55.184006,0.0,0.9,0.0,-2.3894387e-13,0.0,75.82452,64.95382,64.86181,65.93605,66.35249
2018-01-01 09:00:00,1.2442331e-22,0.0,66.373856,357730.44,0.0,0.0,15.946997,0.7891983,1.0,1.0,67.59233,0.0,0.0,0.0,-2.2394491e-13,-0.8725578,402.06342,1.60746,66.373856,55.184006,0.0,0.9,0.0,-2.3886644e-13,0.0,75.82683,64.9514,64.85983,65.94913,66.374466
2018-01-01 09:01:00,-1.0437480499999999e-22,0.0,66.373856,357730.44,0.0,0.0,15.980011,0.7890716,1.0,1.0,67.59901,0.0,0.0,0.0,-2.2387558e-13,-0.8724208,402.0634,1.60746,66.373856,55.184006,0.0,0.9,0.0,-2.3878984e-13,0.0,75.82913,64.949036,64.85785,65.96225,66.39676
2018-01-01 09:02:00,6.701282499999999e-23,0.0,66.373856,357730.44,0.0,0.0,16.112011,0.7889438,1.0,1.0,67.60575,0.0,0.0,0.0,-2.2379424e-13,-0.87228656,402.06335,1.60746,66.373856,55.184006,0.0,0.9,0.0,-2.387115e-13,0.0,75.83138,64.94668,64.85588,65.97555,66.419235
2018-01-01 09:03:00,-1.9213664e-22,0.0,66.373856,357730.44,0.0,0.0,16.112011,0.788816,1.0,1.0,67.61257,0.0,0.0,0.0,-2.2372376e-13,-0.87214166,402.06332,1.60746,66.373856,55.184006,0.0,0.9,0.0,-2.3863314e-13,0.0,75.833694,64.94437,64.854004,65.988846,66.44197
2018-01-01 09:04:00,-6.1858746e-22,0.0,66.373856,357730.44,0.0,0.0,16.177986,0.78868353,1.0,1.0,67.61944,0.0,0.0,0.0,-2.2366192e-13,-0.87199795,402.0633,1.60746,66.373856,55.184006,0.0,0.9,0.0,-2.385554e-13,0.0,75.83594,64.94206,64.85214,66.00214,66.464935
2018-01-01 09:05:00,-4.4349386e-22,0.0,66.373856,357730.44,0.0,0.0,16.244013,0.7885604,1.0,1.0,67.62638,0.0,0.0,0.0,-2.2358122e-13,-0.87186545,402.06326,1.60746,66.373856,55.184006,0.0,0.9,0.0,-2.3847908e-13,0.0,75.838196,64.93981,64.85027,66.01549,66.48811
2018-01-01 09:06:00,5.877821e-22,0.0,66.373856,357730.44,0.0,0.0,16.309986,0.78843254,1.0,1.0,67.633354,0.0,0.0,0.0,-2.2350946e-13,-0.8717271,402.06323,1.60746,66.373856,55.184006,0.0,0.9,0.0,-2.38401e-13,0.0,75.84045,64.9375,64.848465,66.02878,66.511566
2018-01-01 09:07:00,-9.760359000000001e-23,0.0,66.373856,357730.44,0.0,0.0,16.376015,0.7883012,1.0,1.0,67.64039,0.0,0.0,0.0,-2.234347e-13,-0.87158257,402.0632,1.60746,66.373856,55.184006,0.0,0.9,0.0,-2.3832292e-13,0.0,75.84264,64.9353,64.8467,66.04207,66.53519
2018-01-01 09:08:00,-1.6732689e-22,0.0,66.373856,357730.44,0.0,0.0,16.441986,0.7881746,1.0,1.0,67.64747,0.0,0.0,0.0,-2.2336468e-13,-0.87143815,402.06317,1.60746,66.373856,55.184006,0.0,0.9,0.0,-2.382459e-13,0.0,75.844894,64.93306,64.84494,66.05536,66.55908
2018-01-01 09:09:00,-4.648136e-22,0.0,66.373856,357730.44,0.0,0.0,16.573986,0.7880491,1.0,1.0,67.654625,0.0,0.0,0.0,-2.2328863e-13,-0.8712902,402.06314,1.60746,66.373856,55.184006,0.0,0.9,0.0,-2.3816875e-13,0.0,75.84709,64.93091,64.84325,66.06866,66.583206
2018-01-01 09:10:00,-2.8222497000000004e-22,0.0,66.373856,357730.44,0.0,0.0,16.573986,0.78791666,1.0,1.0,67.66182,0.0,0.0,0.0,-2.2321487e-13,-0.8711552,402.0631,1.60746,66.373856,55.184006,0.0,0.9,0.0,-2.3809082e-13,0.0,75.84929,64.92871,64.84154,66.081955,66.60759
2018-01-01 09:11:00,3.0128668e-22,0.0,66.373856,357730.44,0.0,0.0,16.640015,0.7877923,1.0,1.0,67.66905,0.0,0.0,0.0,-2.2314815e-13,-0.8710159,402.06308,1.60746,66.373856,55.184006,0.0,0.9,0.0,-2.3801469e-13,0.0,75.85149,64.926575,64.83989,66.095184,66.63214
2018-01-01 09:12:00,1.6142675000000001e-22,0.0,66.373856,357730.44,0.0,0.0,16.705988,0.78766334,1.0,1.0,67.676346,0.0,0.0,0.0,-2.2307243e-13,-0.870877,402.06305,1.60746,66.373856,55.184006,0.0,0.9,0.0,-2.3793717e-13,0.0,75.85368,64.92443,64.83824,66.10837,66.656975
2018-01-01 09:13:00,2.2079422e-22,0.0,66.373856,357730.44,0.0,0.0,16.772015,0.78753436,1.0,1.0,67.68369,0.0,0.0,0.0,-2.2299946e-13,-0.87073153,402.06302,1.60746,66.373856,55.184006,0.0,0.9,0.0,-2.3785905e-13,0.0,75.85583,64.92235,64.836655,66.12161,66.68202
2018-01-01 09:14:00,-1.5835926e-22,0.0,66.373856,357730.44,0.0,0.0,16.83799,0.7874042,1.0,1.0,67.69108,0.0,0.0,0.0,-2.2293277e-13,-0.8705813,402.063,1.60746,66.373856,55.184006,0.0,0.9,0.0,-2.377827e-13,0.0,75.85797,64.92026,64.83511,66.134735,66.70729
2018-01-01 09:15:00,-9.170535000000001e-22,0.0,66.373856,357730.44,0.0,0.0,16.904016,0.7872764,1.0,1.0,67.69851,0.0,0.0,0.0,-2.2286436e-13,-0.87044847,402.06293,1.60746,66.373856,55.184006,0.0,0.9,0.0,-2.377063e-13,0.0,75.86011,64.91823,64.83357,66.14787,66.73278
2018-01-01 09:16:00,-3.109982e-22,0.0,66.373856,357730.44,0.0,0.0,16.96999,0.78715086,1.0,1.0,67.70598,0.0,0.0,0.0,-2.2278449e-13,-0.87030864,402.0629,1.60746,66.373856,55.184006,0.0,0.9,0.0,-2.376282e-13,0.0,75.8622,64.91619,64.83209,66.16094,66.758484
2018-01-01 09:17:00,-5.721387000000001e-23,0.0,66.373856,357730.44,0.0,0.0,17.10199,0.78702307,1.0,1.0,67.71352,0.0,0.0,0.0,-2.227095e-13,-0.87016237,402.06287,1.60746,66.373856,55.184006,0.0,0.9,0.0,-2.3755244e-13,0.0,75.86434,64.914154,64.83061,66.173965,66.78447
2018-01-01 09:18:00,5.267473e-22,0.0,66.373856,357730.44,0.0,0.0,17.10199,0.7868964,1.0,1.0,67.721085,0.0,0.0,0.0,-2.2263449e-13,-0.8700201,402.06284,1.60746,66.373856,55.184006,0.0,0.9,0.0,-2.3747272e-13,0.0,75.86638,64.912186,64.82918,66.18698,66.81067
2018-01-01 09:19:00,-1.6260352000000001e-22,0.0,66.373856,357730.44,0.0,0.0,17.168018,0.7867674,1.0,1.0,67.72868,0.0,0.0,0.0,-2.2256512e-13,-0.869885,402.0628,1.60746,66.373856,55.184006,0.0,0.9,0.0,-2.373964e-13,0.0,75.86846,64.9102,64.827805,66.19994,66.837036
2018-01-01 09:20:00,-1.04927847e-22,0.0,66.3738,357730.44,0.0,0.0,17.23399,0.78664076,1.0,1.0,67.736336,0.0,0.0,0.0,-2.2249249e-13,-0.86973304,402.06277,1.60746,66.3738,55.184006,0.0,0.9,0.0,-2.373194e-13,0.0,75.8705,64.90828,64.82643,66.2128,66.86368
2018-01-01 09:21:00,-2.5111235000000004e-22,0.0,66.3738,357730.44,0.0,0.0,17.300018,0.7865141,1.0,1.0,67.74405,0.0,0.0,0.0,-2.22423e-13,-0.8696022,402.06274,1.60746,66.3738,55.184006,0.0,0.9,0.0,-2.3724395e-13,0.0,75.87253,64.90636,64.82512,66.22565,66.890594
2018-01-01 09:22:00,-3.3952344000000004e-22,0.0,66.3738,357730.44,0.0,0.0,17.365992,0.78638744,1.0,1.0,67.75177,0.0,0.0,0.0,-2.2234818e-13,-0.86947423,402.0627,1.60746,66.3738,55.184006,0.0,0.9,0.0,-2.3716464e-13,0.0,75.874504,64.904495,64.82379,66.238396,66.91768
2018-01-01 09:23:00,5.475266399999999e-23,0.0,66.3738,357730.44,0.0,0.0,17.432018,0.78625965,1.0,1.0,67.75957,0.0,0.0,0.0,-2.2227375e-13,-0.86932296,402.06268,1.60746,66.3738,55.184006,0.0,0.9,0.0,-2.3708826e-13,0.0,75.87648,64.90262,64.82253,66.251144,66.94504
2018-01-01 09:24:00,-1.8116268000000002e-22,0.0,66.3738,357730.44,0.0,0.0,17.56402,0.78612834,1.0,1.0,67.76737,0.0,0.0,0.0,-2.2220808e-13,-0.8691728,402.06265,1.60746,66.3738,55.184006,0.0,0.9,0.0,-2.370126e-13,0.0,75.87846,64.90076,64.82127,66.26378,66.97261
2018-01-01 09:25:00,-3.1079312e-22,0.0,66.3738,357730.44,0.0,0.0,17.629993,0.78600055,1.0,1.0,67.77523,0.0,0.0,0.0,-2.221372e-13,-0.8690407,402.06262,1.60746,66.3738,55.184006,0.0,0.9,0.0,-2.3693542e-13,0.0,75.88039,64.89894,64.82006,66.27635,67.00041
2018-01-01 09:26:00,9.827487e-22,0.0,66.3738,357730.44,0.0,0.0,17.629993,0.7858739,1.0,1.0,67.783104,0.0,0.0,0.0,-2.2206096e-13,-0.86889,402.0626,1.60746,66.3738,55.184006,0.0,0.9,0.0,-2.3685752e-13,0.0,75.88231,64.897125,64.81885,66.28882,67.02843
2018-01-01 09:27:00,3.2043964000000003e-22,0.0,66.3738,357730.44,0.0,0.0,17.696022,0.78574723,1.0,1.0,67.79104,0.0,0.0,0.0,-2.2198426e-13,-0.8687561,402.06256,1.60746,66.3738,55.184006,0.0,0.9,0.0,-2.3678048e-13,0.0,75.88423,64.89537,64.8177,66.30124,67.056656
2018-01-01 09:28:00,-1.2592366e-22,0.0,66.3738,357730.44,0.0,0.0,17.761993,0.78562176,1.0,1.0,67.79902,0.0,0.0,0.0,-2.2190939e-13,-0.86860484,402.06253,1.60746,66.3738,55.184006,0.0,0.9,0.0,-2.3670586e-13,0.0,75.88609,64.893616,64.816605,66.3136,67.08517
2018-01-01 09:29:00,-3.9150488000000005e-22,0.0,66.3738,357730.44,0.0,0.0,17.828022,0.7854951,1.0,1.0,67.80702,0.0,0.0,0.0,-2.2183351e-13,-0.86847353,402.0625,1.60746,66.3738,55.184006,0.0,0.9,0.0,-2.366278e-13,0.0,75.88796,64.89191,64.815506,66.32585,67.11389
2018-01-01 09:30:00,2.7594814000000005e-22,0.0,66.3738,357730.44,0.0,0.0,17.893993,0.7853626,1.0,1.0,67.81507,0.0,0.0,0.0,-2.2177106e-13,-0.86833113,402.06247,1.60746,66.3738,55.184006,0.0,0.9,0.0,-2.365502e-13,0.0,75.88983,64.89021,64.81445,66.33798,67.142845
2018-01-01 09:31:00,-4.7598580000000005e-22,0.0,66.3738,357730.44,0.0,0.0,17.960022,0.7852348,1.0,1.0,67.82314,0.0,0.0,0.0,-2.2170064e-13,-0.86819184,402.0624,1.60746,66.3738,55.184006,0.0,0.9,0.0,-2.364743e-13,0.0,75.89165,64.888504,64.813416,66.35007,67.17207
2018-01-01 09:32:00,-7.119281000000001e-22,0.0,66.3738,357730.44,0.0,0.0,18.025995,0.78510815,1.0,1.0,67.83125,0.0,0.0,0.0,-2.2162828e-13,-0.8680455,402.06238,1.60746,66.3738,55.184006,0.0,0.9,0.0,-2.363966e-13,0.0,75.893456,64.886856,64.81242,66.362045,67.20146
2018-01-01 09:33:00,2.2361904e-22,0.0,66.3738,357730.44,0.0,0.0,18.157997,0.7849791,1.0,1.0,67.83934,0.0,0.0,0.0,-2.2155619e-13,-0.86790603,402.06235,1.60746,66.3738,55.184006,0.0,0.9,0.0,-2.3631889e-13,0.0,75.89526,64.88521,64.81143,66.373856,67.23096
2018-01-01 09:34:00,1.5119946e-22,0.0,66.3738,357730.44,0.0,0.0,18.224024,0.7848525,1.0,1.0,67.84747,0.0,0.0,0.0,-2.2148425e-13,-0.8677747,402.06232,1.60746,66.3738,55.184006,0.0,0.9,0.0,-2.362418e-13,0.0,75.897026,64.88362,64.8105,66.38556,67.26067
2018-01-01 09:35:00,2.662603e-22,0.0,66.3738,357730.44,0.0,0.0,18.224024,0.78472465,1.0,1.0,67.8556,0.0,0.0,0.0,-2.2141581e-13,-0.86762315,402.0623,1.60746,66.3738,55.184006,0.0,0.9,0.0,-2.3616515e-13,0.0,75.89879,64.88202,64.80957,66.39703,67.29056
2018-01-01 09:36:00,4.331856e-22,0.0,66.3738,357730.44,0.0,0.0,18.289997,0.7845992,1.0,1.0,67.86373,0.0,0.0,0.0,-2.2134517e-13,-0.8674885,402.06226,1.60746,66.3738,55.184006,0.0,0.9,0.0,-2.3608928e-13,0.0,75.90054,64.880486,64.80864,66.408356,67.3206
2018-01-01 09:37:00,1.0886224e-22,0.0,66.3738,357730.44,0.0,0.0,18.356026,0.78447133,1.0,1.0,67.871826,0.0,0.0,0.0,-2.2127245e-13,-0.86734164,402.06223,1.60746,66.3738,55.184006,0.0,0.9,0.0,-2.360134e-13,0.0,75.902245,64.87889,64.807755,66.41945,67.350815
2018-01-01 09:38:00,-7.128295399999999e-23,0.0,66.3738,357730.44,0.0,0.0,18.421997,0.78434354,1.0,1.0,67.879974,0.0,0.0,0.0,-2.2120054e-13,-0.8671923,402.0622,1.60746,66.3738,55.184006,0.0,0.9,0.0,-2.3593836e-13,0.0,75.903946,64.87741,64.80693,66.43038,67.381195
2018-01-01 09:39:00,2.2800658000000003e-22,0.0,66.3738,357730.44,0.0,0.0,18.488026,0.784218,1.0,1.0,67.88806,0.0,0.0,0.0,-2.2112653e-13,-0.86706334,402.06216,1.60746,66.3738,55.184006,0.0,0.9,0.0,-2.3586035e-13,0.0,75.905594,64.87587,64.80605,66.44109,67.41168
2018-01-01 09:40:00,-6.845036000000001e-23,0.0,66.3738,357730.44,0.0,0.0,18.553997,0.7840856,1.0,1.0,67.896194,0.0,0.0,0.0,-2.2105644e-13,-0.86691445,402.06213,1.60746,66.3738,55.184006,0.0,0.9,0.0,-2.3578134e-13,0.0,75.90724,64.87439,64.80528,66.451645,67.44238
2018-01-01 09:41:00,1.9912875000000002e-22,0.0,66.3738,357730.44,0.0,0.0,18.620026,0.7839601,1.0,1.0,67.9043,0.0,0.0,0.0,-2.2098102e-13,-0.86677945,402.0621,1.60746,66.3738,55.184006,0.0,0.9,0.0,-2.3570685e-13,0.0,75.90889,64.87291,64.80446,66.46202,67.473206
2018-01-01 09:42:00,1.0577675000000001e-22,0.0,66.3738,357730.44,0.0,0.0,18.752026,0.78383344,1.0,1.0,67.912415,0.0,0.0,0.0,-2.2090774e-13,-0.86663926,402.06207,1.60746,66.3738,55.184006,0.0,0.9,0.0,-2.3563028e-13,0.0,75.91054,64.871475,64.803696,66.47218,67.50418
2018-01-01 09:43:00,-1.959837e-22,0.0,66.3738,357730.44,0.0,0.0,18.752026,0.7837068,1.0,1.0,67.92053,0.0,0.0,0.0,-2.208359e-13,-0.8664921,402.06204,1.60746,66.3738,55.184006,0.0,0.9,0.0,-2.3555458e-13,0.0,75.91213,64.87005,64.80298,66.48218,67.53533
2018-01-01 09:44:00,2.7920582e-22,0.0,66.37375,357730.44,0.0,0.0,18.818,0.783579,1.0,1.0,67.928635,0.0,0.0,0.0,-2.2076889e-13,-0.8663544,402.062,1.60746,66.37375,55.184006,0.0,0.9,0.0,-2.3547847e-13,0.0,75.91373,64.868675,64.80221,66.49196,67.56659
2018-01-01 09:45:00,5.687108e-22,0.0,66.37375,357730.44,0.0,0.0,18.884027,0.78345,1.0,1.0,67.93673,0.0,0.0,0.0,-2.2069755e-13,-0.86620903,402.06198,1.60746,66.37375,55.184006,0.0,0.9,0.0,-2.354008e-13,0.0,75.91527,64.86725,64.8015,66.50157,67.59807
2018-01-01 09:46:00,-3.4999413e-22,0.0,66.37375,357730.44,0.0,0.0,18.95,0.7833245,1.0,1.0,67.94485,0.0,0.0,0.0,-2.2062167e-13,-0.86608225,402.06195,1.60746,66.37375,55.184006,0.0,0.9,0.0,-2.3532467e-13,0.0,75.916855,64.86593,64.800835,66.51097,67.629654
2018-01-01 09:47:00,2.4494212e-23,0.0,66.37375,357730.44,0.0,0.0,19.01603,0.78320014,1.0,1.0,67.952934,0.0,0.0,0.0,-2.2055193e-13,-0.86593974,402.06192,1.60746,66.37375,55.184006,0.0,0.9,0.0,-2.3524677e-13,0.0,75.918396,64.864555,64.80017,66.520195,67.66135
2018-01-01 09:48:00,4.573685300000001e-22,0.0,66.37375,357730.44,0.0,0.0,19.082,0.78307116,1.0,1.0,67.96101,0.0,0.0,0.0,-2.2048506e-13,-0.8657941,402.0619,1.60746,66.37375,55.184006,0.0,0.9,0.0,-2.3517188e-13,0.0,75.919876,64.863235,64.799515,66.529205,67.69326
2018-01-01 09:49:00,4.4077185e-22,0.0,66.37375,357730.44,0.0,0.0,19.214,0.78294104,1.0,1.0,67.9691,0.0,0.0,0.0,-2.2041832e-13,-0.865657,402.06183,1.60746,66.37375,55.184006,0.0,0.9,0.0,-2.3509488e-13,0.0,75.92142,64.86192,64.79891,66.537994,67.72528
2018-01-01 09:50:00,6.0360744e-22,0.0,66.37375,357730.44,0.0,0.0,19.28003,0.7828167,1.0,1.0,67.9772,0.0,0.0,0.0,-2.2033833e-13,-0.8655128,402.0618,1.60746,66.37375,55.184006,0.0,0.9,0.0,-2.3501782e-13,0.0,75.9229,64.86066,64.79831,66.54668,67.75748
2018-01-01 09:51:00,-9.678193699999999e-23,0.0,66.37375,357730.44,0.0,0.0,19.28003,0.7826889,1.0,1.0,67.98527,0.0,0.0,0.0,-2.2026707e-13,-0.86536574,402.06177,1.60746,66.37375,55.184006,0.0,0.9,0.0,-2.34943e-13,0.0,75.92438,64.85939,64.7977,66.55508,67.78978
2018-01-01 09:52:00,-1.03046874e-22,0.0,66.37375,357730.44,0.0,0.0,19.346003,0.78256226,1.0,1.0,67.99334,0.0,0.0,0.0,-2.2019257e-13,-0.86524266,402.06174,1.60746,66.37375,55.184006,0.0,0.9,0.0,-2.3486513e-13,0.0,75.925865,64.85812,64.79715,66.56332,67.822235
2018-01-01 09:53:00,4.348434e-22,0.0,66.37375,357730.44,0.0,0.0,19.41203,0.7824367,1.0,1.0,68.00142,0.0,0.0,0.0,-2.201186e-13,-0.86508465,402.0617,1.60746,66.37375,55.184006,0.0,0.9,0.0,-2.3478875e-13,0.0,75.92729,64.85692,64.7966,66.571396,67.85487
2018-01-01 09:54:00,-6.736036e-23,0.0,66.37375,357730.44,0.0,0.0,19.478004,0.7823078,1.0,1.0,68.00947,0.0,0.0,0.0,-2.200536e-13,-0.86494756,402.06168,1.60746,66.37375,55.184006,0.0,0.9,0.0,-2.3471562e-13,0.0,75.92873,64.85571,64.79605,66.57925,67.8876
2018-01-01 09:55:00,-2.9596360000000003e-22,0.0,66.37375,357730.44,0.0,0.0,19.544031,0.7821776,1.0,1.0,68.01753,0.0,0.0,0.0,-2.1998276e-13,-0.86481047,402.06165,1.60746,66.37375,55.184006,0.0,0.9,0.0,-2.3463948e-13,0.0,75.930145,64.85455,64.79556,66.58688,67.92052
2018-01-01 09:56:00,2.1595695e-22,0.0,66.37375,357730.44,0.0,0.0,19.610004,0.7820545,1.0,1.0,68.02559,0.0,0.0,0.0,-2.1991283e-13,-0.86466646,402.0616,1.60746,66.37375,55.184006,0.0,0.9,0.0,-2.3456278e-13,0.0,75.93158,64.85335,64.79507,66.59435,67.95358
2018-01-01 09:57:00,-1.2067097000000001e-21,0.0,66.37375,357730.44,0.0,0.0,19.676033,0.78192663,1.0,1.0,68.03365,0.0,0.0,0.0,-2.198315e-13,-0.86453533,402.06158,1.60746,66.37375,55.184006,0.0,0.9,0.0,-2.3448547e-13,0.0,75.93301,64.85225,64.79463,66.601654,67.986755
2018-01-01 09:58:00,3.8527484000000004e-22,0.0,66.37375,357730.44,0.0,0.0,19.808033,0.7818,1.0,1.0,68.04168,0.0,0.0,0.0,-2.197667e-13,-0.8643902,402.06155,1.60746,66.37375,55.184006,0.0,0.9,0.0,-2.34409e-13,0.0,75.93438,64.8511,64.79419,66.60869,68.02005
2018-01-01 09:59:00,3.1832920000000003e-22,0.0,66.37375,357730.44,0.0,0.0,19.808033,0.7816722,1.0,1.0,68.049736,0.0,0.0,0.0,-2.1969617e-13,-0.864253,402.06152,1.60746,66.37375,55.184006,0.0,0.9,0.0,-2.3433328e-13,0.0,75.93575,64.85,64.79375,66.615616,68.05356
2018-01-01 10:00:00,-5.271805700000001e-22,0.0,66.37375,357730.44,0.0,0.0,19.874004,0.7815443,1.0,1.0,68.057755,0.0,0.0,0.0,-2.1962345e-13,-0.8641031,402.0615,1.60746,66.37375,55.184006,0.0,0.9,0.0,-2.3425828e-13,0.0,75.937126,64.8489,64.793304,66.622314,68.08712
2018-01-01 10:01:00,-1.2897988e-22,0.0,66.37375,357730.44,0.0,0.0,19.940033,0.78142005,1.0,1.0,68.065796,0.0,0.0,0.0,-2.1955047e-13,-0.8639679,402.06146,1.60746,66.37375,55.184006,0.0,0.9,0.0,-2.341818e-13,0.0,75.9385,64.847855,64.79292,66.6288,68.1209
2018-01-01 10:02:00,-5.4068017e-22,0.0,66.37375,357730.44,0.0,0.0,19.991009,0.7812934,1.0,1.0,68.07384,0.0,0.0,0.0,-2.1948297e-13,-0.8638268,402.06143,1.60746,66.37375,55.184006,0.0,0.9,0.0,-2.3410508e-13,0.0,75.93987,64.84682,64.792595,66.63512,68.1548
2018-01-01 10:03:00,-5.009191e-22,0.0,66.37375,357730.44,0.0,0.0,20.041986,0.78116673,1.0,1.0,68.08185,0.0,0.0,0.0,-2.1940937e-13,-0.8636895,402.0614,1.60746,66.37375,55.184006,0.0,0.9,0.0,-2.3402908e-13,0.0,75.94119,64.845764,64.792206,66.641205,68.18886
2018-01-01 10:04:00,3.9111226e-22,0.0,66.37375,357730.44,0.0,0.0,20.093018,0.7810377,1.0,1.0,68.08989,0.0,0.0,0.0,-2.1934139e-13,-0.8635478,402.06137,1.60746,66.37375,55.184006,0.0,0.9,0.0,-2.339525e-13,0.0,75.942505,64.84478,64.791885,66.6472,68.223076
2018-01-01 10:05:00,-2.3385616e-22,0.0,66.37375,357730.44,0.0,0.0,20.143993,0.780911,1.0,1.0,68.097946,0.0,0.0,0.0,-2.1926964e-13,-0.86340994,402.06134,1.60746,66.37375,55.184006,0.0,0.9,0.0,-2.3387734e-13,0.0,75.94383,64.84384,64.79161,66.65297,68.25752
2018-01-01 10:06:00,4.0451974000000004e-22,0.0,66.37375,357730.44,0.0,0.0,20.246002,0.78078324,1.0,1.0,68.105995,0.0,0.0,0.0,-2.1919753e-13,-0.8632658,402.0613,1.60746,66.37375,55.184006,0.0,0.9,0.0,-2.3380112e-13,0.0,75.945145,64.84291,64.791336,66.65851,68.29207
2018-01-01 10:07:00,-6.1041724e-22,0.0,66.37369,357730.44,0.0,0.0,20.246002,0.7806589,1.0,1.0,68.11405,0.0,0.0,0.0,-2.1912814e-13,-0.8631339,402.06128,1.60746,66.37369,55.184006,0.0,0.9,0.0,-2.3372534e-13,0.0,75.946465,64.84198,64.79111,66.663895,68.32678
2018-01-01 10:08:00,1.3118922e-22,0.0,66.37369,357730.44,0.0,0.0,20.297035,0.7805299,1.0,1.0,68.1221,0.0,0.0,0.0,-2.19048e-13,-0.8629848,402.06125,1.60746,66.37369,55.184006,0.0,0.9,0.0,-2.3365012e-13,0.0,75.947784,64.841095,64.79083,66.66911,68.361664
2018-01-01 10:09:00,-8.242753e-22,0.0,66.37369,357730.44,0.0,0.0,20.348011,0.7804021,1.0,1.0,68.130165,0.0,0.0,0.0,-2.1898668e-13,-0.8628528,402.06122,1.60746,66.37369,55.184006,0.0,0.9,0.0,-2.3357352e-13,0.0,75.94905,64.84027,64.79067,66.674164,68.39666
2018-01-01 10:10:00,-7.705478e-23,0.0,66.37369,357730.44,0.0,0.0,20.398987,0.7802778,1.0,1.0,68.138245,0.0,0.0,0.0,-2.1890816e-13,-0.86270356,402.0612,1.60746,66.37369,55.184006,0.0,0.9,0.0,-2.3349695e-13,0.0,75.95036,64.83945,64.79051,66.679,68.43187
2018-01-01 10:11:00,1.5055886e-22,0.0,66.37369,357730.44,0.0,0.0,20.45002,0.78014994,1.0,1.0,68.14632,0.0,0.0,0.0,-2.1884088e-13,-0.86256576,402.06116,1.60746,66.37369,55.184006,0.0,0.9,0.0,-2.3342247e-13,0.0,75.95163,64.83862,64.790344,66.68373,68.46725
2018-01-01 10:12:00,-3.6421954e-23,0.0,66.37369,357730.44,0.0,0.0,20.500996,0.7800233,1.0,1.0,68.15438,0.0,0.0,0.0,-2.1877289e-13,-0.86242324,402.06113,1.60746,66.37369,55.184006,0.0,0.9,0.0,-2.3334644e-13,0.0,75.952896,64.83786,64.79018,66.68823,68.50273
2018-01-01 10:13:00,4.9397324e-22,0.0,66.37369,357730.44,0.0,0.0,20.552027,0.77989894,1.0,1.0,68.16246,0.0,0.0,0.0,-2.1869606e-13,-0.8622901,402.0611,1.60746,66.37369,55.184006,0.0,0.9,0.0,-2.3327065e-13,0.0,75.954155,64.83709,64.79007,66.692566,68.53844
2018-01-01 10:14:00,1.8078126000000002e-22,0.0,66.37369,357730.44,0.0,0.0,20.654034,0.77977,1.0,1.0,68.17056,0.0,0.0,0.0,-2.1863053e-13,-0.8621502,402.06107,1.60746,66.37369,55.184006,0.0,0.9,0.0,-2.331948e-13,0.0,75.955414,64.83638,64.79001,66.69675,68.57425
2018-01-01 10:15:00,-6.9715955e-23,0.0,66.37369,357730.44,0.0,0.0,20.654034,0.7796445,1.0,1.0,68.17865,0.0,0.0,0.0,-2.1855373e-13,-0.8620074,402.06104,1.60746,66.37369,55.184006,0.0,0.9,0.0,-2.3311783e-13,0.0,75.95668,64.83566,64.7899,66.70076,68.61023
2018-01-01 10:16:00,6.901164700000001e-22,0.0,66.37369,357730.44,0.0,0.0,20.705011,0.7795167,1.0,1.0,68.18675,0.0,0.0,0.0,-2.1848562e-13,-0.8618676,402.061,1.60746,66.37369,55.184006,0.0,0.9,0.0,-2.3304159e-13,0.0,75.957886,64.83501,64.7899,66.704605,68.64638
2018-01-01 10:17:00,-1.1760581e-22,0.0,66.37369,357730.44,0.0,0.0,20.75599,0.77939236,1.0,1.0,68.19486,0.0,0.0,0.0,-2.1841479e-13,-0.8617284,402.06097,1.60746,66.37369,55.184006,0.0,0.9,0.0,-2.3296594e-13,0.0,75.95915,64.83434,64.78985,66.70828,68.68269
2018-01-01 10:18:00,4.06319e-22,0.0,66.37369,357730.44,0.0,0.0,20.807018,0.7792634,1.0,1.0,68.20297,0.0,0.0,0.0,-2.1834349e-13,-0.861591,402.06094,1.60746,66.37369,55.184006,0.0,0.9,0.0,-2.3289207e-13,0.0,75.96036,64.83374,64.78985,66.71179,68.71911
2018-01-01 10:19:00,3.4789872000000005e-22,0.0,66.37369,357730.44,0.0,0.0,20.857996,0.77913785,1.0,1.0,68.211105,0.0,0.0,0.0,-2.182718e-13,-0.8614435,402.0609,1.60746,66.37369,55.184006,0.0,0.9,0.0,-2.3281564e-13,0.0,75.961624,64.83313,64.7899,66.71515,68.75575
2018-01-01 10:20:00,-6.4545705e-22,0.0,66.37369,357730.44,0.0,0.0,20.909027,0.77901006,1.0,1.0,68.21924,0.0,0.0,0.0,-2.1820864e-13,-0.861314,402.06088,1.60746,66.37369,55.184006,0.0,0.9,0.0,-2.3273993e-13,0.0,75.96283,64.832535,64.78996,66.71838,68.792496
2018-01-01 10:21:00,1.7183628000000002e-22,0.0,66.37369,357730.44,0.0,0.0,20.960003,0.7788834,1.0,1.0,68.22738,0.0,0.0,0.0,-2.1812958e-13,-0.8611601,402.06085,1.60746,66.37369,55.184006,0.0,0.9,0.0,-2.3266605e-13,0.0,75.96404,64.831985,64.79001,66.721466,68.82941
2018-01-01 10:22:00,-4.1152205000000005e-22,0.0,66.37369,357730.44,0.0,0.0,21.062012,0.7787579,1.0,1.0,68.235535,0.0,0.0,0.0,-2.1805883e-13,-0.8610242,402.06082,1.60746,66.37369,55.184006,0.0,0.9,0.0,-2.3259175e-13,0.0,75.965256,64.83148,64.79007,66.72438,68.866486
2018-01-01 10:23:00,-4.836052e-22,0.0,66.37369,357730.44,0.0,0.0,21.062012,0.77863127,1.0,1.0,68.24369,0.0,0.0,0.0,-2.1798795e-13,-0.8608849,402.0608,1.60746,66.37369,55.184006,0.0,0.9,0.0,-2.325138e-13,0.0,75.96646,64.83099,64.79018,66.72713,68.90368
2018-01-01 10:24:00,-1.2319393000000002e-22,0.0,66.37369,357730.44,0.0,0.0,21.112988,0.77850574,1.0,1.0,68.25187,0.0,0.0,0.0,-2.179219e-13,-0.86074567,402.06073,1.60746,66.37369,55.184006,0.0,0.9,0.0,-2.3243825e-13,0.0,75.96767,64.8305,64.790344,66.72976,68.941086
2018-01-01 10:25:00,1.0296082000000001e-22,0.0,66.37369,357730.44,0.0,0.0,21.16402,0.77837795,1.0,1.0,68.260056,0.0,0.0,0.0,-2.178442e-13,-0.8605996,402.0607,1.60746,66.37369,55.184006,0.0,0.9,0.0,-2.3236485e-13,0.0,75.96887,64.83006,64.79051,66.732285,68.978546
2018-01-01 10:26:00,-4.3329380000000004e-23,0.0,66.37369,357730.44,0.0,0.0,21.214996,0.7782513,1.0,1.0,68.26824,0.0,0.0,0.0,-2.1777999e-13,-0.86048037,402.06067,1.60746,66.37369,55.184006,0.0,0.9,0.0,-2.3228695e-13,0.0,75.97003,64.82962,64.79067,66.73465,69.016235
2018-01-01 10:27:00,3.7273942e-24,0.0,66.37369,357730.44,0.0,0.0,21.26603,0.7781258,1.0,1.0,68.27647,0.0,0.0,0.0,-2.177035e-13,-0.8603337,402.06064,1.60746,66.37369,55.184006,0.0,0.9,0.0,-2.3221217e-13,0.0,75.97124,64.82924,64.79089,66.7369,69.05403
2018-01-01 10:28:00,-1.8962637e-23,0.0,66.37369,357730.44,0.0,0.0,21.317005,0.7780014,1.0,1.0,68.2847,0.0,0.0,0.0,-2.1763465e-13,-0.8601883,402.0606,1.60746,66.37369,55.184006,0.0,0.9,0.0,-2.3213584e-13,0.0,75.97244,64.82885,64.79111,66.739044,69.09204
2018-01-01 10:29:00,1.9683189e-23,0.0,66.37369,357730.44,0.0,0.0,21.419014,0.7778713,1.0,1.0,68.29292,0.0,0.0,0.0,-2.1756764e-13,-0.86005056,402.06058,1.60746,66.37369,55.184006,0.0,0.9,0.0,-2.3206258e-13,0.0,75.9736,64.82852,64.791336,66.74102,69.13011
2018-01-01 10:30:00,-3.5928492999999997e-23,0.0,66.37369,357730.44,0.0,0.0,21.419014,0.77774584,1.0,1.0,68.30119,0.0,0.0,0.0,-2.1749815e-13,-0.8599118,402.06055,1.60746,66.37369,55.184006,0.0,0.9,0.0,-2.319866e-13,0.0,75.97481,64.828186,64.79161,66.74294,69.168396
2018-01-01 10:31:00,1.9516651999999999e-23,0.0,66.37369,357730.44,0.0,0.0,21.46999,0.7776192,1.0,1.0,68.30944,0.0,0.0,0.0,-2.1742958e-13,-0.8597688,402.0605,1.60746,66.37369,55.184006,0.0,0.9,0.0,-2.3191177e-13,0.0,75.97597,64.827866,64.791885,66.744705,69.20679
2018-01-01 10:32:00,-3.257775e-23,0.0,66.37364,357730.44,0.0,0.0,21.52102,0.7774925,1.0,1.0,68.31771,0.0,0.0,0.0,-2.1735313e-13,-0.85962933,402.06046,1.60746,66.37364,55.184006,0.0,0.9,0.0,-2.3183704e-13,0.0,75.97717,64.82759,64.792206,66.7464,69.24519
2018-01-01 10:33:00,-3.8719747999999996e-23,0.0,66.37364,357730.44,0.0,0.0,21.571999,0.777367,1.0,1.0,68.32596,0.0,0.0,0.0,-2.1728264e-13,-0.8594828,402.06042,1.60746,66.37364,55.184006,0.0,0.9,0.0,-2.317608e-13,0.0,75.978325,64.82736,64.79254,66.748,69.28353
2018-01-01 10:34:00,2.97903e-23,0.0,66.37364,357730.44,0.0,0.0,21.623028,0.777245,1.0,1.0,68.334206,0.0,0.0,0.0,-2.1721167e-13,-0.85933936,402.0604,1.60746,66.37364,55.184006,0.0,0.9,0.0,-2.3168696e-13,0.0,75.97948,64.82715,64.79292,66.749535,69.32193
2018-01-01 10:35:00,2.1180610000000002e-23,0.0,66.37364,357730.44,0.0,0.0,21.674006,0.7771172,1.0,1.0,68.34243,0.0,0.0,0.0,-2.1714069e-13,-0.8592169,402.06036,1.60746,66.37364,55.184006,0.0,0.9,0.0,-2.3161011e-13,0.0,75.98064,64.82698,64.793304,66.75096,69.360275
2018-01-01 10:36:00,-1.7608194e-23,0.0,66.37364,357730.44,0.0,0.0,21.725037,0.7769882,1.0,1.0,68.35067,0.0,0.0,0.0,-2.1706961e-13,-0.8590776,402.06033,1.60746,66.37364,55.184006,0.0,0.9,0.0,-2.315334e-13,0.0,75.98184,64.82687,64.79381,66.75228,69.39856
2018-01-01 10:37:00,3.8692984000000004e-24,0.0,66.37364,357730.44,0.0,0.0,21.82699,0.7768639,1.0,1.0,68.35888,0.0,0.0,0.0,-2.169979e-13,-0.8589146,402.0603,1.60746,66.37364,55.184006,0.0,0.9,0.0,-2.314607e-13,0.0,75.982994,64.82677,64.79424,66.7536,69.43679
2018-01-01 10:38:00,1.1975022e-24,0.0,66.37364,357730.44,0.0,0.0,21.878021,0.7767361,1.0,1.0,68.36708,0.0,0.0,0.0,-2.1693481e-13,-0.85880125,402.06027,1.60746,66.37364,55.184006,0.0,0.9,0.0,-2.313833e-13,0.0,75.984146,64.82665,64.79479,66.75481,69.47497
2018-01-01 10:39:00,-1.5266909000000001e-24,0.0,66.37364,357730.44,0.0,0.0,21.878021,0.77661175,1.0,1.0,68.37526,0.0,0.0,0.0,-2.1686154e-13,-0.85864276,402.06024,1.60746,66.37364,55.184006,0.0,0.9,0.0,-2.3130803e-13,0.0,75.985306,64.8266,64.79529,66.75597,69.513145
2018-01-01 10:40:00,-1.2529933e-23,0.0,66.37364,357730.44,0.0,0.0,21.928997,0.7764839,1.0,1.0,68.383446,0.0,0.0,0.0,-2.1678906e-13,-0.8585154,402.0602,1.60746,66.37364,55.184006,0.0,0.9,0.0,-2.3123425e-13,0.0,75.98645,64.8266,64.79589,66.757065,69.55121
2018-01-01 10:41:00,-4.0114708000000005e-22,0.0,66.37364,357730.44,0.0,0.0,21.98003,0.77636075,1.0,1.0,68.39162,0.0,0.0,0.0,-2.1671414e-13,-0.85836977,402.06018,1.60746,66.37364,55.184006,0.0,0.9,0.0,-2.3115925e-13,0.0,75.98761,64.8266,64.79649,66.75816,69.589226
2018-01-01 10:42:00,1.1679891e-23,0.0,66.37364,357730.44,0.0,0.0,22.031006,0.7762329,1.0,1.0,68.39978,0.0,0.0,0.0,-2.166475e-13,-0.8582412,402.06015,1.60746,66.37364,55.184006,0.0,0.9,0.0,-2.3108279e-13,0.0,75.98871,64.82665,64.79715,66.75915,69.62724
2018-01-01 10:43:00,1.00089094e-22,0.0,66.37364,357730.44,0.0,0.0,22.082039,0.7761051,1.0,1.0,68.407936,0.0,0.0,0.0,-2.1658074e-13,-0.85808814,402.06012,1.60746,66.37364,55.184006,0.0,0.9,0.0,-2.3100936e-13,0.0,75.98986,64.82677,64.79781,66.76013,69.665085
2018-01-01 10:44:00,1.0172764e-21,0.0,66.37364,357730.44,0.0,0.0,22.133015,0.7759808,1.0,1.0,68.416084,0.0,0.0,0.0,-2.1651077e-13,-0.85795367,402.0601,1.60746,66.37364,55.184006,0.0,0.9,0.0,-2.30935e-13,0.0,75.99101,64.82687,64.79852,66.76107,69.702934
2018-01-01 10:45:00,3.4313528e-22,0.0,66.37364,357730.44,0.0,0.0,22.18399,0.7758553,1.0,1.0,68.42423,0.0,0.0,0.0,-2.164372e-13,-0.8578129,402.06006,1.60746,66.37364,55.184006,0.0,0.9,0.0,-2.308592e-13,0.0,75.99217,64.82698,64.7993,66.76201,69.74068
2018-01-01 10:46:00,6.245856300000001e-22,0.0,66.37364,357730.44,0.0,0.0,22.286,0.77572864,1.0,1.0,68.43234,0.0,0.0,0.0,-2.163683e-13,-0.8576691,402.06003,1.60746,66.37364,55.184006,0.0,0.9,0.0,-2.3078333e-13,0.0,75.99327,64.82715,64.800064,66.76288,69.77835
2018-01-01 10:47:00,-3.5658864e-23,0.0,66.37364,357730.44,0.0,0.0,22.286,0.7756008,1.0,1.0,68.44047,0.0,0.0,0.0,-2.16294e-13,-0.8575387,402.06,1.60746,66.37364,55.184006,0.0,0.9,0.0,-2.307113e-13,0.0,75.994415,64.82736,64.80089,66.76376,69.81593
2018-01-01 10:48:00,8.512432000000001e-23,0.0,66.37364,357730.44,0.0,0.0,22.33703,0.77547646,1.0,1.0,68.44857,0.0,0.0,0.0,-2.1622279e-13,-0.8573997,402.05997,1.60746,66.37364,55.184006,0.0,0.9,0.0,-2.3063322e-13,0.0,75.995514,64.82759,64.80171,66.76459,69.85345
2018-01-01 10:49:00,-1.072389e-21,0.0,66.37364,357730.44,0.0,0.0,22.388008,0.77534866,1.0,1.0,68.456665,0.0,0.0,0.0,-2.1616007e-13,-0.857257,402.05994,1.60746,66.37364,55.184006,0.0,0.9,0.0,-2.3055968e-13,0.0,75.99661,64.827866,64.8026,66.76541,69.890854
2018-01-01 10:50:00,-1.2151342e-23,0.0,66.37364,357730.44,0.0,0.0,22.439037,0.77522546,1.0,1.0,68.46478,0.0,0.0,0.0,-2.1608708e-13,-0.8571076,402.0599,1.60746,66.37364,55.184006,0.0,0.9,0.0,-2.3048675e-13,0.0,75.99777,64.82814,64.80353,66.76629,69.92821
2018-01-01 10:51:00,-2.4506902000000003e-22,0.0,66.37364,357730.44,0.0,0.0,22.490015,0.77509767,1.0,1.0,68.472855,0.0,0.0,0.0,-2.1601384e-13,-0.85697454,402.05988,1.60746,66.37364,55.184006,0.0,0.9,0.0,-2.3040838e-13,0.0,75.99887,64.82846,64.80446,66.76711,69.96539
2018-01-01 10:52:00,2.9107354e-22,0.0,66.37364,357730.44,0.0,0.0,22.540993,0.7749722,1.0,1.0,68.48095,0.0,0.0,0.0,-2.1594578e-13,-0.8568384,402.05984,1.60746,66.37364,55.184006,0.0,0.9,0.0,-2.303346e-13,0.0,75.99997,64.82885,64.80545,66.76788,70.00259
2018-01-01 10:53:00,-2.3364813e-22,0.0,66.37364,357730.44,0.0,0.0,22.592022,0.77484787,1.0,1.0,68.48901,0.0,0.0,0.0,-2.158804e-13,-0.8567057,402.0598,1.60746,66.37364,55.184006,0.0,0.9,0.0,-2.3025833e-13,0.0,76.00107,64.82924,64.80644,66.76871,70.03961
2018-01-01 10:54:00,2.1498704e-22,0.0,66.37364,357730.44,0.0,0.0,22.69403,0.7747212,1.0,1.0,68.49707,0.0,0.0,0.0,-2.1580424e-13,-0.856563,402.05978,1.60746,66.37364,55.184006,0.0,0.9,0.0,-2.3018555e-13,0.0,76.00217,64.82962,64.80748,66.76953,70.07652
2018-01-01 10:55:00,-3.1837964e-22,0.0,66.37364,357730.44,0.0,0.0,22.69403,0.77459574,1.0,1.0,68.50514,0.0,0.0,0.0,-2.1573695e-13,-0.8564266,402.05975,1.60746,66.37364,55.184006,0.0,0.9,0.0,-2.3010942e-13,0.0,76.003265,64.83006,64.80858,66.77041,70.11339
2018-01-01 10:56:00,-3.9478144000000003e-22,0.0,66.37358,357730.44,0.0,0.0,22.745007,0.7744691,1.0,1.0,68.5132,0.0,0.0,0.0,-2.1566981e-13,-0.85627615,402.05972,1.60746,66.37358,55.184006,0.0,0.9,0.0,-2.3003688e-13,0.0,76.004364,64.83055,64.80974,66.77123,70.15008
2018-01-01 10:57:00,-3.7432046e-23,0.0,66.37358,357730.44,0.0,0.0,22.795984,0.77434593,1.0,1.0,68.521225,0.0,0.0,0.0,-2.1558955e-13,-0.856138,402.0597,1.60746,66.37358,55.184006,0.0,0.9,0.0,-2.299605e-13,0.0,76.0054,64.83105,64.81088,66.77211,70.18672
2018-01-01 10:58:00,9.4605103e-23,0.0,66.37358,357730.44,0.0,0.0,22.847015,0.77421695,1.0,1.0,68.52928,0.0,0.0,0.0,-2.1552873e-13,-0.8560028,402.05963,1.60746,66.37358,55.184006,0.0,0.9,0.0,-2.2988653e-13,0.0,76.0065,64.8316,64.81204,66.772995,70.22325
2018-01-01 10:59:00,-3.8664105000000004e-22,0.0,66.37358,357730.44,0.0,0.0,22.897991,0.7740926,1.0,1.0,68.537285,0.0,0.0,0.0,-2.1545686e-13,-0.85587007,402.0596,1.60746,66.37358,55.184006,0.0,0.9,0.0,-2.2981183e-13,0.0,76.00755,64.832146,64.81325,66.773865,70.25961
2018-01-01 11:00:00,6.083886e-22,0.0,66.37358,357730.44,0.0,0.0,22.949024,0.77396595,1.0,1.0,68.5453,0.0,0.0,0.0,-2.1538305e-13,-0.8557267,402.05957,1.60746,66.37358,55.184006,0.0,0.9,0.0,-2.2973694e-13,0.0,76.00865,64.832695,64.814514,66.77475,70.29592
2018-01-01 11:01:00,3.5257216000000005e-22,0.0,66.37358,357730.44,0.0,0.0,23.051033,0.7738404,1.0,1.0,68.55333,0.0,0.0,0.0,-2.1531518e-13,-0.85558254,402.05954,1.60746,66.37358,55.184006,0.0,0.9,0.0,-2.2966216e-13,0.0,76.00969,64.83336,64.81583,66.77568,70.33206
2018-01-01 11:02:00,-4.3619267e-22,0.0,66.37358,357730.44,0.0,0.0,23.102009,0.77371496,1.0,1.0,68.56134,0.0,0.0,0.0,-2.152445e-13,-0.8554527,402.0595,1.60746,66.37358,55.184006,0.0,0.9,0.0,-2.295898e-13,0.0,76.010735,64.833954,64.817154,66.77667,70.36816
2018-01-01 11:03:00,7.1647195e-22,0.0,66.37358,357730.44,0.0,0.0,23.102009,0.773586,1.0,1.0,68.56934,0.0,0.0,0.0,-2.1517578e-13,-0.85531384,402.05948,1.60746,66.37358,55.184006,0.0,0.9,0.0,-2.2951367e-13,0.0,76.01183,64.83467,64.81847,66.777664,70.40408
2018-01-01 11:04:00,1.5108792e-22,0.0,66.37358,357730.44,0.0,0.0,23.152985,0.77346396,1.0,1.0,68.57735,0.0,0.0,0.0,-2.151032e-13,-0.8551667,402.05945,1.60746,66.37358,55.184006,0.0,0.9,0.0,-2.2944125e-13,0.0,76.01288,64.83539,64.8199,66.7787,70.43984
2018-01-01 11:05:00,4.429532500000001e-22,0.0,66.37358,357730.44,0.0,0.0,23.204018,0.7733373,1.0,1.0,68.58533,0.0,0.0,0.0,-2.1504169e-13,-0.8550444,402.05942,1.60746,66.37358,55.184006,0.0,0.9,0.0,-2.2936346e-13,0.0,76.013916,64.836105,64.82132,66.77975,70.47555
2018-01-01 11:06:00,-5.212025e-22,0.0,66.37358,357730.44,0.0,0.0,23.254993,0.7732141,1.0,1.0,68.59331,0.0,0.0,0.0,-2.1496731e-13,-0.8548954,402.0594,1.60746,66.37358,55.184006,0.0,0.9,0.0,-2.2929076e-13,0.0,76.01497,64.83687,64.82281,66.78079,70.51109
2018-01-01 11:07:00,-2.1613216000000004e-22,0.0,66.37358,357730.44,0.0,0.0,23.306025,0.7730852,1.0,1.0,68.60126,0.0,0.0,0.0,-2.1489592e-13,-0.8547496,402.05936,1.60746,66.37358,55.184006,0.0,0.9,0.0,-2.292162e-13,0.0,76.01595,64.83764,64.824295,66.78189,70.546524
2018-01-01 11:08:00,-1.0831584e-22,0.0,66.37358,357730.44,0.0,0.0,23.357002,0.7729585,1.0,1.0,68.60924,0.0,0.0,0.0,-2.1482711e-13,-0.8546201,402.05933,1.60746,66.37358,55.184006,0.0,0.9,0.0,-2.2914092e-13,0.0,76.017,64.83846,64.82583,66.78304,70.58184
2018-01-01 11:09:00,-2.5889117e-22,0.0,66.37358,357730.44,0.0,0.0,23.45901,0.77283764,1.0,1.0,68.61721,0.0,0.0,0.0,-2.1475511e-13,-0.8544768,402.0593,1.60746,66.37358,55.184006,0.0,0.9,0.0,-2.2906804e-13,0.0,76.018036,64.83934,64.82742,66.784256,70.617
2018-01-01 11:10:00,-1.0128130000000001e-22,0.0,66.37358,357730.44,0.0,0.0,23.509987,0.77270865,1.0,1.0,68.62515,0.0,0.0,0.0,-2.1468068e-13,-0.8543402,402.05927,1.60746,66.37358,55.184006,0.0,0.9,0.0,-2.2899296e-13,0.0,76.01903,64.840225,64.82901,66.78546,70.65204
2018-01-01 11:11:00,-5.333276000000001e-22,0.0,66.37358,357730.44,0.0,0.0,23.509987,0.7725843,1.0,1.0,68.63309,0.0,0.0,0.0,-2.1461987e-13,-0.854202,402.05923,1.60746,66.37358,55.184006,0.0,0.9,0.0,-2.2891804e-13,0.0,76.02007,64.841095,64.83066,66.78667,70.68692
2018-01-01 11:12:00,1.7447119000000002e-22,0.0,66.37358,357730.44,0.0,0.0,23.561016,0.77246,1.0,1.0,68.64093,0.0,0.0,0.0,-2.1454813e-13,-0.8540625,402.0592,1.60746,66.37358,55.184006,0.0,0.9,0.0,-2.2884345e-13,0.0,76.02106,64.84198,64.83226,66.78787,70.72148
2018-01-01 11:13:00,-3.9880062000000003e-22,0.0,66.37358,357730.44,0.0,0.0,23.611994,0.7723333,1.0,1.0,68.64874,0.0,0.0,0.0,-2.1447706e-13,-0.85391784,402.05917,1.60746,66.37358,55.184006,0.0,0.9,0.0,-2.2877056e-13,0.0,76.02211,64.84286,64.83385,66.789085,70.75581
2018-01-01 11:14:00,4.352307e-22,0.0,66.37358,357730.44,0.0,0.0,23.663025,0.77220786,1.0,1.0,68.65653,0.0,0.0,0.0,-2.1440563e-13,-0.8537866,402.05914,1.60746,66.37358,55.184006,0.0,0.9,0.0,-2.2869396e-13,0.0,76.023094,64.843796,64.83544,66.7903,70.79003
2018-01-01 11:15:00,3.1831960000000005e-23,0.0,66.37358,357730.44,0.0,0.0,23.714,0.7720823,1.0,1.0,68.6643,0.0,0.0,0.0,-2.1434215e-13,-0.8536409,402.0591,1.60746,66.37358,55.184006,0.0,0.9,0.0,-2.2862208e-13,0.0,76.02408,64.844666,64.83709,66.79156,70.82409
2018-01-01 11:16:00,3.7817494000000005e-22,0.0,66.37358,357730.44,0.0,0.0,23.765034,0.77195567,1.0,1.0,68.67205,0.0,0.0,0.0,-2.1427035e-13,-0.8535103,402.05908,1.60746,66.37358,55.184006,0.0,0.9,0.0,-2.2854662e-13,0.0,76.02507,64.845604,64.83874,66.792816,70.85803
2018-01-01 11:17:00,2.0323855000000002e-22,0.0,66.37358,357730.44,0.0,0.0,23.81601,0.7718325,1.0,1.0,68.679794,0.0,0.0,0.0,-2.1420039e-13,-0.8533721,402.05905,1.60746,66.37358,55.184006,0.0,0.9,0.0,-2.2847295e-13,0.0,76.02606,64.84659,64.84044,66.79414,70.89177
2018-01-01 11:18:00,3.1002256000000004e-22,0.0,66.37358,357730.44,0.0,0.0,23.918018,0.77170473,1.0,1.0,68.68752,0.0,0.0,0.0,-2.141331e-13,-0.8532263,402.05902,1.60746,66.37358,55.184006,0.0,0.9,0.0,-2.2839865e-13,0.0,76.027054,64.84758,64.84215,66.795456,70.925385
2018-01-01 11:19:00,-4.8121630000000005e-22,0.0,66.37358,357730.44,0.0,0.0,23.918018,0.77158266,1.0,1.0,68.69526,0.0,0.0,0.0,-2.1406082e-13,-0.85308427,402.059,1.60746,66.37358,55.184006,0.0,0.9,0.0,-2.2832596e-13,0.0,76.02804,64.848625,64.8439,66.79683,70.95889
2018-01-01 11:20:00,-5.723257e-23,0.0,66.37358,357730.44,0.0,0.0,23.968994,0.7714583,1.0,1.0,68.70296,0.0,0.0,0.0,-2.1398893e-13,-0.85295695,402.05896,1.60746,66.37358,55.184006,0.0,0.9,0.0,-2.282493e-13,0.0,76.02902,64.84967,64.84566,66.7982,70.99223
2018-01-01 11:21:00,1.8411043e-22,0.0,66.37353,357730.44,0.0,0.0,24.020025,0.77133286,1.0,1.0,68.710625,0.0,0.0,0.0,-2.1392576e-13,-0.8528091,402.05893,1.60746,66.37353,55.184006,0.0,0.9,0.0,-2.281772e-13,0.0,76.02996,64.85071,64.84747,66.799576,71.02541
2018-01-01 11:22:00,8.28423e-22,0.0,66.37353,357730.44,0.0,0.0,24.071003,0.7712039,1.0,1.0,68.71831,0.0,0.0,0.0,-2.1385477e-13,-0.8526786,402.0589,1.60746,66.37353,55.184006,0.0,0.9,0.0,-2.281022e-13,0.0,76.030945,64.85181,64.849335,66.80101,71.05849
2018-01-01 11:23:00,-9.72482e-23,0.0,66.37353,357730.44,0.0,0.0,24.122034,0.7710784,1.0,1.0,68.725975,0.0,0.0,0.0,-2.1378789e-13,-0.8525371,402.05887,1.60746,66.37353,55.184006,0.0,0.9,0.0,-2.2802913e-13,0.0,76.03188,64.852905,64.85121,66.80249,71.091385
2018-01-01 11:24:00,1.3773882e-23,0.0,66.37353,357730.44,0.0,0.0,24.17301,0.7709552,1.0,1.0,68.73363,0.0,0.0,0.0,-2.1371358e-13,-0.85239863,402.05884,1.60746,66.37353,55.184006,0.0,0.9,0.0,-2.2795478e-13,0.0,76.03287,64.854065,64.853134,66.80397,71.12413
2018-01-01 11:25:00,1.4652771000000002e-22,0.0,66.37353,357730.44,0.0,0.0,24.275019,0.7708274,1.0,1.0,68.74125,0.0,0.0,0.0,-2.136475e-13,-0.8522605,402.0588,1.60746,66.37353,55.184006,0.0,0.9,0.0,-2.2788133e-13,0.0,76.033806,64.85522,64.85506,66.80545,71.1567
2018-01-01 11:26:00,-1.5182152e-22,0.0,66.37353,357730.44,0.0,0.0,24.325994,0.77070427,1.0,1.0,68.74886,0.0,0.0,0.0,-2.1357554e-13,-0.8521325,402.05878,1.60746,66.37353,55.184006,0.0,0.9,0.0,-2.2780473e-13,0.0,76.034744,64.85643,64.857025,66.80694,71.18916
2018-01-01 11:27:00,6.598865600000001e-22,0.0,66.37353,357730.44,0.0,0.0,24.325994,0.7705788,1.0,1.0,68.75644,0.0,0.0,0.0,-2.135064e-13,-0.85198045,402.05875,1.60746,66.37353,55.184006,0.0,0.9,0.0,-2.2773284e-13,0.0,76.035675,64.857635,64.85901,66.808426,71.221466
2018-01-01 11:28:00,7.037703e-22,0.0,66.37353,357730.44,0.0,0.0,24.377026,0.77045673,1.0,1.0,68.76402,0.0,0.0,0.0,-2.1343448e-13,-0.8518491,402.05872,1.60746,66.37353,55.184006,0.0,0.9,0.0,-2.276579e-13,0.0,76.036606,64.85884,64.86104,66.80996,71.253654
2018-01-01 11:29:00,-1.4497444e-23,0.0,66.37353,357730.44,0.0,0.0,24.428003,0.7703278,1.0,1.0,68.77158,0.0,0.0,0.0,-2.1337111e-13,-0.8516943,402.0587,1.60746,66.37353,55.184006,0.0,0.9,0.0,-2.2758526e-13,0.0,76.03754,64.86011,64.86313,66.81149,71.28563
2018-01-01 11:30:00,4.177907e-22,0.0,66.37353,357730.44,0.0,0.0,24.479034,0.7702058,1.0,1.0,68.77911,0.0,0.0,0.0,-2.1329764e-13,-0.85156965,402.05865,1.60746,66.37353,55.184006,0.0,0.9,0.0,-2.2751047e-13,0.0,76.038475,64.861374,64.86522,66.813034,71.31749
2018-01-01 11:31:00,8.048390600000001e-22,0.0,66.37353,357730.44,0.0,0.0,24.53001,0.77007914,1.0,1.0,68.78666,0.0,0.0,0.0,-2.1322751e-13,-0.8514266,402.05862,1.60746,66.37353,55.184006,0.0,0.9,0.0,-2.274358e-13,0.0,76.03941,64.862686,64.867355,66.814575,71.349236
2018-01-01 11:32:00,-9.301699e-24,0.0,66.37353,357730.44,0.0,0.0,24.580988,0.7699536,1.0,1.0,68.79411,0.0,0.0,0.0,-2.1315739e-13,-0.8512908,402.05856,1.60746,66.37353,55.184006,0.0,0.9,0.0,-2.2736228e-13,0.0,76.040344,64.864006,64.8695,66.81612,71.3806
2018-01-01 11:33:00,1.5915827000000002e-22,0.0,66.37353,357730.44,0.0,0.0,24.632019,0.7698293,1.0,1.0,68.80151,0.0,0.0,0.0,-2.1308716e-13,-0.8511507,402.05853,1.60746,66.37353,55.184006,0.0,0.9,0.0,-2.272894e-13,0.0,76.04122,64.86538,64.87164,66.81765,71.4117
2018-01-01 11:34:00,1.0667715e-23,0.0,66.37353,357730.44,0.0,0.0,24.734028,0.7697038,1.0,1.0,68.80885,0.0,0.0,0.0,-2.1302305e-13,-0.85101295,402.0585,1.60746,66.37353,55.184006,0.0,0.9,0.0,-2.2721512e-13,0.0,76.04216,64.8667,64.87384,66.81914,71.4424
2018-01-01 11:35:00,-5.040882e-22,0.0,66.37353,357730.44,0.0,0.0,24.734028,0.76957715,1.0,1.0,68.81609,0.0,0.0,0.0,-2.1295385e-13,-0.85087436,402.05847,1.60746,66.37353,55.184006,0.0,0.9,0.0,-2.2714308e-13,0.0,76.04303,64.86807,64.87604,66.82062,71.47272
2018-01-01 11:36:00,-6.9401920000000005e-22,0.0,66.37353,357730.44,0.0,0.0,24.785004,0.7694528,1.0,1.0,68.82331,0.0,0.0,0.0,-2.1287894e-13,-0.85073954,402.05844,1.60746,66.37353,55.184006,0.0,0.9,0.0,-2.2706719e-13,0.0,76.04397,64.869446,64.878235,66.8221,71.50277
2018-01-01 11:37:00,6.71299e-22,0.0,66.37353,357730.44,0.0,0.0,24.836035,0.7693285,1.0,1.0,68.83044,0.0,0.0,0.0,-2.1280925e-13,-0.85059834,402.0584,1.60746,66.37353,55.184006,0.0,0.9,0.0,-2.2699514e-13,0.0,76.044846,64.87087,64.880486,66.82353,71.53243
2018-01-01 11:38:00,3.6796481000000005e-22,0.0,66.37353,357730.44,0.0,0.0,24.887012,0.7692053,1.0,1.0,68.83748,0.0,0.0,0.0,-2.1274983e-13,-0.8504634,402.05838,1.60746,66.37353,55.184006,0.0,0.9,0.0,-2.2691998e-13,0.0,76.04578,64.872246,64.88268,66.82495,71.56171
2018-01-01 11:39:00,5.2079671999999997e-23,0.0,66.37353,357730.44,0.0,0.0,24.937988,0.7690798,1.0,1.0,68.84447,0.0,0.0,0.0,-2.1267404e-13,-0.85032105,402.05835,1.60746,66.37353,55.184006,0.0,0.9,0.0,-2.2684721e-13,0.0,76.04666,64.87367,64.884995,66.826385,71.59061
2018-01-01 11:40:00,3.4066687e-22,0.0,66.37353,357730.44,0.0,0.0,24.98902,0.7689543,1.0,1.0,68.851364,0.0,0.0,0.0,-2.1260183e-13,-0.85017836,402.05832,1.60746,66.37353,55.184006,0.0,0.9,0.0,-2.2677293e-13,0.0,76.04754,64.87511,64.88724,66.82776,71.61917
2018-01-01 11:41:00,1.9788438000000002e-22,0.0,66.37353,357730.44,0.0,0.0,25.039997,0.7688288,1.0,1.0,68.85819,0.0,0.0,0.0,-2.1253744e-13,-0.8500505,402.0583,1.60746,66.37353,55.184006,0.0,0.9,0.0,-2.2670018e-13,0.0,76.048416,64.87659,64.88955,66.82907,71.647354
2018-01-01 11:42:00,4.449474e-23,0.0,66.37353,357730.44,0.0,0.0,25.142004,0.7687056,1.0,1.0,68.86493,0.0,0.0,0.0,-2.1246743e-13,-0.84990937,402.05826,1.60746,66.37353,55.184006,0.0,0.9,0.0,-2.2662497e-13,0.0,76.0493,64.87801,64.8918,66.8304,71.67514
2018-01-01 11:43:00,1.0073428000000001e-22,0.0,66.37353,357730.44,0.0,0.0,25.142004,0.7685778,1.0,1.0,68.871605,0.0,0.0,0.0,-2.1239732e-13,-0.84977245,402.05823,1.60746,66.37353,55.184006,0.0,0.9,0.0,-2.2655211e-13,0.0,76.05017,64.8795,64.894165,66.83166,71.70256
2018-01-01 11:44:00,-8.761729e-22,0.0,66.37353,357730.44,0.0,0.0,25.193035,0.7684535,1.0,1.0,68.878204,0.0,0.0,0.0,-2.1233232e-13,-0.84964204,402.0582,1.60746,66.37353,55.184006,0.0,0.9,0.0,-2.2647772e-13,0.0,76.051056,64.88098,64.89647,66.83292,71.72958
2018-01-01 11:45:00,-6.25357e-22,0.0,66.37353,357730.44,0.0,0.0,25.244013,0.7683292,1.0,1.0,68.884705,0.0,0.0,0.0,-2.1226478e-13,-0.8494901,402.05817,1.60746,66.37353,55.184006,0.0,0.9,0.0,-2.2640414e-13,0.0,76.05188,64.88246,64.898834,66.83413,71.756226
2018-01-01 11:46:00,-5.059883e-22,0.0,66.373474,357730.44,0.0,0.0,25.294989,0.7682037,1.0,1.0,68.89115,0.0,0.0,0.0,-2.1219482e-13,-0.84935987,402.05814,1.60746,66.373474,55.184006,0.0,0.9,0.0,-2.2633128e-13,0.0,76.05276,64.88394,64.9012,66.83534,71.782486
2018-01-01 11:47:00,-2.356234e-22,0.0,66.373474,357730.44,0.0,0.0,25.34602,0.76808053,1.0,1.0,68.89749,0.0,0.0,0.0,-2.1212205e-13,-0.84921443,402.0581,1.60746,66.373474,55.184006,0.0,0.9,0.0,-2.2625917e-13,0.0,76.05358,64.88548,64.90356,66.83649,71.80835
2018-01-01 11:48:00,-4.7894933e-23,0.0,66.373474,357730.44,0.0,0.0,25.396997,0.7679562,1.0,1.0,68.90376,0.0,0.0,0.0,-2.1205517e-13,-0.8490869,402.05807,1.60746,66.373474,55.184006,0.0,0.9,0.0,-2.2618336e-13,0.0,76.05446,64.88696,64.905914,66.837585,71.83385
2018-01-01 11:49:00,4.4538950000000005e-23,0.0,66.373474,357730.44,0.0,0.0,25.448029,0.76782954,1.0,1.0,68.90993,0.0,0.0,0.0,-2.1198271e-13,-0.8489421,402.05804,1.60746,66.373474,55.184006,0.0,0.9,0.0,-2.2611233e-13,0.0,76.05528,64.888504,64.90834,66.83864,71.85889
2018-01-01 11:50:00,-1.3196939000000001e-22,0.0,66.373474,357730.44,0.0,0.0,25.550037,0.7677052,1.0,1.0,68.91603,0.0,0.0,0.0,-2.1191499e-13,-0.84881115,402.058,1.60746,66.373474,55.184006,0.0,0.9,0.0,-2.2603647e-13,0.0,76.05611,64.890045,64.9107,66.839676,71.883606
2018-01-01 11:51:00,-2.1022112000000001e-22,0.0,66.373474,357730.44,0.0,0.0,25.550037,0.767582,1.0,1.0,68.922066,0.0,0.0,0.0,-2.1184955e-13,-0.8486704,402.05798,1.60746,66.373474,55.184006,0.0,0.9,0.0,-2.2596431e-13,0.0,76.05693,64.89159,64.91317,66.84072,71.90789
2018-01-01 11:52:00,-1.6990042000000002e-22,0.0,66.373474,357730.44,0.0,0.0,25.601013,0.76745766,1.0,1.0,68.92797,0.0,0.0,0.0,-2.1177268e-13,-0.8485292,402.05795,1.60746,66.373474,55.184006,0.0,0.9,0.0,-2.2589084e-13,0.0,76.0577,64.89312,64.91559,66.84166,71.931786
2018-01-01 11:53:00,4.557784400000001e-22,0.0,66.373474,357730.44,0.0,0.0,25.651989,0.7673322,1.0,1.0,68.93384,0.0,0.0,0.0,-2.1170602e-13,-0.8483939,402.05792,1.60746,66.373474,55.184006,0.0,0.9,0.0,-2.2581756e-13,0.0,76.058525,64.894714,64.918,66.84264,71.95529
2018-01-01 11:54:00,-7.479281e-24,0.0,66.373474,357730.44,0.0,0.0,25.703022,0.76720786,1.0,1.0,68.93958,0.0,0.0,0.0,-2.1163935e-13,-0.84825224,402.0579,1.60746,66.373474,55.184006,0.0,0.9,0.0,-2.2574557e-13,0.0,76.059296,64.896255,64.92047,66.84352,71.97836
2018-01-01 11:55:00,1.8915057000000003e-22,0.0,66.373474,357730.44,0.0,0.0,25.753998,0.76708233,1.0,1.0,68.94529,0.0,0.0,0.0,-2.1157476e-13,-0.84812546,402.05786,1.60746,66.373474,55.184006,0.0,0.9,0.0,-2.2567115e-13,0.0,76.06012,64.89784,64.92294,66.84445,72.001114
2018-01-01 11:56:00,2.154949e-22,0.0,66.373474,357730.44,0.0,0.0,25.805029,0.766958,1.0,1.0,68.95071,0.0,0.0,0.0,-2.115009e-13,-0.8479847,402.05783,1.60746,66.373474,55.184006,0.0,0.9,0.0,-2.255974e-13,0.0,76.06088,64.89938,64.92537,66.845276,72.022644
2018-01-01 11:57:00,-7.195036000000001e-22,0.0,66.373474,357730.44,0.0,0.0,25.856007,0.76683253,1.0,1.0,68.95602,0.0,0.0,0.0,-2.114404e-13,-0.8478476,402.0578,1.60746,66.373474,55.184006,0.0,0.9,0.0,-2.2552416e-13,0.0,76.06166,64.900925,64.92778,66.846054,72.043686
2018-01-01 11:58:00,2.7662767e-22,0.0,66.373474,357730.44,0.0,0.0,25.958014,0.7667105,1.0,1.0,68.96126,0.0,0.0,0.0,-2.1136374e-13,-0.84769994,402.05777,1.60746,66.373474,55.184006,0.0,0.9,0.0,-2.2545315e-13,0.0,76.06237,64.90251,64.93025,66.84688,72.064285
2018-01-01 11:59:00,-8.540252299999999e-23,0.0,66.373474,357730.44,0.0,0.0,25.958014,0.76658386,1.0,1.0,68.9664,0.0,0.0,0.0,-2.1129588e-13,-0.84756505,402.05774,1.60746,66.373474,55.184006,0.0,0.9,0.0,-2.2537931e-13,0.0,76.06314,64.904106,64.93267,66.84764,72.08444
2018-01-01 12:00:00,1.0008629e-22,0.0,66.373474,357730.44,0.0,0.0,26.008991,0.7664596,1.0,1.0,68.971436,0.0,0.0,0.0,-2.1123019e-13,-0.8474254,402.0577,1.60746,66.373474,55.184006,0.0,0.9,0.0,-2.2530414e-13,0.0,76.06386,64.9057,64.93509,66.84841,72.10411
2018-01-01 12:01:00,-5.935496500000001e-22,0.0,66.373474,357730.44,0.0,0.0,26.060022,0.76633525,1.0,1.0,68.976425,0.0,0.0,0.0,-2.1115842e-13,-0.84729964,402.05768,1.60746,66.373474,55.184006,0.0,0.9,0.0,-2.2523042e-13,0.0,76.06457,64.90735,64.93756,66.849236,72.12338
2018-01-01 12:02:00,-2.3942014000000002e-22,0.0,66.373474,357730.44,0.0,0.0,26.093037,0.7662109,1.0,1.0,68.98131,0.0,0.0,0.0,-2.1109494e-13,-0.8471607,402.05765,1.60746,66.373474,55.184006,0.0,0.9,0.0,-2.2515837e-13,0.0,76.06528,64.909,64.94003,66.849945,72.14229
2018-01-01 12:03:00,-5.9471777e-22,0.0,66.373474,357730.44,0.0,0.0,26.125996,0.7660866,1.0,1.0,68.98611,0.0,0.0,0.0,-2.110295e-13,-0.8470156,402.05762,1.60746,66.373474,55.184006,0.0,0.9,0.0,-2.2508604e-13,0.0,76.065994,64.910645,64.942505,66.85072,72.16069
2018-01-01 12:04:00,3.4935338e-22,0.0,66.373474,357730.44,0.0,0.0,26.159008,0.76596224,1.0,1.0,68.99083,0.0,0.0,0.0,-2.1095343e-13,-0.8468778,402.0576,1.60746,66.373474,55.184006,0.0,0.9,0.0,-2.2501028e-13,0.0,76.06665,64.912346,64.94498,66.85149,72.1787
2018-01-01 12:05:00,3.696317e-22,0.0,66.373474,357730.44,0.0,0.0,26.192022,0.7658367,1.0,1.0,68.99548,0.0,0.0,0.0,-2.1089085e-13,-0.8467369,402.05756,1.60746,66.373474,55.184006,0.0,0.9,0.0,-2.2494032e-13,0.0,76.06737,64.91405,64.94745,66.8522,72.196335
2018-01-01 12:06:00,4.924407e-22,0.0,66.373474,357730.44,0.0,0.0,26.257996,0.7657124,1.0,1.0,69.000046,0.0,0.0,0.0,-2.1081975e-13,-0.84660256,402.05753,1.60746,66.373474,55.184006,0.0,0.9,0.0,-2.2486662e-13,0.0,76.06802,64.9158,64.94992,66.85297,72.21353
2018-01-01 12:07:00,-2.1599307e-22,0.0,66.373474,357730.44,0.0,0.0,26.257996,0.76558805,1.0,1.0,69.00453,0.0,0.0,0.0,-2.1076009e-13,-0.8464729,402.05746,1.60746,66.373474,55.184006,0.0,0.9,0.0,-2.2479371e-13,0.0,76.06869,64.917564,64.952446,66.85368,72.230286
2018-01-01 12:08:00,1.0074538000000001e-22,0.0,66.373474,357730.44,0.0,0.0,26.29101,0.7654637,1.0,1.0,69.00893,0.0,0.0,0.0,-2.1068444e-13,-0.8463337,402.05743,1.60746,66.373474,55.184006,0.0,0.9,0.0,-2.247193e-13,0.0,76.06929,64.91937,64.95492,66.8544,72.24666
2018-01-01 12:09:00,1.7083658000000002e-22,0.0,66.373474,357730.44,0.0,0.0,26.324024,0.76534057,1.0,1.0,69.01326,0.0,0.0,0.0,-2.1061413e-13,-0.84619606,402.0574,1.60746,66.373474,55.184006,0.0,0.9,0.0,-2.2464627e-13,0.0,76.06995,64.92119,64.95744,66.85512,72.26259
2018-01-01 12:10:00,1.0986022e-22,0.0,66.373474,357730.44,0.0,0.0,26.357037,0.76521504,1.0,1.0,69.01749,0.0,0.0,0.0,-2.1054931e-13,-0.84606093,402.05737,1.60746,66.373474,55.184006,0.0,0.9,0.0,-2.2457294e-13,0.0,76.07056,64.923004,64.95998,66.85583,72.278076
2018-01-01 12:11:00,3.3233034e-22,0.0,66.37341,357730.44,0.0,0.0,26.389996,0.7650907,1.0,1.0,69.02165,0.0,0.0,0.0,-2.1048168e-13,-0.84591013,402.05734,1.60746,66.37341,55.184006,0.0,0.9,0.0,-2.2450244e-13,0.0,76.07116,64.924866,64.96245,66.85654,72.293236
2018-01-01 12:12:00,4.765189e-22,0.0,66.37341,357730.44,0.0,0.0,26.42301,0.76496637,1.0,1.0,69.025734,0.0,0.0,0.0,-2.1041105e-13,-0.8457804,402.0573,1.60746,66.37341,55.184006,0.0,0.9,0.0,-2.2442871e-13,0.0,76.07176,64.92674,64.964966,66.857254,72.30791
2018-01-01 12:13:00,-5.327411e-22,0.0,66.37341,357730.44,0.0,0.0,26.489038,0.76484555,1.0,1.0,69.029724,0.0,0.0,0.0,-2.1033774e-13,-0.84564346,402.05728,1.60746,66.37341,55.184006,0.0,0.9,0.0,-2.2435508e-13,0.0,76.07231,64.928665,64.9675,66.85791,72.322235
2018-01-01 12:14:00,1.8834827000000002e-22,0.0,66.37341,357730.44,0.0,0.0,26.521997,0.7647201,1.0,1.0,69.033646,0.0,0.0,0.0,-2.1026993e-13,-0.8455099,402.05725,1.60746,66.37341,55.184006,0.0,0.9,0.0,-2.2428218e-13,0.0,76.07286,64.93059,64.970024,66.85863,72.336136
2018-01-01 12:15:00,-1.352678e-22,0.0,66.37341,357730.44,0.0,0.0,26.521997,0.7645934,1.0,1.0,69.03749,0.0,0.0,0.0,-2.1020273e-13,-0.84536636,402.05722,1.60746,66.37341,55.184006,0.0,0.9,0.0,-2.242098e-13,0.0,76.07341,64.93251,64.97261,66.85928,72.349594
2018-01-01 12:16:00,2.8975693999999997e-23,0.0,66.37341,357730.44,0.0,0.0,26.555012,0.76447254,1.0,1.0,69.041245,0.0,0.0,0.0,-2.101335e-13,-0.8452302,402.0572,1.60746,66.37341,55.184006,0.0,0.9,0.0,-2.2413732e-13,0.0,76.07396,64.93448,64.97513,66.85995,72.362724
2018-01-01 12:17:00,3.169657e-22,0.0,66.37341,357730.44,0.0,0.0,26.588024,0.7643459,1.0,1.0,69.044945,0.0,0.0,0.0,-2.1006696e-13,-0.8450893,402.05716,1.60746,66.37341,55.184006,0.0,0.9,0.0,-2.2406412e-13,0.0,76.07451,64.93646,64.977715,66.86066,72.37541
2018-01-01 12:18:00,-7.663358300000001e-22,0.0,66.37341,357730.44,0.0,0.0,26.620983,0.7642192,1.0,1.0,69.04854,0.0,0.0,0.0,-2.1000297e-13,-0.8449507,402.05713,1.60746,66.37341,55.184006,0.0,0.9,0.0,-2.2399273e-13,0.0,76.075005,64.93844,64.98024,66.86132,72.387665
2018-01-01 12:19:00,-9.030342599999999e-23,0.0,66.37341,357730.44,0.0,0.0,26.653997,0.7640984,1.0,1.0,69.05208,0.0,0.0,0.0,-2.0993366e-13,-0.8448188,402.0571,1.60746,66.37341,55.184006,0.0,0.9,0.0,-2.2392055e-13,0.0,76.075554,64.940475,64.98282,66.861984,72.39953
2018-01-01 12:20:00,-4.1723335000000003e-22,0.0,66.37341,357730.44,0.0,0.0,26.687012,0.7639752,1.0,1.0,69.05553,0.0,0.0,0.0,-2.0985866e-13,-0.84467626,402.05707,1.60746,66.37341,55.184006,0.0,0.9,0.0,-2.2384751e-13,0.0,76.07605,64.942505,64.985405,66.86264,72.41101
2018-01-01 12:21:00,6.3443254e-22,0.0,66.37341,357730.44,0.0,0.0,26.720026,0.76385206,1.0,1.0,69.058876,0.0,0.0,0.0,-2.0979179e-13,-0.844539,402.05704,1.60746,66.37341,55.184006,0.0,0.9,0.0,-2.2377444e-13,0.0,76.07649,64.944534,64.98793,66.8633,72.422104
2018-01-01 12:22:00,3.5124985000000003e-22,0.0,66.37341,357730.44,0.0,0.0,26.786,0.7637254,1.0,1.0,69.06202,0.0,0.0,0.0,-2.0972772e-13,-0.84440386,402.057,1.60746,66.37341,55.184006,0.0,0.9,0.0,-2.2369971e-13,0.0,76.07698,64.94652,64.99051,66.86391,72.43216
2018-01-01 12:23:00,-2.293346e-22,0.0,66.37341,357730.44,0.0,0.0,26.786,0.7636022,1.0,1.0,69.065025,0.0,0.0,0.0,-2.0965795e-13,-0.84426177,402.05698,1.60746,66.37341,55.184006,0.0,0.9,0.0,-2.2362942e-13,0.0,76.07742,64.94849,64.99304,66.8645,72.441666
2018-01-01 12:24:00,9.6716e-23,0.0,66.37341,357730.44,0.0,0.0,26.819012,0.7634768,1.0,1.0,69.067986,0.0,0.0,0.0,-2.0958541e-13,-0.8441332,402.05695,1.60746,66.37341,55.184006,0.0,0.9,0.0,-2.2355605e-13,0.0,76.07791,64.95047,64.99562,66.865166,72.450775
2018-01-01 12:25:00,3.7510645e-23,0.0,66.37341,357730.44,0.0,0.0,26.852026,0.7633559,1.0,1.0,69.07084,0.0,0.0,0.0,-2.0951859e-13,-0.8439935,402.05692,1.60746,66.37341,55.184006,0.0,0.9,0.0,-2.2348349e-13,0.0,76.078354,64.952446,64.99815,66.86577,72.45946
2018-01-01 12:26:00,-3.0088483000000004e-22,0.0,66.37341,357730.44,0.0,0.0,26.884985,0.7632316,1.0,1.0,69.07362,0.0,0.0,0.0,-2.094542e-13,-0.84385353,402.0569,1.60746,66.37341,55.184006,0.0,0.9,0.0,-2.2341108e-13,0.0,76.078735,64.95448,65.00073,66.86638,72.46776
2018-01-01 12:27:00,1.0675877e-22,0.0,66.37341,357730.44,0.0,0.0,26.918,0.7631038,1.0,1.0,69.07631,0.0,0.0,0.0,-2.0938675e-13,-0.8437204,402.05685,1.60746,66.37341,55.184006,0.0,0.9,0.0,-2.233388e-13,0.0,76.07918,64.95645,65.00331,66.866974,72.47561
2018-01-01 12:28:00,-3.130564e-22,0.0,66.37341,357730.44,0.0,0.0,26.951014,0.7629818,1.0,1.0,69.0789,0.0,0.0,0.0,-2.0931983e-13,-0.8435882,402.05682,1.60746,66.37341,55.184006,0.0,0.9,0.0,-2.2326632e-13,0.0,76.07956,64.95849,65.005844,66.86752,72.48308
2018-01-01 12:29:00,-5.71954e-22,0.0,66.37341,357730.44,0.0,0.0,26.984028,0.76285857,1.0,1.0,69.08143,0.0,0.0,0.0,-2.0924773e-13,-0.8434455,402.0568,1.60746,66.37341,55.184006,0.0,0.9,0.0,-2.2319294e-13,0.0,76.07995,64.960464,65.00842,66.86813,72.490166
2018-01-01 12:30:00,-3.9664512000000004e-22,0.0,66.37341,357730.44,0.0,0.0,27.05,0.76273423,1.0,1.0,69.08388,0.0,0.0,0.0,-2.0918349e-13,-0.8433029,402.05676,1.60746,66.37341,55.184006,0.0,0.9,0.0,-2.23121e-13,0.0,76.08034,64.962494,65.011,66.86874,72.49681
2018-01-01 12:31:00,-4.1434626e-23,0.0,66.37341,357730.44,0.0,0.0,27.05,0.7626076,1.0,1.0,69.08624,0.0,0.0,0.0,-2.0911647e-13,-0.8431739,402.05673,1.60746,66.37341,55.184006,0.0,0.9,0.0,-2.230466e-13,0.0,76.08072,64.96453,65.01358,66.869286,72.503075
2018-01-01 12:32:00,-3.4837244e-22,0.0,66.37341,357730.44,0.0,0.0,27.083014,0.7624867,1.0,1.0,69.088554,0.0,0.0,0.0,-2.0904945e-13,-0.8430335,402.0567,1.60746,66.37341,55.184006,0.0,0.9,0.0,-2.2297612e-13,0.0,76.0811,64.96651,65.01617,66.86989,72.50912
2018-01-01 12:33:00,-3.3086776e-23,0.0,66.37341,357730.44,0.0,0.0,27.116028,0.7623612,1.0,1.0,69.090836,0.0,0.0,0.0,-2.0898042e-13,-0.84289473,402.05667,1.60746,66.37341,55.184006,0.0,0.9,0.0,-2.229045e-13,0.0,76.081436,64.96854,65.01875,66.87044,72.515
2018-01-01 12:34:00,-2.2524912000000004e-22,0.0,66.37341,357730.44,0.0,0.0,27.148987,0.7622381,1.0,1.0,69.09306,0.0,0.0,0.0,-2.0891481e-13,-0.842761,402.05664,1.60746,66.37341,55.184006,0.0,0.9,0.0,-2.2283186e-13,0.0,76.08176,64.97057,65.02133,66.87099,72.52065
2018-01-01 12:35:00,2.9743176e-22,0.0,66.37341,357730.44,0.0,0.0,27.182001,0.76211494,1.0,1.0,69.09527,0.0,0.0,0.0,-2.0884618e-13,-0.8426255,402.0566,1.60746,66.37341,55.184006,0.0,0.9,0.0,-2.2275815e-13,0.0,76.08209,64.97261,65.02397,66.87154,72.526146
2018-01-01 12:36:00,-8.253017000000001e-23,0.0,66.37337,357730.44,0.0,0.0,27.215015,0.76199174,1.0,1.0,69.097435,0.0,0.0,0.0,-2.0877576e-13,-0.84249246,402.05658,1.60746,66.37337,55.184006,0.0,0.9,0.0,-2.2268606e-13,0.0,76.08242,64.97469,65.02655,66.872086,72.53142
2018-01-01 12:37:00,9.60895e-23,0.0,66.37337,357730.44,0.0,0.0,27.280987,0.7618663,1.0,1.0,69.09954,0.0,0.0,0.0,-2.0870877e-13,-0.8423415,402.05655,1.60746,66.37337,55.184006,0.0,0.9,0.0,-2.2261377e-13,0.0,76.082695,64.97673,65.02913,66.872635,72.53653
2018-01-01 12:38:00,-5.245515000000001e-22,0.0,66.37337,357730.44,0.0,0.0,27.314001,0.76174426,1.0,1.0,69.10163,0.0,0.0,0.0,-2.0863637e-13,-0.84221125,402.05652,1.60746,66.37337,55.184006,0.0,0.9,0.0,-2.2254206e-13,0.0,76.08297,64.97876,65.03177,66.873184,72.54147
2018-01-01 12:39:00,1.095428e-22,0.0,66.37337,357730.44,0.0,0.0,27.314001,0.7616176,1.0,1.0,69.10368,0.0,0.0,0.0,-2.0856892e-13,-0.8420725,402.0565,1.60746,66.37337,55.184006,0.0,0.9,0.0,-2.224696e-13,0.0,76.083244,64.98085,65.03435,66.87373,72.54625
2018-01-01 12:40:00,1.0595427e-22,0.0,66.37337,357730.44,0.0,0.0,27.347015,0.7614967,1.0,1.0,69.10572,0.0,0.0,0.0,-2.0850716e-13,-0.84193975,402.05646,1.60746,66.37337,55.184006,0.0,0.9,0.0,-2.2239869e-13,0.0,76.08357,64.98288,65.03699,66.87428,72.550865
2018-01-01 12:41:00,-2.8703566e-22,0.0,66.37337,357730.44,0.0,0.0,27.38003,0.7613724,1.0,1.0,69.10768,0.0,0.0,0.0,-2.0844033e-13,-0.8418024,402.05643,1.60746,66.37337,55.184006,0.0,0.9,0.0,-2.2232413e-13,0.0,76.08379,64.98497,65.039566,66.87478,72.55531
2018-01-01 12:42:00,-4.0146553000000003e-22,0.0,66.37337,357730.44,0.0,0.0,27.412989,0.76124805,1.0,1.0,69.10966,0.0,0.0,0.0,-2.0836786e-13,-0.8416749,402.05637,1.60746,66.37337,55.184006,0.0,0.9,0.0,-2.2225349e-13,0.0,76.08407,64.987,65.042206,66.87533,72.559654
2018-01-01 12:43:00,4.9746937e-22,0.0,66.37337,357730.44,0.0,0.0,27.446003,0.76112604,1.0,1.0,69.11159,0.0,0.0,0.0,-2.082973e-13,-0.8415293,402.05634,1.60746,66.37337,55.184006,0.0,0.9,0.0,-2.2218201e-13,0.0,76.08434,64.98909,65.044846,66.87588,72.563774
2018-01-01 12:44:00,3.1469017999999997e-23,0.0,66.37337,357730.44,0.0,0.0,27.479015,0.7610006,1.0,1.0,69.113464,0.0,0.0,0.0,-2.0823157e-13,-0.8413941,402.0563,1.60746,66.37337,55.184006,0.0,0.9,0.0,-2.2210917e-13,0.0,76.084564,64.99117,65.047424,66.87637,72.56778
2018-01-01 12:45:00,-2.6570735e-23,0.0,66.37337,357730.44,0.0,0.0,27.544989,0.76087976,1.0,1.0,69.115326,0.0,0.0,0.0,-2.0816497e-13,-0.8412528,402.05627,1.60746,66.37337,55.184006,0.0,0.9,0.0,-2.2203719e-13,0.0,76.08478,64.993256,65.050064,66.87692,72.571625
2018-01-01 12:46:00,-4.14242e-23,0.0,66.37337,357730.44,0.0,0.0,27.578003,0.7607542,1.0,1.0,69.11716,0.0,0.0,0.0,-2.0809485e-13,-0.8411215,402.05624,1.60746,66.37337,55.184006,0.0,0.9,0.0,-2.219647e-13,0.0,76.08501,64.995346,65.0527,66.87741,72.57531
2018-01-01 12:47:00,7.542628e-24,0.0,66.37337,357730.44,0.0,0.0,27.578003,0.7606311,1.0,1.0,69.11897,0.0,0.0,0.0,-2.080269e-13,-0.8409891,402.0562,1.60746,66.37337,55.184006,0.0,0.9,0.0,-2.2189314e-13,0.0,76.08528,64.99749,65.05533,66.877914,72.57888
2018-01-01 12:48:00,-5.2671353e-23,0.0,66.37337,357730.44,0.0,0.0,27.611017,0.7605079,1.0,1.0,69.12074,0.0,0.0,0.0,-2.0796135e-13,-0.8408484,402.05618,1.60746,66.37337,55.184006,0.0,0.9,0.0,-2.2182022e-13,0.0,76.08544,64.99957,65.05797,66.8784,72.58229
2018-01-01 12:49:00,3.1188086e-23,0.0,66.37337,357730.44,0.0,0.0,27.644032,0.76038474,1.0,1.0,69.12251,0.0,0.0,0.0,-2.078904e-13,-0.8407069,402.05615,1.60746,66.37337,55.184006,0.0,0.9,0.0,-2.2174813e-13,0.0,76.08566,65.001724,65.06061,66.87895,72.58559
2018-01-01 12:50:00,2.8486083e-23,0.0,66.37337,357730.44,0.0,0.0,27.67699,0.7602581,1.0,1.0,69.12422,0.0,0.0,0.0,-2.0783066e-13,-0.8405688,402.05612,1.60746,66.37337,55.184006,0.0,0.9,0.0,-2.2167617e-13,0.0,76.08588,65.00381,65.06325,66.87945,72.588715
2018-01-01 12:51:00,5.773606e-23,0.0,66.37337,357730.44,0.0,0.0,27.710003,0.7601372,1.0,1.0,69.12593,0.0,0.0,0.0,-2.077607e-13,-0.84043694,402.0561,1.60746,66.37337,55.184006,0.0,0.9,0.0,-2.2160586e-13,0.0,76.086105,65.00595,65.06593,66.879944,72.591736
2018-01-01 12:52:00,-2.8961378e-23,0.0,66.37337,357730.44,0.0,0.0,27.743017,0.7600117,1.0,1.0,69.1276,0.0,0.0,0.0,-2.0769656e-13,-0.8402946,402.05606,1.60746,66.37337,55.184006,0.0,0.9,0.0,-2.2153278e-13,0.0,76.08632,65.00809,65.06857,66.88043,72.59459
2018-01-01 12:53:00,-5.742275e-24,0.0,66.37337,357730.44,0.0,0.0,27.776031,0.7598897,1.0,1.0,69.12925,0.0,0.0,0.0,-2.07627e-13,-0.84016985,402.05606,1.60746,66.37337,55.184006,0.0,0.9,0.0,-2.2145975e-13,0.0,76.08649,65.010284,65.07121,66.880936,72.597336
2018-01-01 12:54:00,-5.207226e-24,0.0,66.37337,357730.44,0.0,0.0,27.842005,0.7597654,1.0,1.0,69.13088,0.0,0.0,0.0,-2.0755759e-13,-0.8400246,402.05603,1.60746,66.37337,55.184006,0.0,0.9,0.0,-2.2139064e-13,0.0,76.0867,65.012436,65.0739,66.881424,72.599976
2018-01-01 12:55:00,-4.6352414e-24,0.0,66.37337,357730.44,0.0,0.0,27.842005,0.7596469,1.0,1.0,69.13249,0.0,0.0,0.0,-2.0748266e-13,-0.839893,402.056,1.60746,66.37337,55.184006,0.0,0.9,0.0,-2.2131784e-13,0.0,76.08693,65.01463,65.07654,66.88192,72.60245
2018-01-01 12:56:00,-1.454828e-23,0.0,66.37337,357730.44,0.0,0.0,27.87502,0.7595179,1.0,1.0,69.13407,0.0,0.0,0.0,-2.0742627e-13,-0.8397516,402.05597,1.60746,66.37337,55.184006,0.0,0.9,0.0,-2.2124646e-13,0.0,76.08709,65.01683,65.07922,66.882416,72.60481
2018-01-01 12:57:00,2.4403198999999998e-23,0.0,66.37337,357730.44,0.0,0.0,27.908031,0.75939703,1.0,1.0,69.13562,0.0,0.0,0.0,-2.0734904e-13,-0.8396168,402.05594,1.60746,66.37337,55.184006,0.0,0.9,0.0,-2.2117208e-13,0.0,76.08725,65.01903,65.08186,66.882904,72.607056
2018-01-01 12:58:00,1.7874681e-23,0.0,66.37337,357730.44,0.0,0.0,27.94099,0.75927156,1.0,1.0,69.137146,0.0,0.0,0.0,-2.0728658e-13,-0.8394924,402.0559,1.60746,66.37337,55.184006,0.0,0.9,0.0,-2.2110078e-13,0.0,76.08742,65.021225,65.08456,66.88341,72.609146
2018-01-01 12:59:00,1.7234572e-24,0.0,66.37337,357730.44,0.0,0.0,27.974005,0.7591472,1.0,1.0,69.13869,0.0,0.0,0.0,-2.0722703e-13,-0.8393428,402.05588,1.60746,66.37337,55.184006,0.0,0.9,0.0,-2.2103033e-13,0.0,76.08764,65.02347,65.08725,66.883896,72.611176
2018-01-01 13:00:00,-2.4466835e-23,0.0,66.37337,357730.44,0.0,0.0,28.007019,0.75902516,1.0,1.0,69.140175,0.0,0.0,0.0,-2.0715677e-13,-0.83920616,402.05585,1.60746,66.37337,55.184006,0.0,0.9,0.0,-2.2095787e-13,0.0,76.0878,65.02573,65.08989,66.88439,72.61305
2018-01-01 13:01:00,2.650599e-23,0.0,66.37331,357730.44,0.0,0.0,28.040033,0.758902,1.0,1.0,69.14164,0.0,0.0,0.0,-2.070946e-13,-0.8390729,402.05582,1.60746,66.37331,55.184006,0.0,0.9,0.0,-2.2088546e-13,0.0,76.08797,65.02798,65.092575,66.88489,72.61481
2018-01-01 13:02:00,5.8307385e-23,0.0,66.37331,357730.44,0.0,0.0,28.106007,0.75877887,1.0,1.0,69.14308,0.0,0.0,0.0,-2.0702376e-13,-0.8389397,402.0558,1.60746,66.37331,55.184006,0.0,0.9,0.0,-2.208137e-13,0.0,76.08807,65.03029,65.09527,66.885376,72.616394
2018-01-01 13:03:00,-1.1961449e-22,0.0,66.37331,357730.44,0.0,0.0,28.106007,0.7586557,1.0,1.0,69.14435,0.0,0.0,0.0,-2.0695353e-13,-0.83879983,402.05576,1.60746,66.37331,55.184006,0.0,0.9,0.0,-2.2074343e-13,0.0,76.08824,65.032425,65.0979,66.88582,72.617386
2018-01-01 13:04:00,-1.9593947000000003e-22,0.0,66.37331,357730.44,0.0,0.0,28.139019,0.7585325,1.0,1.0,69.14562,0.0,0.0,0.0,-2.068837e-13,-0.8386663,402.05573,1.60746,66.37331,55.184006,0.0,0.9,0.0,-2.2067259e-13,0.0,76.08841,65.03462,65.1006,66.886314,72.61816
2018-01-01 13:05:00,2.6493e-22,0.0,66.37331,357730.44,0.0,0.0,28.172033,0.7584082,1.0,1.0,69.14681,0.0,0.0,0.0,-2.0682182e-13,-0.83853257,402.0557,1.60746,66.37331,55.184006,0.0,0.9,0.0,-2.2059865e-13,0.0,76.08858,65.036766,65.10323,66.88675,72.61876
2018-01-01 13:06:00,1.315417e-24,0.0,66.37331,357730.44,0.0,0.0,28.204992,0.7582873,1.0,1.0,69.14801,0.0,0.0,0.0,-2.0675139e-13,-0.8383919,402.05566,1.60746,66.37331,55.184006,0.0,0.9,0.0,-2.2052993e-13,0.0,76.088684,65.03896,65.105865,66.88719,72.61931
2018-01-01 13:07:00,-1.6709363e-23,0.0,66.37331,357730.44,0.0,0.0,28.238007,0.75816417,1.0,1.0,69.14918,0.0,0.0,0.0,-2.0668374e-13,-0.8382477,402.05563,1.60746,66.37331,55.184006,0.0,0.9,0.0,-2.204584e-13,0.0,76.08885,65.04116,65.108505,66.88769,72.61969
2018-01-01 13:08:00,2.1446206e-23,0.0,66.37331,357730.44,0.0,0.0,28.27102,0.75803983,1.0,1.0,69.150314,0.0,0.0,0.0,-2.0661646e-13,-0.8381171,402.0556,1.60746,66.37331,55.184006,0.0,0.9,0.0,-2.2038312e-13,0.0,76.08896,65.04336,65.111145,66.88812,72.619965
2018-01-01 13:09:00,-2.430659e-23,0.0,66.37331,357730.44,0.0,0.0,28.336994,0.7579179,1.0,1.0,69.15144,0.0,0.0,0.0,-2.0654981e-13,-0.83798647,402.05557,1.60746,66.37331,55.184006,0.0,0.9,0.0,-2.2031473e-13,0.0,76.08913,65.045555,65.11383,66.888565,72.62013
2018-01-01 13:10:00,-7.15092e-24,0.0,66.37331,357730.44,0.0,0.0,28.370007,0.75779355,1.0,1.0,69.15254,0.0,0.0,0.0,-2.0647754e-13,-0.83784485,402.05554,1.60746,66.37331,55.184006,0.0,0.9,0.0,-2.2024136e-13,0.0,76.08923,65.047806,65.11647,66.88901,72.62019
2018-01-01 13:11:00,2.231647e-24,0.0,66.37331,357730.44,0.0,0.0,28.370007,0.7576692,1.0,1.0,69.15362,0.0,0.0,0.0,-2.0641525e-13,-0.8377145,402.0555,1.60746,66.37331,55.184006,0.0,0.9,0.0,-2.2016896e-13,0.0,76.08934,65.050064,65.11911,66.889496,72.62008
2018-01-01 13:12:00,2.1552857e-23,0.0,66.37331,357730.44,0.0,0.0,28.40302,0.75755066,1.0,1.0,69.1547,0.0,0.0,0.0,-2.0634414e-13,-0.8375791,402.05548,1.60746,66.37331,55.184006,0.0,0.9,0.0,-2.2009928e-13,0.0,76.08945,65.05237,65.121796,66.88994,72.61992
2018-01-01 13:13:00,-1.8526395e-23,0.0,66.37331,357730.44,0.0,0.0,28.436035,0.7574263,1.0,1.0,69.15572,0.0,0.0,0.0,-2.0628121e-13,-0.8374395,402.05545,1.60746,66.37331,55.184006,0.0,0.9,0.0,-2.2002804e-13,0.0,76.08956,65.05462,65.124435,66.89038,72.619644
2018-01-01 13:14:00,-1.1185291e-23,0.0,66.37331,357730.44,0.0,0.0,28.468994,0.7573031,1.0,1.0,69.15676,0.0,0.0,0.0,-2.0621337e-13,-0.837299,402.05542,1.60746,66.37331,55.184006,0.0,0.9,0.0,-2.1995529e-13,0.0,76.089676,65.05693,65.12713,66.89082,72.619255
2018-01-01 13:15:00,-1.2920361999999999e-23,0.0,66.37331,357730.44,0.0,0.0,28.502008,0.7571788,1.0,1.0,69.15776,0.0,0.0,0.0,-2.0615134e-13,-0.8371588,402.0554,1.60746,66.37331,55.184006,0.0,0.9,0.0,-2.1988417e-13,0.0,76.08978,65.05929,65.12976,66.89126,72.618706
2018-01-01 13:16:00,-2.9649864e-23,0.0,66.37331,357730.44,0.0,0.0,28.535023,0.7570603,1.0,1.0,69.15874,0.0,0.0,0.0,-2.060706e-13,-0.8370359,402.05536,1.60746,66.37331,55.184006,0.0,0.9,0.0,-2.1981332e-13,0.0,76.08989,65.0616,65.1324,66.89169,72.6181
2018-01-01 13:17:00,-3.2716283e-23,0.0,66.37331,357730.44,0.0,0.0,28.600994,0.75693136,1.0,1.0,69.15973,0.0,0.0,0.0,-2.0601903e-13,-0.83689564,402.05533,1.60746,66.37331,55.184006,0.0,0.9,0.0,-2.1974263e-13,0.0,76.09,65.06396,65.13509,66.8922,72.617386
2018-01-01 13:18:00,-1.5600434e-23,0.0,66.37331,357730.44,0.0,0.0,28.634008,0.7568128,1.0,1.0,69.16068,0.0,0.0,0.0,-2.0594523e-13,-0.8367662,402.05527,1.60746,66.37331,55.184006,0.0,0.9,0.0,-2.196682e-13,0.0,76.09006,65.066376,65.13779,66.89263,72.61656
2018-01-01 13:19:00,1.84841e-23,0.0,66.37331,357730.44,0.0,0.0,28.634008,0.7566885,1.0,1.0,69.16163,0.0,0.0,0.0,-2.0588224e-13,-0.8366235,402.05524,1.60746,66.37331,55.184006,0.0,0.9,0.0,-2.195988e-13,0.0,76.090164,65.06879,65.14043,66.89307,72.615685
2018-01-01 13:20:00,3.2637315e-23,0.0,66.37331,357730.44,0.0,0.0,28.667023,0.75656414,1.0,1.0,69.16254,0.0,0.0,0.0,-2.0581123e-13,-0.83649147,402.0552,1.60746,66.37331,55.184006,0.0,0.9,0.0,-2.1952851e-13,0.0,76.090225,65.07121,65.14311,66.89351,72.61464
2018-01-01 13:21:00,-2.8243442e-23,0.0,66.37331,357730.44,0.0,0.0,28.700037,0.75644094,1.0,1.0,69.16344,0.0,0.0,0.0,-2.0574586e-13,-0.83634996,402.05518,1.60746,66.37331,55.184006,0.0,0.9,0.0,-2.1945756e-13,0.0,76.09033,65.07362,65.14575,66.89395,72.61354
2018-01-01 13:22:00,4.2768523e-23,0.0,66.37331,357730.44,0.0,0.0,28.732996,0.7563201,1.0,1.0,69.16432,0.0,0.0,0.0,-2.0568089e-13,-0.8362119,402.05515,1.60746,66.37331,55.184006,0.0,0.9,0.0,-2.1938752e-13,0.0,76.090385,65.076096,65.14844,66.894394,72.612335
2018-01-01 13:23:00,-1.7587250000000003e-23,0.0,66.37331,357730.44,0.0,0.0,28.76601,0.7561969,1.0,1.0,69.16524,0.0,0.0,0.0,-2.0561004e-13,-0.83607686,402.0551,1.60746,66.37331,55.184006,0.0,0.9,0.0,-2.1931483e-13,0.0,76.0905,65.07863,65.15114,66.89483,72.61107
2018-01-01 13:24:00,-9.022838e-24,0.0,66.37331,357730.44,0.0,0.0,28.799023,0.7560738,1.0,1.0,69.16609,0.0,0.0,0.0,-2.0554949e-13,-0.83594203,402.05508,1.60746,66.37331,55.184006,0.0,0.9,0.0,-2.1924395e-13,0.0,76.090546,65.08115,65.15377,66.89526,72.609695
2018-01-01 13:25:00,3.4119335e-23,0.0,66.37331,357730.44,0.0,0.0,28.832037,0.7559483,1.0,1.0,69.16693,0.0,0.0,0.0,-2.0547577e-13,-0.8358025,402.05505,1.60746,66.37331,55.184006,0.0,0.9,0.0,-2.1917106e-13,0.0,76.09061,65.08368,65.15646,66.895706,72.608215
2018-01-01 13:26:00,-3.059903e-23,0.0,66.37331,357730.44,0.0,0.0,28.89801,0.7558263,1.0,1.0,69.16777,0.0,0.0,0.0,-2.0541885e-13,-0.8356652,402.05502,1.60746,66.37331,55.184006,0.0,0.9,0.0,-2.1910204e-13,0.0,76.09066,65.086205,65.15915,66.8962,72.606674
2018-01-01 13:27:00,-6.930094000000001e-23,0.0,66.37325,357730.44,0.0,0.0,28.89801,0.7557054,1.0,1.0,69.1686,0.0,0.0,0.0,-2.0534327e-13,-0.8355408,402.055,1.60746,66.37325,55.184006,0.0,0.9,0.0,-2.1902688e-13,0.0,76.09071,65.08879,65.16185,66.89664,72.60503
2018-01-01 13:28:00,2.4313171e-23,0.0,66.37325,357730.44,0.0,0.0,28.931025,0.7555811,1.0,1.0,69.16942,0.0,0.0,0.0,-2.0528388e-13,-0.8353985,402.05496,1.60746,66.37325,55.184006,0.0,0.9,0.0,-2.1895924e-13,0.0,76.090775,65.09142,65.164536,66.89708,72.60327
2018-01-01 13:29:00,5.485415000000001e-23,0.0,66.37325,357730.44,0.0,0.0,28.964039,0.7554591,1.0,1.0,69.17021,0.0,0.0,0.0,-2.052107e-13,-0.8352701,402.05493,1.60746,66.37325,55.184006,0.0,0.9,0.0,-2.1888627e-13,0.0,76.09082,65.094055,65.16723,66.89752,72.601456
2018-01-01 13:30:00,-4.1427285999999997e-23,0.0,66.37325,357730.44,0.0,0.0,28.996998,0.7553382,1.0,1.0,69.171,0.0,0.0,0.0,-2.0514532e-13,-0.8351322,402.0549,1.60746,66.37325,55.184006,0.0,0.9,0.0,-2.1881574e-13,0.0,76.09088,65.096695,65.16992,66.897964,72.59953
2018-01-01 13:31:00,-6.5605396e-23,0.0,66.37325,357730.44,0.0,0.0,29.03001,0.7552127,1.0,1.0,69.171776,0.0,0.0,0.0,-2.0507946e-13,-0.8349909,402.05487,1.60746,66.37325,55.184006,0.0,0.9,0.0,-2.187453e-13,0.0,76.090935,65.09939,65.17261,66.8984,72.59756
2018-01-01 13:32:00,1.5621836e-23,0.0,66.37325,357730.44,0.0,0.0,29.063025,0.7550896,1.0,1.0,69.17253,0.0,0.0,0.0,-2.0501348e-13,-0.8348566,402.05484,1.60746,66.37325,55.184006,0.0,0.9,0.0,-2.1867486e-13,0.0,76.090935,65.10208,65.17531,66.898834,72.59552
2018-01-01 13:33:00,-1.6921346e-23,0.0,66.37325,357730.44,0.0,0.0,29.128998,0.75496876,1.0,1.0,69.173294,0.0,0.0,0.0,-2.0494751e-13,-0.83472526,402.0548,1.60746,66.37325,55.184006,0.0,0.9,0.0,-2.1860442e-13,0.0,76.09099,65.10477,65.17794,66.89928,72.59349
2018-01-01 13:34:00,1.6379307e-22,0.0,66.37325,357730.44,0.0,0.0,29.162012,0.7548479,1.0,1.0,69.17406,0.0,0.0,0.0,-2.048809e-13,-0.83458984,402.05478,1.60746,66.37325,55.184006,0.0,0.9,0.0,-2.1853197e-13,0.0,76.09105,65.10747,65.18063,66.89972,72.5914
2018-01-01 13:35:00,-1.4870262000000002e-22,0.0,66.37325,357730.44,0.0,0.0,29.162012,0.75472474,1.0,1.0,69.17481,0.0,0.0,0.0,-2.0481269e-13,-0.8344523,402.05475,1.60746,66.37325,55.184006,0.0,0.9,0.0,-2.1846031e-13,0.0,76.091095,65.110214,65.18327,66.90016,72.58932
2018-01-01 13:36:00,8.524621999999999e-24,0.0,66.37325,357730.44,0.0,0.0,29.195026,0.7545992,1.0,1.0,69.17556,0.0,0.0,0.0,-2.0474578e-13,-0.8343133,402.05472,1.60746,66.37325,55.184006,0.0,0.9,0.0,-2.1838872e-13,0.0,76.091095,65.11296,65.18596,66.9006,72.58717
2018-01-01 13:37:00,1.6455746e-23,0.0,66.37325,357730.44,0.0,0.0,29.227985,0.75447834,1.0,1.0,69.176285,0.0,0.0,0.0,-2.0468042e-13,-0.8341863,402.0547,1.60746,66.37325,55.184006,0.0,0.9,0.0,-2.1831834e-13,0.0,76.091156,65.11571,65.1886,66.900986,72.58498
2018-01-01 13:38:00,-4.6830077000000004e-24,0.0,66.37325,357730.44,0.0,0.0,29.260998,0.7543564,1.0,1.0,69.177025,0.0,0.0,0.0,-2.0461097e-13,-0.8340467,402.05466,1.60746,66.37325,55.184006,0.0,0.9,0.0,-2.1824828e-13,0.0,76.091156,65.118454,65.19124,66.90142,72.58284
2018-01-01 13:39:00,1.07139964e-23,0.0,66.37325,357730.44,0.0,0.0,29.294012,0.75423324,1.0,1.0,69.17775,0.0,0.0,0.0,-2.0454603e-13,-0.8339064,402.05463,1.60746,66.37325,55.184006,0.0,0.9,0.0,-2.1817749e-13,0.0,76.09121,65.1212,65.19387,66.90181,72.58064
2018-01-01 13:40:00,-2.1963992e-23,0.0,66.37325,357730.44,0.0,0.0,29.327026,0.75411123,1.0,1.0,69.178444,0.0,0.0,0.0,-2.0447862e-13,-0.83377093,402.0546,1.60746,66.37325,55.184006,0.0,0.9,0.0,-2.181071e-13,0.0,76.09121,65.12399,65.19646,66.90219,72.578384
2018-01-01 13:41:00,-1.7178847e-23,0.0,66.37325,357730.44,0.0,0.0,29.359985,0.7539869,1.0,1.0,69.17918,0.0,0.0,0.0,-2.0442215e-13,-0.8336345,402.05457,1.60746,66.37325,55.184006,0.0,0.9,0.0,-2.1803627e-13,0.0,76.09126,65.1268,65.19909,66.90257,72.57619
2018-01-01 13:42:00,6.3744256000000005e-24,0.0,66.37325,357730.44,0.0,0.0,29.426014,0.7538648,1.0,1.0,69.179886,0.0,0.0,0.0,-2.0434744e-13,-0.8335024,402.05453,1.60746,66.37325,55.184006,0.0,0.9,0.0,-2.179649e-13,0.0,76.09126,65.1296,65.201675,66.902954,72.57394
2018-01-01 13:43:00,-1.6020014e-23,0.0,66.37325,357730.44,0.0,0.0,29.426014,0.753744,1.0,1.0,69.18059,0.0,0.0,0.0,-2.0428311e-13,-0.8333647,402.0545,1.60746,66.37325,55.184006,0.0,0.9,0.0,-2.1789562e-13,0.0,76.09126,65.13246,65.204254,66.90334,72.571625
2018-01-01 13:44:00,1.19288004e-23,0.0,66.37325,357730.44,0.0,0.0,29.459026,0.75362206,1.0,1.0,69.18131,0.0,0.0,0.0,-2.0421556e-13,-0.83322436,402.05447,1.60746,66.37325,55.184006,0.0,0.9,0.0,-2.1782414e-13,0.0,76.091324,65.135254,65.20683,66.90373,72.56938
2018-01-01 13:45:00,2.5603544e-23,0.0,66.37325,357730.44,0.0,0.0,29.491985,0.75349414,1.0,1.0,69.18201,0.0,0.0,0.0,-2.0415089e-13,-0.83309865,402.05444,1.60746,66.37325,55.184006,0.0,0.9,0.0,-2.1775184e-13,0.0,76.091324,65.138115,65.20941,66.90411,72.56707
2018-01-01 13:46:00,-1.0509067e-23,0.0,66.37325,357730.44,0.0,0.0,29.525,0.75337565,1.0,1.0,69.18269,0.0,0.0,0.0,-2.0408385e-13,-0.8329668,402.0544,1.60746,66.37325,55.184006,0.0,0.9,0.0,-2.1768138e-13,0.0,76.091324,65.14102,65.211945,66.90444,72.56471
2018-01-01 13:47:00,4.6562026e-23,0.0,66.37325,357730.44,0.0,0.0,29.558014,0.75325483,1.0,1.0,69.18338,0.0,0.0,0.0,-2.040122e-13,-0.83283496,402.05438,1.60746,66.37325,55.184006,0.0,0.9,0.0,-2.1761088e-13,0.0,76.09137,65.14388,65.21447,66.90477,72.5624
2018-01-01 13:48:00,9.882547e-24,0.0,66.37325,357730.44,0.0,0.0,29.591028,0.7531293,1.0,1.0,69.18407,0.0,0.0,0.0,-2.0395344e-13,-0.8326938,402.05435,1.60746,66.37325,55.184006,0.0,0.9,0.0,-2.1754105e-13,0.0,76.09137,65.14679,65.216995,66.90515,72.56004
2018-01-01 13:49:00,3.8862256999999996e-23,0.0,66.37325,357730.44,0.0,0.0,29.623987,0.7530085,1.0,1.0,69.18475,0.0,0.0,0.0,-2.0388517e-13,-0.83256125,402.05432,1.60746,66.37325,55.184006,0.0,0.9,0.0,-2.1747121e-13,0.0,76.09137,65.149704,65.21953,66.90549,72.55768
2018-01-01 13:50:00,-2.5994616e-23,0.0,66.37325,357730.44,0.0,0.0,29.657001,0.7528853,1.0,1.0,69.18544,0.0,0.0,0.0,-2.0381774e-13,-0.8324194,402.0543,1.60746,66.37325,55.184006,0.0,0.9,0.0,-2.1740105e-13,0.0,76.09137,65.15262,65.222046,66.905815,72.55531
2018-01-01 13:51:00,-4.7082822e-23,0.0,66.37325,357730.44,0.0,0.0,29.723028,0.75276446,1.0,1.0,69.18612,0.0,0.0,0.0,-2.0374352e-13,-0.8322814,402.05426,1.60746,66.37325,55.184006,0.0,0.9,0.0,-2.1733033e-13,0.0,76.09143,65.15558,65.22452,66.90614,72.5529
2018-01-01 13:52:00,-5.537024e-23,0.0,66.37325,357730.44,0.0,0.0,29.723028,0.75264245,1.0,1.0,69.18678,0.0,0.0,0.0,-2.0368654e-13,-0.8321484,402.0542,1.60746,66.37325,55.184006,0.0,0.9,0.0,-2.1725877e-13,0.0,76.09143,65.158554,65.22705,66.90642,72.550476
2018-01-01 13:53:00,5.0054860000000006e-23,0.0,66.37325,357730.44,0.0,0.0,29.755987,0.75252044,1.0,1.0,69.187454,0.0,0.0,0.0,-2.0361685e-13,-0.8320254,402.05417,1.60746,66.37325,55.184006,0.0,0.9,0.0,-2.1718644e-13,0.0,76.09143,65.161514,65.22952,66.90675,72.548065
2018-01-01 13:54:00,2.2352642e-23,0.0,66.37325,357730.44,0.0,0.0,29.789001,0.7523973,1.0,1.0,69.188126,0.0,0.0,0.0,-2.0355495e-13,-0.83187115,402.05417,1.60746,66.37325,55.184006,0.0,0.9,0.0,-2.1711795e-13,0.0,76.091484,65.164536,65.23193,66.90703,72.54565
2018-01-01 13:55:00,-4.7906904e-24,0.0,66.37325,357730.44,0.0,0.0,29.822016,0.7522741,1.0,1.0,69.188805,0.0,0.0,0.0,-2.034883e-13,-0.83173525,402.05414,1.60746,66.37325,55.184006,0.0,0.9,0.0,-2.1704712e-13,0.0,76.091484,65.16756,65.234406,66.90735,72.54323
2018-01-01 13:56:00,-5.6634e-23,0.0,66.37325,357730.44,0.0,0.0,29.85503,0.7521532,1.0,1.0,69.18945,0.0,0.0,0.0,-2.0342193e-13,-0.8316124,402.0541,1.60746,66.37325,55.184006,0.0,0.9,0.0,-2.1697423e-13,0.0,76.091484,65.17058,65.23683,66.90762,72.54076
2018-01-01 13:57:00,-8.9011676e-23,0.0,66.37325,357730.44,0.0,0.0,29.887989,0.75203246,1.0,1.0,69.19011,0.0,0.0,0.0,-2.0335375e-13,-0.8314753,402.05408,1.60746,66.37325,55.184006,0.0,0.9,0.0,-2.1690553e-13,0.0,76.091484,65.17366,65.23924,66.9079,72.538284
2018-01-01 13:58:00,-7.500564e-23,0.0,66.37325,357730.44,0.0,0.0,29.921001,0.75191045,1.0,1.0,69.19078,0.0,0.0,0.0,-2.0329287e-13,-0.83134145,402.05405,1.60746,66.37325,55.184006,0.0,0.9,0.0,-2.1683518e-13,0.0,76.09154,65.17673,65.24166,66.90817,72.53581
2018-01-01 13:59:00,-1.5250737e-23,0.0,66.37325,357730.44,0.0,0.0,29.98703,0.7517849,1.0,1.0,69.19145,0.0,0.0,0.0,-2.03229e-13,-0.83120215,402.05402,1.60746,66.37325,55.184006,0.0,0.9,0.0,-2.1676412e-13,0.0,76.09154,65.17986,65.24408,66.90845,72.53334
2018-01-01 14:00:00,-1.7933987e-23,0.0,66.37325,357730.44,0.0,0.0,29.98703,0.75166637,1.0,1.0,69.1921,0.0,0.0,0.0,-2.0316118e-13,-0.83106863,402.054,1.60746,66.37325,55.184006,0.0,0.9,0.0,-2.1669506e-13,0.0,76.09154,65.18294,65.246445,66.90872,72.53087
2018-01-01 14:01:00,-3.641756e-23,0.0,66.37325,357730.44,0.0,0.0,30.019989,0.75154436,1.0,1.0,69.1927,0.0,0.0,0.0,-2.0308745e-13,-0.8309323,402.05396,1.60746,66.37325,55.184006,0.0,0.9,0.0,-2.1662506e-13,0.0,76.0916,65.186066,65.24858,66.90895,72.52834
2018-01-01 14:02:00,2.8184987e-23,0.0,66.37325,357730.44,0.0,0.0,30.019989,0.7514212,1.0,1.0,69.19331,0.0,0.0,0.0,-2.0302333e-13,-0.8308064,402.05392,1.60746,66.37325,55.184006,0.0,0.9,0.0,-2.1655212e-13,0.0,76.0916,65.189255,65.25067,66.909225,72.52582
2018-01-01 14:03:00,9.126417000000001e-23,0.0,66.37325,357730.44,0.0,0.0,30.019989,0.75129807,1.0,1.0,69.19389,0.0,0.0,0.0,-2.0295865e-13,-0.83066374,402.0539,1.60746,66.37325,55.184006,0.0,0.9,0.0,-2.164834e-13,0.0,76.0916,65.19238,65.25276,66.90944,72.523285
2018-01-01 14:04:00,-5.7090900000000005e-24,0.0,66.37325,357730.44,0.0,0.0,30.019989,0.75117487,1.0,1.0,69.19448,0.0,0.0,0.0,-2.0289478e-13,-0.8305289,402.05386,1.60746,66.37325,55.184006,0.0,0.9,0.0,-2.1641475e-13,0.0,76.091644,65.19557,65.25479,66.90966,72.52077
2018-01-01 14:05:00,1.8877860000000002e-23,0.0,66.37325,357730.44,0.0,0.0,30.019989,0.7510552,1.0,1.0,69.19503,0.0,0.0,0.0,-2.028326e-13,-0.8303985,402.05383,1.60746,66.37325,55.184006,0.0,0.9,0.0,-2.1634494e-13,0.0,76.091644,65.19876,65.25682,66.90982,72.51813
2018-01-01 14:06:00,1.1522080000000001e-23,0.0,66.37325,357730.44,0.0,0.0,30.019989,0.75093204,1.0,1.0,69.195595,0.0,0.0,0.0,-2.0276601e-13,-0.8302643,402.0538,1.60746,66.37325,55.184006,0.0,0.9,0.0,-2.1627253e-13,0.0,76.091644,65.20195,65.258804,66.90999,72.51555
2018-01-01 14:07:00,-7.5634114e-24,0.0,66.37325,357730.44,0.0,0.0,30.019989,0.75081,1.0,1.0,69.19614,0.0,0.0,0.0,-2.0270115e-13,-0.83012474,402.05377,1.60746,66.37325,55.184006,0.0,0.9,0.0,-2.1620298e-13,0.0,76.091705,65.20513,65.26077,66.91016,72.51291
2018-01-01 14:08:00,-3.769527e-24,0.0,66.37325,357730.44,0.0,0.0,30.019989,0.75068915,1.0,1.0,69.19668,0.0,0.0,0.0,-2.0262742e-13,-0.8299967,402.05374,1.60746,66.37325,55.184006,0.0,0.9,0.0,-2.1613116e-13,0.0,76.091705,65.208374,65.26276,66.910324,72.51027
2018-01-01 14:09:00,-1.8150250000000002e-23,0.0,66.37325,357730.44,0.0,0.0,30.019989,0.7505672,1.0,1.0,69.197205,0.0,0.0,0.0,-2.0256446e-13,-0.8298538,402.0537,1.60746,66.37325,55.184006,0.0,0.9,0.0,-2.1606336e-13,0.0,76.09176,65.21156,65.26468,66.91043,72.50758
2018-01-01 14:10:00,7.3613925e-23,0.0,66.37325,357730.44,0.0,0.0,30.019989,0.75044286,1.0,1.0,69.19771,0.0,0.0,0.0,-2.025006e-13,-0.82971746,402.05368,1.60746,66.37325,55.184006,0.0,0.9,0.0,-2.1599358e-13,0.0,76.09176,65.2148,65.26654,66.91054,72.50488
2018-01-01 14:11:00,1.0390003699999999e-22,0.0,66.37325,357730.44,0.0,0.0,30.019989,0.7503232,1.0,1.0,69.19822,0.0,0.0,0.0,-2.0243102e-13,-0.8295905,402.05365,1.60746,66.37325,55.184006,0.0,0.9,0.0,-2.1592035e-13,0.0,76.09181,65.21804,65.26842,66.910645,72.5022
2018-01-01 14:12:00,3.8633220000000005e-23,0.0,66.37325,357730.44,0.0,0.0,30.019989,0.7502011,1.0,1.0,69.198715,0.0,0.0,0.0,-2.0236283e-13,-0.82945395,402.05362,1.60746,66.37325,55.184006,0.0,0.9,0.0,-2.1585008e-13,0.0,76.09181,65.22134,65.27028,66.910706,72.49945
2018-01-01 14:13:00,-1.0624558000000002e-22,0.0,66.37325,357730.44,0.0,0.0,30.019989,0.7500791,1.0,1.0,69.199356,0.0,0.0,0.0,-2.0230202e-13,-0.8293229,402.0536,1.60746,66.37325,55.184006,0.0,0.9,0.0,-2.1578087e-13,0.0,76.09187,65.22479,65.27215,66.91081,72.49715
2018-01-01 14:14:00,1.7175848e-23,0.0,66.3732,357730.44,0.0,0.0,30.019989,0.74995595,1.0,1.0,69.19999,0.0,0.0,0.0,-2.0223845e-13,-0.8291806,402.05356,1.60746,66.3732,55.184006,0.0,0.9,0.0,-2.1571242e-13,0.0,76.09187,65.22836,65.27396,66.91087,72.49489
2018-01-01 14:15:00,2.227927e-23,0.0,66.3732,357730.44,0.0,0.0,30.019989,0.74983513,1.0,1.0,69.20065,0.0,0.0,0.0,-2.0217373e-13,-0.8290485,402.05353,1.60746,66.3732,55.184006,0.0,0.9,0.0,-2.1564185e-13,0.0,76.09192,65.231995,65.27583,66.91092,72.492584
2018-01-01 14:16:00,1.2976019600000001e-23,0.0,66.3732,357730.44,0.0,0.0,30.019989,0.7497131,1.0,1.0,69.20129,0.0,0.0,0.0,-2.0210317e-13,-0.8289136,402.0535,1.60746,66.3732,55.184006,0.0,0.9,0.0,-2.1557102e-13,0.0,76.09198,65.235565,65.27759,66.91098,72.490326
2018-01-01 14:17:00,-6.829588e-23,0.0,66.3732,357730.44,0.0,0.0,30.019989,0.7495911,1.0,1.0,69.20193,0.0,0.0,0.0,-2.020396e-13,-0.82878244,402.05347,1.60746,66.3732,55.184006,0.0,0.9,0.0,-2.1550188e-13,0.0,76.09198,65.23924,65.2794,66.91098,72.48802
2018-01-01 14:18:00,2.6637633e-23,0.0,66.3732,357730.44,0.0,0.0,30.019989,0.7494714,1.0,1.0,69.20256,0.0,0.0,0.0,-2.019686e-13,-0.82864326,402.05344,1.60746,66.3732,55.184006,0.0,0.9,0.0,-2.1543225e-13,0.0,76.09203,65.242874,65.28116,66.91103,72.48572
2018-01-01 14:19:00,5.0001580000000005e-23,0.0,66.3732,357730.44,0.0,0.0,30.019989,0.74934936,1.0,1.0,69.203186,0.0,0.0,0.0,-2.019075e-13,-0.8285124,402.0534,1.60746,66.3732,55.184006,0.0,0.9,0.0,-2.1536105e-13,0.0,76.09209,65.24655,65.28286,66.91103,72.48341
2018-01-01 14:20:00,8.9815885e-24,0.0,66.3732,357730.44,0.0,0.0,30.019989,0.7492286,1.0,1.0,69.203804,0.0,0.0,0.0,-2.0184824e-13,-0.82837045,402.05338,1.60746,66.3732,55.184006,0.0,0.9,0.0,-2.1529317e-13,0.0,76.09209,65.25029,65.28456,66.91098,72.4811
2018-01-01 14:21:00,-1.0183263e-23,0.0,66.3732,357730.44,0.0,0.0,30.019989,0.7491054,1.0,1.0,69.20443,0.0,0.0,0.0,-2.017743e-13,-0.8282453,402.05334,1.60746,66.3732,55.184006,0.0,0.9,0.0,-2.1521867e-13,0.0,76.09215,65.25397,65.28627,66.91098,72.47879
2018-01-01 14:22:00,2.5894787e-23,0.0,66.3732,357730.44,0.0,0.0,30.019989,0.7489846,1.0,1.0,69.20504,0.0,0.0,0.0,-2.01706e-13,-0.8281038,402.0533,1.60746,66.3732,55.184006,0.0,0.9,0.0,-2.1515312e-13,0.0,76.09219,65.257706,65.28792,66.91092,72.47649
2018-01-01 14:23:00,-2.6021920000000003e-23,0.0,66.3732,357730.44,0.0,0.0,30.019989,0.7488625,1.0,1.0,69.20565,0.0,0.0,0.0,-2.0164268e-13,-0.82797426,402.05328,1.60746,66.3732,55.184006,0.0,0.9,0.0,-2.1508378e-13,0.0,76.092255,65.26149,65.289566,66.91081,72.47412
2018-01-01 14:24:00,-6.815116000000001e-23,0.0,66.3732,357730.44,0.0,0.0,30.019989,0.7487417,1.0,1.0,69.206245,0.0,0.0,0.0,-2.0157953e-13,-0.8278336,402.05325,1.60746,66.3732,55.184006,0.0,0.9,0.0,-2.1501144e-13,0.0,76.09231,65.26523,65.29115,66.91076,72.47176
2018-01-01 14:25:00,-1.8847214e-23,0.0,66.3732,357730.44,0.0,0.0,30.019989,0.7486174,1.0,1.0,69.20683,0.0,0.0,0.0,-2.0152056e-13,-0.8276993,402.05322,1.60746,66.3732,55.184006,0.0,0.9,0.0,-2.1494404e-13,0.0,76.09236,65.26901,65.29275,66.910645,72.469406
2018-01-01 14:26:00,1.9542765e-23,0.0,66.3732,357730.44,0.0,0.0,30.019989,0.7484954,1.0,1.0,69.20742,0.0,0.0,0.0,-2.0144898e-13,-0.8275758,402.0532,1.60746,66.3732,55.184006,0.0,0.9,0.0,-2.148719e-13,0.0,76.09242,65.27281,65.29428,66.91054,72.46704
2018-01-01 14:27:00,-3.7083740000000004e-23,0.0,66.3732,357730.44,0.0,0.0,30.019989,0.7483745,1.0,1.0,69.208015,0.0,0.0,0.0,-2.0138376e-13,-0.82742447,402.05316,1.60746,66.3732,55.184006,0.0,0.9,0.0,-2.1480169e-13,0.0,76.09253,65.27666,65.29582,66.91043,72.46462
2018-01-01 14:28:00,5.0708493e-23,0.0,66.3732,357730.44,0.0,0.0,30.019989,0.74825484,1.0,1.0,69.20857,0.0,0.0,0.0,-2.0132291e-13,-0.8272977,402.0531,1.60746,66.3732,55.184006,0.0,0.9,0.0,-2.1473444e-13,0.0,76.09258,65.28044,65.29736,66.91026,72.462204
2018-01-01 14:29:00,-1.3304325e-23,0.0,66.3732,357730.44,0.0,0.0,30.019989,0.7481293,1.0,1.0,69.20913,0.0,0.0,0.0,-2.012572e-13,-0.8271676,402.05307,1.60746,66.3732,55.184006,0.0,0.9,0.0,-2.1466295e-13,0.0,76.092636,65.28429,65.29884,66.910095,72.45979
2018-01-01 14:30:00,3.0151563999999997e-23,0.0,66.3732,357730.44,0.0,0.0,30.019989,0.7480096,1.0,1.0,69.2097,0.0,0.0,0.0,-2.0119042e-13,-0.8270246,402.05304,1.60746,66.3732,55.184006,0.0,0.9,0.0,-2.1459568e-13,0.0,76.09274,65.28813,65.30032,66.909935,72.45737
2018-01-01 14:31:00,-7.872608e-24,0.0,66.3732,357730.44,0.0,0.0,30.019989,0.74789,1.0,1.0,69.21024,0.0,0.0,0.0,-2.0112332e-13,-0.82689154,402.053,1.60746,66.3732,55.184006,0.0,0.9,0.0,-2.1452591e-13,0.0,76.092804,65.29204,65.30176,66.90971,72.454895
2018-01-01 14:32:00,1.0753729e-22,0.0,66.3732,357730.44,0.0,0.0,30.019989,0.7477691,1.0,1.0,69.21078,0.0,0.0,0.0,-2.0105475e-13,-0.82676053,402.05298,1.60746,66.3732,55.184006,0.0,0.9,0.0,-2.1445576e-13,0.0,76.09291,65.29588,65.303185,66.9095,72.45238
2018-01-01 14:33:00,3.8335156e-23,0.0,66.3732,357730.44,0.0,0.0,30.019989,0.7476471,1.0,1.0,69.21128,0.0,0.0,0.0,-2.0099059e-13,-0.82663363,402.05295,1.60746,66.3732,55.184006,0.0,0.9,0.0,-2.1438369e-13,0.0,76.09297,65.299774,65.30456,66.90927,72.449844
2018-01-01 14:34:00,-1.536664e-23,0.0,66.3732,357730.44,0.0,0.0,30.019989,0.7475251,1.0,1.0,69.21178,0.0,0.0,0.0,-2.0092618e-13,-0.82649565,402.05292,1.60746,66.3732,55.184006,0.0,0.9,0.0,-2.143159e-13,0.0,76.09308,65.30362,65.30593,66.90906,72.447205
2018-01-01 14:35:00,-2.3515923e-23,0.0,66.3732,357730.44,0.0,0.0,30.019989,0.7474019,1.0,1.0,69.212265,0.0,0.0,0.0,-2.0086374e-13,-0.82635725,402.05292,1.60746,66.3732,55.184006,0.0,0.9,0.0,-2.1424828e-13,0.0,76.093185,65.307465,65.307304,66.90878,72.44457
2018-01-01 14:36:00,-1.4592195999999998e-23,0.0,66.3732,357730.44,0.0,0.0,30.019989,0.7472846,1.0,1.0,69.21271,0.0,0.0,0.0,-2.0079325e-13,-0.8262253,402.0529,1.60746,66.3732,55.184006,0.0,0.9,0.0,-2.1417632e-13,0.0,76.09325,65.31131,65.308624,66.90851,72.441826
2018-01-01 14:37:00,2.7759983999999997e-23,0.0,66.3732,357730.44,0.0,0.0,30.019989,0.74716026,1.0,1.0,69.21315,0.0,0.0,0.0,-2.0073072e-13,-0.8260909,402.05286,1.60746,66.3732,55.184006,0.0,0.9,0.0,-2.1410667e-13,0.0,76.09335,65.315155,65.30994,66.90823,72.43908
2018-01-01 14:38:00,-1.9642525e-23,0.0,66.3732,357730.44,0.0,0.0,30.019989,0.7470394,1.0,1.0,69.21358,0.0,0.0,0.0,-2.0066511e-13,-0.825961,402.05283,1.60746,66.3732,55.184006,0.0,0.9,0.0,-2.1403784e-13,0.0,76.09346,65.319,65.311264,66.90796,72.43622
2018-01-01 14:39:00,-3.2082691e-24,0.0,66.3732,357730.44,0.0,0.0,30.019989,0.74691737,1.0,1.0,69.21397,0.0,0.0,0.0,-2.0060139e-13,-0.8258279,402.0528,1.60746,66.3732,55.184006,0.0,0.9,0.0,-2.1396768e-13,0.0,76.09357,65.3228,65.31252,66.90762,72.43331
2018-01-01 14:40:00,6.3144186000000005e-24,0.0,66.3732,357730.44,0.0,0.0,30.019989,0.74679536,1.0,1.0,69.21437,0.0,0.0,0.0,-2.0054584e-13,-0.82568765,402.05276,1.60746,66.3732,55.184006,0.0,0.9,0.0,-2.1389842e-13,0.0,76.09368,65.326645,65.31378,66.9073,72.430405
2018-01-01 14:41:00,-3.5821748e-23,0.0,66.3732,357730.44,0.0,0.0,30.019989,0.74667686,1.0,1.0,69.21471,0.0,0.0,0.0,-2.0046649e-13,-0.8255474,402.05273,1.60746,66.3732,55.184006,0.0,0.9,0.0,-2.1382833e-13,0.0,76.093796,65.33043,65.314995,66.90697,72.42738
2018-01-01 14:42:00,-3.620555e-23,0.0,66.3732,357730.44,0.0,0.0,30.019989,0.7465537,1.0,1.0,69.215065,0.0,0.0,0.0,-2.0040018e-13,-0.82541853,402.0527,1.60746,66.3732,55.184006,0.0,0.9,0.0,-2.1376112e-13,0.0,76.093956,65.33422,65.31625,66.90664,72.42425
2018-01-01 14:43:00,-4.2443642e-23,0.0,66.3732,357730.44,0.0,0.0,30.019989,0.7464317,1.0,1.0,69.21536,0.0,0.0,0.0,-2.0034762e-13,-0.8252788,402.05267,1.60746,66.3732,55.184006,0.0,0.9,0.0,-2.1369035e-13,0.0,76.09407,65.33795,65.31741,66.90625,72.42111
2018-01-01 14:44:00,1.5585932e-23,0.0,66.3732,357730.44,0.0,0.0,30.019989,0.7463143,1.0,1.0,69.21567,0.0,0.0,0.0,-2.0027164e-13,-0.82513857,402.05264,1.60746,66.3732,55.184006,0.0,0.9,0.0,-2.1362201e-13,0.0,76.09418,65.34175,65.31862,66.90587,72.41793
2018-01-01 14:45:00,3.8780276e-23,0.0,66.3732,357730.44,0.0,0.0,30.019989,0.74619234,1.0,1.0,69.21596,0.0,0.0,0.0,-2.0020327e-13,-0.825014,402.0526,1.60746,66.3732,55.184006,0.0,0.9,0.0,-2.1355175e-13,0.0,76.094345,65.34548,65.31978,66.90549,72.41469
2018-01-01 14:46:00,-1.0247602e-24,0.0,66.3732,357730.44,0.0,0.0,30.019989,0.74607146,1.0,1.0,69.21619,0.0,0.0,0.0,-2.0014162e-13,-0.82488513,402.05258,1.60746,66.3732,55.184006,0.0,0.9,0.0,-2.1348166e-13,0.0,76.09445,65.34921,65.32088,66.905045,72.41134
2018-01-01 14:47:00,4.9558560000000006e-23,0.0,66.3732,357730.44,0.0,0.0,30.019989,0.74594945,1.0,1.0,69.216415,0.0,0.0,0.0,-2.0008492e-13,-0.82475203,402.05255,1.60746,66.3732,55.184006,0.0,0.9,0.0,-2.1341284e-13,0.0,76.09456,65.35295,65.32202,66.9046,72.40793
2018-01-01 14:48:00,-3.2661767e-23,0.0,66.3732,357730.44,0.0,0.0,30.019989,0.7458263,1.0,1.0,69.21663,0.0,0.0,0.0,-2.0001829e-13,-0.82461816,402.05252,1.60746,66.3732,55.184006,0.0,0.9,0.0,-2.1334447e-13,0.0,76.09473,65.35663,65.323074,66.90417,72.404526
2018-01-01 14:49:00,-1.9557828e-23,0.0,66.3732,357730.44,0.0,0.0,30.019989,0.7457031,1.0,1.0,69.21681,0.0,0.0,0.0,-1.9995264e-13,-0.82449454,402.0525,1.60746,66.3732,55.184006,0.0,0.9,0.0,-2.1327325e-13,0.0,76.09483,65.36031,65.32417,66.90373,72.40102
2018-01-01 14:50:00,2.672713e-23,0.0,66.37314,357730.44,0.0,0.0,30.019989,0.7455858,1.0,1.0,69.216995,0.0,0.0,0.0,-1.9988763e-13,-0.82434124,402.05246,1.60746,66.37314,55.184006,0.0,0.9,0.0,-2.1320496e-13,0.0,76.095,65.364,65.32521,66.90329,72.397446
2018-01-01 14:51:00,-4.6937835e-24,0.0,66.37314,357730.44,0.0,0.0,30.019989,0.7454661,1.0,1.0,69.217125,0.0,0.0,0.0,-1.99823e-13,-0.8242227,402.05243,1.60746,66.37314,55.184006,0.0,0.9,0.0,-2.1313534e-13,0.0,76.09517,65.367615,65.326256,66.902794,72.393814
2018-01-01 14:52:00,3.3498824e-23,0.0,66.37314,357730.44,0.0,0.0,30.019989,0.7453429,1.0,1.0,69.21724,0.0,0.0,0.0,-1.9975567e-13,-0.82406956,402.0524,1.60746,66.37314,55.184006,0.0,0.9,0.0,-2.1306711e-13,0.0,76.095276,65.37125,65.32724,66.9023,72.39014
2018-01-01 14:53:00,3.134738e-23,0.0,66.37314,357730.44,0.0,0.0,30.019989,0.7452209,1.0,1.0,69.21733,0.0,0.0,0.0,-1.9969364e-13,-0.82394385,402.05237,1.60746,66.37314,55.184006,0.0,0.9,0.0,-2.1299584e-13,0.0,76.09544,65.37487,65.32823,66.90175,72.386345
2018-01-01 14:54:00,-2.2509507e-23,0.0,66.37314,357730.44,0.0,0.0,30.019989,0.7450977,1.0,1.0,69.21739,0.0,0.0,0.0,-1.9962456e-13,-0.82381517,402.05234,1.60746,66.37314,55.184006,0.0,0.9,0.0,-2.1292907e-13,0.0,76.09555,65.37844,65.32922,66.9012,72.38255
2018-01-01 14:55:00,-1.2357691999999998e-25,0.0,66.37314,357730.44,0.0,0.0,30.019989,0.74497926,1.0,1.0,69.21744,0.0,0.0,0.0,-1.9956107e-13,-0.8236832,402.0523,1.60746,66.37314,55.184006,0.0,0.9,0.0,-2.1285953e-13,0.0,76.09572,65.38201,65.330154,66.90065,72.378654
2018-01-01 14:56:00,-4.4281094e-23,0.0,66.37314,357730.44,0.0,0.0,30.019989,0.7448584,1.0,1.0,69.21748,0.0,0.0,0.0,-1.9950019e-13,-0.82354414,402.05228,1.60746,66.37314,55.184006,0.0,0.9,0.0,-2.1279004e-13,0.0,76.09588,65.38558,65.331085,66.9001,72.374756
2018-01-01 14:57:00,4.1869612999999997e-23,0.0,66.37314,357730.44,0.0,0.0,30.019989,0.7447352,1.0,1.0,69.21748,0.0,0.0,0.0,-1.9943575e-13,-0.82341284,402.05225,1.60746,66.37314,55.184006,0.0,0.9,0.0,-2.12722e-13,0.0,76.09599,65.3891,65.33202,66.89955,72.37074
2018-01-01 14:58:00,1.9448873e-23,0.0,66.37314,357730.44,0.0,0.0,30.019989,0.7446155,1.0,1.0,69.217445,0.0,0.0,0.0,-1.9937096e-13,-0.82327735,402.05222,1.60746,66.37314,55.184006,0.0,0.9,0.0,-2.1265212e-13,0.0,76.09615,65.39256,65.3329,66.89895,72.366684
2018-01-01 14:59:00,-5.414319e-24,0.0,66.37314,357730.44,0.0,0.0,30.019989,0.7444958,1.0,1.0,69.21742,0.0,0.0,0.0,-1.9930653e-13,-0.82314116,402.0522,1.60746,66.37314,55.184006,0.0,0.9,0.0,-2.1258246e-13,0.0,76.09631,65.39607,65.333786,66.898346,72.362564
2018-01-01 15:00:00,2.3881120000000003e-23,0.0,66.37314,357730.44,0.0,0.0,30.019989,0.74437386,1.0,1.0,69.21733,0.0,0.0,0.0,-1.9924047e-13,-0.8230114,402.05215,1.60746,66.37314,55.184006,0.0,0.9,0.0,-2.1251277e-13,0.0,76.09643,65.399475,65.33461,66.897736,72.35838
2018-01-01 15:01:00,4.1352890000000003e-23,0.0,66.37314,357730.44,0.0,0.0,30.019989,0.7442553,1.0,1.0,69.21724,0.0,0.0,0.0,-1.9916985e-13,-0.8228755,402.05212,1.60746,66.37314,55.184006,0.0,0.9,0.0,-2.1244458e-13,0.0,76.09659,65.40294,65.335434,66.89708,72.35416
2018-01-01 15:02:00,8.437874e-24,0.0,66.37314,357730.44,0.0,0.0,30.019989,0.74413097,1.0,1.0,69.21715,0.0,0.0,0.0,-1.9910953e-13,-0.822748,402.0521,1.60746,66.37314,55.184006,0.0,0.9,0.0,-2.1237554e-13,0.0,76.096756,65.40634,65.336365,66.89642,72.34987
2018-01-01 15:03:00,1.6671517e-23,0.0,66.37314,357730.44,0.0,0.0,30.019989,0.7440113,1.0,1.0,69.21702,0.0,0.0,0.0,-1.9904589e-13,-0.822607,402.05206,1.60746,66.37314,55.184006,0.0,0.9,0.0,-2.1230664e-13,0.0,76.09686,65.4097,65.33724,66.89577,72.345535
2018-01-01 15:04:00,1.2764069e-23,0.0,66.37314,357730.44,0.0,0.0,30.019989,0.7438916,1.0,1.0,69.2169,0.0,0.0,0.0,-1.9897929e-13,-0.8224763,402.052,1.60746,66.37314,55.184006,0.0,0.9,0.0,-2.122387e-13,0.0,76.09703,65.41305,65.33818,66.8951,72.34119
2018-01-01 15:05:00,-1.3285058e-23,0.0,66.37314,357730.44,0.0,0.0,30.019989,0.7437696,1.0,1.0,69.216736,0.0,0.0,0.0,-1.9891318e-13,-0.8223453,402.05197,1.60746,66.37314,55.184006,0.0,0.9,0.0,-2.1216861e-13,0.0,76.09714,65.4164,65.339005,66.894394,72.33675
2018-01-01 15:06:00,4.2995824999999997e-23,0.0,66.37314,357730.44,0.0,0.0,30.019989,0.74364877,1.0,1.0,69.21657,0.0,0.0,0.0,-1.9884768e-13,-0.82221174,402.05194,1.60746,66.37314,55.184006,0.0,0.9,0.0,-2.1210125e-13,0.0,76.097305,65.41969,65.339874,66.89373,72.33224
2018-01-01 15:07:00,-1.10169656e-23,0.0,66.37314,357730.44,0.0,0.0,30.019989,0.7435279,1.0,1.0,69.21637,0.0,0.0,0.0,-1.987874e-13,-0.82208246,402.0519,1.60746,66.37314,55.184006,0.0,0.9,0.0,-2.1203085e-13,0.0,76.09741,65.42299,65.3407,66.89302,72.32773
2018-01-01 15:08:00,-2.9177444e-23,0.0,66.37314,357730.44,0.0,0.0,30.019989,0.7434082,1.0,1.0,69.21616,0.0,0.0,0.0,-1.9872241e-13,-0.8219416,402.0519,1.60746,66.37314,55.184006,0.0,0.9,0.0,-2.1196258e-13,0.0,76.09758,65.426285,65.34152,66.8923,72.32312
2018-01-01 15:09:00,5.2205783e-23,0.0,66.37314,357730.44,0.0,0.0,30.019989,0.7432886,1.0,1.0,69.21593,0.0,0.0,0.0,-1.9865798e-13,-0.8218094,402.05188,1.60746,66.37314,55.184006,0.0,0.9,0.0,-2.1189375e-13,0.0,76.09769,65.429474,65.34235,66.89159,72.318504
2018-01-01 15:10:00,-8.8129565e-23,0.0,66.37314,357730.44,0.0,0.0,30.019989,0.7431654,1.0,1.0,69.215675,0.0,0.0,0.0,-1.9858868e-13,-0.8216788,402.05185,1.60746,66.37314,55.184006,0.0,0.9,0.0,-2.118227e-13,0.0,76.097855,65.43271,65.343124,66.89082,72.313835
2018-01-01 15:11:00,7.255824e-23,0.0,66.37314,357730.44,0.0,0.0,30.019989,0.7430468,1.0,1.0,69.21539,0.0,0.0,0.0,-1.9852968e-13,-0.82153535,402.05182,1.60746,66.37314,55.184006,0.0,0.9,0.0,-2.1175623e-13,0.0,76.09796,65.4359,65.34389,66.89011,72.30911
2018-01-01 15:12:00,7.661726299999999e-23,0.0,66.37314,357730.44,0.0,0.0,30.019989,0.7429248,1.0,1.0,69.2151,0.0,0.0,0.0,-1.9846348e-13,-0.82140535,402.0518,1.60746,66.37314,55.184006,0.0,0.9,0.0,-2.1168686e-13,0.0,76.098076,65.43909,65.34466,66.889336,72.30434
2018-01-01 15:13:00,1.20526776e-23,0.0,66.37314,357730.44,0.0,0.0,30.019989,0.742804,1.0,1.0,69.2148,0.0,0.0,0.0,-1.984023e-13,-0.8212834,402.05176,1.60746,66.37314,55.184006,0.0,0.9,0.0,-2.1161663e-13,0.0,76.098236,65.442215,65.34543,66.888565,72.29955
2018-01-01 15:14:00,-3.8705890000000003e-23,0.0,66.37314,357730.44,0.0,0.0,30.019989,0.7426866,1.0,1.0,69.21444,0.0,0.0,0.0,-1.9832778e-13,-0.8211368,402.05173,1.60746,66.37314,55.184006,0.0,0.9,0.0,-2.1155046e-13,0.0,76.09835,65.4453,65.346146,66.88774,72.29466
2018-01-01 15:15:00,-1.3543259e-23,0.0,66.37314,357730.44,0.0,0.0,30.019989,0.7425635,1.0,1.0,69.21409,0.0,0.0,0.0,-1.9827126e-13,-0.8210062,402.0517,1.60746,66.37314,55.184006,0.0,0.9,0.0,-2.1148116e-13,0.0,76.098465,65.448364,65.346855,66.88698,72.28978
2018-01-01 15:16:00,7.2334435e-24,0.0,66.37314,357730.44,0.0,0.0,30.019989,0.7424426,1.0,1.0,69.2137,0.0,0.0,0.0,-1.9820717e-13,-0.8208746,402.05167,1.60746,66.37314,55.184006,0.0,0.9,0.0,-2.1141303e-13,0.0,76.09857,65.45145,65.34752,66.886154,72.284775
2018-01-01 15:17:00,-2.0170558e-23,0.0,66.37309,357730.44,0.0,0.0,30.019989,0.74232405,1.0,1.0,69.2133,0.0,0.0,0.0,-1.9813804e-13,-0.8207429,402.05164,1.60746,66.37309,55.184006,0.0,0.9,0.0,-2.1134338e-13,0.0,76.09868,65.45447,65.34823,66.885376,72.27978
2018-01-01 15:18:00,-7.083351e-24,0.0,66.37309,357730.44,0.0,0.0,30.019989,0.7422044,1.0,1.0,69.212875,0.0,0.0,0.0,-1.980735e-13,-0.82060975,402.0516,1.60746,66.37309,55.184006,0.0,0.9,0.0,-2.1127654e-13,0.0,76.098785,65.45743,65.34889,66.88455,72.27472
2018-01-01 15:19:00,-9.448550000000001e-24,0.0,66.37309,357730.44,0.0,0.0,30.019989,0.74208355,1.0,1.0,69.21242,0.0,0.0,0.0,-1.980112e-13,-0.82047355,402.05157,1.60746,66.37309,55.184006,0.0,0.9,0.0,-2.1120603e-13,0.0,76.0989,65.4604,65.34949,66.88368,72.269615
2018-01-01 15:20:00,-2.0202185000000002e-24,0.0,66.37309,357730.44,0.0,0.0,30.019989,0.7419604,1.0,1.0,69.21196,0.0,0.0,0.0,-1.9795195e-13,-0.8203378,402.05154,1.60746,66.37309,55.184006,0.0,0.9,0.0,-2.1113923e-13,0.0,76.099014,65.46331,65.35015,66.88286,72.26445
2018-01-01 15:21:00,2.7576150000000003e-22,0.0,66.37309,357730.44,0.0,0.0,30.019989,0.7418395,1.0,1.0,69.21135,0.0,0.0,0.0,-1.978852e-13,-0.8202157,402.0515,1.60746,66.37309,55.184006,0.0,0.9,0.0,-2.1106939e-13,0.0,76.09912,65.46594,65.35075,66.88197,72.25896
2018-01-01 15:22:00,-5.87437e-22,0.0,66.37309,357730.44,0.0,0.0,30.019989,0.7417187,1.0,1.0,69.21069,0.0,0.0,0.0,-1.9781481e-13,-0.8200723,402.05148,1.60746,66.37309,55.184006,0.0,0.9,0.0,-2.1100115e-13,0.0,76.099174,65.46853,65.3513,66.881096,72.25336
2018-01-01 15:23:00,-3.3740998e-23,0.0,66.37309,357730.44,0.0,0.0,30.019989,0.74160016,1.0,1.0,69.21001,0.0,0.0,0.0,-1.977511e-13,-0.8199357,402.05145,1.60746,66.37309,55.184006,0.0,0.9,0.0,-2.1093285e-13,0.0,76.09929,65.471054,65.35185,66.88016,72.247696
2018-01-01 15:24:00,-6.061778000000001e-23,0.0,66.37309,357730.44,0.0,0.0,30.019989,0.7414758,1.0,1.0,69.209335,0.0,0.0,0.0,-1.9769551e-13,-0.81980103,402.05142,1.60746,66.37309,55.184006,0.0,0.9,0.0,-2.1086388e-13,0.0,76.099396,65.47359,65.3524,66.87929,72.24199
2018-01-01 15:25:00,-2.9806014e-23,0.0,66.37309,357730.44,0.0,0.0,30.019989,0.74135965,1.0,1.0,69.20858,0.0,0.0,0.0,-1.9762782e-13,-0.8196723,402.0514,1.60746,66.37309,55.184006,0.0,0.9,0.0,-2.1079641e-13,0.0,76.09945,65.476,65.3529,66.87835,72.23622
2018-01-01 15:26:00,-9.0266324e-24,0.0,66.37309,357730.44,0.0,0.0,30.019989,0.74123764,1.0,1.0,69.207825,0.0,0.0,0.0,-1.97561e-13,-0.81954616,402.05136,1.60746,66.37309,55.184006,0.0,0.9,0.0,-2.1072762e-13,0.0,76.0995,65.47842,65.35339,66.87741,72.23039
2018-01-01 15:27:00,-2.9238590000000005e-23,0.0,66.37309,357730.44,0.0,0.0,30.019989,0.74111795,1.0,1.0,69.20706,0.0,0.0,0.0,-1.974988e-13,-0.8194068,402.05133,1.60746,66.37309,55.184006,0.0,0.9,0.0,-2.1065937e-13,0.0,76.09961,65.480774,65.35388,66.87648,72.22457
2018-01-01 15:28:00,1.5356618e-23,0.0,66.37309,357730.44,0.0,0.0,30.019989,0.7409948,1.0,1.0,69.20626,0.0,0.0,0.0,-1.9743362e-13,-0.81927854,402.0513,1.60746,66.37309,55.184006,0.0,0.9,0.0,-2.1058963e-13,0.0,76.09967,65.483086,65.354385,66.87555,72.21864
2018-01-01 15:29:00,-9.9645975e-24,0.0,66.37309,357730.44,0.0,0.0,30.019989,0.7408774,1.0,1.0,69.20543,0.0,0.0,0.0,-1.9737058e-13,-0.81913936,402.05127,1.60746,66.37309,55.184006,0.0,0.9,0.0,-2.1052223e-13,0.0,76.099724,65.4854,65.35482,66.87456,72.21265
2018-01-01 15:30:00,2.6264673999999998e-23,0.0,66.37309,357730.44,0.0,0.0,30.019989,0.7407577,1.0,1.0,69.20457,0.0,0.0,0.0,-1.9730421e-13,-0.8190106,402.05124,1.60746,66.37309,55.184006,0.0,0.9,0.0,-2.1045408e-13,0.0,76.09978,65.48764,65.355255,66.873566,72.206604
2018-01-01 15:31:00,2.5243324e-24,0.0,66.37309,357730.44,0.0,0.0,30.019989,0.7406346,1.0,1.0,69.20368,0.0,0.0,0.0,-1.9724009e-13,-0.81888616,402.0512,1.60746,66.37309,55.184006,0.0,0.9,0.0,-2.1038276e-13,0.0,76.09978,65.48984,65.355644,66.87258,72.20056
2018-01-01 15:32:00,-1.9202747e-23,0.0,66.37309,357730.44,0.0,0.0,30.019989,0.7405195,1.0,1.0,69.20278,0.0,0.0,0.0,-1.9717046e-13,-0.8187427,402.05118,1.60746,66.37309,55.184006,0.0,0.9,0.0,-2.1031648e-13,0.0,76.09984,65.49199,65.35608,66.8716,72.19441
2018-01-01 15:33:00,-8.669351000000001e-23,0.0,66.37309,357730.44,0.0,0.0,30.019989,0.7403952,1.0,1.0,69.20186,0.0,0.0,0.0,-1.971152e-13,-0.8186105,402.05115,1.60746,66.37309,55.184006,0.0,0.9,0.0,-2.102482e-13,0.0,76.09984,65.494125,65.35647,66.870605,72.18826
2018-01-01 15:34:00,4.6704608e-23,0.0,66.37309,357730.44,0.0,0.0,30.019989,0.7402755,1.0,1.0,69.20095,0.0,0.0,0.0,-1.9704916e-13,-0.81847274,402.05112,1.60746,66.37309,55.184006,0.0,0.9,0.0,-2.1018168e-13,0.0,76.099884,65.49627,65.35686,66.86961,72.18211
2018-01-01 15:35:00,-5.2660627e-23,0.0,66.37309,357730.44,0.0,0.0,30.019989,0.7401547,1.0,1.0,69.199974,0.0,0.0,0.0,-1.9699052e-13,-0.81834865,402.0511,1.60746,66.37309,55.184006,0.0,0.9,0.0,-2.1011204e-13,0.0,76.099884,65.49835,65.35724,66.868576,72.17584
2018-01-01 15:36:00,-7.136617e-23,0.0,66.37309,357730.44,0.0,0.0,30.019989,0.74003386,1.0,1.0,69.19899,0.0,0.0,0.0,-1.969227e-13,-0.8182144,402.05106,1.60746,66.37309,55.184006,0.0,0.9,0.0,-2.1004284e-13,0.0,76.099884,65.50039,65.35757,66.86752,72.169586
2018-01-01 15:37:00,1.7727118e-23,0.0,66.37309,357730.44,0.0,0.0,30.019989,0.7399153,1.0,1.0,69.19801,0.0,0.0,0.0,-1.9685876e-13,-0.8180791,402.05106,1.60746,66.37309,55.184006,0.0,0.9,0.0,-2.0997684e-13,0.0,76.099884,65.502426,65.357956,66.866486,72.16332
2018-01-01 15:38:00,-3.6244636e-24,0.0,66.37309,357730.44,0.0,0.0,30.019989,0.7397933,1.0,1.0,69.19699,0.0,0.0,0.0,-1.9679237e-13,-0.8179473,402.05103,1.60746,66.37309,55.184006,0.0,0.9,0.0,-2.0990664e-13,0.0,76.09984,65.504456,65.35828,66.86544,72.15695
2018-01-01 15:39:00,-6.819601599999999e-23,0.0,66.37309,357730.44,0.0,0.0,30.019989,0.7396736,1.0,1.0,69.195984,0.0,0.0,0.0,-1.9673267e-13,-0.81780607,402.051,1.60746,66.37309,55.184006,0.0,0.9,0.0,-2.0983905e-13,0.0,76.09984,65.50643,65.35861,66.864395,72.150635
2018-01-01 15:40:00,5.1316478e-23,0.0,66.37309,357730.44,0.0,0.0,30.019989,0.7395539,1.0,1.0,69.19495,0.0,0.0,0.0,-1.9667025e-13,-0.8176773,402.05096,1.60746,66.37309,55.184006,0.0,0.9,0.0,-2.0977183e-13,0.0,76.09984,65.508354,65.35894,66.86336,72.14421
2018-01-01 15:41:00,-5.5126654e-23,0.0,66.37309,357730.44,0.0,0.0,30.019989,0.7394319,1.0,1.0,69.193886,0.0,0.0,0.0,-1.9660185e-13,-0.8175477,402.0509,1.60746,66.37309,55.184006,0.0,0.9,0.0,-2.0970354e-13,0.0,76.09978,65.51028,65.359215,66.862305,72.13783
2018-01-01 15:42:00,-1.5169143e-22,0.0,66.37309,357730.44,0.0,0.0,30.019989,0.73931223,1.0,1.0,69.192795,0.0,0.0,0.0,-1.9653799e-13,-0.8174144,402.05087,1.60746,66.37309,55.184006,0.0,0.9,0.0,-2.0963479e-13,0.0,76.099724,65.5122,65.35949,66.861206,72.13135
2018-01-01 15:43:00,-1.9773916e-23,0.0,66.37309,357730.44,0.0,0.0,30.019989,0.7391926,1.0,1.0,69.19171,0.0,0.0,0.0,-1.964764e-13,-0.81728727,402.05084,1.60746,66.37309,55.184006,0.0,0.9,0.0,-2.0956583e-13,0.0,76.09967,65.51407,65.35982,66.86011,72.12487
2018-01-01 15:44:00,5.6169194e-23,0.0,66.37309,357730.44,0.0,0.0,30.019989,0.73907405,1.0,1.0,69.19063,0.0,0.0,0.0,-1.9640652e-13,-0.81715006,402.0508,1.60746,66.37309,55.184006,0.0,0.9,0.0,-2.0949976e-13,0.0,76.09961,65.51593,65.36009,66.85907,72.11839
2018-01-01 15:45:00,-1.5401771e-23,0.0,66.37309,357730.44,0.0,0.0,30.019989,0.7389555,1.0,1.0,69.1895,0.0,0.0,0.0,-1.9634983e-13,-0.8170203,402.05078,1.60746,66.37309,55.184006,0.0,0.9,0.0,-2.094307e-13,0.0,76.09956,65.517746,65.36031,66.85797,72.11191
2018-01-01 15:46:00,-1.1779704000000002e-22,0.0,66.37309,357730.44,0.0,0.0,30.019989,0.73883235,1.0,1.0,69.18836,0.0,0.0,0.0,-1.9628244e-13,-0.8168921,402.05075,1.60746,66.37309,55.184006,0.0,0.9,0.0,-2.0936199e-13,0.0,76.09945,65.51956,65.36059,66.85687,72.105316
2018-01-01 15:47:00,-3.4513122000000004e-24,0.0,66.37303,357730.44,0.0,0.0,30.019989,0.73871267,1.0,1.0,69.187225,0.0,0.0,0.0,-1.9622268e-13,-0.8167544,402.05072,1.60746,66.37303,55.184006,0.0,0.9,0.0,-2.0929488e-13,0.0,76.099396,65.52138,65.36081,66.855774,72.09878
2018-01-01 15:48:00,2.8967304e-24,0.0,66.37303,357730.44,0.0,0.0,30.019989,0.7385942,1.0,1.0,69.186066,0.0,0.0,0.0,-1.9615537e-13,-0.8166162,402.0507,1.60746,66.37303,55.184006,0.0,0.9,0.0,-2.09227e-13,0.0,76.09929,65.52313,65.361084,66.854614,72.092186
2018-01-01 15:49:00,2.25706e-23,0.0,66.37303,357730.44,0.0,0.0,30.019989,0.7384721,1.0,1.0,69.18487,0.0,0.0,0.0,-1.9609608e-13,-0.8164769,402.05066,1.60746,66.37303,55.184006,0.0,0.9,0.0,-2.0916065e-13,0.0,76.099174,65.52483,65.3613,66.853516,72.08554
2018-01-01 15:50:00,-6.8504405e-24,0.0,66.37303,357730.44,0.0,0.0,30.019989,0.7383513,1.0,1.0,69.18371,0.0,0.0,0.0,-1.9603308e-13,-0.81634915,402.05063,1.60746,66.37303,55.184006,0.0,0.9,0.0,-2.090916e-13,0.0,76.09912,65.526596,65.36153,66.85237,72.07895
2018-01-01 15:51:00,5.494835000000001e-23,0.0,66.37303,357730.44,0.0,0.0,30.019989,0.7382339,1.0,1.0,69.182495,0.0,0.0,0.0,-1.9596695e-13,-0.81622136,402.0506,1.60746,66.37303,55.184006,0.0,0.9,0.0,-2.0902288e-13,0.0,76.099014,65.528244,65.36169,66.85127,72.07225
2018-01-01 15:52:00,1.5471593e-23,0.0,66.37303,357730.44,0.0,0.0,30.019989,0.73811543,1.0,1.0,69.18129,0.0,0.0,0.0,-1.958975e-13,-0.8160908,402.05057,1.60746,66.37303,55.184006,0.0,0.9,0.0,-2.0895403e-13,0.0,76.09885,65.52994,65.36191,66.85011,72.0656
2018-01-01 15:53:00,-7.841144e-24,0.0,66.37303,357730.44,0.0,0.0,30.019989,0.7379899,1.0,1.0,69.18005,0.0,0.0,0.0,-1.9584712e-13,-0.8159604,402.05054,1.60746,66.37303,55.184006,0.0,0.9,0.0,-2.0888846e-13,0.0,76.09874,65.531586,65.362076,66.84896,72.0589
2018-01-01 15:54:00,-3.1428326e-23,0.0,66.37303,357730.44,0.0,0.0,30.019989,0.737876,1.0,1.0,69.17881,0.0,0.0,0.0,-1.9577047e-13,-0.8158278,402.0505,1.60746,66.37303,55.184006,0.0,0.9,0.0,-2.0881941e-13,0.0,76.098625,65.53319,65.36229,66.84781,72.05214
2018-01-01 15:55:00,4.0608168e-23,0.0,66.37303,357730.44,0.0,0.0,30.019989,0.73775405,1.0,1.0,69.17756,0.0,0.0,0.0,-1.9571107e-13,-0.81568813,402.05048,1.60746,66.37303,55.184006,0.0,0.9,0.0,-2.0875238e-13,0.0,76.098465,65.534775,65.36246,66.84665,72.04544
2018-01-01 15:56:00,1.3328648999999998e-23,0.0,66.37303,357730.44,0.0,0.0,30.019989,0.7376355,1.0,1.0,69.176285,0.0,0.0,0.0,-1.956438e-13,-0.81556225,402.05045,1.60746,66.37303,55.184006,0.0,0.9,0.0,-2.086852e-13,0.0,76.0983,65.53637,65.362625,66.845505,72.03863
2018-01-01 15:57:00,-3.3839722e-23,0.0,66.37303,357730.44,0.0,0.0,30.019989,0.7375135,1.0,1.0,69.17499,0.0,0.0,0.0,-1.9558185e-13,-0.81541854,402.0504,1.60746,66.37303,55.184006,0.0,0.9,0.0,-2.0861699e-13,0.0,76.09813,65.53786,65.362785,66.844345,72.031815
2018-01-01 15:58:00,4.8813064e-24,0.0,66.37303,357730.44,0.0,0.0,30.019989,0.7373949,1.0,1.0,69.17368,0.0,0.0,0.0,-1.955218e-13,-0.8152894,402.05038,1.60746,66.37303,55.184006,0.0,0.9,0.0,-2.0854787e-13,0.0,76.09796,65.53939,65.3629,66.84314,72.02501
2018-01-01 15:59:00,1.1396857000000001e-22,0.0,66.37303,357730.44,0.0,0.0,30.019989,0.73727417,1.0,1.0,69.17236,0.0,0.0,0.0,-1.9545854e-13,-0.815167,402.05035,1.60746,66.37303,55.184006,0.0,0.9,0.0,-2.084792e-13,0.0,76.0978,65.54082,65.36306,66.84198,72.01814
2018-01-01 16:00:00,4.7205156e-23,0.0,66.37303,357730.44,0.0,0.0,30.019989,0.7371533,1.0,1.0,69.17102,0.0,0.0,0.0,-1.9539505e-13,-0.8150288,402.05032,1.60746,66.37303,55.184006,0.0,0.9,0.0,-2.0841324e-13,0.0,76.09764,65.54225,65.363174,66.840775,72.01128
2018-01-01 16:01:00,5.3832916e-23,0.0,66.37303,357730.44,0.0,0.0,30.019989,0.73703706,1.0,1.0,69.16968,0.0,0.0,0.0,-1.9532761e-13,-0.8148999,402.0503,1.60746,66.37303,55.184006,0.0,0.9,0.0,-2.0834555e-13,0.0,76.09747,65.54367,65.36328,66.83962,72.00435
2018-01-01 16:02:00,-9.677196000000001e-23,0.0,66.37303,357730.44,0.0,0.0,30.019989,0.73691624,1.0,1.0,69.16831,0.0,0.0,0.0,-1.9526527e-13,-0.81476194,402.0503,1.60746,66.37303,55.184006,0.0,0.9,0.0,-2.0827891e-13,0.0,76.09725,65.545044,65.36339,66.83841,71.99743
2018-01-01 16:03:00,-5.3133916e-23,0.0,66.37303,357730.44,0.0,0.0,30.019989,0.73679656,1.0,1.0,69.16692,0.0,0.0,0.0,-1.9520103e-13,-0.81462884,402.05026,1.60746,66.37303,55.184006,0.0,0.9,0.0,-2.0820962e-13,0.0,76.09709,65.54637,65.363495,66.837204,71.99045
2018-01-01 16:04:00,2.1683601e-23,0.0,66.37303,357730.44,0.0,0.0,30.019989,0.73667574,1.0,1.0,69.16551,0.0,0.0,0.0,-1.9514167e-13,-0.8145026,402.05023,1.60746,66.37303,55.184006,0.0,0.9,0.0,-2.0814223e-13,0.0,76.09686,65.54763,65.36361,66.836,71.983475
2018-01-01 16:05:00,-4.0174817999999997e-23,0.0,66.37303,357730.44,0.0,0.0,30.019989,0.7365572,1.0,1.0,69.164085,0.0,0.0,0.0,-1.9507953e-13,-0.81436396,402.0502,1.60746,66.37303,55.184006,0.0,0.9,0.0,-2.080744e-13,0.0,76.09665,65.54889,65.36366,66.83479,71.97644
2018-01-01 16:06:00,3.0571888e-23,0.0,66.37303,357730.44,0.0,0.0,30.019989,0.7364363,1.0,1.0,69.16265,0.0,0.0,0.0,-1.9501429e-13,-0.814231,402.05017,1.60746,66.37303,55.184006,0.0,0.9,0.0,-2.080076e-13,0.0,76.09643,65.5501,65.36372,66.83358,71.96941
2018-01-01 16:07:00,-5.923525e-23,0.0,66.37303,357730.44,0.0,0.0,30.019989,0.73632014,1.0,1.0,69.16121,0.0,0.0,0.0,-1.9495072e-13,-0.8140988,402.05014,1.60746,66.37303,55.184006,0.0,0.9,0.0,-2.0794106e-13,0.0,76.09621,65.551315,65.36377,66.83243,71.962326
2018-01-01 16:08:00,-8.702732399999999e-23,0.0,66.37303,357730.44,0.0,0.0,30.019989,0.73620045,1.0,1.0,69.15977,0.0,0.0,0.0,-1.9488752e-13,-0.8139672,402.0501,1.60746,66.37303,55.184006,0.0,0.9,0.0,-2.0787183e-13,0.0,76.09599,65.55246,65.36383,66.83127,71.955246
2018-01-01 16:09:00,-3.4021504e-23,0.0,66.37303,357730.44,0.0,0.0,30.019989,0.73607725,1.0,1.0,69.15828,0.0,0.0,0.0,-1.948261e-13,-0.8138334,402.05008,1.60746,66.37303,55.184006,0.0,0.9,0.0,-2.0780564e-13,0.0,76.09572,65.55356,65.363884,66.830124,71.948105
2018-01-01 16:10:00,-3.2413796e-23,0.0,66.37303,357730.44,0.0,0.0,30.019989,0.7359588,1.0,1.0,69.1568,0.0,0.0,0.0,-1.947596e-13,-0.8137019,402.05005,1.60746,66.37303,55.184006,0.0,0.9,0.0,-2.0773731e-13,0.0,76.09549,65.55466,65.363884,66.828964,71.94096
2018-01-01 16:11:00,-3.3749910000000005e-23,0.0,66.37303,357730.44,0.0,0.0,30.019989,0.73584026,1.0,1.0,69.15527,0.0,0.0,0.0,-1.9469777e-13,-0.8135727,402.05002,1.60746,66.37303,55.184006,0.0,0.9,0.0,-2.0767082e-13,0.0,76.095215,65.55565,65.36394,66.82781,71.93376
2018-01-01 16:12:00,5.2346009999999996e-24,0.0,66.37303,357730.44,0.0,0.0,30.019989,0.73571825,1.0,1.0,69.15376,0.0,0.0,0.0,-1.9463837e-13,-0.8134431,402.05,1.60746,66.37303,55.184006,0.0,0.9,0.0,-2.0760203e-13,0.0,76.09494,65.556694,65.36394,66.82666,71.92657
2018-01-01 16:13:00,-1.6360445e-23,0.0,66.37303,357730.44,0.0,0.0,30.019989,0.7356009,1.0,1.0,69.15218,0.0,0.0,0.0,-1.9457125e-13,-0.8133166,402.04996,1.60746,66.37303,55.184006,0.0,0.9,0.0,-2.0753482e-13,0.0,76.094666,65.55752,65.36394,66.8255,71.91931
2018-01-01 16:14:00,-5.5555637e-23,0.0,66.37303,357730.44,0.0,0.0,30.019989,0.73548007,1.0,1.0,69.1506,0.0,0.0,0.0,-1.9450999e-13,-0.8131771,402.04993,1.60746,66.37303,55.184006,0.0,0.9,0.0,-2.0746646e-13,0.0,76.09439,65.55834,65.363884,66.824295,71.91206
2018-01-01 16:15:00,-8.331798000000001e-23,0.0,66.37303,357730.44,0.0,0.0,30.019989,0.7353615,1.0,1.0,69.149,0.0,0.0,0.0,-1.9444258e-13,-0.813045,402.0499,1.60746,66.37303,55.184006,0.0,0.9,0.0,-2.0740006e-13,0.0,76.09412,65.55911,65.363884,66.82314,71.904755
2018-01-01 16:16:00,1.3372732000000002e-22,0.0,66.37303,357730.44,0.0,0.0,30.019989,0.73524183,1.0,1.0,69.14738,0.0,0.0,0.0,-1.9438172e-13,-0.8129213,402.04984,1.60746,66.37303,55.184006,0.0,0.9,0.0,-2.0733378e-13,0.0,76.09384,65.55983,65.36383,66.82193,71.89745
2018-01-01 16:17:00,-1.8786177e-23,0.0,66.37303,357730.44,0.0,0.0,30.019989,0.73512095,1.0,1.0,69.14575,0.0,0.0,0.0,-1.9431973e-13,-0.8127846,402.0498,1.60746,66.37303,55.184006,0.0,0.9,0.0,-2.0726469e-13,0.0,76.09352,65.56054,65.36377,66.820786,71.89015
2018-01-01 16:18:00,1.1333606000000002e-22,0.0,66.37303,357730.44,0.0,0.0,30.019989,0.7350048,1.0,1.0,69.144104,0.0,0.0,0.0,-1.9424749e-13,-0.812654,402.04977,1.60746,66.37303,55.184006,0.0,0.9,0.0,-2.0719747e-13,0.0,76.09325,65.5612,65.36372,66.81957,71.88278
2018-01-01 16:19:00,2.3986320999999998e-23,0.0,66.37303,357730.44,0.0,0.0,30.019989,0.73488396,1.0,1.0,69.14243,0.0,0.0,0.0,-1.9419079e-13,-0.8125179,402.04974,1.60746,66.37303,55.184006,0.0,0.9,0.0,-2.0713008e-13,0.0,76.09291,65.5618,65.36366,66.81836,71.87543
2018-01-01 16:20:00,-6.435568000000001e-23,0.0,66.37303,357730.44,0.0,0.0,30.019989,0.7347631,1.0,1.0,69.14074,0.0,0.0,0.0,-1.9412542e-13,-0.81238365,402.0497,1.60746,66.37303,55.184006,0.0,0.9,0.0,-2.070641e-13,0.0,76.09258,65.56235,65.36361,66.817154,71.86801
2018-01-01 16:21:00,-1.929075e-25,0.0,66.37298,357730.44,0.0,0.0,30.019989,0.7346446,1.0,1.0,69.13905,0.0,0.0,0.0,-1.9406312e-13,-0.8122539,402.04968,1.60746,66.37298,55.184006,0.0,0.9,0.0,-2.0699759e-13,0.0,76.09231,65.5629,65.363495,66.81595,71.860596
2018-01-01 16:22:00,-1.3366714000000002e-22,0.0,66.37298,357730.44,0.0,0.0,30.019989,0.73452723,1.0,1.0,69.13734,0.0,0.0,0.0,-1.9400681e-13,-0.81212825,402.04965,1.60746,66.37298,55.184006,0.0,0.9,0.0,-2.0692947e-13,0.0,76.09198,65.5634,65.36345,66.81474,71.85312
2018-01-01 16:23:00,1.4318990999999998e-23,0.0,66.37298,357730.44,0.0,0.0,30.019989,0.73440635,1.0,1.0,69.1356,0.0,0.0,0.0,-1.9393841e-13,-0.8119951,402.04962,1.60746,66.37298,55.184006,0.0,0.9,0.0,-2.0686175e-13,0.0,76.0916,65.563835,65.363335,66.81353,71.84566
2018-01-01 16:24:00,1.3568546e-24,0.0,66.37298,357730.44,0.0,0.0,30.019989,0.73428667,1.0,1.0,69.13383,0.0,0.0,0.0,-1.9387738e-13,-0.8118557,402.0496,1.60746,66.37298,55.184006,0.0,0.9,0.0,-2.0679614e-13,0.0,76.09126,65.564224,65.36322,66.81227,71.83813
2018-01-01 16:25:00,-4.1930549999999996e-24,0.0,66.37298,357730.44,0.0,0.0,30.019989,0.7341682,1.0,1.0,69.13205,0.0,0.0,0.0,-1.9380894e-13,-0.8117187,402.0496,1.60746,66.37298,55.184006,0.0,0.9,0.0,-2.0672957e-13,0.0,76.090935,65.564545,65.36311,66.81106,71.8306
2018-01-01 16:26:00,-4.8225222e-23,0.0,66.37298,357730.44,0.0,0.0,30.019989,0.7340485,1.0,1.0,69.13013,0.0,0.0,0.0,-1.9375243e-13,-0.811598,402.04956,1.60746,66.37298,55.184006,0.0,0.9,0.0,-2.0666152e-13,0.0,76.090546,65.56466,65.36284,66.80974,71.82286
2018-01-01 16:27:00,-2.4364054e-23,0.0,66.37298,357730.44,0.0,0.0,30.019989,0.7339265,1.0,1.0,69.12821,0.0,0.0,0.0,-1.9368841e-13,-0.81146604,402.04953,1.60746,66.37298,55.184006,0.0,0.9,0.0,-2.0659208e-13,0.0,76.090164,65.56471,65.362625,66.808426,71.81511
2018-01-01 16:28:00,1.2689080000000002e-22,0.0,66.37298,357730.44,0.0,0.0,30.019989,0.73381263,1.0,1.0,69.12626,0.0,0.0,0.0,-1.9362279e-13,-0.81132704,402.0495,1.60746,66.37298,55.184006,0.0,0.9,0.0,-2.06528e-13,0.0,76.089836,65.56471,65.36235,66.8071,71.80731
2018-01-01 16:29:00,5.5545317000000005e-24,0.0,66.37298,357730.44,0.0,0.0,30.019989,0.73369294,1.0,1.0,69.12431,0.0,0.0,0.0,-1.9356122e-13,-0.81119674,402.04947,1.60746,66.37298,55.184006,0.0,0.9,0.0,-2.0645909e-13,0.0,76.08945,65.56471,65.362076,66.805786,71.79956
2018-01-01 16:30:00,-1.6204897e-23,0.0,66.37298,357730.44,0.0,0.0,30.019989,0.73357207,1.0,1.0,69.12236,0.0,0.0,0.0,-1.9349283e-13,-0.81107175,402.04944,1.60746,66.37298,55.184006,0.0,0.9,0.0,-2.0639371e-13,0.0,76.089066,65.56471,65.3618,66.80447,71.79176
2018-01-01 16:31:00,-1.7006907e-23,0.0,66.37298,357730.44,0.0,0.0,30.019989,0.7334524,1.0,1.0,69.120384,0.0,0.0,0.0,-1.9343054e-13,-0.8109366,402.0494,1.60746,66.37298,55.184006,0.0,0.9,0.0,-2.0632739e-13,0.0,76.088684,65.56466,65.36153,66.80309,71.783966
2018-01-01 16:32:00,-4.2895136e-24,0.0,66.37298,357730.44,0.0,0.0,30.019989,0.73333156,1.0,1.0,69.11842,0.0,0.0,0.0,-1.9337324e-13,-0.8108055,402.04938,1.60746,66.37298,55.184006,0.0,0.9,0.0,-2.062572e-13,0.0,76.08824,65.564606,65.3613,66.80177,71.77617
2018-01-01 16:33:00,3.1619467e-23,0.0,66.37298,357730.44,0.0,0.0,30.019989,0.73321533,1.0,1.0,69.11648,0.0,0.0,0.0,-1.9331478e-13,-0.8106618,402.04935,1.60746,66.37298,55.184006,0.0,0.9,0.0,-2.0619246e-13,0.0,76.08786,65.5645,65.36119,66.80046,71.768364
2018-01-01 16:34:00,3.7002385e-24,0.0,66.37298,357730.44,0.0,0.0,30.019989,0.73309565,1.0,1.0,69.114525,0.0,0.0,0.0,-1.9324699e-13,-0.8105508,402.04932,1.60746,66.37298,55.184006,0.0,0.9,0.0,-2.0612399e-13,0.0,76.08742,65.564384,65.361084,66.79913,71.76062
2018-01-01 16:35:00,1.1464592e-23,0.0,66.37298,357730.44,0.0,0.0,30.019989,0.73297715,1.0,1.0,69.112564,0.0,0.0,0.0,-1.9318328e-13,-0.8104095,402.0493,1.60746,66.37298,55.184006,0.0,0.9,0.0,-2.0605757e-13,0.0,76.087036,65.56427,65.360916,66.79776,71.75282
2018-01-01 16:36:00,-6.2157155e-24,0.0,66.37298,357730.44,0.0,0.0,30.019989,0.7328563,1.0,1.0,69.11061,0.0,0.0,0.0,-1.931227e-13,-0.8102761,402.04926,1.60746,66.37298,55.184006,0.0,0.9,0.0,-2.059909e-13,0.0,76.08659,65.56416,65.36081,66.79645,71.74502
2018-01-01 16:37:00,1.8443353e-24,0.0,66.37298,357730.44,0.0,0.0,30.019989,0.7327366,1.0,1.0,69.10865,0.0,0.0,0.0,-1.930667e-13,-0.8101483,402.04922,1.60746,66.37298,55.184006,0.0,0.9,0.0,-2.059246e-13,0.0,76.08615,65.56406,65.3607,66.79513,71.73721
2018-01-01 16:38:00,4.3368603e-23,0.0,66.37298,357730.44,0.0,0.0,30.019989,0.7326192,1.0,1.0,69.106705,0.0,0.0,0.0,-1.9300069e-13,-0.81001025,402.0492,1.60746,66.37298,55.184006,0.0,0.9,0.0,-2.0585801e-13,0.0,76.08572,65.56389,65.36059,66.79381,71.72948
2018-01-01 16:39:00,6.4098805e-23,0.0,66.37298,357730.44,0.0,0.0,30.019989,0.73250073,1.0,1.0,69.104675,0.0,0.0,0.0,-1.9293589e-13,-0.80988234,402.04916,1.60746,66.37298,55.184006,0.0,0.9,0.0,-2.0578923e-13,0.0,76.08522,65.56372,65.36047,66.792435,71.72151
2018-01-01 16:40:00,-2.0049754999999998e-23,0.0,66.37298,357730.44,0.0,0.0,30.019989,0.73237985,1.0,1.0,69.102684,0.0,0.0,0.0,-1.928777e-13,-0.8097564,402.04913,1.60746,66.37298,55.184006,0.0,0.9,0.0,-2.0572315e-13,0.0,76.08478,65.56356,65.36037,66.79112,71.71359
2018-01-01 16:41:00,-1.0896486e-24,0.0,66.37298,357730.44,0.0,0.0,30.019989,0.7322637,1.0,1.0,69.10069,0.0,0.0,0.0,-1.9280623e-13,-0.80962175,402.0491,1.60746,66.37298,55.184006,0.0,0.9,0.0,-2.0565601e-13,0.0,76.08434,65.5634,65.36026,66.789795,71.70569
2018-01-01 16:42:00,-3.4190043e-23,0.0,66.37298,357730.44,0.0,0.0,30.019989,0.732144,1.0,1.0,69.09866,0.0,0.0,0.0,-1.9274901e-13,-0.80949193,402.04907,1.60746,66.37298,55.184006,0.0,0.9,0.0,-2.0559013e-13,0.0,76.08385,65.56317,65.36009,66.78842,71.69778
2018-01-01 16:43:00,-2.9890946e-23,0.0,66.37298,357730.44,0.0,0.0,30.019989,0.7320243,1.0,1.0,69.09668,0.0,0.0,0.0,-1.926848e-13,-0.80935836,402.04904,1.60746,66.37298,55.184006,0.0,0.9,0.0,-2.0552322e-13,0.0,76.083405,65.56301,65.359985,66.78711,71.689865
2018-01-01 16:44:00,1.2927185999999999e-23,0.0,66.37298,357730.44,0.0,0.0,30.019989,0.73190576,1.0,1.0,69.094666,0.0,0.0,0.0,-1.9262448e-13,-0.8092254,402.049,1.60746,66.37298,55.184006,0.0,0.9,0.0,-2.0545719e-13,0.0,76.08292,65.56279,65.35988,66.78579,71.68196
2018-01-01 16:45:00,7.813861e-24,0.0,66.37298,357730.44,0.0,0.0,30.019989,0.73178375,1.0,1.0,69.09267,0.0,0.0,0.0,-1.9255959e-13,-0.80908835,402.04898,1.60746,66.37298,55.184006,0.0,0.9,0.0,-2.0539039e-13,0.0,76.08242,65.56258,65.359764,66.78447,71.6741
2018-01-01 16:46:00,1.5432936e-23,0.0,66.37298,357730.44,0.0,0.0,30.019989,0.7316688,1.0,1.0,69.09066,0.0,0.0,0.0,-1.9249306e-13,-0.80896497,402.04895,1.60746,66.37298,55.184006,0.0,0.9,0.0,-2.0532335e-13,0.0,76.081985,65.56235,65.35965,66.7831,71.666245
2018-01-01 16:47:00,-2.6848865e-23,0.0,66.37298,357730.44,0.0,0.0,30.019989,0.7315502,1.0,1.0,69.08867,0.0,0.0,0.0,-1.9243386e-13,-0.8088256,402.04895,1.60746,66.37298,55.184006,0.0,0.9,0.0,-2.0525728e-13,0.0,76.08148,65.56213,65.35954,66.781784,71.65839
2018-01-01 16:48:00,-3.5733417e-23,0.0,66.37298,357730.44,0.0,0.0,30.019989,0.73143166,1.0,1.0,69.08667,0.0,0.0,0.0,-1.9237726e-13,-0.8086949,402.04892,1.60746,66.37298,55.184006,0.0,0.9,0.0,-2.0519015e-13,0.0,76.08099,65.56191,65.359436,66.78046,71.650536
2018-01-01 16:49:00,3.0649755999999998e-25,0.0,66.37298,357730.44,0.0,0.0,30.019989,0.73131317,1.0,1.0,69.08466,0.0,0.0,0.0,-1.9231273e-13,-0.80857533,402.0489,1.60746,66.37298,55.184006,0.0,0.9,0.0,-2.0512358e-13,0.0,76.0805,65.56169,65.35933,66.77908,71.64273
2018-01-01 16:50:00,-5.923765e-24,0.0,66.37298,357730.44,0.0,0.0,30.019989,0.73119116,1.0,1.0,69.08267,0.0,0.0,0.0,-1.9225065e-13,-0.8084325,402.04886,1.60746,66.37298,55.184006,0.0,0.9,0.0,-2.0505737e-13,0.0,76.08,65.56148,65.359215,66.77777,71.63488
2018-01-01 16:51:00,-1.9207308e-23,0.0,66.37298,357730.44,0.0,0.0,30.019989,0.7310749,1.0,1.0,69.08067,0.0,0.0,0.0,-1.921845e-13,-0.80830187,402.04883,1.60746,66.37298,55.184006,0.0,0.9,0.0,-2.0499196e-13,0.0,76.07951,65.56125,65.3591,66.77645,71.627075
2018-01-01 16:52:00,2.2176985e-23,0.0,66.37298,357730.44,0.0,0.0,30.019989,0.7309529,1.0,1.0,69.07866,0.0,0.0,0.0,-1.9212308e-13,-0.8081766,402.0488,1.60746,66.37298,55.184006,0.0,0.9,0.0,-2.0492417e-13,0.0,76.07901,65.560974,65.35899,66.77508,71.61928
2018-01-01 16:53:00,6.3679924e-25,0.0,66.37298,357730.44,0.0,0.0,30.019989,0.73083675,1.0,1.0,69.076675,0.0,0.0,0.0,-1.9205487e-13,-0.80804586,402.04874,1.60746,66.37298,55.184006,0.0,0.9,0.0,-2.0485543e-13,0.0,76.07852,65.56076,65.358826,66.77376,71.611534
2018-01-01 16:54:00,-1.759699e-23,0.0,66.37298,357730.44,0.0,0.0,30.019989,0.7307194,1.0,1.0,69.074684,0.0,0.0,0.0,-1.9199432e-13,-0.8079133,402.0487,1.60746,66.37298,55.184006,0.0,0.9,0.0,-2.0478932e-13,0.0,76.078026,65.560486,65.35872,66.772446,71.60373
2018-01-01 16:55:00,-3.7385730000000004e-23,0.0,66.37298,357730.44,0.0,0.0,30.019989,0.73059976,1.0,1.0,69.07269,0.0,0.0,0.0,-1.9193272e-13,-0.80778307,402.04868,1.60746,66.37298,55.184006,0.0,0.9,0.0,-2.04723e-13,0.0,76.07753,65.560265,65.35861,66.77107,71.59599
2018-01-01 16:56:00,6.395915000000001e-23,0.0,66.37298,357730.44,0.0,0.0,30.019989,0.7304801,1.0,1.0,69.0707,0.0,0.0,0.0,-1.9187442e-13,-0.8076496,402.04865,1.60746,66.37298,55.184006,0.0,0.9,0.0,-2.0465872e-13,0.0,76.07704,65.55999,65.358505,66.769745,71.58824
2018-01-01 16:57:00,-8.311480000000001e-24,0.0,66.37298,357730.44,0.0,0.0,30.019989,0.73036385,1.0,1.0,69.06869,0.0,0.0,0.0,-1.9180721e-13,-0.80752516,402.0486,1.60746,66.37298,55.184006,0.0,0.9,0.0,-2.0459109e-13,0.0,76.07649,65.559715,65.35834,66.76837,71.58055
2018-01-01 16:58:00,8.07232e-24,0.0,66.37298,357730.44,0.0,0.0,30.019989,0.73024064,1.0,1.0,69.06672,0.0,0.0,0.0,-1.9174847e-13,-0.8073898,402.04858,1.60746,66.37298,55.184006,0.0,0.9,0.0,-2.045229e-13,0.0,76.07599,65.559494,65.35823,66.76706,71.57281
2018-01-01 16:59:00,2.3695488e-23,0.0,66.37298,357730.44,0.0,0.0,30.019989,0.73012334,1.0,1.0,69.06473,0.0,0.0,0.0,-1.9168407e-13,-0.8072472,402.04855,1.60746,66.37298,55.184006,0.0,0.9,0.0,-2.0445776e-13,0.0,76.0755,65.55922,65.358116,66.765686,71.56512
2018-01-01 17:00:00,7.5321386e-23,0.0,66.37298,357730.44,0.0,0.0,30.019989,0.7300071,1.0,1.0,69.06274,0.0,0.0,0.0,-1.9161936e-13,-0.807126,402.04852,1.60746,66.37298,55.184006,0.0,0.9,0.0,-2.0439232e-13,0.0,76.075005,65.558945,65.357956,66.764366,71.55743
2018-01-01 17:01:00,-2.1407301e-23,0.0,66.37298,357730.44,0.0,0.0,30.019989,0.7298874,1.0,1.0,69.06075,0.0,0.0,0.0,-1.9155833e-13,-0.8069928,402.0485,1.60746,66.37298,55.184006,0.0,0.9,0.0,-2.0432636e-13,0.0,76.07451,65.55867,65.35784,66.76299,71.549736
2018-01-01 17:02:00,-3.2585812e-23,0.0,66.37298,357730.44,0.0,0.0,29.984009,0.7297678,1.0,1.0,69.058754,0.0,0.0,0.0,-1.9149507e-13,-0.80685985,402.04846,1.60746,66.37298,55.184006,0.0,0.9,0.0,-2.042592e-13,0.0,76.07402,65.558395,65.35768,66.76162,71.542046
2018-01-01 17:03:00,-4.0495398e-24,0.0,66.37298,357730.44,0.0,0.0,29.965992,0.7296516,1.0,1.0,69.05675,0.0,0.0,0.0,-1.9143817e-13,-0.8067267,402.04843,1.60746,66.37298,55.184006,0.0,0.9,0.0,-2.0419457e-13,0.0,76.07352,65.55812,65.35751,66.76025,71.534355
2018-01-01 17:04:00,3.5791145999999997e-23,0.0,66.37298,357730.44,0.0,0.0,29.965992,0.7295319,1.0,1.0,69.054726,0.0,0.0,0.0,-1.9137122e-13,-0.8065908,402.0484,1.60746,66.37298,55.184006,0.0,0.9,0.0,-2.0412739e-13,0.0,76.07297,65.55779,65.35729,66.75887,71.526665
2018-01-01 17:05:00,1.8820420999999998e-23,0.0,66.37298,357730.44,0.0,0.0,29.948029,0.7294122,1.0,1.0,69.05271,0.0,0.0,0.0,-1.9131382e-13,-0.8064683,402.04837,1.60746,66.37298,55.184006,0.0,0.9,0.0,-2.0406108e-13,0.0,76.07248,65.557465,65.35713,66.7575,71.518974
2018-01-01 17:06:00,-5.237374e-24,0.0,66.37298,357730.44,0.0,0.0,29.930012,0.72929484,1.0,1.0,69.05069,0.0,0.0,0.0,-1.9125336e-13,-0.806339,402.04834,1.60746,66.37298,55.184006,0.0,0.9,0.0,-2.0399467e-13,0.0,76.07198,65.55713,65.3569,66.75613,71.511284
2018-01-01 17:07:00,3.1031686e-23,0.0,66.37298,357730.44,0.0,0.0,29.911993,0.72917396,1.0,1.0,69.04867,0.0,0.0,0.0,-1.9118897e-13,-0.8062058,402.04834,1.60746,66.37298,55.184006,0.0,0.9,0.0,-2.0392744e-13,0.0,76.07149,65.55681,65.35674,66.7547,71.50359
2018-01-01 17:08:00,1.8483715e-23,0.0,66.37298,357730.44,0.0,0.0,29.894032,0.7290577,1.0,1.0,69.04663,0.0,0.0,0.0,-1.911232e-13,-0.80608475,402.0483,1.60746,66.37298,55.184006,0.0,0.9,0.0,-2.0386099e-13,0.0,76.071,65.55642,65.35652,66.75333,71.4959
2018-01-01 17:09:00,-3.7679916e-23,0.0,66.37298,357730.44,0.0,0.0,29.876013,0.7289381,1.0,1.0,69.04457,0.0,0.0,0.0,-1.9106617e-13,-0.8059475,402.04828,1.60746,66.37298,55.184006,0.0,0.9,0.0,-2.0379386e-13,0.0,76.070496,65.55603,65.35625,66.75189,71.48816
2018-01-01 17:10:00,1.9964494e-24,0.0,66.37298,357730.44,0.0,0.0,29.857996,0.7288219,1.0,1.0,69.04253,0.0,0.0,0.0,-1.9100315e-13,-0.8058086,402.04825,1.60746,66.37298,55.184006,0.0,0.9,0.0,-2.0373e-13,0.0,76.07001,65.55565,65.35603,66.75047,71.48047
2018-01-01 17:11:00,3.8134166999999997e-23,0.0,66.37298,357730.44,0.0,0.0,29.822016,0.72870106,1.0,1.0,69.04048,0.0,0.0,0.0,-1.909433e-13,-0.80568194,402.04822,1.60746,66.37298,55.184006,0.0,0.9,0.0,-2.0366289e-13,0.0,76.06951,65.55527,65.355804,66.74904,71.47278
2018-01-01 17:12:00,4.355853e-23,0.0,66.37298,357730.44,0.0,0.0,29.822016,0.7285849,1.0,1.0,69.03843,0.0,0.0,0.0,-1.9088505e-13,-0.8055548,402.0482,1.60746,66.37298,55.184006,0.0,0.9,0.0,-2.0359838e-13,0.0,76.069016,65.554886,65.35553,66.74761,71.46509
2018-01-01 17:13:00,-7.7765624e-24,0.0,66.37298,357730.44,0.0,0.0,29.803997,0.72846746,1.0,1.0,69.036354,0.0,0.0,0.0,-1.9081548e-13,-0.80542105,402.04816,1.60746,66.37298,55.184006,0.0,0.9,0.0,-2.0352951e-13,0.0,76.06853,65.55444,65.355255,66.746185,71.45734
2018-01-01 17:14:00,6.2396253e-23,0.0,66.37298,357730.44,0.0,0.0,29.786036,0.72834665,1.0,1.0,69.03428,0.0,0.0,0.0,-1.9075847e-13,-0.8052867,402.04813,1.60746,66.37298,55.184006,0.0,0.9,0.0,-2.0346608e-13,0.0,76.06802,65.554,65.35498,66.74475,71.449646
2018-01-01 17:15:00,3.6054506e-23,0.0,66.37298,357730.44,0.0,0.0,29.768017,0.7282316,1.0,1.0,69.03221,0.0,0.0,0.0,-1.9068941e-13,-0.80516386,402.0481,1.60746,66.37298,55.184006,0.0,0.9,0.0,-2.0339905e-13,0.0,76.067535,65.55362,65.35466,66.74327,71.441956
2018-01-01 17:16:00,2.9167097e-23,0.0,66.37298,357730.44,0.0,0.0,29.75,0.7281096,1.0,1.0,69.03013,0.0,0.0,0.0,-1.9063016e-13,-0.805035,402.04807,1.60746,66.37298,55.184006,0.0,0.9,0.0,-2.0333404e-13,0.0,76.06709,65.55312,65.354385,66.741844,71.43422
2018-01-01 17:17:00,-7.676781000000001e-23,0.0,66.37298,357730.44,0.0,0.0,29.732037,0.72799456,1.0,1.0,69.02804,0.0,0.0,0.0,-1.9056485e-13,-0.8048953,402.04803,1.60746,66.37298,55.184006,0.0,0.9,0.0,-2.0326824e-13,0.0,76.066605,65.55269,65.35405,66.74036,71.42653
2018-01-01 17:18:00,-1.9436329e-23,0.0,66.37298,357730.44,0.0,0.0,29.71402,0.72787374,1.0,1.0,69.025925,0.0,0.0,0.0,-1.9050649e-13,-0.80475885,402.048,1.60746,66.37298,55.184006,0.0,0.9,0.0,-2.0320162e-13,0.0,76.0661,65.552185,65.35372,66.73888,71.41878
2018-01-01 17:19:00,-9.563665e-24,0.0,66.37298,357730.44,0.0,0.0,29.677984,0.7277575,1.0,1.0,69.02385,0.0,0.0,0.0,-1.9044204e-13,-0.80463356,402.04797,1.60746,66.37298,55.184006,0.0,0.9,0.0,-2.0313487e-13,0.0,76.06561,65.55175,65.35339,66.7374,71.41109
2018-01-01 17:20:00,3.1891886e-25,0.0,66.37298,357730.44,0.0,0.0,29.677984,0.72764015,1.0,1.0,69.02175,0.0,0.0,0.0,-1.9038034e-13,-0.804503,402.04794,1.60746,66.37298,55.184006,0.0,0.9,0.0,-2.0307031e-13,0.0,76.06517,65.551254,65.35306,66.735916,71.4034
2018-01-01 17:21:00,-1.0217382e-23,0.0,66.37298,357730.44,0.0,0.0,29.660023,0.7275205,1.0,1.0,69.01965,0.0,0.0,0.0,-1.903243e-13,-0.8043721,402.0479,1.60746,66.37298,55.184006,0.0,0.9,0.0,-2.0300222e-13,0.0,76.06468,65.550766,65.35274,66.73443,71.39565
2018-01-01 17:22:00,5.054929e-23,0.0,66.37298,357730.44,0.0,0.0,29.642004,0.7274008,1.0,1.0,69.017525,0.0,0.0,0.0,-1.9026309e-13,-0.8042388,402.04788,1.60746,66.37298,55.184006,0.0,0.9,0.0,-2.0293813e-13,0.0,76.06418,65.55022,65.35235,66.732895,71.38796
2018-01-01 17:23:00,4.614095e-23,0.0,66.37298,357730.44,0.0,0.0,29.623987,0.7272846,1.0,1.0,69.01543,0.0,0.0,0.0,-1.901964e-13,-0.80411065,402.04785,1.60746,66.37298,55.184006,0.0,0.9,0.0,-2.0287374e-13,0.0,76.06374,65.54971,65.35196,66.73141,71.38027
2018-01-01 17:24:00,-5.2422504999999996e-23,0.0,66.37298,357730.44,0.0,0.0,29.606024,0.7271649,1.0,1.0,69.013275,0.0,0.0,0.0,-1.9013513e-13,-0.80398303,402.04782,1.60746,66.37298,55.184006,0.0,0.9,0.0,-2.0280401e-13,0.0,76.06325,65.549164,65.35158,66.72987,71.37253
2018-01-01 17:25:00,-3.169316e-23,0.0,66.37298,357730.44,0.0,0.0,29.588007,0.72704643,1.0,1.0,69.011154,0.0,0.0,0.0,-1.900776e-13,-0.8038548,402.0478,1.60746,66.37298,55.184006,0.0,0.9,0.0,-2.0273815e-13,0.0,76.06276,65.548615,65.3512,66.728386,71.36484
2018-01-01 17:26:00,-4.3236513e-23,0.0,66.37298,357730.44,0.0,0.0,29.552027,0.72693133,1.0,1.0,69.009026,0.0,0.0,0.0,-1.9001043e-13,-0.80371904,402.0478,1.60746,66.37298,55.184006,0.0,0.9,0.0,-2.0267452e-13,0.0,76.06232,65.548065,65.350815,66.72685,71.357086
2018-01-01 17:27:00,2.1110186e-23,0.0,66.37298,357730.44,0.0,0.0,29.534008,0.7268105,1.0,1.0,69.00688,0.0,0.0,0.0,-1.8995421e-13,-0.8035928,402.04776,1.60746,66.37298,55.184006,0.0,0.9,0.0,-2.026079e-13,0.0,76.06182,65.547516,65.35037,66.72531,71.349396
2018-01-01 17:28:00,5.527798000000001e-23,0.0,66.37298,357730.44,0.0,0.0,29.534008,0.7266955,1.0,1.0,69.00477,0.0,0.0,0.0,-1.8988932e-13,-0.80346936,402.04773,1.60746,66.37298,55.184006,0.0,0.9,0.0,-2.025418e-13,0.0,76.061386,65.54697,65.34999,66.72377,71.341705
2018-01-01 17:29:00,-1.1039402e-24,0.0,66.37298,357730.44,0.0,0.0,29.515991,0.7265746,1.0,1.0,69.00262,0.0,0.0,0.0,-1.8982984e-13,-0.80333745,402.0477,1.60746,66.37298,55.184006,0.0,0.9,0.0,-2.0247599e-13,0.0,76.06094,65.54637,65.34955,66.72223,71.334015
2018-01-01 17:30:00,4.2586670000000005e-23,0.0,66.37298,357730.44,0.0,0.0,29.498028,0.7264596,1.0,1.0,69.000465,0.0,0.0,0.0,-1.8976471e-13,-0.80320704,402.04764,1.60746,66.37298,55.184006,0.0,0.9,0.0,-2.0240974e-13,0.0,76.06045,65.54582,65.349106,66.720695,71.32628
2018-01-01 17:31:00,-1.7248073e-23,0.0,66.37298,357730.44,0.0,0.0,29.480011,0.7263376,1.0,1.0,68.998314,0.0,0.0,0.0,-1.8970275e-13,-0.80307084,402.0476,1.60746,66.37298,55.184006,0.0,0.9,0.0,-2.0234647e-13,0.0,76.06001,65.54521,65.34866,66.7191,71.31859
2018-01-01 17:32:00,2.3625308e-23,0.0,66.37298,357730.44,0.0,0.0,29.461994,0.72621906,1.0,1.0,68.99617,0.0,0.0,0.0,-1.896441e-13,-0.80293924,402.04758,1.60746,66.37298,55.184006,0.0,0.9,0.0,-2.0227941e-13,0.0,76.05957,65.54461,65.348175,66.71756,71.3109
2018-01-01 17:33:00,3.2413973e-23,0.0,66.37298,357730.44,0.0,0.0,29.44403,0.7261041,1.0,1.0,68.994,0.0,0.0,0.0,-1.8958075e-13,-0.8028117,402.04755,1.60746,66.37298,55.184006,0.0,0.9,0.0,-2.0221502e-13,0.0,76.059074,65.54401,65.34773,66.71597,71.30321
2018-01-01 17:34:00,3.0879130000000004e-23,0.0,66.37298,357730.44,0.0,0.0,29.407995,0.72598433,1.0,1.0,68.99182,0.0,0.0,0.0,-1.8952099e-13,-0.80267614,402.04752,1.60746,66.37298,55.184006,0.0,0.9,0.0,-2.0214909e-13,0.0,76.05864,65.54335,65.347244,66.71443,71.295456
2018-01-01 17:35:00,-2.5527114e-23,0.0,66.37298,357730.44,0.0,0.0,29.390034,0.72586817,1.0,1.0,68.98966,0.0,0.0,0.0,-1.8946163e-13,-0.80255103,402.0475,1.60746,66.37298,55.184006,0.0,0.9,0.0,-2.0208124e-13,0.0,76.0582,65.54274,65.34674,66.712845,71.287766
2018-01-01 17:36:00,-3.6441773000000005e-24,0.0,66.37298,357730.44,0.0,0.0,29.390034,0.7257473,1.0,1.0,68.98749,0.0,0.0,0.0,-1.8939827e-13,-0.8024197,402.04745,1.60746,66.37298,55.184006,0.0,0.9,0.0,-2.0201696e-13,0.0,76.057755,65.54208,65.34625,66.71124,71.280075
2018-01-01 17:37:00,1.2328617e-23,0.0,66.37298,357730.44,0.0,0.0,29.372015,0.7256311,1.0,1.0,68.985306,0.0,0.0,0.0,-1.8933383e-13,-0.80228984,402.04742,1.60746,66.37298,55.184006,0.0,0.9,0.0,-2.0195052e-13,0.0,76.05731,65.54143,65.34576,66.709656,71.272385
2018-01-01 17:38:00,2.4361680000000003e-23,0.0,66.37298,357730.44,0.0,0.0,29.353998,0.72551376,1.0,1.0,68.983116,0.0,0.0,0.0,-1.8927408e-13,-0.8021563,402.0474,1.60746,66.37298,55.184006,0.0,0.9,0.0,-2.018862e-13,0.0,76.05682,65.540764,65.34526,66.70806,71.264694
2018-01-01 17:39:00,5.7680606e-24,0.0,66.37298,357730.44,0.0,0.0,29.336035,0.7253964,1.0,1.0,68.98094,0.0,0.0,0.0,-1.8921591e-13,-0.80203336,402.04736,1.60746,66.37298,55.184006,0.0,0.9,0.0,-2.0181948e-13,0.0,76.05638,65.5401,65.34477,66.70647,71.257
2018-01-01 17:40:00,7.5450625e-24,0.0,66.37298,357730.44,0.0,0.0,29.318018,0.72527903,1.0,1.0,68.978745,0.0,0.0,0.0,-1.8914998e-13,-0.80189544,402.04733,1.60746,66.37298,55.184006,0.0,0.9,0.0,-2.0175452e-13,0.0,76.05594,65.539444,65.34422,66.70482,71.24931
2018-01-01 17:41:00,5.0635317e-24,0.0,66.37298,357730.44,0.0,0.0,29.3,0.72515935,1.0,1.0,68.97656,0.0,0.0,0.0,-1.8909234e-13,-0.8017625,402.0473,1.60746,66.37298,55.184006,0.0,0.9,0.0,-2.0168936e-13,0.0,76.055504,65.53879,65.34367,66.70323,71.24162
2018-01-01 17:42:00,-2.1310803e-23,0.0,66.37298,357730.44,0.0,0.0,29.282038,0.72504085,1.0,1.0,68.97435,0.0,0.0,0.0,-1.8903134e-13,-0.8016371,402.04727,1.60746,66.37298,55.184006,0.0,0.9,0.0,-2.0162246e-13,0.0,76.05507,65.53807,65.343124,66.701584,71.23393
2018-01-01 17:43:00,-2.6938773e-23,0.0,66.37298,357730.44,0.0,0.0,29.246002,0.72492117,1.0,1.0,68.97215,0.0,0.0,0.0,-1.8897096e-13,-0.8015088,402.04724,1.60746,66.37298,55.184006,0.0,0.9,0.0,-2.0155753e-13,0.0,76.05463,65.53735,65.342575,66.69998,71.22624
2018-01-01 17:44:00,2.1748258e-24,0.0,66.37298,357730.44,0.0,0.0,29.246002,0.7248084,1.0,1.0,68.96997,0.0,0.0,0.0,-1.8889988e-13,-0.80137485,402.04724,1.60746,66.37298,55.184006,0.0,0.9,0.0,-2.0149415e-13,0.0,76.054245,65.5367,65.342026,66.69833,71.21855
2018-01-01 17:45:00,-4.8590195e-24,0.0,66.37298,357730.44,0.0,0.0,29.227985,0.72468877,1.0,1.0,68.96776,0.0,0.0,0.0,-1.8884349e-13,-0.80125403,402.0472,1.60746,66.37298,55.184006,0.0,0.9,0.0,-2.0142555e-13,0.0,76.0538,65.53598,65.341415,66.696686,71.21092
2018-01-01 17:46:00,2.2380022e-23,0.0,66.37298,357730.44,0.0,0.0,29.210022,0.7245702,1.0,1.0,68.96554,0.0,0.0,0.0,-1.8878388e-13,-0.8011163,402.04718,1.60746,66.37298,55.184006,0.0,0.9,0.0,-2.0136177e-13,0.0,76.05336,65.53522,65.340866,66.69504,71.20323
2018-01-01 17:47:00,8.845359e-24,0.0,66.37298,357730.44,0.0,0.0,29.192005,0.724454,1.0,1.0,68.96332,0.0,0.0,0.0,-1.8871898e-13,-0.8009884,402.04715,1.60746,66.37298,55.184006,0.0,0.9,0.0,-2.0129756e-13,0.0,76.05292,65.5345,65.34026,66.69339,71.19554
2018-01-01 17:48:00,1.0367925e-23,0.0,66.37298,357730.44,0.0,0.0,29.173986,0.7243355,1.0,1.0,68.96111,0.0,0.0,0.0,-1.8865954e-13,-0.8008559,402.04712,1.60746,66.37298,55.184006,0.0,0.9,0.0,-2.0123078e-13,0.0,76.05248,65.53378,65.33966,66.69174,71.1879
2018-01-01 17:49:00,2.4454343e-23,0.0,66.37298,357730.44,0.0,0.0,29.156025,0.7242158,1.0,1.0,68.95888,0.0,0.0,0.0,-1.8860155e-13,-0.8007232,402.0471,1.60746,66.37298,55.184006,0.0,0.9,0.0,-2.0116631e-13,0.0,76.05205,65.53302,65.33905,66.690094,71.18021
2018-01-01 17:50:00,-3.5271690000000006e-23,0.0,66.37298,357730.44,0.0,0.0,29.11999,0.72410077,1.0,1.0,68.956665,0.0,0.0,0.0,-1.8853556e-13,-0.80060124,402.04706,1.60746,66.37298,55.184006,0.0,0.9,0.0,-2.010996e-13,0.0,76.05166,65.5323,65.338455,66.6884,71.172516
2018-01-01 17:51:00,1.4313687e-23,0.0,66.37298,357730.44,0.0,0.0,29.102026,0.7239869,1.0,1.0,68.95445,0.0,0.0,0.0,-1.8847344e-13,-0.80047554,402.04703,1.60746,66.37298,55.184006,0.0,0.9,0.0,-2.0103347e-13,0.0,76.05122,65.53154,65.337845,66.68675,71.16489
2018-01-01 17:52:00,2.9336948e-23,0.0,66.37298,357730.44,0.0,0.0,29.102026,0.72386605,1.0,1.0,68.9522,0.0,0.0,0.0,-1.8841475e-13,-0.80032885,402.047,1.60746,66.37298,55.184006,0.0,0.9,0.0,-2.0096988e-13,0.0,76.050835,65.53076,65.33719,66.68504,71.157196
2018-01-01 17:53:00,-2.6893695e-23,0.0,66.37298,357730.44,0.0,0.0,29.08401,0.7237475,1.0,1.0,68.94998,0.0,0.0,0.0,-1.8835258e-13,-0.8001996,402.04697,1.60746,66.37298,55.184006,0.0,0.9,0.0,-2.0090616e-13,0.0,76.0504,65.53,65.33653,66.683395,71.14956
2018-01-01 17:54:00,3.9213645e-24,0.0,66.37298,357730.44,0.0,0.0,29.06599,0.7236302,1.0,1.0,68.94773,0.0,0.0,0.0,-1.8829307e-13,-0.8000759,402.04694,1.60746,66.37298,55.184006,0.0,0.9,0.0,-2.0083906e-13,0.0,76.04996,65.529175,65.33592,66.681694,71.14192
2018-01-01 17:55:00,2.1368905e-24,0.0,66.37298,357730.44,0.0,0.0,29.048029,0.7235105,1.0,1.0,68.945496,0.0,0.0,0.0,-1.8823558e-13,-0.7999402,402.0469,1.60746,66.37298,55.184006,0.0,0.9,0.0,-2.0077502e-13,0.0,76.049576,65.528404,65.335266,66.67999,71.13423
2018-01-01 17:56:00,4.3589085e-24,0.0,66.37298,357730.44,0.0,0.0,29.03001,0.7233966,1.0,1.0,68.94325,0.0,0.0,0.0,-1.8816753e-13,-0.79981226,402.04688,1.60746,66.37298,55.184006,0.0,0.9,0.0,-2.0070759e-13,0.0,76.04913,65.52763,65.33461,66.67828,71.1266
2018-01-01 17:57:00,-2.2488885e-23,0.0,66.37298,357730.44,0.0,0.0,29.011993,0.7232781,1.0,1.0,68.941,0.0,0.0,0.0,-1.8810814e-13,-0.7996829,402.04684,1.60746,66.37298,55.184006,0.0,0.9,0.0,-2.006434e-13,0.0,76.04875,65.52681,65.33389,66.67659,71.11896
2018-01-01 17:58:00,-1.5029394e-23,0.0,66.37298,357730.44,0.0,0.0,28.99403,0.7231619,1.0,1.0,68.93874,0.0,0.0,0.0,-1.880456e-13,-0.7995483,402.0468,1.60746,66.37298,55.184006,0.0,0.9,0.0,-2.0058067e-13,0.0,76.04831,65.525986,65.33324,66.67488,71.11133
2018-01-01 17:59:00,1.6438808999999999e-23,0.0,66.37298,357730.44,0.0,0.0,28.957996,0.72304106,1.0,1.0,68.9365,0.0,0.0,0.0,-1.8798916e-13,-0.79943377,402.04678,1.60746,66.37298,55.184006,0.0,0.9,0.0,-2.005125e-13,0.0,76.04793,65.52516,65.33257,66.67313,71.10369
2018-01-01 18:00:00,8.689495000000001e-23,0.0,66.37298,357730.44,0.0,0.0,28.957996,0.7229237,1.0,1.0,68.93423,0.0,0.0,0.0,-1.8793028e-13,-0.79929525,402.04675,1.60746,66.37298,55.184006,0.0,0.9,0.0,-2.0044875e-13,0.0,76.047485,65.52434,65.33186,66.67142,71.096054
2018-01-01 18:01:00,3.0853508e-23,0.0,66.37298,357730.44,0.0,0.0,28.940033,0.72280747,1.0,1.0,68.931984,0.0,0.0,0.0,-1.878682e-13,-0.79916406,402.04675,1.60746,66.37298,55.184006,0.0,0.9,0.0,-2.0038347e-13,0.0,76.047104,65.52351,65.33115,66.66972,71.088425
2018-01-01 18:02:00,3.0356986e-23,0.0,66.37298,357730.44,0.0,0.0,28.925037,0.72269017,1.0,1.0,68.92971,0.0,0.0,0.0,-1.8780867e-13,-0.799031,402.04672,1.60746,66.37298,55.184006,0.0,0.9,0.0,-2.0032066e-13,0.0,76.046715,65.52269,65.33043,66.66796,71.08078
2018-01-01 18:03:00,4.036634e-23,0.0,66.37298,357730.44,0.0,0.0,28.909985,0.72257394,1.0,1.0,68.927414,0.0,0.0,0.0,-1.8774298e-13,-0.79890734,402.0467,1.60746,66.37298,55.184006,0.0,0.9,0.0,-2.0025398e-13,0.0,76.04628,65.52181,65.32971,66.6662,71.07309
2018-01-01 18:04:00,-1.3307504e-23,0.0,66.37298,357730.44,0.0,0.0,28.894989,0.7224554,1.0,1.0,68.92516,0.0,0.0,0.0,-1.8768103e-13,-0.7987726,402.04666,1.60746,66.37298,55.184006,0.0,0.9,0.0,-2.0019056e-13,0.0,76.04589,65.52099,65.329,66.664505,71.06546
2018-01-01 18:05:00,-2.6529992e-23,0.0,66.37298,357730.44,0.0,0.0,28.879993,0.7223381,1.0,1.0,68.92287,0.0,0.0,0.0,-1.8762292e-13,-0.7986472,402.04663,1.60746,66.37298,55.184006,0.0,0.9,0.0,-2.0012213e-13,0.0,76.0455,65.52011,65.32823,66.66274,71.05777
2018-01-01 18:06:00,-1.2015677e-23,0.0,66.37298,357730.44,0.0,0.0,28.864996,0.7222207,1.0,1.0,68.92056,0.0,0.0,0.0,-1.8756204e-13,-0.7985145,402.0466,1.60746,66.37298,55.184006,0.0,0.9,0.0,-2.0005997e-13,0.0,76.04512,65.51918,65.32747,66.66098,71.05008
2018-01-01 18:07:00,-1.2576136999999999e-23,0.0,66.37298,357730.44,0.0,0.0,28.835003,0.72210217,1.0,1.0,68.918236,0.0,0.0,0.0,-1.8750282e-13,-0.79838586,402.04654,1.60746,66.37298,55.184006,0.0,0.9,0.0,-1.9999181e-13,0.0,76.04468,65.51824,65.32669,66.65917,71.04239
2018-01-01 18:08:00,-3.580574e-24,0.0,66.37298,357730.44,0.0,0.0,28.820007,0.7219872,1.0,1.0,68.91591,0.0,0.0,0.0,-1.8743438e-13,-0.7982568,402.0465,1.60746,66.37298,55.184006,0.0,0.9,0.0,-1.9992614e-13,0.0,76.0443,65.5173,65.32593,66.65741,71.03464
2018-01-01 18:09:00,-2.5854888e-23,0.0,66.37298,357730.44,0.0,0.0,28.820007,0.7218721,1.0,1.0,68.91359,0.0,0.0,0.0,-1.8737807e-13,-0.7981227,402.04648,1.60746,66.37298,55.184006,0.0,0.9,0.0,-1.998634e-13,0.0,76.043915,65.51632,65.32516,66.6556,71.0269
2018-01-01 18:10:00,-3.6209596e-23,0.0,66.37298,357730.44,0.0,0.0,28.805012,0.72174776,1.0,1.0,68.91123,0.0,0.0,0.0,-1.873227e-13,-0.7980063,402.04645,1.60746,66.37298,55.184006,0.0,0.9,0.0,-1.9979809e-13,0.0,76.04353,65.515335,65.32433,66.65379,71.01915
2018-01-01 18:11:00,-1.7360825e-23,0.0,66.37298,357730.44,0.0,0.0,28.790014,0.7216351,1.0,1.0,68.90888,0.0,0.0,0.0,-1.8725515e-13,-0.79787135,402.04642,1.60746,66.37298,55.184006,0.0,0.9,0.0,-1.9973281e-13,0.0,76.043144,65.51434,65.32351,66.65198,71.011406
2018-01-01 18:12:00,-2.8366812999999997e-23,0.0,66.37298,357730.44,0.0,0.0,28.775019,0.72151655,1.0,1.0,68.906494,0.0,0.0,0.0,-1.8719467e-13,-0.79773533,402.0464,1.60746,66.37298,55.184006,0.0,0.9,0.0,-1.9966953e-13,0.0,76.042755,65.5133,65.32263,66.65016,71.0036
2018-01-01 18:13:00,1.254439e-23,0.0,66.37298,357730.44,0.0,0.0,28.745026,0.7214015,1.0,1.0,68.90411,0.0,0.0,0.0,-1.8713217e-13,-0.79761225,402.04636,1.60746,66.37298,55.184006,0.0,0.9,0.0,-1.9960384e-13,0.0,76.04237,65.51225,65.32181,66.648346,70.995804
2018-01-01 18:14:00,4.5597160000000005e-23,0.0,66.37298,357730.44,0.0,0.0,28.745026,0.72128415,1.0,1.0,68.9017,0.0,0.0,0.0,-1.8707288e-13,-0.79747045,402.04633,1.60746,66.37298,55.184006,0.0,0.9,0.0,-1.9954069e-13,0.0,76.04193,65.511215,65.32088,66.646484,70.98801
2018-01-01 18:15:00,1.3714519e-23,0.0,66.37298,357730.44,0.0,0.0,28.73003,0.7211679,1.0,1.0,68.89929,0.0,0.0,0.0,-1.8701424e-13,-0.797351,402.0463,1.60746,66.37298,55.184006,0.0,0.9,0.0,-1.9947501e-13,0.0,76.04155,65.51016,65.31999,66.644615,70.98015
2018-01-01 18:16:00,2.8419235e-23,0.0,66.37298,357730.44,0.0,0.0,28.715033,0.7210471,1.0,1.0,68.896866,0.0,0.0,0.0,-1.869511e-13,-0.79722947,402.04626,1.60746,66.37298,55.184006,0.0,0.9,0.0,-1.9941e-13,0.0,76.04117,65.50906,65.31906,66.642746,70.97229
2018-01-01 18:17:00,-5.4919317000000005e-24,0.0,66.37298,357730.44,0.0,0.0,28.684986,0.72093207,1.0,1.0,68.894424,0.0,0.0,0.0,-1.8689247e-13,-0.79708374,402.04626,1.60746,66.37298,55.184006,0.0,0.9,0.0,-1.9934583e-13,0.0,76.04079,65.50792,65.31813,66.64082,70.96444
2018-01-01 18:18:00,-2.2580698e-23,0.0,66.37298,357730.44,0.0,0.0,28.684986,0.720817,1.0,1.0,68.89198,0.0,0.0,0.0,-1.8683105e-13,-0.79695195,402.04623,1.60746,66.37298,55.184006,0.0,0.9,0.0,-1.9928164e-13,0.0,76.0404,65.50682,65.31714,66.63896,70.95659
2018-01-01 18:19:00,6.325569399999999e-25,0.0,66.37298,357730.44,0.0,0.0,28.669989,0.72069854,1.0,1.0,68.8895,0.0,0.0,0.0,-1.8676746e-13,-0.7968313,402.0462,1.60746,66.37298,55.184006,0.0,0.9,0.0,-1.9921486e-13,0.0,76.04001,65.50566,65.31615,66.63704,70.94867
2018-01-01 18:20:00,-3.2717365e-23,0.0,66.37298,357730.44,0.0,0.0,28.654993,0.7205812,1.0,1.0,68.88701,0.0,0.0,0.0,-1.8670464e-13,-0.79670256,402.04617,1.60746,66.37298,55.184006,0.0,0.9,0.0,-1.9915055e-13,0.0,76.03963,65.504456,65.315155,66.635056,70.940765
2018-01-01 18:21:00,-7.801649e-24,0.0,66.37298,357730.44,0.0,0.0,28.639996,0.7204626,1.0,1.0,68.88454,0.0,0.0,0.0,-1.8665229e-13,-0.79657346,402.04614,1.60746,66.37298,55.184006,0.0,0.9,0.0,-1.9908672e-13,0.0,76.039246,65.503296,65.31412,66.63313,70.93285
2018-01-01 18:22:00,2.1337801999999998e-23,0.0,66.37298,357730.44,0.0,0.0,28.625,0.7203476,1.0,1.0,68.88202,0.0,0.0,0.0,-1.8658343e-13,-0.7964453,402.0461,1.60746,66.37298,55.184006,0.0,0.9,0.0,-1.9902173e-13,0.0,76.038864,65.50209,65.31307,66.63116,70.92489
2018-01-01 18:23:00,-1.4788390000000002e-23,0.0,66.37298,357730.44,0.0,0.0,28.610004,0.72022676,1.0,1.0,68.8795,0.0,0.0,0.0,-1.8653322e-13,-0.7963195,402.04608,1.60746,66.37298,55.184006,0.0,0.9,0.0,-1.9895622e-13,0.0,76.038475,65.500824,65.31203,66.62918,70.91698
2018-01-01 18:24:00,-2.7838873e-23,0.0,66.37298,357730.44,0.0,0.0,28.595007,0.72011167,1.0,1.0,68.87697,0.0,0.0,0.0,-1.8646461e-13,-0.79619753,402.04605,1.60746,66.37298,55.184006,0.0,0.9,0.0,-1.9889141e-13,0.0,76.03815,65.49962,65.31093,66.6272,70.90896
2018-01-01 18:25:00,-1.12070006e-23,0.0,66.37298,357730.44,0.0,0.0,28.565014,0.71999437,1.0,1.0,68.87441,0.0,0.0,0.0,-1.8640726e-13,-0.7960609,402.04602,1.60746,66.37298,55.184006,0.0,0.9,0.0,-1.9882726e-13,0.0,76.037766,65.49835,65.30978,66.62517,70.90099
2018-01-01 18:26:00,-1.1202506e-23,0.0,66.37298,357730.44,0.0,0.0,28.565014,0.71988046,1.0,1.0,68.87185,0.0,0.0,0.0,-1.8634715e-13,-0.79593086,402.046,1.60746,66.37298,55.184006,0.0,0.9,0.0,-1.9876379e-13,0.0,76.03738,65.49709,65.30868,66.62314,70.892975
2018-01-01 18:27:00,-9.922648e-24,0.0,66.37298,357730.44,0.0,0.0,28.550018,0.71976084,1.0,1.0,68.86927,0.0,0.0,0.0,-1.862824e-13,-0.7958011,402.04596,1.60746,66.37298,55.184006,0.0,0.9,0.0,-1.986972e-13,0.0,76.03699,65.49577,65.307465,66.62111,70.88501
2018-01-01 18:28:00,-6.39203e-23,0.0,66.37298,357730.44,0.0,0.0,28.535023,0.7196446,1.0,1.0,68.86668,0.0,0.0,0.0,-1.8622742e-13,-0.79567146,402.04593,1.60746,66.37298,55.184006,0.0,0.9,0.0,-1.9863495e-13,0.0,76.036606,65.49446,65.30632,66.61902,70.87694
2018-01-01 18:29:00,-2.6898295e-23,0.0,66.37298,357730.44,0.0,0.0,28.520025,0.71952724,1.0,1.0,68.86406,0.0,0.0,0.0,-1.8616915e-13,-0.7955386,402.0459,1.60746,66.37298,55.184006,0.0,0.9,0.0,-1.985692e-13,0.0,76.036224,65.49313,65.30511,66.61693,70.86891
2018-01-01 18:30:00,9.342594e-25,0.0,66.37298,357730.44,0.0,0.0,28.50503,0.7194111,1.0,1.0,68.86143,0.0,0.0,0.0,-1.8610296e-13,-0.7954037,402.04587,1.60746,66.37298,55.184006,0.0,0.9,0.0,-1.9850487e-13,0.0,76.03584,65.49176,65.30385,66.61484,70.86084
2018-01-01 18:31:00,-3.4081463999999997e-23,0.0,66.37298,357730.44,0.0,0.0,28.490032,0.71929365,1.0,1.0,68.85884,0.0,0.0,0.0,-1.8604617e-13,-0.79527825,402.04584,1.60746,66.37298,55.184006,0.0,0.9,0.0,-1.9844131e-13,0.0,76.03545,65.49039,65.30258,66.612755,70.85298
2018-01-01 18:32:00,2.6102311e-23,0.0,66.37298,357730.44,0.0,0.0,28.475037,0.7191787,1.0,1.0,68.85622,0.0,0.0,0.0,-1.8598695e-13,-0.7951545,402.0458,1.60746,66.37298,55.184006,0.0,0.9,0.0,-1.9837688e-13,0.0,76.035065,65.48901,65.301315,66.61061,70.84508
2018-01-01 18:33:00,-5.8081405e-23,0.0,66.37298,357730.44,0.0,0.0,28.444988,0.71906245,1.0,1.0,68.8536,0.0,0.0,0.0,-1.8592379e-13,-0.79502875,402.0458,1.60746,66.37298,55.184006,0.0,0.9,0.0,-1.983111e-13,0.0,76.034744,65.48764,65.3,66.608475,70.83716
2018-01-01 18:34:00,5.6806473e-23,0.0,66.37298,357730.44,0.0,0.0,28.444988,0.71894276,1.0,1.0,68.850945,0.0,0.0,0.0,-1.8586609e-13,-0.79490054,402.04578,1.60746,66.37298,55.184006,0.0,0.9,0.0,-1.9824764e-13,0.0,76.034355,65.48622,65.29863,66.60632,70.82919
2018-01-01 18:35:00,-2.2252133e-23,0.0,66.37298,357730.44,0.0,0.0,28.429993,0.7188277,1.0,1.0,68.848274,0.0,0.0,0.0,-1.8579803e-13,-0.7947681,402.04575,1.60746,66.37298,55.184006,0.0,0.9,0.0,-1.9818298e-13,0.0,76.033966,65.48479,65.29726,66.604126,70.82123
2018-01-01 18:36:00,2.2427535999999998e-23,0.0,66.37298,357730.44,0.0,0.0,28.414997,0.71870804,1.0,1.0,68.8456,0.0,0.0,0.0,-1.8574267e-13,-0.79464227,402.04572,1.60746,66.37298,55.184006,0.0,0.9,0.0,-1.9811813e-13,0.0,76.033585,65.48331,65.29588,66.60193,70.81326
2018-01-01 18:37:00,-3.9622650000000005e-23,0.0,66.37298,357730.44,0.0,0.0,28.4,0.71859413,1.0,1.0,68.842896,0.0,0.0,0.0,-1.8568137e-13,-0.79450566,402.0457,1.60746,66.37298,55.184006,0.0,0.9,0.0,-1.980539e-13,0.0,76.0332,65.48187,65.29445,66.599686,70.80525
2018-01-01 18:38:00,3.5553557e-23,0.0,66.37298,357730.44,0.0,0.0,28.385004,0.71847564,1.0,1.0,68.84021,0.0,0.0,0.0,-1.856227e-13,-0.7943813,402.04565,1.60746,66.37298,55.184006,0.0,0.9,0.0,-1.9799018e-13,0.0,76.03282,65.48039,65.29302,66.59749,70.79729
2018-01-01 18:39:00,4.5145860000000003e-23,0.0,66.37298,357730.44,0.0,0.0,28.370007,0.71836174,1.0,1.0,68.83744,0.0,0.0,0.0,-1.8555829e-13,-0.79424477,402.04562,1.60746,66.37298,55.184006,0.0,0.9,0.0,-1.9792569e-13,0.0,76.03243,65.47885,65.29143,66.59523,70.78926
2018-01-01 18:40:00,4.2312287e-23,0.0,66.37298,357730.44,0.0,0.0,28.340015,0.7182433,1.0,1.0,68.83466,0.0,0.0,0.0,-1.8550393e-13,-0.7941291,402.0456,1.60746,66.37298,55.184006,0.0,0.9,0.0,-1.9786137e-13,0.0,76.03204,65.47737,65.28978,66.592926,70.78119
2018-01-01 18:41:00,-1.6631447e-23,0.0,66.37298,357730.44,0.0,0.0,28.325018,0.7181271,1.0,1.0,68.831894,0.0,0.0,0.0,-1.854439e-13,-0.79399294,402.04556,1.60746,66.37298,55.184006,0.0,0.9,0.0,-1.9779549e-13,0.0,76.03166,65.47583,65.28813,66.59067,70.77316
2018-01-01 18:42:00,2.227445e-23,0.0,66.37298,357730.44,0.0,0.0,28.325018,0.718012,1.0,1.0,68.82912,0.0,0.0,0.0,-1.8538215e-13,-0.7938551,402.04553,1.60746,66.37298,55.184006,0.0,0.9,0.0,-1.9773309e-13,0.0,76.031334,65.4743,65.28648,66.58836,70.76509
2018-01-01 18:43:00,5.2524887e-23,0.0,66.37298,357730.44,0.0,0.0,28.310022,0.7178935,1.0,1.0,68.8263,0.0,0.0,0.0,-1.8532392e-13,-0.7937348,402.04547,1.60746,66.37298,55.184006,0.0,0.9,0.0,-1.9766898e-13,0.0,76.030945,65.4727,65.28478,66.58606,70.75702
2018-01-01 18:44:00,2.4396835e-23,0.0,66.37298,357730.44,0.0,0.0,28.295025,0.7177761,1.0,1.0,68.82347,0.0,0.0,0.0,-1.8525883e-13,-0.79360574,402.04544,1.60746,66.37298,55.184006,0.0,0.9,0.0,-1.9760495e-13,0.0,76.03056,65.471115,65.28308,66.583694,70.748886
2018-01-01 18:45:00,6.4425147e-23,0.0,66.37298,357730.44,0.0,0.0,28.28003,0.7176623,1.0,1.0,68.82063,0.0,0.0,0.0,-1.8519463e-13,-0.7934718,402.0454,1.60746,66.37298,55.184006,0.0,0.9,0.0,-1.9753972e-13,0.0,76.03018,65.46951,65.28137,66.58133,70.74075
2018-01-01 18:46:00,-2.0204503e-23,0.0,66.37298,357730.44,0.0,0.0,28.265034,0.7175437,1.0,1.0,68.817795,0.0,0.0,0.0,-1.8514378e-13,-0.793354,402.04538,1.60746,66.37298,55.184006,0.0,0.9,0.0,-1.974759e-13,0.0,76.0298,65.467926,65.27962,66.57897,70.73263
2018-01-01 18:47:00,2.3755841999999998e-23,0.0,66.37298,357730.44,0.0,0.0,28.250036,0.7174298,1.0,1.0,68.81492,0.0,0.0,0.0,-1.8507812e-13,-0.7932231,402.04535,1.60746,66.37298,55.184006,0.0,0.9,0.0,-1.9741127e-13,0.0,76.02941,65.46628,65.27786,66.57655,70.7245
2018-01-01 18:48:00,-2.0485913e-23,0.0,66.37298,357730.44,0.0,0.0,28.234985,0.71730906,1.0,1.0,68.81204,0.0,0.0,0.0,-1.8502012e-13,-0.7930897,402.04535,1.60746,66.37298,55.184006,0.0,0.9,0.0,-1.9734777e-13,0.0,76.02902,65.46468,65.27605,66.57414,70.71631
2018-01-01 18:49:00,1.8266924e-24,0.0,66.37298,357730.44,0.0,0.0,28.204992,0.7171928,1.0,1.0,68.80914,0.0,0.0,0.0,-1.8496246e-13,-0.79295963,402.04532,1.60746,66.37298,55.184006,0.0,0.9,0.0,-1.9728454e-13,0.0,76.02864,65.46298,65.27423,66.57172,70.70813
2018-01-01 18:50:00,-3.3787340000000003e-23,0.0,66.37298,357730.44,0.0,0.0,28.204992,0.7170766,1.0,1.0,68.80626,0.0,0.0,0.0,-1.8490354e-13,-0.7928308,402.0453,1.60746,66.37298,55.184006,0.0,0.9,0.0,-1.9721865e-13,0.0,76.02826,65.461334,65.27242,66.569305,70.69994
2018-01-01 18:51:00,8.497421e-24,0.0,66.37298,357730.44,0.0,0.0,28.189997,0.7169593,1.0,1.0,68.80333,0.0,0.0,0.0,-1.8483952e-13,-0.7926957,402.04526,1.60746,66.37298,55.184006,0.0,0.9,0.0,-1.9715613e-13,0.0,76.02788,65.459625,65.27055,66.56683,70.69176
2018-01-01 18:52:00,-3.7082037999999997e-23,0.0,66.37298,357730.44,0.0,0.0,28.175,0.7168454,1.0,1.0,68.8004,0.0,0.0,0.0,-1.8478358e-13,-0.79257303,402.04523,1.60746,66.37298,55.184006,0.0,0.9,0.0,-1.970925e-13,0.0,76.02749,65.45793,65.26869,66.56436,70.68352
2018-01-01 18:53:00,-4.3555342e-23,0.0,66.37298,357730.44,0.0,0.0,28.160004,0.71673036,1.0,1.0,68.79745,0.0,0.0,0.0,-1.8471966e-13,-0.7924349,402.0452,1.60746,66.37298,55.184006,0.0,0.9,0.0,-1.9702997e-13,0.0,76.0271,65.45622,65.266815,66.56183,70.67528
2018-01-01 18:54:00,-2.7548023e-23,0.0,66.37298,357730.44,0.0,0.0,28.145008,0.7166141,1.0,1.0,68.79448,0.0,0.0,0.0,-1.8465718e-13,-0.7923138,402.04517,1.60746,66.37298,55.184006,0.0,0.9,0.0,-1.9696622e-13,0.0,76.02672,65.45452,65.26489,66.55931,70.666985
2018-01-01 18:55:00,-1.8917519e-23,0.0,66.37298,357730.44,0.0,0.0,28.13001,0.71649677,1.0,1.0,68.79152,0.0,0.0,0.0,-1.8459842e-13,-0.7921899,402.04514,1.60746,66.37298,55.184006,0.0,0.9,0.0,-1.9689912e-13,0.0,76.02634,65.45276,65.26297,66.55678,70.658745
2018-01-01 18:56:00,3.4433826e-24,0.0,66.37298,357730.44,0.0,0.0,28.115015,0.7163806,1.0,1.0,68.78853,0.0,0.0,0.0,-1.8453856e-13,-0.7920564,402.0451,1.60746,66.37298,55.184006,0.0,0.9,0.0,-1.9683516e-13,0.0,76.025955,65.451004,65.261,66.55425,70.65045
2018-01-01 18:57:00,3.065099e-23,0.0,66.37298,357730.44,0.0,0.0,28.085022,0.71626204,1.0,1.0,68.78552,0.0,0.0,0.0,-1.8448359e-13,-0.79193604,402.04507,1.60746,66.37298,55.184006,0.0,0.9,0.0,-1.9677365e-13,0.0,76.025566,65.44919,65.25902,66.55167,70.64215
2018-01-01 18:58:00,-4.3928297e-23,0.0,66.37298,357730.44,0.0,0.0,28.085022,0.7161447,1.0,1.0,68.78251,0.0,0.0,0.0,-1.84422e-13,-0.79180825,402.04504,1.60746,66.37298,55.184006,0.0,0.9,0.0,-1.96707e-13,0.0,76.02518,65.44743,65.25704,66.54909,70.633804
2018-01-01 18:59:00,5.0450730000000007e-23,0.0,66.37298,357730.44,0.0,0.0,28.070026,0.71603084,1.0,1.0,68.77949,0.0,0.0,0.0,-1.8436156e-13,-0.79167396,402.045,1.60746,66.37298,55.184006,0.0,0.9,0.0,-1.9664487e-13,0.0,76.024796,65.44562,65.255066,66.54651,70.62546
2018-01-01 19:00:00,4.1596450000000004e-23,0.0,66.37298,357730.44,0.0,0.0,28.055029,0.71591115,1.0,1.0,68.77645,0.0,0.0,0.0,-1.8430185e-13,-0.79154676,402.04498,1.60746,66.37298,55.184006,0.0,0.9,0.0,-1.96581e-13,0.0,76.024414,65.44381,65.25304,66.54387,70.61711
2018-01-01 19:01:00,3.8960856e-23,0.0,66.37298,357730.44,0.0,0.0,28.040033,0.7157996,1.0,1.0,68.77341,0.0,0.0,0.0,-1.8424014e-13,-0.7914182,402.04495,1.60746,66.37298,55.184006,0.0,0.9,0.0,-1.9651618e-13,0.0,76.02403,65.442,65.251,66.54123,70.60876
2018-01-01 19:02:00,4.0325340000000004e-23,0.0,66.37298,357730.44,0.0,0.0,28.072992,0.7156822,1.0,1.0,68.77035,0.0,0.0,0.0,-1.8418169e-13,-0.79129577,402.04492,1.60746,66.37298,55.184006,0.0,0.9,0.0,-1.9645184e-13,0.0,76.02364,65.440125,65.24896,66.5386,70.6004
2018-01-01 19:03:00,4.9468925e-23,0.0,66.37298,357730.44,0.0,0.0,28.106007,0.7155649,1.0,1.0,68.76731,0.0,0.0,0.0,-1.8412085e-13,-0.7911535,402.04492,1.60746,66.37298,55.184006,0.0,0.9,0.0,-1.9639004e-13,0.0,76.023254,65.43832,65.24693,66.535965,70.59206
2018-01-01 19:04:00,1.3011689e-23,0.0,66.37298,357730.44,0.0,0.0,28.172033,0.7154487,1.0,1.0,68.76429,0.0,0.0,0.0,-1.8406643e-13,-0.7910292,402.0449,1.60746,66.37298,55.184006,0.0,0.9,0.0,-1.9632475e-13,0.0,76.02287,65.43651,65.2449,66.53338,70.58376
2018-01-01 19:05:00,-1.7015356e-23,0.0,66.37298,357730.44,0.0,0.0,28.204992,0.71533245,1.0,1.0,68.76125,0.0,0.0,0.0,-1.8400299e-13,-0.79090536,402.04486,1.60746,66.37298,55.184006,0.0,0.9,0.0,-1.9626148e-13,0.0,76.02249,65.43469,65.242874,66.53075,70.57547
2018-01-01 19:06:00,6.2522137e-23,0.0,66.37298,357730.44,0.0,0.0,28.204992,0.71521515,1.0,1.0,68.758224,0.0,0.0,0.0,-1.8394047e-13,-0.79077166,402.04483,1.60746,66.37298,55.184006,0.0,0.9,0.0,-1.961971e-13,0.0,76.02205,65.43288,65.24089,66.52811,70.56717
2018-01-01 19:07:00,-2.862791e-23,0.0,66.37298,357730.44,0.0,0.0,28.238007,0.71510124,1.0,1.0,68.7552,0.0,0.0,0.0,-1.8387635e-13,-0.7906419,402.0448,1.60746,66.37298,55.184006,0.0,0.9,0.0,-1.9613384e-13,0.0,76.02167,65.43106,65.23886,66.52553,70.55888
2018-01-01 19:08:00,-1.7702884e-23,0.0,66.37298,357730.44,0.0,0.0,28.27102,0.71498275,1.0,1.0,68.75218,0.0,0.0,0.0,-1.8382714e-13,-0.7905153,402.04477,1.60746,66.37298,55.184006,0.0,0.9,0.0,-1.9607208e-13,0.0,76.021286,65.42925,65.23688,66.52289,70.550644
2018-01-01 19:09:00,-1.4639004e-23,0.0,66.37298,357730.44,0.0,0.0,28.304035,0.71486884,1.0,1.0,68.74919,0.0,0.0,0.0,-1.8376076e-13,-0.7903819,402.04474,1.60746,66.37298,55.184006,0.0,0.9,0.0,-1.9600654e-13,0.0,76.0209,65.427444,65.23491,66.52031,70.542404
2018-01-01 19:10:00,7.717469e-24,0.0,66.37298,357730.44,0.0,0.0,28.336994,0.7147515,1.0,1.0,68.74618,0.0,0.0,0.0,-1.8370166e-13,-0.7902538,402.0447,1.60746,66.37298,55.184006,0.0,0.9,0.0,-1.9594332e-13,0.0,76.02051,65.42563,65.232925,66.51767,70.534164
2018-01-01 19:11:00,-3.926309e-23,0.0,66.37298,357730.44,0.0,0.0,28.370007,0.7146365,1.0,1.0,68.743195,0.0,0.0,0.0,-1.8363982e-13,-0.79013765,402.04468,1.60746,66.37298,55.184006,0.0,0.9,0.0,-1.9587882e-13,0.0,76.02007,65.423874,65.23095,66.51509,70.52597
2018-01-01 19:12:00,1.9635333e-23,0.0,66.37298,357730.44,0.0,0.0,28.436035,0.7145191,1.0,1.0,68.740204,0.0,0.0,0.0,-1.8358186e-13,-0.79000694,402.04465,1.60746,66.37298,55.184006,0.0,0.9,0.0,-1.9581605e-13,0.0,76.019684,65.42206,65.22903,66.51245,70.51779
2018-01-01 19:13:00,-1.03451345e-23,0.0,66.37298,357730.44,0.0,0.0,28.468994,0.7144041,1.0,1.0,68.73721,0.0,0.0,0.0,-1.8352096e-13,-0.7898623,402.04462,1.60746,66.37298,55.184006,0.0,0.9,0.0,-1.957537e-13,0.0,76.0193,65.42024,65.22705,66.50987,70.509605
2018-01-01 19:14:00,-1.2861523e-23,0.0,66.37298,357730.44,0.0,0.0,28.468994,0.7142879,1.0,1.0,68.73427,0.0,0.0,0.0,-1.8346049e-13,-0.78974885,402.0446,1.60746,66.37298,55.184006,0.0,0.9,0.0,-1.9569e-13,0.0,76.01892,65.41849,65.22513,66.507286,70.50148
2018-01-01 19:15:00,1.3615824e-23,0.0,66.37298,357730.44,0.0,0.0,28.502008,0.71417165,1.0,1.0,68.73129,0.0,0.0,0.0,-1.8340185e-13,-0.78961205,402.04456,1.60746,66.37298,55.184006,0.0,0.9,0.0,-1.9562741e-13,0.0,76.01848,65.41673,65.223206,66.5047,70.49335
2018-01-01 19:16:00,-2.5449243e-23,0.0,66.37298,357730.44,0.0,0.0,28.535023,0.7140555,1.0,1.0,68.72833,0.0,0.0,0.0,-1.833456e-13,-0.78947926,402.04453,1.60746,66.37298,55.184006,0.0,0.9,0.0,-1.9556476e-13,0.0,76.0181,65.41492,65.22128,66.50212,70.485214
2018-01-01 19:17:00,-5.047435e-24,0.0,66.37298,357730.44,0.0,0.0,28.568035,0.71394044,1.0,1.0,68.72537,0.0,0.0,0.0,-1.8328241e-13,-0.7893547,402.04453,1.60746,66.37298,55.184006,0.0,0.9,0.0,-1.9550022e-13,0.0,76.017715,65.41316,65.21936,66.49954,70.47708
2018-01-01 19:18:00,8.431304e-24,0.0,66.37298,357730.44,0.0,0.0,28.600994,0.7138231,1.0,1.0,68.72243,0.0,0.0,0.0,-1.8322602e-13,-0.7892368,402.0445,1.60746,66.37298,55.184006,0.0,0.9,0.0,-1.9543406e-13,0.0,76.01727,65.4114,65.21749,66.49696,70.46901
2018-01-01 19:19:00,-1.8048855e-23,0.0,66.37298,357730.44,0.0,0.0,28.634008,0.7137092,1.0,1.0,68.71948,0.0,0.0,0.0,-1.831645e-13,-0.78910357,402.04446,1.60746,66.37298,55.184006,0.0,0.9,0.0,-1.953722e-13,0.0,76.01689,65.40964,65.21557,66.49438,70.46094
2018-01-01 19:20:00,-6.1718115000000004e-24,0.0,66.37298,357730.44,0.0,0.0,28.667023,0.7135918,1.0,1.0,68.71657,0.0,0.0,0.0,-1.8311179e-13,-0.788981,402.04443,1.60746,66.37298,55.184006,0.0,0.9,0.0,-1.953077e-13,0.0,76.0165,65.40788,65.2137,66.49185,70.452866
2018-01-01 19:21:00,1.7557308e-23,0.0,66.37298,357730.44,0.0,0.0,28.732996,0.71347564,1.0,1.0,68.71362,0.0,0.0,0.0,-1.8305103e-13,-0.7888388,402.04437,1.60746,66.37298,55.184006,0.0,0.9,0.0,-1.9524512e-13,0.0,76.01607,65.40613,65.21184,66.48927,70.44484
2018-01-01 19:22:00,-7.4384390000000005e-25,0.0,66.37298,357730.44,0.0,0.0,28.732996,0.71336174,1.0,1.0,68.71073,0.0,0.0,0.0,-1.8298739e-13,-0.78872824,402.04434,1.60746,66.37298,55.184006,0.0,0.9,0.0,-1.9518274e-13,0.0,76.01568,65.40442,65.20996,66.48674,70.43682
2018-01-01 19:23:00,-3.6846286e-23,0.0,66.37298,357730.44,0.0,0.0,28.76601,0.71324444,1.0,1.0,68.70781,0.0,0.0,0.0,-1.8292647e-13,-0.78858864,402.0443,1.60746,66.37298,55.184006,0.0,0.9,0.0,-1.951175e-13,0.0,76.01529,65.402664,65.20815,66.48416,70.4288
2018-01-01 19:24:00,7.272217e-24,0.0,66.37298,357730.44,0.0,0.0,28.799023,0.7131294,1.0,1.0,68.70491,0.0,0.0,0.0,-1.8286757e-13,-0.788464,402.04428,1.60746,66.37298,55.184006,0.0,0.9,0.0,-1.9505594e-13,0.0,76.014854,65.40091,65.20628,66.48163,70.42084
2018-01-01 19:25:00,-4.0782993e-24,0.0,66.37298,357730.44,0.0,0.0,28.832037,0.71301204,1.0,1.0,68.70202,0.0,0.0,0.0,-1.8281089e-13,-0.78833455,402.04425,1.60746,66.37298,55.184006,0.0,0.9,0.0,-1.94992e-13,0.0,76.014465,65.3992,65.20447,66.47911,70.41287
2018-01-01 19:26:00,5.2462197e-24,0.0,66.37298,357730.44,0.0,0.0,28.864996,0.71289814,1.0,1.0,68.69911,0.0,0.0,0.0,-1.8274768e-13,-0.78820086,402.04422,1.60746,66.37298,55.184006,0.0,0.9,0.0,-1.949294e-13,0.0,76.014084,65.397446,65.20261,66.476524,70.40491
2018-01-01 19:27:00,2.8837434999999997e-23,0.0,66.37298,357730.44,0.0,0.0,28.89801,0.7127796,1.0,1.0,68.696236,0.0,0.0,0.0,-1.8269163e-13,-0.7880755,402.0442,1.60746,66.37298,55.184006,0.0,0.9,0.0,-1.9486672e-13,0.0,76.01364,65.395744,65.20079,66.474,70.396996
2018-01-01 19:28:00,-3.9580825e-23,0.0,66.37298,357730.44,0.0,0.0,28.964039,0.71266574,1.0,1.0,68.69338,0.0,0.0,0.0,-1.8262774e-13,-0.7879577,402.04416,1.60746,66.37298,55.184006,0.0,0.9,0.0,-1.9480057e-13,0.0,76.01326,65.39404,65.199036,66.471466,70.389084
2018-01-01 19:29:00,-2.3288816e-23,0.0,66.37298,357730.44,0.0,0.0,28.996998,0.71254957,1.0,1.0,68.69051,0.0,0.0,0.0,-1.82572e-13,-0.7878228,402.04413,1.60746,66.37298,55.184006,0.0,0.9,0.0,-1.9473828e-13,0.0,76.01288,65.392334,65.19722,66.46895,70.38118
2018-01-01 19:30:00,5.1346350000000004e-23,0.0,66.37298,357730.44,0.0,0.0,28.996998,0.7124322,1.0,1.0,68.68764,0.0,0.0,0.0,-1.8251431e-13,-0.78770185,402.0441,1.60746,66.37298,55.184006,0.0,0.9,0.0,-1.9467496e-13,0.0,76.012436,65.39064,65.195465,66.466415,70.37326
2018-01-01 19:31:00,2.7462668e-24,0.0,66.37298,357730.44,0.0,0.0,29.03001,0.7123206,1.0,1.0,68.6848,0.0,0.0,0.0,-1.8245255e-13,-0.787573,402.0441,1.60746,66.37298,55.184006,0.0,0.9,0.0,-1.9461269e-13,0.0,76.012054,65.38893,65.19365,66.46394,70.36541
2018-01-01 19:32:00,6.902775e-23,0.0,66.37298,357730.44,0.0,0.0,29.063025,0.7122021,1.0,1.0,68.68196,0.0,0.0,0.0,-1.8239474e-13,-0.78744286,402.04407,1.60746,66.37298,55.184006,0.0,0.9,0.0,-1.9454838e-13,0.0,76.01167,65.38723,65.191895,66.46142,70.35756
2018-01-01 19:33:00,1.5512515e-24,0.0,66.37298,357730.44,0.0,0.0,29.095984,0.7120859,1.0,1.0,68.67913,0.0,0.0,0.0,-1.8233475e-13,-0.7873172,402.04404,1.60746,66.37298,55.184006,0.0,0.9,0.0,-1.9448584e-13,0.0,76.01123,65.38558,65.19014,66.45895,70.349754
2018-01-01 19:34:00,1.6406207e-23,0.0,66.37298,357730.44,0.0,0.0,29.128998,0.71197087,1.0,1.0,68.67631,0.0,0.0,0.0,-1.8227944e-13,-0.78717816,402.044,1.60746,66.37298,55.184006,0.0,0.9,0.0,-1.9442289e-13,0.0,76.01085,65.38388,65.18843,66.45642,70.34195
2018-01-01 19:35:00,4.152235e-23,0.0,66.37298,357730.44,0.0,0.0,29.162012,0.7118559,1.0,1.0,68.673485,0.0,0.0,0.0,-1.8221667e-13,-0.78705204,402.04398,1.60746,66.37298,55.184006,0.0,0.9,0.0,-1.943601e-13,0.0,76.01046,65.38217,65.186676,66.45395,70.33415
2018-01-01 19:36:00,6.968900600000001e-24,0.0,66.37298,357730.44,0.0,0.0,29.195026,0.71173966,1.0,1.0,68.670654,0.0,0.0,0.0,-1.8216444e-13,-0.7869216,402.04395,1.60746,66.37298,55.184006,0.0,0.9,0.0,-1.942978e-13,0.0,76.010025,65.38052,65.18497,66.451416,70.326355
2018-01-01 19:37:00,-5.7413359999999995e-24,0.0,66.37298,357730.44,0.0,0.0,29.260998,0.7116258,1.0,1.0,68.66786,0.0,0.0,0.0,-1.8209663e-13,-0.7867968,402.0439,1.60746,66.37298,55.184006,0.0,0.9,0.0,-1.9423403e-13,0.0,76.009636,65.378876,65.18321,66.448944,70.3186
2018-01-01 19:38:00,1.6721442e-23,0.0,66.37298,357730.44,0.0,0.0,29.260998,0.71150726,1.0,1.0,68.66506,0.0,0.0,0.0,-1.820443e-13,-0.78667724,402.04388,1.60746,66.37298,55.184006,0.0,0.9,0.0,-1.941693e-13,0.0,76.00925,65.37723,65.18151,66.44647,70.31087
2018-01-01 19:39:00,2.0160427e-23,0.0,66.37298,357730.44,0.0,0.0,29.294012,0.71139455,1.0,1.0,68.66227,0.0,0.0,0.0,-1.8197976e-13,-0.78654027,402.04385,1.60746,66.37298,55.184006,0.0,0.9,0.0,-1.9410745e-13,0.0,76.00881,65.375534,65.17986,66.444,70.303116
2018-01-01 19:40:00,5.2186784e-23,0.0,66.37298,357730.44,0.0,0.0,29.327026,0.7112772,1.0,1.0,68.659485,0.0,0.0,0.0,-1.8192172e-13,-0.7864144,402.04382,1.60746,66.37298,55.184006,0.0,0.9,0.0,-1.9404323e-13,0.0,76.00842,65.373886,65.17816,66.44153,70.295425
2018-01-01 19:41:00,2.6481915e-23,0.0,66.37298,357730.44,0.0,0.0,29.359985,0.7111598,1.0,1.0,68.65672,0.0,0.0,0.0,-1.8186659e-13,-0.7862974,402.0438,1.60746,66.37298,55.184006,0.0,0.9,0.0,-1.939797e-13,0.0,76.00804,65.372284,65.17651,66.43906,70.287735
2018-01-01 19:42:00,-1.4581026e-23,0.0,66.37298,357730.44,0.0,0.0,29.393,0.7110483,1.0,1.0,68.653946,0.0,0.0,0.0,-1.8180643e-13,-0.7861552,402.04376,1.60746,66.37298,55.184006,0.0,0.9,0.0,-1.9391966e-13,0.0,76.0076,65.370636,65.174805,66.436646,70.280045
2018-01-01 19:43:00,-7.186332e-23,0.0,66.37298,357730.44,0.0,0.0,29.426014,0.7109321,1.0,1.0,68.651184,0.0,0.0,0.0,-1.8174249e-13,-0.7860251,402.04373,1.60746,66.37298,55.184006,0.0,0.9,0.0,-1.9385405e-13,0.0,76.00722,65.36899,65.17316,66.43417,70.272415
2018-01-01 19:44:00,-7.493346000000001e-23,0.0,66.37298,357730.44,0.0,0.0,29.459026,0.7108147,1.0,1.0,68.64845,0.0,0.0,0.0,-1.8168845e-13,-0.78590435,402.0437,1.60746,66.37298,55.184006,0.0,0.9,0.0,-1.9379291e-13,0.0,76.006836,65.3674,65.17151,66.431755,70.26477
2018-01-01 19:45:00,3.862294e-23,0.0,66.37298,357730.44,0.0,0.0,29.525,0.710702,1.0,1.0,68.6457,0.0,0.0,0.0,-1.8162614e-13,-0.7857818,402.0437,1.60746,66.37298,55.184006,0.0,0.9,0.0,-1.9372951e-13,0.0,76.00639,65.36575,65.16992,66.42928,70.25714
2018-01-01 19:46:00,1.730064e-23,0.0,66.37298,357730.44,0.0,0.0,29.525,0.71058583,1.0,1.0,68.64298,0.0,0.0,0.0,-1.8156704e-13,-0.78565747,402.04367,1.60746,66.37298,55.184006,0.0,0.9,0.0,-1.9366641e-13,0.0,76.00601,65.36416,65.168274,66.426865,70.24956
2018-01-01 19:47:00,1.5805128e-23,0.0,66.37298,357730.44,0.0,0.0,29.558014,0.7104708,1.0,1.0,68.64027,0.0,0.0,0.0,-1.8151165e-13,-0.7855296,402.04364,1.60746,66.37298,55.184006,0.0,0.9,0.0,-1.936029e-13,0.0,76.00563,65.362564,65.16668,66.42445,70.241974
2018-01-01 19:48:00,5.824532e-23,0.0,66.37298,357730.44,0.0,0.0,29.591028,0.71035224,1.0,1.0,68.63753,0.0,0.0,0.0,-1.8145357e-13,-0.78539616,402.0436,1.60746,66.37298,55.184006,0.0,0.9,0.0,-1.9353957e-13,0.0,76.00524,65.360916,65.165085,66.42203,70.2344
2018-01-01 19:49:00,1.9009130000000003e-23,0.0,66.37298,357730.44,0.0,0.0,29.623987,0.7102372,1.0,1.0,68.63483,0.0,0.0,0.0,-1.8139206e-13,-0.7852681,402.04358,1.60746,66.37298,55.184006,0.0,0.9,0.0,-1.9347677e-13,0.0,76.00481,65.35933,65.1635,66.41962,70.22687
2018-01-01 19:50:00,-5.2016295e-23,0.0,66.37298,357730.44,0.0,0.0,29.657001,0.71012217,1.0,1.0,68.63212,0.0,0.0,0.0,-1.8133387e-13,-0.78513235,402.04355,1.60746,66.37298,55.184006,0.0,0.9,0.0,-1.9341575e-13,0.0,76.00442,65.35773,65.161896,66.4172,70.219345
2018-01-01 19:51:00,-2.5991973e-23,0.0,66.37298,357730.44,0.0,0.0,29.690014,0.7100072,1.0,1.0,68.629425,0.0,0.0,0.0,-1.8128043e-13,-0.7850165,402.04352,1.60746,66.37298,55.184006,0.0,0.9,0.0,-1.9335073e-13,0.0,76.00403,65.35619,65.16031,66.41478,70.21182
2018-01-01 19:52:00,2.1435265e-23,0.0,66.37298,357730.44,0.0,0.0,29.723028,0.7098921,1.0,1.0,68.62673,0.0,0.0,0.0,-1.8121294e-13,-0.78488374,402.0435,1.60746,66.37298,55.184006,0.0,0.9,0.0,-1.9328845e-13,0.0,76.00365,65.3546,65.15877,66.41237,70.2043
2018-01-01 19:53:00,8.1898245e-24,0.0,66.37298,357730.44,0.0,0.0,29.789001,0.7097771,1.0,1.0,68.62406,0.0,0.0,0.0,-1.8115687e-13,-0.7847609,402.04346,1.60746,66.37298,55.184006,0.0,0.9,0.0,-1.932254e-13,0.0,76.003204,65.35301,65.15723,66.41,70.19682
2018-01-01 19:54:00,-7.493328000000001e-25,0.0,66.37298,357730.44,0.0,0.0,29.789001,0.709662,1.0,1.0,68.62138,0.0,0.0,0.0,-1.8110204e-13,-0.78463423,402.04343,1.60746,66.37298,55.184006,0.0,0.9,0.0,-1.9316348e-13,0.0,76.00282,65.35147,65.15569,66.407585,70.189354
2018-01-01 19:55:00,2.4717686e-23,0.0,66.37298,357730.44,0.0,0.0,29.822016,0.70954585,1.0,1.0,68.61873,0.0,0.0,0.0,-1.8104175e-13,-0.7845109,402.0434,1.60746,66.37298,55.184006,0.0,0.9,0.0,-1.9310076e-13,0.0,76.00244,65.34988,65.15416,66.40523,70.18194
2018-01-01 19:56:00,-8.266699399999999e-23,0.0,66.37298,357730.44,0.0,0.0,29.85503,0.7094308,1.0,1.0,68.61607,0.0,0.0,0.0,-1.8098175e-13,-0.78438216,402.04337,1.60746,66.37298,55.184006,0.0,0.9,0.0,-1.930385e-13,0.0,76.00206,65.34834,65.15262,66.4028,70.17452
2018-01-01 19:57:00,-9.382997999999999e-24,0.0,66.37298,357730.44,0.0,0.0,29.887989,0.7093158,1.0,1.0,68.61342,0.0,0.0,0.0,-1.8091754e-13,-0.78424776,402.04333,1.60746,66.37298,55.184006,0.0,0.9,0.0,-1.9297515e-13,0.0,76.00162,65.3468,65.15114,66.400444,70.16711
2018-01-01 19:58:00,-7.569442000000001e-25,0.0,66.37298,357730.44,0.0,0.0,29.921001,0.70920074,1.0,1.0,68.61079,0.0,0.0,0.0,-1.808579e-13,-0.78412104,402.04333,1.60746,66.37298,55.184006,0.0,0.9,0.0,-1.9291366e-13,0.0,76.001236,65.34526,65.14965,66.39809,70.15969
2018-01-01 19:59:00,-1.5716545e-23,0.0,66.37298,357730.44,0.0,0.0,29.954016,0.7090857,1.0,1.0,68.608154,0.0,0.0,0.0,-1.8080757e-13,-0.7839935,402.04327,1.60746,66.37298,55.184006,0.0,0.9,0.0,-1.9284892e-13,0.0,76.00085,65.34372,65.14812,66.39572,70.15233
2018-01-01 20:00:00,-2.7622182000000002e-24,0.0,66.37298,357730.44,0.0,0.0,29.98703,0.70896953,1.0,1.0,68.60553,0.0,0.0,0.0,-1.8074553e-13,-0.7838709,402.04324,1.60746,66.37298,55.184006,0.0,0.9,0.0,-1.9278753e-13,0.0,76.00046,65.342186,65.14668,66.39336,70.14497
2018-01-01 20:01:00,3.3017340000000005e-23,0.0,66.37298,357730.44,0.0,0.0,30.002026,0.70885676,1.0,1.0,68.60292,0.0,0.0,0.0,-1.8068365e-13,-0.7837381,402.0432,1.60746,66.37298,55.184006,0.0,0.9,0.0,-1.9272542e-13,0.0,76.00008,65.3407,65.1452,66.39099,70.137665
2018-01-01 20:02:00,-1.491294e-23,0.0,66.37298,357730.44,0.0,0.0,30.002026,0.7087406,1.0,1.0,68.60033,0.0,0.0,0.0,-1.8063078e-13,-0.7836114,402.04318,1.60746,66.37298,55.184006,0.0,0.9,0.0,-1.9266195e-13,0.0,75.999695,65.339165,65.14372,66.38869,70.130356
2018-01-01 20:03:00,2.8758065999999997e-23,0.0,66.37298,357730.44,0.0,0.0,29.984009,0.7086244,1.0,1.0,68.59772,0.0,0.0,0.0,-1.8057127e-13,-0.7834817,402.04315,1.60746,66.37298,55.184006,0.0,0.9,0.0,-1.9259999e-13,0.0,75.99925,65.33763,65.14229,66.38638,70.12305
2018-01-01 20:04:00,-2.12007e-23,0.0,66.37298,357730.44,0.0,0.0,29.965992,0.7085093,1.0,1.0,68.59514,0.0,0.0,0.0,-1.8051512e-13,-0.7833556,402.04312,1.60746,66.37298,55.184006,0.0,0.9,0.0,-1.9253863e-13,0.0,75.99887,65.33614,65.14086,66.38402,70.1158
2018-01-01 20:05:00,2.6426683e-23,0.0,66.37298,357730.44,0.0,0.0,29.948029,0.7083955,1.0,1.0,68.592575,0.0,0.0,0.0,-1.8045342e-13,-0.78323054,402.0431,1.60746,66.37298,55.184006,0.0,0.9,0.0,-1.9247416e-13,0.0,75.99849,65.334656,65.139435,66.381714,70.10855
2018-01-01 20:06:00,-1.4796238e-23,0.0,66.37298,357730.44,0.0,0.0,29.930012,0.70827925,1.0,1.0,68.59001,0.0,0.0,0.0,-1.8039579e-13,-0.7831089,402.04306,1.60746,66.37298,55.184006,0.0,0.9,0.0,-1.9241181e-13,0.0,75.9981,65.333176,65.138,66.379456,70.10135
2018-01-01 20:07:00,-2.9536293e-23,0.0,66.37298,357730.44,0.0,0.0,29.911993,0.7081654,1.0,1.0,68.58748,0.0,0.0,0.0,-1.803394e-13,-0.78298056,402.04303,1.60746,66.37298,55.184006,0.0,0.9,0.0,-1.9234969e-13,0.0,75.99771,65.331696,65.13663,66.37715,70.09421
2018-01-01 20:08:00,6.043498000000001e-23,0.0,66.37298,357730.44,0.0,0.0,29.876013,0.7080515,1.0,1.0,68.584946,0.0,0.0,0.0,-1.802733e-13,-0.78285724,402.043,1.60746,66.37298,55.184006,0.0,0.9,0.0,-1.9228651e-13,0.0,75.99733,65.330215,65.13521,66.3749,70.08707
2018-01-01 20:09:00,-2.0972662e-23,0.0,66.37298,357730.44,0.0,0.0,29.876013,0.7079342,1.0,1.0,68.58241,0.0,0.0,0.0,-1.8021263e-13,-0.7827207,402.04297,1.60746,66.37298,55.184006,0.0,0.9,0.0,-1.9222642e-13,0.0,75.99695,65.32873,65.133835,66.37265,70.079926
2018-01-01 20:10:00,-4.587013e-23,0.0,66.37298,357730.44,0.0,0.0,29.857996,0.7078214,1.0,1.0,68.5799,0.0,0.0,0.0,-1.801586e-13,-0.782594,402.04297,1.60746,66.37298,55.184006,0.0,0.9,0.0,-1.9216365e-13,0.0,75.99657,65.32724,65.13246,66.37039,70.072845
2018-01-01 20:11:00,-1.2446140000000001e-23,0.0,66.37298,357730.44,0.0,0.0,29.840033,0.70770645,1.0,1.0,68.57741,0.0,0.0,0.0,-1.8009413e-13,-0.78246856,402.04294,1.60746,66.37298,55.184006,0.0,0.9,0.0,-1.9209992e-13,0.0,75.99618,65.32582,65.13109,66.36815,70.06581
2018-01-01 20:12:00,1.4484663e-23,0.0,66.37298,357730.44,0.0,0.0,29.822016,0.7075914,1.0,1.0,68.574936,0.0,0.0,0.0,-1.800447e-13,-0.7823502,402.0429,1.60746,66.37298,55.184006,0.0,0.9,0.0,-1.9203585e-13,0.0,75.99579,65.32439,65.12976,66.36595,70.05878
2018-01-01 20:13:00,-1.642188e-23,0.0,66.37298,357730.44,0.0,0.0,29.803997,0.70747167,1.0,1.0,68.57245,0.0,0.0,0.0,-1.7998239e-13,-0.78221476,402.04288,1.60746,66.37298,55.184006,0.0,0.9,0.0,-1.919751e-13,0.0,75.99535,65.32291,65.12845,66.363754,70.05175
2018-01-01 20:14:00,-7.399439e-24,0.0,66.37298,357730.44,0.0,0.0,29.786036,0.70736015,1.0,1.0,68.56999,0.0,0.0,0.0,-1.7992582e-13,-0.7820846,402.04285,1.60746,66.37298,55.184006,0.0,0.9,0.0,-1.9191415e-13,0.0,75.994965,65.32147,65.12713,66.36156,70.04483
2018-01-01 20:15:00,2.5795221e-23,0.0,66.37298,357730.44,0.0,0.0,29.768017,0.7072428,1.0,1.0,68.56753,0.0,0.0,0.0,-1.7986812e-13,-0.78195655,402.04282,1.60746,66.37298,55.184006,0.0,0.9,0.0,-1.9185185e-13,0.0,75.99458,65.32005,65.12581,66.35936,70.03786
2018-01-01 20:16:00,-8.8326774e-23,0.0,66.37298,357730.44,0.0,0.0,29.732037,0.70713127,1.0,1.0,68.56509,0.0,0.0,0.0,-1.7981032e-13,-0.78182775,402.0428,1.60746,66.37298,55.184006,0.0,0.9,0.0,-1.9178821e-13,0.0,75.9942,65.31862,65.1245,66.35716,70.03093
2018-01-01 20:17:00,-1.3708150999999998e-23,0.0,66.37298,357730.44,0.0,0.0,29.71402,0.7070139,1.0,1.0,68.56267,0.0,0.0,0.0,-1.7974985e-13,-0.7817057,402.04276,1.60746,66.37298,55.184006,0.0,0.9,0.0,-1.9172698e-13,0.0,75.99382,65.317245,65.12323,66.35501,70.02406
2018-01-01 20:18:00,5.652384e-24,0.0,66.37298,357730.44,0.0,0.0,29.71402,0.70689887,1.0,1.0,68.56026,0.0,0.0,0.0,-1.7969564e-13,-0.78157556,402.04272,1.60746,66.37298,55.184006,0.0,0.9,0.0,-1.9166354e-13,0.0,75.99343,65.31582,65.12196,66.352875,70.0172
2018-01-01 20:19:00,-5.986701e-23,0.0,66.37298,357730.44,0.0,0.0,29.696003,0.70678383,1.0,1.0,68.55786,0.0,0.0,0.0,-1.7963362e-13,-0.78145397,402.0427,1.60746,66.37298,55.184006,0.0,0.9,0.0,-1.9160097e-13,0.0,75.99304,65.314445,65.1207,66.35073,70.01039
2018-01-01 20:20:00,4.365504e-24,0.0,66.37298,357730.44,0.0,0.0,29.677984,0.70667,1.0,1.0,68.55549,0.0,0.0,0.0,-1.7956952e-13,-0.7813229,402.04266,1.60746,66.37298,55.184006,0.0,0.9,0.0,-1.9153926e-13,0.0,75.99266,65.31307,65.11944,66.34865,70.00363
2018-01-01 20:21:00,-2.2620896e-23,0.0,66.37298,357730.44,0.0,0.0,29.660023,0.7065549,1.0,1.0,68.553116,0.0,0.0,0.0,-1.7951743e-13,-0.7811963,402.04263,1.60746,66.37298,55.184006,0.0,0.9,0.0,-1.9147725e-13,0.0,75.99228,65.3117,65.11818,66.3465,69.99687
2018-01-01 20:22:00,-4.9898109999999996e-24,0.0,66.37298,357730.44,0.0,0.0,29.642004,0.706441,1.0,1.0,68.55074,0.0,0.0,0.0,-1.7945595e-13,-0.7810758,402.0426,1.60746,66.37298,55.184006,0.0,0.9,0.0,-1.9141648e-13,0.0,75.9919,65.310326,65.11697,66.34441,69.99011
2018-01-01 20:23:00,5.1410605e-23,0.0,66.37298,357730.44,0.0,0.0,29.623987,0.706326,1.0,1.0,68.5484,0.0,0.0,0.0,-1.7940232e-13,-0.7809487,402.0426,1.60746,66.37298,55.184006,0.0,0.9,0.0,-1.9135165e-13,0.0,75.99151,65.30895,65.11575,66.34238,69.98341
2018-01-01 20:24:00,-3.1966887e-23,0.0,66.37298,357730.44,0.0,0.0,29.606024,0.706211,1.0,1.0,68.54611,0.0,0.0,0.0,-1.7934613e-13,-0.7808217,402.04257,1.60746,66.37298,55.184006,0.0,0.9,0.0,-1.9129182e-13,0.0,75.99118,65.30758,65.114716,66.340294,69.97677
2018-01-01 20:25:00,-2.5817915e-23,0.0,66.37298,357730.44,0.0,0.0,29.569988,0.70609707,1.0,1.0,68.54381,0.0,0.0,0.0,-1.7928776e-13,-0.78068984,402.04254,1.60746,66.37298,55.184006,0.0,0.9,0.0,-1.9122898e-13,0.0,75.9908,65.30626,65.11362,66.33826,69.97012
2018-01-01 20:26:00,4.1894024e-24,0.0,66.37298,357730.44,0.0,0.0,29.569988,0.7059832,1.0,1.0,68.54152,0.0,0.0,0.0,-1.7923126e-13,-0.7805602,402.0425,1.60746,66.37298,55.184006,0.0,0.9,0.0,-1.911671e-13,0.0,75.99041,65.30495,65.11257,66.33623,69.96347
2018-01-01 20:27:00,3.9754936e-23,0.0,66.37298,357730.44,0.0,0.0,29.552027,0.7058682,1.0,1.0,68.53926,0.0,0.0,0.0,-1.7916483e-13,-0.7804321,402.04248,1.60746,66.37298,55.184006,0.0,0.9,0.0,-1.9110642e-13,0.0,75.99002,65.30362,65.11159,66.3342,69.95688
2018-01-01 20:28:00,-5.4305394e-24,0.0,66.37298,357730.44,0.0,0.0,29.534008,0.70575315,1.0,1.0,68.537,0.0,0.0,0.0,-1.7910514e-13,-0.7803152,402.04245,1.60746,66.37298,55.184006,0.0,0.9,0.0,-1.9104209e-13,0.0,75.98964,65.30231,65.110535,66.33217,69.95035
2018-01-01 20:29:00,-2.9502265e-23,0.0,66.37298,357730.44,0.0,0.0,29.515991,0.7056381,1.0,1.0,68.53477,0.0,0.0,0.0,-1.7905126e-13,-0.7801833,402.04242,1.60746,66.37298,55.184006,0.0,0.9,0.0,-1.9098102e-13,0.0,75.98926,65.30099,65.10955,66.330185,69.94386
2018-01-01 20:30:00,-2.9383936e-23,0.0,66.37298,357730.44,0.0,0.0,29.498028,0.70552653,1.0,1.0,68.53255,0.0,0.0,0.0,-1.7899214e-13,-0.7800541,402.0424,1.60746,66.37298,55.184006,0.0,0.9,0.0,-1.909196e-13,0.0,75.98888,65.29967,65.10861,66.32821,69.93733
2018-01-01 20:31:00,3.464737e-23,0.0,66.37298,357730.44,0.0,0.0,29.480011,0.70541036,1.0,1.0,68.530334,0.0,0.0,0.0,-1.7893677e-13,-0.77992845,402.04236,1.60746,66.37298,55.184006,0.0,0.9,0.0,-1.9085803e-13,0.0,75.98849,65.2984,65.10763,66.32623,69.9309
2018-01-01 20:32:00,-1.0944320000000001e-23,0.0,66.37298,357730.44,0.0,0.0,29.461994,0.70529413,1.0,1.0,68.52814,0.0,0.0,0.0,-1.7887285e-13,-0.77980304,402.04233,1.60746,66.37298,55.184006,0.0,0.9,0.0,-1.9079523e-13,0.0,75.98816,65.29714,65.10675,66.32431,69.92431
2018-01-01 20:33:00,-9.381645e-24,0.0,66.37298,357730.44,0.0,0.0,29.426014,0.7051815,1.0,1.0,68.5259,0.0,0.0,0.0,-1.7882152e-13,-0.77968234,402.0423,1.60746,66.37298,55.184006,0.0,0.9,0.0,-1.9073457e-13,0.0,75.98778,65.29588,65.10582,66.32233,69.91772
2018-01-01 20:34:00,-6.720808000000001e-23,0.0,66.37298,357730.44,0.0,0.0,29.426014,0.7050676,1.0,1.0,68.523705,0.0,0.0,0.0,-1.7876046e-13,-0.77956,402.04227,1.60746,66.37298,55.184006,0.0,0.9,0.0,-1.906706e-13,0.0,75.98739,65.29462,65.104935,66.320404,69.91118
2018-01-01 20:35:00,-1.5469966e-23,0.0,66.37298,357730.44,0.0,0.0,29.407995,0.704949,1.0,1.0,68.52154,0.0,0.0,0.0,-1.7870843e-13,-0.77942204,402.04227,1.60746,66.37298,55.184006,0.0,0.9,0.0,-1.9060898e-13,0.0,75.987,65.29341,65.10406,66.31854,69.90469
2018-01-01 20:36:00,-1.3404812e-23,0.0,66.37298,357730.44,0.0,0.0,29.390034,0.7048375,1.0,1.0,68.51936,0.0,0.0,0.0,-1.7864506e-13,-0.77929723,402.04224,1.60746,66.37298,55.184006,0.0,0.9,0.0,-1.9054719e-13,0.0,75.98662,65.292145,65.10323,66.31662,69.89822
2018-01-01 20:37:00,4.481606e-23,0.0,66.37298,357730.44,0.0,0.0,29.372015,0.70472246,1.0,1.0,68.51721,0.0,0.0,0.0,-1.7859057e-13,-0.7791694,402.04218,1.60746,66.37298,55.184006,0.0,0.9,0.0,-1.9048501e-13,0.0,75.98629,65.29094,65.102356,66.31475,69.89174
2018-01-01 20:38:00,7.6878376e-23,0.0,66.37298,357730.44,0.0,0.0,29.353998,0.7046086,1.0,1.0,68.51509,0.0,0.0,0.0,-1.7852703e-13,-0.779042,402.04214,1.60746,66.37298,55.184006,0.0,0.9,0.0,-1.9042335e-13,0.0,75.9859,65.28973,65.101585,66.31288,69.88531
2018-01-01 20:39:00,9.628299e-24,0.0,66.37298,357730.44,0.0,0.0,29.336035,0.7044935,1.0,1.0,68.51295,0.0,0.0,0.0,-1.7846884e-13,-0.7789124,402.0421,1.60746,66.37298,55.184006,0.0,0.9,0.0,-1.9036025e-13,0.0,75.98552,65.28851,65.10076,66.31102,69.87894
2018-01-01 20:40:00,-6.5250014e-24,0.0,66.37298,357730.44,0.0,0.0,29.3,0.70437855,1.0,1.0,68.51085,0.0,0.0,0.0,-1.7841161e-13,-0.7787894,402.04208,1.60746,66.37298,55.184006,0.0,0.9,0.0,-1.9030041e-13,0.0,75.98519,65.28737,65.09999,66.30914,69.87256
2018-01-01 20:41:00,-2.9562525e-24,0.0,66.37298,357730.44,0.0,0.0,29.282038,0.70426345,1.0,1.0,68.50874,0.0,0.0,0.0,-1.7836088e-13,-0.7786634,402.04205,1.60746,66.37298,55.184006,0.0,0.9,0.0,-1.9023959e-13,0.0,75.9848,65.286156,65.09923,66.307335,69.866196
2018-01-01 20:42:00,-2.5004212999999999e-23,0.0,66.37298,357730.44,0.0,0.0,29.282038,0.7041508,1.0,1.0,68.50667,0.0,0.0,0.0,-1.7829104e-13,-0.77853614,402.04202,1.60746,66.37298,55.184006,0.0,0.9,0.0,-1.9017691e-13,0.0,75.98442,65.285,65.09851,66.30553,69.85988
2018-01-01 20:43:00,-1.7216548e-23,0.0,66.37298,357730.44,0.0,0.0,29.264019,0.7040357,1.0,1.0,68.50461,0.0,0.0,0.0,-1.7823537e-13,-0.7784161,402.042,1.60746,66.37298,55.184006,0.0,0.9,0.0,-1.901148e-13,0.0,75.98409,65.283844,65.09779,66.30371,69.85361
2018-01-01 20:44:00,-4.6307363e-23,0.0,66.37298,357730.44,0.0,0.0,29.246002,0.7039207,1.0,1.0,68.50255,0.0,0.0,0.0,-1.7818287e-13,-0.77828145,402.04196,1.60746,66.37298,55.184006,0.0,0.9,0.0,-1.9005292e-13,0.0,75.9837,65.282745,65.09708,66.301895,69.84735
2018-01-01 20:45:00,3.8125285e-24,0.0,66.37298,357730.44,0.0,0.0,29.227985,0.7038068,1.0,1.0,68.5005,0.0,0.0,0.0,-1.7811788e-13,-0.77815807,402.04193,1.60746,66.37298,55.184006,0.0,0.9,0.0,-1.8999034e-13,0.0,75.98332,65.2816,65.09637,66.30014,69.84109
2018-01-01 20:46:00,2.872106e-24,0.0,66.37298,357730.44,0.0,0.0,29.210022,0.703693,1.0,1.0,68.4985,0.0,0.0,0.0,-1.78063e-13,-0.7780338,402.0419,1.60746,66.37298,55.184006,0.0,0.9,0.0,-1.8992972e-13,0.0,75.982994,65.2805,65.0957,66.298386,69.834885
2018-01-01 20:47:00,-4.1506447e-23,0.0,66.37298,357730.44,0.0,0.0,29.192005,0.70357794,1.0,1.0,68.49648,0.0,0.0,0.0,-1.7800851e-13,-0.7779045,402.0419,1.60746,66.37298,55.184006,0.0,0.9,0.0,-1.8986712e-13,0.0,75.982605,65.2794,65.09505,66.29662,69.82873
2018-01-01 20:48:00,4.2765542e-24,0.0,66.37298,357730.44,0.0,0.0,29.156025,0.7034652,1.0,1.0,68.494484,0.0,0.0,0.0,-1.779512e-13,-0.7777728,402.04187,1.60746,66.37298,55.184006,0.0,0.9,0.0,-1.8980641e-13,0.0,75.982285,65.278305,65.09439,66.29486,69.82257
2018-01-01 20:49:00,-7.9820184e-23,0.0,66.37298,357730.44,0.0,0.0,29.138006,0.7033502,1.0,1.0,68.49251,0.0,0.0,0.0,-1.7789324e-13,-0.77765137,402.04184,1.60746,66.37298,55.184006,0.0,0.9,0.0,-1.897452e-13,0.0,75.981895,65.27725,65.09378,66.293106,69.81648
2018-01-01 20:50:00,-5.1204696e-23,0.0,66.37298,357730.44,0.0,0.0,29.138006,0.70323515,1.0,1.0,68.49054,0.0,0.0,0.0,-1.7783965e-13,-0.777527,402.0418,1.60746,66.37298,55.184006,0.0,0.9,0.0,-1.8968339e-13,0.0,75.98151,65.276215,65.093185,66.291405,69.81038
2018-01-01 20:51:00,6.728035e-24,0.0,66.37298,357730.44,0.0,0.0,29.11999,0.70312124,1.0,1.0,68.48857,0.0,0.0,0.0,-1.7777559e-13,-0.77739716,402.04178,1.60746,66.37298,55.184006,0.0,0.9,0.0,-1.896196e-13,0.0,75.981186,65.27517,65.092575,66.28964,69.80428
2018-01-01 20:52:00,-4.3174996e-24,0.0,66.37298,357730.44,0.0,0.0,29.102026,0.7030086,1.0,1.0,68.48662,0.0,0.0,0.0,-1.7771739e-13,-0.7772751,402.04175,1.60746,66.37298,55.184006,0.0,0.9,0.0,-1.8955983e-13,0.0,75.9808,65.274124,65.09197,66.28795,69.798294
2018-01-01 20:53:00,-2.928972e-23,0.0,66.37298,357730.44,0.0,0.0,29.08401,0.7028947,1.0,1.0,68.48468,0.0,0.0,0.0,-1.7765866e-13,-0.77714485,402.04172,1.60746,66.37298,55.184006,0.0,0.9,0.0,-1.8949824e-13,0.0,75.98047,65.27309,65.09137,66.28624,69.79225
2018-01-01 20:54:00,-1.3764009e-23,0.0,66.37298,357730.44,0.0,0.0,29.06599,0.7027773,1.0,1.0,68.48277,0.0,0.0,0.0,-1.7760642e-13,-0.7770209,402.0417,1.60746,66.37298,55.184006,0.0,0.9,0.0,-1.8943649e-13,0.0,75.98013,65.272095,65.09076,66.28454,69.786316
2018-01-01 20:55:00,-2.7738416e-23,0.0,66.37298,357730.44,0.0,0.0,29.048029,0.7026623,1.0,1.0,68.48085,0.0,0.0,0.0,-1.7754567e-13,-0.7769003,402.04166,1.60746,66.37298,55.184006,0.0,0.9,0.0,-1.8937426e-13,0.0,75.97975,65.2711,65.09021,66.28284,69.780334
2018-01-01 20:56:00,-5.2707476e-23,0.0,66.37298,357730.44,0.0,0.0,29.03001,0.7025519,1.0,1.0,68.47896,0.0,0.0,0.0,-1.774881e-13,-0.77676624,402.04163,1.60746,66.37298,55.184006,0.0,0.9,0.0,-1.8931285e-13,0.0,75.97942,65.27011,65.08966,66.28119,69.7744
2018-01-01 20:57:00,2.7603297e-23,0.0,66.37298,357730.44,0.0,0.0,28.99403,0.7024392,1.0,1.0,68.477066,0.0,0.0,0.0,-1.774241e-13,-0.77664465,402.0416,1.60746,66.37298,55.184006,0.0,0.9,0.0,-1.8925168e-13,0.0,75.979034,65.26918,65.08911,66.27948,69.768524
2018-01-01 20:58:00,-4.2041767999999996e-23,0.0,66.37298,357730.44,0.0,0.0,28.99403,0.70232415,1.0,1.0,68.47518,0.0,0.0,0.0,-1.7737295e-13,-0.7765211,402.04156,1.60746,66.37298,55.184006,0.0,0.9,0.0,-1.8918844e-13,0.0,75.978714,65.26825,65.08852,66.27779,69.76265
2018-01-01 20:59:00,-1.1606117e-23,0.0,66.37298,357730.44,0.0,0.0,28.976013,0.7022091,1.0,1.0,68.47331,0.0,0.0,0.0,-1.7731075e-13,-0.77638644,402.04156,1.60746,66.37298,55.184006,0.0,0.9,0.0,-1.8912903e-13,0.0,75.978325,65.26732,65.08797,66.27614,69.75682
2018-01-01 21:00:00,-6.72375e-24,0.0,66.37298,357730.44,0.0,0.0,28.957996,0.70209527,1.0,1.0,68.47145,0.0,0.0,0.0,-1.7725554e-13,-0.77626586,402.04153,1.60746,66.37298,55.184006,0.0,0.9,0.0,-1.8906927e-13,0.0,75.978,65.26638,65.08742,66.27443,69.751
2018-01-01 21:01:00,-6.4168685e-23,0.0,66.37298,357730.44,0.0,0.0,28.940033,0.7019802,1.0,1.0,68.46959,0.0,0.0,0.0,-1.7719764e-13,-0.77614266,402.0415,1.60746,66.37298,55.184006,0.0,0.9,0.0,-1.8900636e-13,0.0,75.97766,65.26544,65.08687,66.27278,69.74518
2018-01-01 21:02:00,1.0733628e-24,0.0,66.37298,357730.44,0.0,0.0,28.957996,0.7018663,1.0,1.0,68.46772,0.0,0.0,0.0,-1.771456e-13,-0.7760116,402.04147,1.60746,66.37298,55.184006,0.0,0.9,0.0,-1.8894494e-13,0.0,75.97728,65.26451,65.08632,66.27108,69.73941
2018-01-01 21:03:00,1.8626057e-23,0.0,66.37298,357730.44,0.0,0.0,28.976013,0.7017536,1.0,1.0,68.465866,0.0,0.0,0.0,-1.7708067e-13,-0.7758877,402.04144,1.60746,66.37298,55.184006,0.0,0.9,0.0,-1.8888462e-13,0.0,75.97695,65.26358,65.08577,66.26943,69.73358
2018-01-01 21:04:00,-2.2104457999999998e-23,0.0,66.37298,357730.44,0.0,0.0,29.011993,0.70163625,1.0,1.0,68.46401,0.0,0.0,0.0,-1.7702921e-13,-0.77575845,402.0414,1.60746,66.37298,55.184006,0.0,0.9,0.0,-1.8882228e-13,0.0,75.97662,65.262695,65.08522,66.26773,69.72777
2018-01-01 21:05:00,-2.5447392e-23,0.0,66.37298,357730.44,0.0,0.0,29.03001,0.70152354,1.0,1.0,68.46211,0.0,0.0,0.0,-1.7696908e-13,-0.775628,402.04138,1.60746,66.37298,55.184006,0.0,0.9,0.0,-1.8876029e-13,0.0,75.97624,65.26171,65.08461,66.26608,69.72194
2018-01-01 21:06:00,-1.6085115e-23,0.0,66.37298,357730.44,0.0,0.0,29.03001,0.70141083,1.0,1.0,68.46025,0.0,0.0,0.0,-1.7690748e-13,-0.7754991,402.04135,1.60746,66.37298,55.184006,0.0,0.9,0.0,-1.8869949e-13,0.0,75.97591,65.26077,65.08406,66.26437,69.71612
2018-01-01 21:07:00,8.028566000000001e-23,0.0,66.37298,357730.44,0.0,0.0,29.048029,0.701297,1.0,1.0,68.45837,0.0,0.0,0.0,-1.7685237e-13,-0.7753742,402.04132,1.60746,66.37298,55.184006,0.0,0.9,0.0,-1.886385e-13,0.0,75.97558,65.25979,65.08351,66.262726,69.710236
2018-01-01 21:08:00,-3.6023343e-23,0.0,66.37298,357730.44,0.0,0.0,29.06599,0.7011831,1.0,1.0,68.4565,0.0,0.0,0.0,-1.7679529e-13,-0.7752535,402.0413,1.60746,66.37298,55.184006,0.0,0.9,0.0,-1.8857738e-13,0.0,75.97525,65.258804,65.08296,66.26103,69.70442
2018-01-01 21:09:00,9.1306224e-24,0.0,66.37298,357730.44,0.0,0.0,29.08401,0.70107037,1.0,1.0,68.45457,0.0,0.0,0.0,-1.7674474e-13,-0.77512455,402.04126,1.60746,66.37298,55.184006,0.0,0.9,0.0,-1.8851607e-13,0.0,75.97487,65.25775,65.08236,66.25932,69.69854
2018-01-01 21:10:00,6.377589e-23,0.0,66.37298,357730.44,0.0,0.0,29.102026,0.70095533,1.0,1.0,68.45269,0.0,0.0,0.0,-1.7667852e-13,-0.77499706,402.04126,1.60746,66.37298,55.184006,0.0,0.9,0.0,-1.884558e-13,0.0,75.97453,65.25677,65.08181,66.257675,69.69266
2018-01-01 21:11:00,-1.0290922e-23,0.0,66.37298,357730.44,0.0,0.0,29.11999,0.7008426,1.0,1.0,68.45078,0.0,0.0,0.0,-1.7662437e-13,-0.7748768,402.04123,1.60746,66.37298,55.184006,0.0,0.9,0.0,-1.8839422e-13,0.0,75.974205,65.25572,65.08121,66.255974,69.68678
2018-01-01 21:12:00,-9.725563e-25,0.0,66.37298,357730.44,0.0,0.0,29.138006,0.7007299,1.0,1.0,68.44887,0.0,0.0,0.0,-1.7656545e-13,-0.77475667,402.0412,1.60746,66.37298,55.184006,0.0,0.9,0.0,-1.8833299e-13,0.0,75.97388,65.254684,65.0806,66.25427,69.68091
2018-01-01 21:13:00,-2.5828253999999998e-23,0.0,66.37298,357730.44,0.0,0.0,29.173986,0.70061255,1.0,1.0,68.446945,0.0,0.0,0.0,-1.7651286e-13,-0.77463025,402.04117,1.60746,66.37298,55.184006,0.0,0.9,0.0,-1.8827217e-13,0.0,75.97354,65.25363,65.08,66.25256,69.67497
2018-01-01 21:14:00,-3.90142e-23,0.0,66.37298,357730.44,0.0,0.0,29.173986,0.70049864,1.0,1.0,68.445,0.0,0.0,0.0,-1.7645732e-13,-0.7745029,402.0411,1.60746,66.37298,55.184006,0.0,0.9,0.0,-1.8821098e-13,0.0,75.97316,65.252594,65.07934,66.25087,69.66904
2018-01-01 21:15:00,1.7817086e-24,0.0,66.37298,357730.44,0.0,0.0,29.192005,0.700386,1.0,1.0,68.44308,0.0,0.0,0.0,-1.7639953e-13,-0.77437687,402.04108,1.60746,66.37298,55.184006,0.0,0.9,0.0,-1.8814884e-13,0.0,75.97283,65.25155,65.078735,66.24911,69.66316
2018-01-01 21:16:00,3.008406e-23,0.0,66.37298,357730.44,0.0,0.0,29.210022,0.7002709,1.0,1.0,68.441124,0.0,0.0,0.0,-1.7633677e-13,-0.774245,402.04105,1.60746,66.37298,55.184006,0.0,0.9,0.0,-1.8808826e-13,0.0,75.9725,65.25045,65.07808,66.247406,69.65718
2018-01-01 21:17:00,6.027899699999999e-25,0.0,66.37298,357730.44,0.0,0.0,29.227985,0.70015824,1.0,1.0,68.43916,0.0,0.0,0.0,-1.7627898e-13,-0.7741188,402.04102,1.60746,66.37298,55.184006,0.0,0.9,0.0,-1.8802742e-13,0.0,75.97217,65.24935,65.07736,66.24565,69.651245
2018-01-01 21:18:00,8.186639e-23,0.0,66.37298,357730.44,0.0,0.0,29.246002,0.70004547,1.0,1.0,68.437195,0.0,0.0,0.0,-1.76232e-13,-0.77399534,402.041,1.60746,66.37298,55.184006,0.0,0.9,0.0,-1.8796659e-13,0.0,75.97185,65.24825,65.076706,66.24389,69.64531
2018-01-01 21:19:00,1.1349720000000001e-23,0.0,66.37298,357730.44,0.0,0.0,29.264019,0.6999316,1.0,1.0,68.43522,0.0,0.0,0.0,-1.761644e-13,-0.7738648,402.04095,1.60746,66.37298,55.184006,0.0,0.9,0.0,-1.8790544e-13,0.0,75.97151,65.247154,65.07599,66.24213,69.63933
2018-01-01 21:20:00,-3.1576332e-23,0.0,66.37298,357730.44,0.0,0.0,29.282038,0.6998189,1.0,1.0,68.43322,0.0,0.0,0.0,-1.7610877e-13,-0.773749,402.04092,1.60746,66.37298,55.184006,0.0,0.9,0.0,-1.8784299e-13,0.0,75.97113,65.246,65.07527,66.24037,69.63333
2018-01-01 21:21:00,1.7662162e-23,0.0,66.37298,357730.44,0.0,0.0,29.318018,0.6997039,1.0,1.0,68.43123,0.0,0.0,0.0,-1.7605314e-13,-0.7736183,402.04092,1.60746,66.37298,55.184006,0.0,0.9,0.0,-1.8778433e-13,0.0,75.970795,65.24484,65.074554,66.23862,69.62735
2018-01-01 21:22:00,7.638282000000001e-23,0.0,66.37298,357730.44,0.0,0.0,29.318018,0.69958997,1.0,1.0,68.429245,0.0,0.0,0.0,-1.7599492e-13,-0.77349514,402.0409,1.60746,66.37298,55.184006,0.0,0.9,0.0,-1.8772154e-13,0.0,75.970474,65.2437,65.073845,66.2368,69.62136
2018-01-01 21:23:00,2.2433463e-24,0.0,66.37298,357730.44,0.0,0.0,29.336035,0.6994773,1.0,1.0,68.42723,0.0,0.0,0.0,-1.7593938e-13,-0.77336115,402.04086,1.60746,66.37298,55.184006,0.0,0.9,0.0,-1.8766234e-13,0.0,75.97014,65.24254,65.073074,66.23505,69.61532
2018-01-01 21:24:00,1.8107807e-23,0.0,66.37298,357730.44,0.0,0.0,29.353998,0.6993611,1.0,1.0,68.42521,0.0,0.0,0.0,-1.7587746e-13,-0.7732531,402.04083,1.60746,66.37298,55.184006,0.0,0.9,0.0,-1.8759901e-13,0.0,75.96981,65.24139,65.07231,66.23323,69.60933
2018-01-01 21:25:00,4.0987910000000003e-23,0.0,66.37298,357730.44,0.0,0.0,29.372015,0.6992484,1.0,1.0,68.42314,0.0,0.0,0.0,-1.7582699e-13,-0.77311474,402.0408,1.60746,66.37298,55.184006,0.0,0.9,0.0,-1.8753849e-13,0.0,75.96942,65.24017,65.07149,66.23137,69.60329
2018-01-01 21:26:00,-7.667273e-24,0.0,66.37298,357730.44,0.0,0.0,29.390034,0.69913334,1.0,1.0,68.42112,0.0,0.0,0.0,-1.7576862e-13,-0.77298516,402.04077,1.60746,66.37298,55.184006,0.0,0.9,0.0,-1.8747891e-13,0.0,75.9691,65.23903,65.07066,66.22955,69.597244
2018-01-01 21:27:00,-1.774877e-23,0.0,66.37298,357730.44,0.0,0.0,29.407995,0.6990218,1.0,1.0,68.41907,0.0,0.0,0.0,-1.7570797e-13,-0.77286565,402.04074,1.60746,66.37298,55.184006,0.0,0.9,0.0,-1.8741645e-13,0.0,75.968765,65.237816,65.06984,66.22774,69.5912
2018-01-01 21:28:00,-5.3736554000000004e-24,0.0,66.37298,357730.44,0.0,0.0,29.426014,0.69890904,1.0,1.0,68.417015,0.0,0.0,0.0,-1.7565181e-13,-0.7727353,402.0407,1.60746,66.37298,55.184006,0.0,0.9,0.0,-1.8735587e-13,0.0,75.96844,65.2366,65.069016,66.225876,69.58516
2018-01-01 21:29:00,-3.8899744e-23,0.0,66.37298,357730.44,0.0,0.0,29.461994,0.6987964,1.0,1.0,68.41493,0.0,0.0,0.0,-1.7559803e-13,-0.7726142,402.04068,1.60746,66.37298,55.184006,0.0,0.9,0.0,-1.872952e-13,0.0,75.96811,65.235344,65.06813,66.224,69.57906
2018-01-01 21:30:00,2.9474797e-23,0.0,66.37298,357730.44,0.0,0.0,29.461994,0.69868016,1.0,1.0,68.41286,0.0,0.0,0.0,-1.7554067e-13,-0.77248305,402.04065,1.60746,66.37298,55.184006,0.0,0.9,0.0,-1.8723554e-13,0.0,75.96773,65.23413,65.06725,66.22214,69.57302
2018-01-01 21:31:00,1.7658606e-23,0.0,66.37298,357730.44,0.0,0.0,29.480011,0.69856864,1.0,1.0,68.41079,0.0,0.0,0.0,-1.7548415e-13,-0.77236307,402.04062,1.60746,66.37298,55.184006,0.0,0.9,0.0,-1.8717303e-13,0.0,75.96739,65.23287,65.066376,66.220215,69.56709
2018-01-01 21:32:00,-1.24307944e-23,0.0,66.37298,357730.44,0.0,0.0,29.498028,0.6984571,1.0,1.0,68.40872,0.0,0.0,0.0,-1.754228e-13,-0.7722423,402.04062,1.60746,66.37298,55.184006,0.0,0.9,0.0,-1.8711244e-13,0.0,75.967064,65.23166,65.065445,66.218346,69.5611
2018-01-01 21:33:00,3.459534e-23,0.0,66.37298,357730.44,0.0,0.0,29.515991,0.6983397,1.0,1.0,68.406654,0.0,0.0,0.0,-1.7536793e-13,-0.7721159,402.0406,1.60746,66.37298,55.184006,0.0,0.9,0.0,-1.8705294e-13,0.0,75.966736,65.2304,65.06451,66.21642,69.55517
2018-01-01 21:34:00,8.556902e-24,0.0,66.37298,357730.44,0.0,0.0,29.534008,0.6982281,1.0,1.0,68.40454,0.0,0.0,0.0,-1.753108e-13,-0.77200097,402.04056,1.60746,66.37298,55.184006,0.0,0.9,0.0,-1.8699086e-13,0.0,75.966354,65.22914,65.06352,66.2145,69.54918
2018-01-01 21:35:00,1.9221468e-23,0.0,66.37298,357730.44,0.0,0.0,29.552027,0.6981143,1.0,1.0,68.40244,0.0,0.0,0.0,-1.7525198e-13,-0.77186847,402.04053,1.60746,66.37298,55.184006,0.0,0.9,0.0,-1.8693045e-13,0.0,75.96602,65.22781,65.062584,66.21258,69.5432
2018-01-01 21:36:00,1.7288802e-23,0.0,66.37298,357730.44,0.0,0.0,29.569988,0.6980016,1.0,1.0,68.40033,0.0,0.0,0.0,-1.7519859e-13,-0.77173173,402.0405,1.60746,66.37298,55.184006,0.0,0.9,0.0,-1.8687085e-13,0.0,75.96569,65.226555,65.0616,66.2106,69.5372
2018-01-01 21:37:00,-3.2674713e-23,0.0,66.37298,357730.44,0.0,0.0,29.606024,0.6978877,1.0,1.0,68.3982,0.0,0.0,0.0,-1.7514173e-13,-0.77161455,402.04047,1.60746,66.37298,55.184006,0.0,0.9,0.0,-1.8680916e-13,0.0,75.9653,65.225235,65.06055,66.20868,69.53122
2018-01-01 21:38:00,-1.1189395e-23,0.0,66.37298,357730.44,0.0,0.0,29.606024,0.697775,1.0,1.0,68.39607,0.0,0.0,0.0,-1.7508458e-13,-0.771493,402.04044,1.60746,66.37298,55.184006,0.0,0.9,0.0,-1.8674665e-13,0.0,75.96498,65.22392,65.05956,66.206696,69.52518
2018-01-01 21:39:00,7.548471000000001e-23,0.0,66.37298,357730.44,0.0,0.0,29.623987,0.6976634,1.0,1.0,68.39389,0.0,0.0,0.0,-1.750219e-13,-0.77136225,402.0404,1.60746,66.37298,55.184006,0.0,0.9,0.0,-1.8668789e-13,0.0,75.964645,65.222595,65.05835,66.20473,69.519135
2018-01-01 21:40:00,1.8116625e-23,0.0,66.37298,357730.44,0.0,0.0,29.642004,0.69754606,1.0,1.0,68.39171,0.0,0.0,0.0,-1.7497153e-13,-0.7712392,402.04037,1.60746,66.37298,55.184006,0.0,0.9,0.0,-1.866283e-13,0.0,75.964264,65.22128,65.057205,66.20269,69.51309
2018-01-01 21:41:00,5.8464274e-23,0.0,66.37298,357730.44,0.0,0.0,29.660023,0.6974357,1.0,1.0,68.38954,0.0,0.0,0.0,-1.7491202e-13,-0.77110827,402.04034,1.60746,66.37298,55.184006,0.0,0.9,0.0,-1.8656809e-13,0.0,75.96393,65.21996,65.056046,66.200714,69.50705
2018-01-01 21:42:00,-4.13784e-23,0.0,66.37298,357730.44,0.0,0.0,29.677984,0.69732183,1.0,1.0,68.38736,0.0,0.0,0.0,-1.7485781e-13,-0.77097726,402.0403,1.60746,66.37298,55.184006,0.0,0.9,0.0,-1.8650835e-13,0.0,75.96361,65.21864,65.05484,66.198685,69.50101
2018-01-01 21:43:00,9.866514e-24,0.0,66.37298,357730.44,0.0,0.0,29.696003,0.6972091,1.0,1.0,68.38515,0.0,0.0,0.0,-1.7479245e-13,-0.770861,402.0403,1.60746,66.37298,55.184006,0.0,0.9,0.0,-1.8644763e-13,0.0,75.96322,65.21727,65.05368,66.19665,69.4949
2018-01-01 21:44:00,-5.4485487e-23,0.0,66.37298,357730.44,0.0,0.0,29.71402,0.6970976,1.0,1.0,68.38295,0.0,0.0,0.0,-1.7473581e-13,-0.7707344,402.04028,1.60746,66.37298,55.184006,0.0,0.9,0.0,-1.8638467e-13,0.0,75.96289,65.21596,65.052475,66.19461,69.488815
2018-01-01 21:45:00,-1.7860345999999998e-23,0.0,66.37298,357730.44,0.0,0.0,29.75,0.6969825,1.0,1.0,68.38074,0.0,0.0,0.0,-1.7468137e-13,-0.7706075,402.04025,1.60746,66.37298,55.184006,0.0,0.9,0.0,-1.8632495e-13,0.0,75.96251,65.214584,65.05127,66.19258,69.48271
2018-01-01 21:46:00,-1.0105298e-23,0.0,66.37298,357730.44,0.0,0.0,29.75,0.69686866,1.0,1.0,68.3785,0.0,0.0,0.0,-1.7462862e-13,-0.77048427,402.04022,1.60746,66.37298,55.184006,0.0,0.9,0.0,-1.862649e-13,0.0,75.96217,65.21321,65.05,66.19049,69.476616
2018-01-01 21:47:00,1.2903634999999999e-23,0.0,66.37298,357730.44,0.0,0.0,29.768017,0.69675595,1.0,1.0,68.37627,0.0,0.0,0.0,-1.7457176e-13,-0.7703636,402.0402,1.60746,66.37298,55.184006,0.0,0.9,0.0,-1.8620461e-13,0.0,75.96179,65.21184,65.0488,66.18841,69.47052
2018-01-01 21:48:00,-2.7264875999999997e-23,0.0,66.37298,357730.44,0.0,0.0,29.786036,0.6966409,1.0,1.0,68.37402,0.0,0.0,0.0,-1.7451391e-13,-0.7702323,402.04016,1.60746,66.37298,55.184006,0.0,0.9,0.0,-1.8614319e-13,0.0,75.96146,65.210464,65.04753,66.186325,69.46437
2018-01-01 21:49:00,-1.0851676e-24,0.0,66.37298,357730.44,0.0,0.0,29.803997,0.696527,1.0,1.0,68.371765,0.0,0.0,0.0,-1.7446638e-13,-0.7701071,402.04013,1.60746,66.37298,55.184006,0.0,0.9,0.0,-1.8608474e-13,0.0,75.961075,65.20903,65.046265,66.184235,69.45821
2018-01-01 21:50:00,5.1735492e-23,0.0,66.37298,357730.44,0.0,0.0,29.822016,0.69641435,1.0,1.0,68.36952,0.0,0.0,0.0,-1.7440457e-13,-0.7699841,402.0401,1.60746,66.37298,55.184006,0.0,0.9,0.0,-1.860221e-13,0.0,75.96075,65.20766,65.045006,66.182144,69.45206
2018-01-01 21:51:00,3.9644740000000006e-23,0.0,66.37298,357730.44,0.0,0.0,29.840033,0.6963028,1.0,1.0,68.36723,0.0,0.0,0.0,-1.7434367e-13,-0.769855,402.04007,1.60746,66.37298,55.184006,0.0,0.9,0.0,-1.8596221e-13,0.0,75.96036,65.20623,65.043686,66.18001,69.44591
2018-01-01 21:52:00,-5.4528805e-23,0.0,66.37298,357730.44,0.0,0.0,29.857996,0.6961889,1.0,1.0,68.36498,0.0,0.0,0.0,-1.7428921e-13,-0.7697425,402.04,1.60746,66.37298,55.184006,0.0,0.9,0.0,-1.8590067e-13,0.0,75.96004,65.20486,65.04242,66.17786,69.43976
2018-01-01 21:53:00,-2.1745098e-23,0.0,66.37298,357730.44,0.0,0.0,29.894032,0.69607615,1.0,1.0,68.36269,0.0,0.0,0.0,-1.7423483e-13,-0.76961124,402.03998,1.60746,66.37298,55.184006,0.0,0.9,0.0,-1.8584017e-13,0.0,75.95965,65.20343,65.04111,66.17572,69.43355
2018-01-01 21:54:00,-2.4508353e-23,0.0,66.37298,357730.44,0.0,0.0,29.894032,0.6959635,1.0,1.0,68.3604,0.0,0.0,0.0,-1.7417701e-13,-0.7694893,402.03998,1.60746,66.37298,55.184006,0.0,0.9,0.0,-1.8578155e-13,0.0,75.95926,65.201996,65.03979,66.17358,69.42734
2018-01-01 21:55:00,-3.2352896e-23,0.0,66.37298,357730.44,0.0,0.0,29.911993,0.69585073,1.0,1.0,68.35811,0.0,0.0,0.0,-1.7411712e-13,-0.76935685,402.03995,1.60746,66.37298,55.184006,0.0,0.9,0.0,-1.8572162e-13,0.0,75.95894,65.20058,65.03847,66.17143,69.421135
2018-01-01 21:56:00,-4.003027e-23,0.0,66.37298,357730.44,0.0,0.0,29.930012,0.6957392,1.0,1.0,68.3558,0.0,0.0,0.0,-1.7405975e-13,-0.7692284,402.03992,1.60746,66.37298,55.184006,0.0,0.9,0.0,-1.8566099e-13,0.0,75.95855,65.19914,65.037155,66.169235,69.41493
2018-01-01 21:57:00,1.3344652e-23,0.0,66.37298,357730.44,0.0,0.0,29.948029,0.6956242,1.0,1.0,68.3535,0.0,0.0,0.0,-1.7400529e-13,-0.7691119,402.0399,1.60746,66.37298,55.184006,0.0,0.9,0.0,-1.855996e-13,0.0,75.95816,65.19766,65.03583,66.1671,69.40872
2018-01-01 21:58:00,1.1377095e-23,0.0,66.37298,357730.44,0.0,0.0,29.965992,0.69550914,1.0,1.0,68.351166,0.0,0.0,0.0,-1.739541e-13,-0.7689814,402.03986,1.60746,66.37298,55.184006,0.0,0.9,0.0,-1.8554105e-13,0.0,75.95778,65.19623,65.034454,66.1649,69.40246
2018-01-01 21:59:00,3.2236152000000002e-24,0.0,66.37298,357730.44,0.0,0.0,29.984009,0.69539756,1.0,1.0,68.34886,0.0,0.0,0.0,-1.7388916e-13,-0.7688642,402.03983,1.60746,66.37298,55.184006,0.0,0.9,0.0,-1.8547936e-13,0.0,75.95745,65.19481,65.03314,66.162704,69.396255
2018-01-01 22:00:00,4.3758650000000006e-23,0.0,66.37298,357730.44,0.0,0.0,30.019989,0.69528717,1.0,1.0,68.34651,0.0,0.0,0.0,-1.7383444e-13,-0.7687376,402.0398,1.60746,66.37298,55.184006,0.0,0.9,0.0,-1.8541997e-13,0.0,75.95706,65.19332,65.03177,66.160446,69.389984
2018-01-01 22:01:00,2.2981178e-23,0.0,66.37298,357730.44,0.0,0.0,30.019989,0.69517106,1.0,1.0,68.34418,0.0,0.0,0.0,-1.7378545e-13,-0.7686119,402.03976,1.60746,66.37298,55.184006,0.0,0.9,0.0,-1.8535934e-13,0.0,75.95668,65.19183,65.030396,66.15825,69.38373
2018-01-01 22:02:00,-3.4053387e-23,0.0,66.37298,357730.44,0.0,0.0,30.002026,0.6950583,1.0,1.0,68.34183,0.0,0.0,0.0,-1.7372623e-13,-0.7684947,402.03973,1.60746,66.37298,55.184006,0.0,0.9,0.0,-1.8529953e-13,0.0,75.9563,65.19035,65.02902,66.156,69.377464
2018-01-01 22:03:00,4.0251956e-23,0.0,66.37298,357730.44,0.0,0.0,29.984009,0.69494325,1.0,1.0,68.33946,0.0,0.0,0.0,-1.7367207e-13,-0.7683602,402.0397,1.60746,66.37298,55.184006,0.0,0.9,0.0,-1.8523849e-13,0.0,75.95592,65.18887,65.02759,66.1538,69.37115
2018-01-01 22:04:00,1.5476744e-23,0.0,66.37298,357730.44,0.0,0.0,29.965992,0.6948317,1.0,1.0,68.33711,0.0,0.0,0.0,-1.7361728e-13,-0.7682359,402.0397,1.60746,66.37298,55.184006,0.0,0.9,0.0,-1.8517897e-13,0.0,75.95553,65.18739,65.026215,66.15155,69.36488
2018-01-01 22:05:00,-3.9281976e-23,0.0,66.37298,357730.44,0.0,0.0,29.948029,0.694719,1.0,1.0,68.33476,0.0,0.0,0.0,-1.7355744e-13,-0.768109,402.03967,1.60746,66.37298,55.184006,0.0,0.9,0.0,-1.8511967e-13,0.0,75.9552,65.185905,65.024796,66.14929,69.35863
2018-01-01 22:06:00,-5.6863766e-25,0.0,66.37298,357730.44,0.0,0.0,29.930012,0.69460744,1.0,1.0,68.332375,0.0,0.0,0.0,-1.7350501e-13,-0.7679856,402.03964,1.60746,66.37298,55.184006,0.0,0.9,0.0,-1.8505778e-13,0.0,75.95482,65.18437,65.02336,66.14699,69.35231
2018-01-01 22:07:00,-9.909542999999999e-24,0.0,66.37298,357730.44,0.0,0.0,29.911993,0.6944947,1.0,1.0,68.33,0.0,0.0,0.0,-1.7344868e-13,-0.7678574,402.0396,1.60746,66.37298,55.184006,0.0,0.9,0.0,-1.850013e-13,0.0,75.95443,65.182884,65.021935,66.14474,69.34604
2018-01-01 22:08:00,-2.0600743999999998e-23,0.0,66.37298,357730.44,0.0,0.0,29.876013,0.6943808,1.0,1.0,68.327614,0.0,0.0,0.0,-1.733881e-13,-0.76773995,402.03958,1.60746,66.37298,55.184006,0.0,0.9,0.0,-1.8493635e-13,0.0,75.95404,65.18135,65.02045,66.14249,69.33972
2018-01-01 22:09:00,-9.260833e-24,0.0,66.37298,357730.44,0.0,0.0,29.876013,0.69426584,1.0,1.0,68.3252,0.0,0.0,0.0,-1.7333436e-13,-0.7676102,402.03955,1.60746,66.37298,55.184006,0.0,0.9,0.0,-1.8487959e-13,0.0,75.95366,65.17981,65.01897,66.14018,69.333405
2018-01-01 22:10:00,-9.108095e-24,0.0,66.37298,357730.44,0.0,0.0,29.857996,0.69415426,1.0,1.0,68.3228,0.0,0.0,0.0,-1.7327863e-13,-0.7674926,402.03952,1.60746,66.37298,55.184006,0.0,0.9,0.0,-1.8481715e-13,0.0,75.95328,65.17827,65.01749,66.13787,69.32709
2018-01-01 22:11:00,-3.988031e-23,0.0,66.37298,357730.44,0.0,0.0,29.840033,0.6940439,1.0,1.0,68.32039,0.0,0.0,0.0,-1.7322026e-13,-0.76736474,402.0395,1.60746,66.37298,55.184006,0.0,0.9,0.0,-1.8475931e-13,0.0,75.952896,65.17673,65.01601,66.13556,69.32077
2018-01-01 22:12:00,3.0170922e-23,0.0,66.37298,357730.44,0.0,0.0,29.822016,0.69392884,1.0,1.0,68.31797,0.0,0.0,0.0,-1.731648e-13,-0.7672307,402.03946,1.60746,66.37298,55.184006,0.0,0.9,0.0,-1.8469869e-13,0.0,75.95245,65.17514,65.01452,66.133255,69.31445
2018-01-01 22:13:00,-3.5333557000000004e-24,0.0,66.37298,357730.44,0.0,0.0,29.803997,0.693815,1.0,1.0,68.315544,0.0,0.0,0.0,-1.7311143e-13,-0.7671131,402.03943,1.60746,66.37298,55.184006,0.0,0.9,0.0,-1.8463785e-13,0.0,75.95207,65.1736,65.012985,66.13095,69.308136
2018-01-01 22:14:00,-2.0671485999999998e-23,0.0,66.37298,357730.44,0.0,0.0,29.786036,0.6937022,1.0,1.0,68.31311,0.0,0.0,0.0,-1.7305732e-13,-0.7669941,402.0394,1.60746,66.37298,55.184006,0.0,0.9,0.0,-1.845786e-13,0.0,75.95168,65.17201,65.011444,66.128586,69.30182
2018-01-01 22:15:00,-1.7287391e-23,0.0,66.37298,357730.44,0.0,0.0,29.75,0.6935919,1.0,1.0,68.31068,0.0,0.0,0.0,-1.7299278e-13,-0.76687014,402.0394,1.60746,66.37298,55.184006,0.0,0.9,0.0,-1.8451718e-13,0.0,75.951294,65.17041,65.0099,66.12628,69.2955
2018-01-01 22:16:00,1.2510552e-23,0.0,66.37298,357730.44,0.0,0.0,29.732037,0.6934792,1.0,1.0,68.30823,0.0,0.0,0.0,-1.7294238e-13,-0.7667406,402.03937,1.60746,66.37298,55.184006,0.0,0.9,0.0,-1.8445866e-13,0.0,75.95091,65.16882,65.00836,66.12392,69.28914
2018-01-01 22:17:00,-2.9397554999999997e-23,0.0,66.37298,357730.44,0.0,0.0,29.732037,0.6933653,1.0,1.0,68.305786,0.0,0.0,0.0,-1.7288176e-13,-0.76662415,402.03934,1.60746,66.37298,55.184006,0.0,0.9,0.0,-1.8439799e-13,0.0,75.95053,65.16723,65.006775,66.12155,69.28282
2018-01-01 22:18:00,1.1878643e-23,0.0,66.37298,357730.44,0.0,0.0,29.71402,0.69325495,1.0,1.0,68.30331,0.0,0.0,0.0,-1.7282217e-13,-0.76649565,402.0393,1.60746,66.37298,55.184006,0.0,0.9,0.0,-1.843383e-13,0.0,75.95015,65.16558,65.00518,66.119194,69.27644
2018-01-01 22:19:00,5.5205395e-23,0.0,66.37298,357730.44,0.0,0.0,29.696003,0.6931422,1.0,1.0,68.30084,0.0,0.0,0.0,-1.7277411e-13,-0.7663702,402.03928,1.60746,66.37298,55.184006,0.0,0.9,0.0,-1.84279e-13,0.0,75.94971,65.16399,65.003586,66.11684,69.27007
2018-01-01 22:20:00,6.99728e-24,0.0,66.37298,357730.44,0.0,0.0,29.677984,0.69302833,1.0,1.0,68.298386,0.0,0.0,0.0,-1.7271082e-13,-0.76624024,402.03925,1.60746,66.37298,55.184006,0.0,0.9,0.0,-1.8421824e-13,0.0,75.949326,65.16234,65.002,66.11447,69.263756
2018-01-01 22:21:00,-3.1304124e-23,0.0,66.37298,357730.44,0.0,0.0,29.660023,0.69291675,1.0,1.0,68.29589,0.0,0.0,0.0,-1.7265864e-13,-0.7661154,402.0392,1.60746,66.37298,55.184006,0.0,0.9,0.0,-1.8416055e-13,0.0,75.94894,65.16069,65.0004,66.11205,69.257385
2018-01-01 22:22:00,1.6056956e-23,0.0,66.37298,357730.44,0.0,0.0,29.642004,0.69280523,1.0,1.0,68.29339,0.0,0.0,0.0,-1.7260787e-13,-0.76598734,402.03918,1.60746,66.37298,55.184006,0.0,0.9,0.0,-1.8410062e-13,0.0,75.9485,65.15904,64.99875,66.109634,69.25101
2018-01-01 22:23:00,-1.1656307e-23,0.0,66.37298,357730.44,0.0,0.0,29.623987,0.692689,1.0,1.0,68.29091,0.0,0.0,0.0,-1.725503e-13,-0.7658659,402.03915,1.60746,66.37298,55.184006,0.0,0.9,0.0,-1.8404228e-13,0.0,75.94811,65.157394,64.9971,66.10727,69.244644
2018-01-01 22:24:00,-2.9974392e-23,0.0,66.37298,357730.44,0.0,0.0,29.588007,0.6925775,1.0,1.0,68.28839,0.0,0.0,0.0,-1.7249109e-13,-0.7657408,402.03912,1.60746,66.37298,55.184006,0.0,0.9,0.0,-1.839817e-13,0.0,75.94772,65.15569,64.99545,66.10486,69.23821
2018-01-01 22:25:00,1.4772389000000001e-24,0.0,66.37298,357730.44,0.0,0.0,29.569988,0.6924636,1.0,1.0,68.28588,0.0,0.0,0.0,-1.7243616e-13,-0.7656158,402.03912,1.60746,66.37298,55.184006,0.0,0.9,0.0,-1.8392075e-13,0.0,75.94729,65.154045,64.993805,66.10244,69.23184
2018-01-01 22:26:00,-1.4005465e-23,0.0,66.37298,357730.44,0.0,0.0,29.569988,0.6923532,1.0,1.0,68.283356,0.0,0.0,0.0,-1.7237989e-13,-0.7654972,402.0391,1.60746,66.37298,55.184006,0.0,0.9,0.0,-1.8386176e-13,0.0,75.9469,65.15234,64.99211,66.09997,69.225464
2018-01-01 22:27:00,3.2917566e-23,0.0,66.37298,357730.44,0.0,0.0,29.552027,0.69224054,1.0,1.0,68.280846,0.0,0.0,0.0,-1.723213e-13,-0.76537335,402.03906,1.60746,66.37298,55.184006,0.0,0.9,0.0,-1.8380114e-13,0.0,75.946465,65.150696,64.99046,66.09755,69.21904
2018-01-01 22:28:00,1.7995478e-23,0.0,66.37298,357730.44,0.0,0.0,29.534008,0.69212776,1.0,1.0,68.27833,0.0,0.0,0.0,-1.7226452e-13,-0.7652504,402.03903,1.60746,66.37298,55.184006,0.0,0.9,0.0,-1.8374091e-13,0.0,75.946075,65.14899,64.988754,66.09514,69.21267
2018-01-01 22:29:00,2.4132481e-23,0.0,66.37298,357730.44,0.0,0.0,29.515991,0.69201624,1.0,1.0,68.27577,0.0,0.0,0.0,-1.722079e-13,-0.7651189,402.039,1.60746,66.37298,55.184006,0.0,0.9,0.0,-1.8368372e-13,0.0,75.94564,65.14723,64.98705,66.09267,69.20624
2018-01-01 22:30:00,2.9833772999999997e-23,0.0,66.37298,357730.44,0.0,0.0,29.498028,0.69190466,1.0,1.0,68.27322,0.0,0.0,0.0,-1.7215113e-13,-0.76499856,402.03897,1.60746,66.37298,55.184006,0.0,0.9,0.0,-1.8362209e-13,0.0,75.94525,65.14553,64.98529,66.090195,69.199814
2018-01-01 22:31:00,-5.401248e-23,0.0,66.37298,357730.44,0.0,0.0,29.480011,0.6917908,1.0,1.0,68.270676,0.0,0.0,0.0,-1.7210598e-13,-0.76487064,402.0389,1.60746,66.37298,55.184006,0.0,0.9,0.0,-1.8356352e-13,0.0,75.94482,65.14377,64.9836,66.08772,69.19344
2018-01-01 22:32:00,1.0331865e-23,0.0,66.37298,357730.44,0.0,0.0,29.461994,0.69168043,1.0,1.0,68.268105,0.0,0.0,0.0,-1.7204548e-13,-0.76474696,402.03888,1.60746,66.37298,55.184006,0.0,0.9,0.0,-1.8350318e-13,0.0,75.94443,65.14201,64.981834,66.08525,69.18701
2018-01-01 22:33:00,1.9124393e-23,0.0,66.37298,357730.44,0.0,0.0,29.426014,0.6915677,1.0,1.0,68.26554,0.0,0.0,0.0,-1.7198116e-13,-0.7646301,402.03885,1.60746,66.37298,55.184006,0.0,0.9,0.0,-1.8344287e-13,0.0,75.94399,65.14026,64.98007,66.08278,69.18059
2018-01-01 22:34:00,6.3744966e-23,0.0,66.37298,357730.44,0.0,0.0,29.426014,0.6914527,1.0,1.0,68.262955,0.0,0.0,0.0,-1.7193456e-13,-0.76449794,402.03882,1.60746,66.37298,55.184006,0.0,0.9,0.0,-1.8338369e-13,0.0,75.94356,65.138504,64.97832,66.080246,69.174164
2018-01-01 22:35:00,-2.7765127e-23,0.0,66.37298,357730.44,0.0,0.0,29.407995,0.6913434,1.0,1.0,68.26036,0.0,0.0,0.0,-1.718697e-13,-0.76436895,402.03882,1.60746,66.37298,55.184006,0.0,0.9,0.0,-1.833249e-13,0.0,75.94317,65.13669,64.9765,66.077774,69.16768
2018-01-01 22:36:00,2.733936e-23,0.0,66.37298,357730.44,0.0,0.0,29.390034,0.6912319,1.0,1.0,68.25778,0.0,0.0,0.0,-1.7181627e-13,-0.7642607,402.0388,1.60746,66.37298,55.184006,0.0,0.9,0.0,-1.8326372e-13,0.0,75.94273,65.13493,64.97475,66.07525,69.161255
2018-01-01 22:37:00,-1.3833107e-23,0.0,66.37298,357730.44,0.0,0.0,29.372015,0.691118,1.0,1.0,68.25517,0.0,0.0,0.0,-1.717622e-13,-0.76413137,402.03876,1.60746,66.37298,55.184006,0.0,0.9,0.0,-1.8320554e-13,0.0,75.94229,65.13312,64.97293,66.07272,69.15483
2018-01-01 22:38:00,-2.0760681e-24,0.0,66.37298,357730.44,0.0,0.0,29.353998,0.69100416,1.0,1.0,68.25259,0.0,0.0,0.0,-1.7171171e-13,-0.76400286,402.03873,1.60746,66.37298,55.184006,0.0,0.9,0.0,-1.8314633e-13,0.0,75.94191,65.1313,64.97112,66.07025,69.148346
2018-01-01 22:39:00,-1.3644050000000002e-23,0.0,66.37298,357730.44,0.0,0.0,29.336035,0.69089144,1.0,1.0,68.24996,0.0,0.0,0.0,-1.7165498e-13,-0.7638847,402.0387,1.60746,66.37298,55.184006,0.0,0.9,0.0,-1.8308671e-13,0.0,75.94147,65.129486,64.96925,66.06767,69.14192
2018-01-01 22:40:00,-6.2560684e-23,0.0,66.37298,357730.44,0.0,0.0,29.3,0.69078225,1.0,1.0,68.24733,0.0,0.0,0.0,-1.7159643e-13,-0.763754,402.03867,1.60746,66.37298,55.184006,0.0,0.9,0.0,-1.8302712e-13,0.0,75.941025,65.127625,64.96744,66.06514,69.13544
2018-01-01 22:41:00,-1.185671e-24,0.0,66.37298,357730.44,0.0,0.0,29.282038,0.690666,1.0,1.0,68.24471,0.0,0.0,0.0,-1.715435e-13,-0.76362616,402.03864,1.60746,66.37298,55.184006,0.0,0.9,0.0,-1.829683e-13,0.0,75.94058,65.12581,64.965576,66.062614,69.12901
2018-01-01 22:42:00,-1.0813650000000001e-23,0.0,66.37298,357730.44,0.0,0.0,29.282038,0.6905545,1.0,1.0,68.24208,0.0,0.0,0.0,-1.7148976e-13,-0.763507,402.0386,1.60746,66.37298,55.184006,0.0,0.9,0.0,-1.8290825e-13,0.0,75.94015,65.12399,64.96371,66.06003,69.12253
2018-01-01 22:43:00,-7.00971e-23,0.0,66.37298,357730.44,0.0,0.0,29.264019,0.69044405,1.0,1.0,68.239456,0.0,0.0,0.0,-1.7143261e-13,-0.7633839,402.03857,1.60746,66.37298,55.184006,0.0,0.9,0.0,-1.8284879e-13,0.0,75.93976,65.12213,64.96184,66.05751,69.11604
2018-01-01 22:44:00,4.3782612000000005e-24,0.0,66.37298,357730.44,0.0,0.0,29.246002,0.6903302,1.0,1.0,68.23681,0.0,0.0,0.0,-1.7137398e-13,-0.763262,402.03854,1.60746,66.37298,55.184006,0.0,0.9,0.0,-1.8278924e-13,0.0,75.93932,65.12026,64.95998,66.054924,69.10956
2018-01-01 22:45:00,2.5019429e-23,0.0,66.37298,357730.44,0.0,0.0,29.227985,0.6902198,1.0,1.0,68.23415,0.0,0.0,0.0,-1.7131919e-13,-0.76314616,402.03854,1.60746,66.37298,55.184006,0.0,0.9,0.0,-1.8272912e-13,0.0,75.93889,65.11839,64.95805,66.05234,69.10308
2018-01-01 22:46:00,2.4291659e-23,0.0,66.37298,357730.44,0.0,0.0,29.210022,0.69010824,1.0,1.0,68.23151,0.0,0.0,0.0,-1.7126333e-13,-0.7630032,402.0385,1.60746,66.37298,55.184006,0.0,0.9,0.0,-1.8267157e-13,0.0,75.938446,65.11653,64.95618,66.04976,69.0966
2018-01-01 22:47:00,-3.8443827e-23,0.0,66.37298,357730.44,0.0,0.0,29.192005,0.6899944,1.0,1.0,68.228836,0.0,0.0,0.0,-1.7120291e-13,-0.76288396,402.03848,1.60746,66.37298,55.184006,0.0,0.9,0.0,-1.8261121e-13,0.0,75.938,65.11461,64.954254,66.04718,69.09012
2018-01-01 22:48:00,5.726752e-25,0.0,66.37298,357730.44,0.0,0.0,29.173986,0.689884,1.0,1.0,68.22615,0.0,0.0,0.0,-1.7115392e-13,-0.7627599,402.03845,1.60746,66.37298,55.184006,0.0,0.9,0.0,-1.8255432e-13,0.0,75.93756,65.11273,64.95233,66.04454,69.08358
2018-01-01 22:49:00,3.7484244e-23,0.0,66.37298,357730.44,0.0,0.0,29.138006,0.6897725,1.0,1.0,68.22347,0.0,0.0,0.0,-1.710961e-13,-0.76264006,402.03842,1.60746,66.37298,55.184006,0.0,0.9,0.0,-1.8249211e-13,0.0,75.937126,65.11081,64.95036,66.04196,69.0771
2018-01-01 22:50:00,2.9628147999999997e-23,0.0,66.37298,357730.44,0.0,0.0,29.138006,0.6896586,1.0,1.0,68.22079,0.0,0.0,0.0,-1.7104055e-13,-0.7625221,402.0384,1.60746,66.37298,55.184006,0.0,0.9,0.0,-1.8243329e-13,0.0,75.93669,65.10889,64.94844,66.03932,69.07062
2018-01-01 22:51:00,1.9105603999999998e-23,0.0,66.37298,357730.44,0.0,0.0,29.11999,0.6895482,1.0,1.0,68.218094,0.0,0.0,0.0,-1.7098371e-13,-0.76238936,402.03836,1.60746,66.37298,55.184006,0.0,0.9,0.0,-1.8237633e-13,0.0,75.93625,65.106964,64.94646,66.03668,69.06408
2018-01-01 22:52:00,-1.5125188e-23,0.0,66.37298,357730.44,0.0,0.0,29.102026,0.6894343,1.0,1.0,68.21539,0.0,0.0,0.0,-1.7092815e-13,-0.7622737,402.03833,1.60746,66.37298,55.184006,0.0,0.9,0.0,-1.8231564e-13,0.0,75.93581,65.10504,64.94448,66.03405,69.0576
2018-01-01 22:53:00,-4.8867702e-23,0.0,66.37298,357730.44,0.0,0.0,29.08401,0.6893251,1.0,1.0,68.21269,0.0,0.0,0.0,-1.7087061e-13,-0.76214325,402.0383,1.60746,66.37298,55.184006,0.0,0.9,0.0,-1.822557e-13,0.0,75.93536,65.10312,64.942505,66.03142,69.051056
2018-01-01 22:54:00,-1.1843510999999999e-23,0.0,66.37298,357730.44,0.0,0.0,29.06599,0.6892089,1.0,1.0,68.20999,0.0,0.0,0.0,-1.7081893e-13,-0.7620271,402.03827,1.60746,66.37298,55.184006,0.0,0.9,0.0,-1.8219669e-13,0.0,75.93493,65.1012,64.94052,66.02878,69.044525
2018-01-01 22:55:00,-1.8708845e-23,0.0,66.37298,357730.44,0.0,0.0,29.048029,0.6890985,1.0,1.0,68.20726,0.0,0.0,0.0,-1.7076267e-13,-0.76190233,402.03827,1.60746,66.37298,55.184006,0.0,0.9,0.0,-1.8213693e-13,0.0,75.93443,65.09923,64.93849,66.02614,69.03799
2018-01-01 22:56:00,1.5748414e-23,0.0,66.37298,357730.44,0.0,0.0,29.03001,0.68898815,1.0,1.0,68.20451,0.0,0.0,0.0,-1.707059e-13,-0.7617689,402.03824,1.60746,66.37298,55.184006,0.0,0.9,0.0,-1.8207884e-13,0.0,75.93399,65.097244,64.93646,66.02345,69.03145
2018-01-01 22:57:00,-3.5456133e-23,0.0,66.37298,357730.44,0.0,0.0,28.99403,0.68887657,1.0,1.0,68.2018,0.0,0.0,0.0,-1.706546e-13,-0.761643,402.0382,1.60746,66.37298,55.184006,0.0,0.9,0.0,-1.8201894e-13,0.0,75.933556,65.09532,64.93443,66.02075,69.02492
2018-01-01 22:58:00,-1.5593510000000003e-23,0.0,66.37298,357730.44,0.0,0.0,28.99403,0.68876386,1.0,1.0,68.19907,0.0,0.0,0.0,-1.705988e-13,-0.7615294,402.03818,1.60746,66.37298,55.184006,0.0,0.9,0.0,-1.8195955e-13,0.0,75.93312,65.093346,64.932396,66.01812,69.01837
2018-01-01 22:59:00,-2.8102462999999997e-23,0.0,66.37298,357730.44,0.0,0.0,28.976013,0.68865234,1.0,1.0,68.19633,0.0,0.0,0.0,-1.7054081e-13,-0.7614074,402.03815,1.60746,66.37298,55.184006,0.0,0.9,0.0,-1.819006e-13,0.0,75.93268,65.09131,64.93036,66.01543,69.01184
2018-01-01 23:00:00,-8.313354e-24,0.0,66.37298,357730.44,0.0,0.0,28.957996,0.68853956,1.0,1.0,68.19358,0.0,0.0,0.0,-1.7048968e-13,-0.7612789,402.03812,1.60746,66.37298,55.184006,0.0,0.9,0.0,-1.8184247e-13,0.0,75.93218,65.08934,64.92833,66.01274,69.0053
2018-01-01 23:01:00,1.6867347999999998e-23,0.0,66.37298,357730.44,0.0,0.0,28.940033,0.68842804,1.0,1.0,68.19082,0.0,0.0,0.0,-1.7043229e-13,-0.76115525,402.0381,1.60746,66.37298,55.184006,0.0,0.9,0.0,-1.8178461e-13,0.0,75.93175,65.08736,64.92624,66.01004,68.99871
2018-01-01 23:02:00,1.22306896e-23,0.0,66.37298,357730.44,0.0,0.0,28.940033,0.688313,1.0,1.0,68.18805,0.0,0.0,0.0,-1.7037742e-13,-0.7610412,402.03806,1.60746,66.37298,55.184006,0.0,0.9,0.0,-1.8172334e-13,0.0,75.931305,65.08533,64.92416,66.00729,68.99217
2018-01-01 23:03:00,-6.0455454e-23,0.0,66.37298,357730.44,0.0,0.0,28.940033,0.68820614,1.0,1.0,68.1853,0.0,0.0,0.0,-1.7031953e-13,-0.7609057,402.03802,1.60746,66.37298,55.184006,0.0,0.9,0.0,-1.8166402e-13,0.0,75.93081,65.08334,64.92207,66.00461,68.98564
2018-01-01 23:04:00,-5.10445e-23,0.0,66.37298,357730.44,0.0,0.0,28.940033,0.68809456,1.0,1.0,68.18255,0.0,0.0,0.0,-1.7026583e-13,-0.76078516,402.03802,1.60746,66.37298,55.184006,0.0,0.9,0.0,-1.8160695e-13,0.0,75.930374,65.081314,64.92004,66.001915,68.979095
2018-01-01 23:05:00,-2.1236331e-23,0.0,66.37298,357730.44,0.0,0.0,28.940033,0.6879784,1.0,1.0,68.1798,0.0,0.0,0.0,-1.7020626e-13,-0.7606549,402.038,1.60746,66.37298,55.184006,0.0,0.9,0.0,-1.8154654e-13,0.0,75.92993,65.07934,64.91795,65.99922,68.972565
2018-01-01 23:06:00,-1.9204984e-24,0.0,66.37298,357730.44,0.0,0.0,28.940033,0.687868,1.0,1.0,68.17702,0.0,0.0,0.0,-1.7015457e-13,-0.7605417,402.03796,1.60746,66.37298,55.184006,0.0,0.9,0.0,-1.8148788e-13,0.0,75.929436,65.0773,64.91586,65.996475,68.96603
2018-01-01 23:07:00,-3.6874423e-24,0.0,66.37298,357730.44,0.0,0.0,28.940033,0.68775755,1.0,1.0,68.17427,0.0,0.0,0.0,-1.7009915e-13,-0.7604123,402.03793,1.60746,66.37298,55.184006,0.0,0.9,0.0,-1.8142847e-13,0.0,75.929,65.07527,64.91377,65.99379,68.95949
2018-01-01 23:08:00,2.7123345e-23,0.0,66.37298,357730.44,0.0,0.0,28.940033,0.6876449,1.0,1.0,68.17151,0.0,0.0,0.0,-1.7004571e-13,-0.76028913,402.0379,1.60746,66.37298,55.184006,0.0,0.9,0.0,-1.8136903e-13,0.0,75.9285,65.073296,64.91168,65.99109,68.95296
2018-01-01 23:09:00,-2.6893922e-23,0.0,66.37298,357730.44,0.0,0.0,28.940033,0.68753564,1.0,1.0,68.16876,0.0,0.0,0.0,-1.6999043e-13,-0.76016384,402.03787,1.60746,66.37298,55.184006,0.0,0.9,0.0,-1.8131128e-13,0.0,75.92806,65.07126,64.90965,65.98834,68.94647
2018-01-01 23:10:00,-4.3727787e-23,0.0,66.37298,357730.44,0.0,0.0,28.940033,0.6874206,1.0,1.0,68.16599,0.0,0.0,0.0,-1.6993442e-13,-0.7600462,402.0378,1.60746,66.37298,55.184006,0.0,0.9,0.0,-1.8125214e-13,0.0,75.92757,65.06923,64.90756,65.98566,68.93993
2018-01-01 23:11:00,-4.7264595e-23,0.0,66.37298,357730.44,0.0,0.0,28.940033,0.6873102,1.0,1.0,68.16325,0.0,0.0,0.0,-1.6987984e-13,-0.75991255,402.03778,1.60746,66.37298,55.184006,0.0,0.9,0.0,-1.8119477e-13,0.0,75.927124,65.06725,64.90548,65.98296,68.93346
2018-01-01 23:12:00,2.4402464e-23,0.0,66.37298,357730.44,0.0,0.0,28.940033,0.68720096,1.0,1.0,68.16048,0.0,0.0,0.0,-1.6981926e-13,-0.759799,402.03775,1.60746,66.37298,55.184006,0.0,0.9,0.0,-1.8113543e-13,0.0,75.926636,65.065216,64.9034,65.98022,68.92691
2018-01-01 23:13:00,-1.3971833e-23,0.0,66.37298,357730.44,0.0,0.0,28.940033,0.6870871,1.0,1.0,68.15773,0.0,0.0,0.0,-1.6976916e-13,-0.75967145,402.03772,1.60746,66.37298,55.184006,0.0,0.9,0.0,-1.8107504e-13,0.0,75.92619,65.06319,64.901306,65.97752,68.92043
2018-01-01 23:14:00,1.4871506e-23,0.0,66.37298,357730.44,0.0,0.0,28.940033,0.68697673,1.0,1.0,68.15495,0.0,0.0,0.0,-1.697193e-13,-0.7595455,402.03772,1.60746,66.37298,55.184006,0.0,0.9,0.0,-1.810179e-13,0.0,75.925705,65.06116,64.899216,65.97478,68.913956
2018-01-01 23:15:00,-4.7680157e-24,0.0,66.37298,357730.44,0.0,0.0,28.940033,0.686864,1.0,1.0,68.15221,0.0,0.0,0.0,-1.6966014e-13,-0.75942767,402.0377,1.60746,66.37298,55.184006,0.0,0.9,0.0,-1.8095857e-13,0.0,75.9252,65.05917,64.897125,65.97209,68.90747
2018-01-01 23:16:00,4.0478340000000005e-23,0.0,66.37298,357730.44,0.0,0.0,28.940033,0.68675244,1.0,1.0,68.149475,0.0,0.0,0.0,-1.6960272e-13,-0.75930315,402.03766,1.60746,66.37298,55.184006,0.0,0.9,0.0,-1.8090015e-13,0.0,75.92477,65.057144,64.895096,65.96939,68.900986
2018-01-01 23:17:00,-3.313017e-23,0.0,66.37298,357730.44,0.0,0.0,28.940033,0.68664324,1.0,1.0,68.14671,0.0,0.0,0.0,-1.6954594e-13,-0.7591719,402.03763,1.60746,66.37298,55.184006,0.0,0.9,0.0,-1.8084136e-13,0.0,75.92427,65.055115,64.893005,65.966644,68.8945
2018-01-01 23:18:00,6.637517e-24,0.0,66.37298,357730.44,0.0,0.0,28.940033,0.68653053,1.0,1.0,68.14397,0.0,0.0,0.0,-1.6949311e-13,-0.75906205,402.0376,1.60746,66.37298,55.184006,0.0,0.9,0.0,-1.8078236e-13,0.0,75.92378,65.053085,64.89092,65.96396,68.88808
2018-01-01 23:19:00,2.7838384e-23,0.0,66.37298,357730.44,0.0,0.0,28.940033,0.68642014,1.0,1.0,68.14121,0.0,0.0,0.0,-1.6943346e-13,-0.758939,402.03757,1.60746,66.37298,55.184006,0.0,0.9,0.0,-1.8072424e-13,0.0,75.92334,65.05105,64.88884,65.96121,68.88159
2018-01-01 23:20:00,5.3125415e-23,0.0,66.37298,357730.44,0.0,0.0,28.940033,0.6863051,1.0,1.0,68.13845,0.0,0.0,0.0,-1.6937837e-13,-0.7588056,402.03754,1.60746,66.37298,55.184006,0.0,0.9,0.0,-1.8066458e-13,0.0,75.922844,65.04901,64.88675,65.95852,68.875114
2018-01-01 23:21:00,2.2279781e-23,0.0,66.37298,357730.44,0.0,0.0,28.940033,0.68619704,1.0,1.0,68.13569,0.0,0.0,0.0,-1.6932422e-13,-0.75868917,402.0375,1.60746,66.37298,55.184006,0.0,0.9,0.0,-1.8060652e-13,0.0,75.92235,65.04698,64.88466,65.95577,68.86868
2018-01-01 23:22:00,1.7609460000000003e-23,0.0,66.37298,357730.44,0.0,0.0,28.940033,0.6860855,1.0,1.0,68.13295,0.0,0.0,0.0,-1.6927116e-13,-0.7585651,402.03748,1.60746,66.37298,55.184006,0.0,0.9,0.0,-1.8054816e-13,0.0,75.921906,65.04495,64.88257,65.95308,68.86226
2018-01-01 23:23:00,-3.8820713e-23,0.0,66.37298,357730.44,0.0,0.0,28.940033,0.6859716,1.0,1.0,68.13021,0.0,0.0,0.0,-1.6921841e-13,-0.7584368,402.03748,1.60746,66.37298,55.184006,0.0,0.9,0.0,-1.8049054e-13,0.0,75.92142,65.04292,64.88054,65.95039,68.855774
2018-01-01 23:24:00,-1.7919046e-23,0.0,66.37298,357730.44,0.0,0.0,28.940033,0.68586123,1.0,1.0,68.127464,0.0,0.0,0.0,-1.6916434e-13,-0.7583149,402.03745,1.60746,66.37298,55.184006,0.0,0.9,0.0,-1.8043058e-13,0.0,75.92092,65.04094,64.87845,65.94765,68.84935
2018-01-01 23:25:00,-4.0560864e-23,0.0,66.37298,357730.44,0.0,0.0,28.940033,0.68575203,1.0,1.0,68.12471,0.0,0.0,0.0,-1.691078e-13,-0.75818515,402.0374,1.60746,66.37298,55.184006,0.0,0.9,0.0,-1.8037245e-13,0.0,75.920425,65.03891,64.876366,65.94495,68.842926
2018-01-01 23:26:00,-6.065482e-24,0.0,66.37298,357730.44,0.0,0.0,28.940033,0.6856381,1.0,1.0,68.12196,0.0,0.0,0.0,-1.6905356e-13,-0.7580687,402.03738,1.60746,66.37298,55.184006,0.0,0.9,0.0,-1.8031396e-13,0.0,75.91994,65.03688,64.87428,65.9422,68.8365
2018-01-01 23:27:00,2.1509436e-23,0.0,66.37298,357730.44,0.0,0.0,28.940033,0.6855254,1.0,1.0,68.119225,0.0,0.0,0.0,-1.6899863e-13,-0.7579516,402.03735,1.60746,66.37298,55.184006,0.0,0.9,0.0,-1.8025428e-13,0.0,75.919495,65.03484,64.87219,65.939514,68.83007
2018-01-01 23:28:00,-1.72327e-24,0.0,66.37298,357730.44,0.0,0.0,28.940033,0.685415,1.0,1.0,68.11647,0.0,0.0,0.0,-1.689435e-13,-0.7578181,402.03732,1.60746,66.37298,55.184006,0.0,0.9,0.0,-1.8019734e-13,0.0,75.919,65.03281,64.8701,65.93677,68.8237
2018-01-01 23:29:00,-5.0026383999999996e-23,0.0,66.37298,357730.44,0.0,0.0,28.940033,0.6853035,1.0,1.0,68.11372,0.0,0.0,0.0,-1.688903e-13,-0.7577034,402.0373,1.60746,66.37298,55.184006,0.0,0.9,0.0,-1.8013724e-13,0.0,75.9185,65.03072,64.86801,65.934074,68.817276
2018-01-01 23:30:00,-3.0314785e-23,0.0,66.37298,357730.44,0.0,0.0,28.940033,0.6851919,1.0,1.0,68.110985,0.0,0.0,0.0,-1.6882868e-13,-0.7575759,402.03726,1.60746,66.37298,55.184006,0.0,0.9,0.0,-1.8007976e-13,0.0,75.918015,65.02869,64.86598,65.93133,68.8109
2018-01-01 23:31:00,4.7279972e-24,0.0,66.37298,357730.44,0.0,0.0,28.940033,0.6850792,1.0,1.0,68.10823,0.0,0.0,0.0,-1.6877863e-13,-0.75746423,402.03723,1.60746,66.37298,55.184006,0.0,0.9,0.0,-1.8002006e-13,0.0,75.91751,65.02666,64.86389,65.928635,68.804474
2018-01-01 23:32:00,1.8220350000000003e-23,0.0,66.37298,357730.44,0.0,0.0,28.940033,0.68497,1.0,1.0,68.10549,0.0,0.0,0.0,-1.6872301e-13,-0.757334,402.03723,1.60746,66.37298,55.184006,0.0,0.9,0.0,-1.7996288e-13,0.0,75.91702,65.02463,64.86181,65.92589,68.798096
2018-01-01 23:33:00,-1.1708498e-23,0.0,66.37298,357730.44,0.0,0.0,28.940033,0.6848596,1.0,1.0,68.10276,0.0,0.0,0.0,-1.686663e-13,-0.7572053,402.0372,1.60746,66.37298,55.184006,0.0,0.9,0.0,-1.7990386e-13,0.0,75.91653,65.0226,64.859726,65.9232,68.79173
2018-01-01 23:34:00,3.71257e-24,0.0,66.37298,357730.44,0.0,0.0,28.940033,0.6847515,1.0,1.0,68.09999,0.0,0.0,0.0,-1.6861253e-13,-0.75708354,402.03717,1.60746,66.37298,55.184006,0.0,0.9,0.0,-1.7984668e-13,0.0,75.91603,65.02056,64.857635,65.920456,68.7853
2018-01-01 23:35:00,1.6800279e-23,0.0,66.37298,357730.44,0.0,0.0,28.940033,0.68463767,1.0,1.0,68.09725,0.0,0.0,0.0,-1.6856065e-13,-0.7569668,402.03714,1.60746,66.37298,55.184006,0.0,0.9,0.0,-1.7978713e-13,0.0,75.91554,65.018524,64.855545,65.91771,68.77893
2018-01-01 23:36:00,1.4380259e-23,0.0,66.37298,357730.44,0.0,0.0,28.940033,0.6845273,1.0,1.0,68.09453,0.0,0.0,0.0,-1.6850466e-13,-0.7568444,402.0371,1.60746,66.37298,55.184006,0.0,0.9,0.0,-1.7972856e-13,0.0,75.91504,65.016495,64.853455,65.91501,68.77261
2018-01-01 23:37:00,-5.0017980000000007e-23,0.0,66.37298,357730.44,0.0,0.0,28.940033,0.68441224,1.0,1.0,68.09178,0.0,0.0,0.0,-1.6844994e-13,-0.75671893,402.03708,1.60746,66.37298,55.184006,0.0,0.9,0.0,-1.7966977e-13,0.0,75.91455,65.014465,64.851425,65.91226,68.766235
2018-01-01 23:38:00,-2.6565017e-23,0.0,66.37298,357730.44,0.0,0.0,28.940033,0.684303,1.0,1.0,68.08905,0.0,0.0,0.0,-1.6839323e-13,-0.75659376,402.03705,1.60746,66.37298,55.184006,0.0,0.9,0.0,-1.7961243e-13,0.0,75.914055,65.012436,64.849335,65.90958,68.75987
2018-01-01 23:39:00,-4.9646640000000005e-23,0.0,66.37298,357730.44,0.0,0.0,28.940033,0.68419147,1.0,1.0,68.08629,0.0,0.0,0.0,-1.6834505e-13,-0.756472,402.03702,1.60746,66.37298,55.184006,0.0,0.9,0.0,-1.7955408e-13,0.0,75.91356,65.010345,64.84725,65.90683,68.753494
2018-01-01 23:40:00,-2.9394308e-23,0.0,66.37298,357730.44,0.0,0.0,28.940033,0.6840811,1.0,1.0,68.08357,0.0,0.0,0.0,-1.6828588e-13,-0.75635636,402.037,1.60746,66.37298,55.184006,0.0,0.9,0.0,-1.7949424e-13,0.0,75.91307,65.008316,64.84517,65.90414,68.74718
2018-01-01 23:41:00,7.988906e-24,0.0,66.37298,357730.44,0.0,0.0,28.940033,0.6839707,1.0,1.0,68.080826,0.0,0.0,0.0,-1.6822877e-13,-0.75622183,402.037,1.60746,66.37298,55.184006,0.0,0.9,0.0,-1.7943763e-13,0.0,75.91257,65.00628,64.84308,65.90139,68.74081
2018-01-01 23:42:00,3.6473380000000004e-23,0.0,66.37298,357730.44,0.0,0.0,28.940033,0.683858,1.0,1.0,68.07811,0.0,0.0,0.0,-1.6817828e-13,-0.75611067,402.03696,1.60746,66.37298,55.184006,0.0,0.9,0.0,-1.7937884e-13,0.0,75.91208,65.00424,64.84105,65.8987,68.73449
2018-01-01 23:43:00,5.234372e-23,0.0,66.37298,357730.44,0.0,0.0,28.940033,0.6837464,1.0,1.0,68.07537,0.0,0.0,0.0,-1.6812055e-13,-0.75597906,402.03693,1.60746,66.37298,55.184006,0.0,0.9,0.0,-1.7932185e-13,0.0,75.91158,65.00221,64.83896,65.89595,68.72817
2018-01-01 23:44:00,-3.3405987e-23,0.0,66.37298,357730.44,0.0,0.0,28.940033,0.68363607,1.0,1.0,68.07265,0.0,0.0,0.0,-1.6806906e-13,-0.755854,402.0369,1.60746,66.37298,55.184006,0.0,0.9,0.0,-1.7926261e-13,0.0,75.91109,65.00012,64.83687,65.893265,68.721855
2018-01-01 23:45:00,1.9204442e-23,0.0,66.37298,357730.44,0.0,0.0,28.940033,0.6835257,1.0,1.0,68.0699,0.0,0.0,0.0,-1.6800932e-13,-0.75573933,402.03687,1.60746,66.37298,55.184006,0.0,0.9,0.0,-1.7920302e-13,0.0,75.9106,64.99809,64.83478,65.89052,68.71554
2018-01-01 23:46:00,2.1724781e-23,0.0,66.37298,357730.44,0.0,0.0,28.940033,0.6834129,1.0,1.0,68.06718,0.0,0.0,0.0,-1.6796411e-13,-0.7556026,402.03683,1.60746,66.37298,55.184006,0.0,0.9,0.0,-1.7914614e-13,0.0,75.910095,64.99606,64.832695,65.88777,68.70922
2018-01-01 23:47:00,-2.5295131e-23,0.0,66.37298,357730.44,0.0,0.0,28.940033,0.6833037,1.0,1.0,68.06446,0.0,0.0,0.0,-1.6789735e-13,-0.7554815,402.0368,1.60746,66.37298,55.184006,0.0,0.9,0.0,-1.7908857e-13,0.0,75.90961,64.99403,64.83066,65.88507,68.7029
2018-01-01 23:48:00,-1.3941720000000002e-23,0.0,66.37298,357730.44,0.0,0.0,28.940033,0.6831934,1.0,1.0,68.061714,0.0,0.0,0.0,-1.6784694e-13,-0.7553685,402.03674,1.60746,66.37298,55.184006,0.0,0.9,0.0,-1.7902902e-13,0.0,75.90911,64.99194,64.828575,65.882324,68.69659
2018-01-01 23:49:00,1.6726727e-23,0.0,66.37298,357730.44,0.0,0.0,28.940033,0.68308294,1.0,1.0,68.05899,0.0,0.0,0.0,-1.677918e-13,-0.7552445,402.0367,1.60746,66.37298,55.184006,0.0,0.9,0.0,-1.789719e-13,0.0,75.908615,64.989914,64.82649,65.87964,68.69027
2018-01-01 23:50:00,2.8169453e-23,0.0,66.37298,357730.44,0.0,0.0,28.940033,0.6829702,1.0,1.0,68.05626,0.0,0.0,0.0,-1.677459e-13,-0.7551201,402.0367,1.60746,66.37298,55.184006,0.0,0.9,0.0,-1.7891258e-13,0.0,75.90813,64.98788,64.8244,65.87689,68.684006
2018-01-01 23:51:00,-4.1945845e-23,0.0,66.37298,357730.44,0.0,0.0,28.940033,0.682861,1.0,1.0,68.05353,0.0,0.0,0.0,-1.676919e-13,-0.75499886,402.03668,1.60746,66.37298,55.184006,0.0,0.9,0.0,-1.7885496e-13,0.0,75.90758,64.985794,64.82237,65.8742,68.67769
2018-01-01 23:52:00,-1.5306868e-23,0.0,66.37298,357730.44,0.0,0.0,28.940033,0.6827483,1.0,1.0,68.050804,0.0,0.0,0.0,-1.6763565e-13,-0.75488025,402.03665,1.60746,66.37298,55.184006,0.0,0.9,0.0,-1.7879811e-13,0.0,75.907074,64.98376,64.82028,65.87145,68.67143
2018-01-01 23:53:00,8.380216000000001e-23,0.0,66.37298,357730.44,0.0,0.0,28.940033,0.68263674,1.0,1.0,68.04807,0.0,0.0,0.0,-1.6757995e-13,-0.7547557,402.03662,1.60746,66.37298,55.184006,0.0,0.9,0.0,-1.787375e-13,0.0,75.906586,64.98172,64.81819,65.868706,68.66516
2018-01-01 23:54:00,-1.17113675e-23,0.0,66.37298,357730.44,0.0,0.0,28.940033,0.68252635,1.0,1.0,68.04535,0.0,0.0,0.0,-1.6752427e-13,-0.7546287,402.0366,1.60746,66.37298,55.184006,0.0,0.9,0.0,-1.7868182e-13,0.0,75.90609,64.97964,64.8161,65.86601,68.658905
2018-01-01 23:55:00,-1.0688370000000001e-23,0.0,66.37298,357730.44,0.0,0.0,28.940033,0.68241596,1.0,1.0,68.04264,0.0,0.0,0.0,-1.6746591e-13,-0.7545169,402.03656,1.60746,66.37298,55.184006,0.0,0.9,0.0,-1.7862263e-13,0.0,75.905594,64.9776,64.81407,65.863266,68.65264
2018-01-01 23:56:00,1.9853202e-23,0.0,66.37298,357730.44,0.0,0.0,28.940033,0.6823056,1.0,1.0,68.03992,0.0,0.0,0.0,-1.6741444e-13,-0.7543882,402.03653,1.60746,66.37298,55.184006,0.0,0.9,0.0,-1.785636e-13,0.0,75.905106,64.97557,64.81198,65.86058,68.64638
2018-01-01 23:57:00,-4.1610635999999997e-23,0.0,66.37298,357730.44,0.0,0.0,28.940033,0.6821952,1.0,1.0,68.037186,0.0,0.0,0.0,-1.6735677e-13,-0.7542639,402.0365,1.60746,66.37298,55.184006,0.0,0.9,0.0,-1.7850752e-13,0.0,75.90456,64.97348,64.8099,65.857834,68.64012
2018-01-01 23:58:00,-1.9968048e-23,0.0,66.37298,357730.44,0.0,0.0,28.940033,0.6820848,1.0,1.0,68.03447,0.0,0.0,0.0,-1.6730462e-13,-0.75413615,402.03647,1.60746,66.37298,55.184006,0.0,0.9,0.0,-1.784503e-13,0.0,75.90405,64.97145,64.80786,65.85513,68.63385
2018-01-01 23:59:00,-5.4974025e-23,0.0,66.37298,357730.44,0.0,0.0,28.940033,0.6819732,1.0,1.0,68.03175,0.0,0.0,0.0,-1.672501e-13,-0.754019,402.03647,1.60746,66.37298,55.184006,0.0,0.9,0.0,-1.7839103e-13,0.0,75.903564,64.96942,64.80578,65.85239,68.627594
2018-01-02 00:00:00,1.1690684000000001e-24,0.0,66.37298,357730.44,0.0,0.0,28.940033,0.6818629,1.0,1.0,68.02903,0.0,0.0,0.0,-1.6719383e-13,-0.75389034,402.03644,1.60746,66.37298,55.184006,0.0,0.9,0.0,-1.7833354e-13,0.0,75.90307,64.96733,64.803696,65.84964,68.62138
2018-01-02 00:01:00,1.721343e-23,0.0,66.37298,357730.44,0.0,0.0,28.874004,0.6817525,1.0,1.0,68.02632,0.0,0.0,0.0,-1.6713696e-13,-0.7537767,402.0364,1.60746,66.37298,55.184006,0.0,0.9,0.0,-1.7827326e-13,0.0,75.90252,64.9653,64.80166,65.846954,68.61513
2018-01-02 00:02:00,1.1990873e-22,0.0,66.37298,357730.44,0.0,0.0,28.874004,0.6816409,1.0,1.0,68.02544,0.0,0.0,0.0,-1.6708488e-13,-0.7536509,402.03638,1.60746,66.37298,55.184006,0.0,0.9,0.0,-1.7821598e-13,0.0,75.908615,64.96376,64.8004,65.84476,68.60968
2018-01-02 00:03:00,-5.762218000000001e-23,0.0,66.37298,357730.44,0.0,0.0,28.808033,0.68153054,1.0,1.0,68.024124,0.0,0.0,0.0,-1.6703239e-13,-0.7535278,402.03635,1.60746,66.37298,55.184006,0.0,0.9,0.0,-1.7815987e-13,0.0,75.91257,64.96222,64.79907,65.8425,68.60425
2018-01-02 00:04:00,4.881710600000001e-22,0.0,66.37298,357730.44,0.0,0.0,28.742004,0.68141896,1.0,1.0,68.02295,0.0,0.0,0.0,-1.6698062e-13,-0.7534074,402.03632,1.60746,66.37298,55.184006,0.0,0.9,0.0,-1.7810243e-13,0.0,75.91713,64.960686,64.79781,65.8403,68.59881
2018-01-02 00:05:00,1.5142256e-23,0.0,66.37298,357730.44,0.0,0.0,28.676031,0.6813086,1.0,1.0,68.02168,0.0,0.0,0.0,-1.6692263e-13,-0.75328773,402.0363,1.60746,66.37298,55.184006,0.0,0.9,0.0,-1.780429e-13,0.0,75.92142,64.95909,64.79649,65.83806,68.593315
2018-01-02 00:06:00,-8.6320765e-24,0.0,66.37298,357730.44,0.0,0.0,28.610004,0.6811994,1.0,1.0,68.020424,0.0,0.0,0.0,-1.6686285e-13,-0.7531646,402.03625,1.60746,66.37298,55.184006,0.0,0.9,0.0,-1.7798619e-13,0.0,75.925705,64.95755,64.79518,65.83586,68.58782
2018-01-02 00:07:00,-2.4848310000000002e-23,0.0,66.37298,357730.44,0.0,0.0,28.544031,0.6810878,1.0,1.0,68.01912,0.0,0.0,0.0,-1.6681644e-13,-0.75303745,402.03622,1.60746,66.37298,55.184006,0.0,0.9,0.0,-1.7792816e-13,0.0,75.92987,64.95596,64.79381,65.8336,68.58233
2018-01-02 00:08:00,-1.3772388e-23,0.0,66.372925,357730.44,0.0,0.0,28.478003,0.6809763,1.0,1.0,68.01782,0.0,0.0,0.0,-1.6676314e-13,-0.75292206,402.03622,1.60746,66.372925,55.184006,0.0,0.9,0.0,-1.7787085e-13,0.0,75.93405,64.95437,64.79248,65.83135,68.576836
2018-01-02 00:09:00,-5.277662e-24,0.0,66.372925,357730.44,0.0,0.0,28.346003,0.6808647,1.0,1.0,68.01648,0.0,0.0,0.0,-1.6671515e-13,-0.75279284,402.0362,1.60746,66.372925,55.184006,0.0,0.9,0.0,-1.7781154e-13,0.0,75.93811,64.952774,64.79111,65.82904,68.57134
2018-01-02 00:10:00,-1.5908411999999999e-23,0.0,66.372925,357730.44,0.0,0.0,28.346003,0.68075436,1.0,1.0,68.01513,0.0,0.0,0.0,-1.6665312e-13,-0.75267464,402.03616,1.60746,66.372925,55.184006,0.0,0.9,0.0,-1.7775488e-13,0.0,75.94212,64.95119,64.78969,65.8268,68.56585
2018-01-02 00:11:00,-1.5630184999999998e-23,0.0,66.372925,357730.44,0.0,0.0,28.28003,0.6806451,1.0,1.0,68.01373,0.0,0.0,0.0,-1.6660568e-13,-0.75254947,402.03613,1.60746,66.372925,55.184006,0.0,0.9,0.0,-1.7769828e-13,0.0,75.94603,64.94954,64.788315,65.824486,68.5603
2018-01-02 00:12:00,-9.006916400000001e-24,0.0,66.372925,357730.44,0.0,0.0,28.214,0.6805335,1.0,1.0,68.01232,0.0,0.0,0.0,-1.665439e-13,-0.75242746,402.0361,1.60746,66.372925,55.184006,0.0,0.9,0.0,-1.7764032e-13,0.0,75.94992,64.94789,64.78688,65.822174,68.55475
2018-01-02 00:13:00,5.6429966e-24,0.0,66.372925,357730.44,0.0,0.0,28.14803,0.68042433,1.0,1.0,68.0109,0.0,0.0,0.0,-1.66487e-13,-0.75230205,402.03607,1.60746,66.372925,55.184006,0.0,0.9,0.0,-1.7758306e-13,0.0,75.95372,64.94624,64.78545,65.81987,68.54921
2018-01-02 00:14:00,4.8623110000000005e-23,0.0,66.372925,357730.44,0.0,0.0,28.082,0.6803128,1.0,1.0,68.009445,0.0,0.0,0.0,-1.6643787e-13,-0.7521866,402.03604,1.60746,66.372925,55.184006,0.0,0.9,0.0,-1.7752276e-13,0.0,75.95745,64.944595,64.783966,65.817566,68.543655
2018-01-02 00:15:00,4.9607404e-23,0.0,66.372925,357730.44,0.0,0.0,28.016027,0.68020123,1.0,1.0,68.00799,0.0,0.0,0.0,-1.6638747e-13,-0.7520617,402.036,1.60746,66.372925,55.184006,0.0,0.9,0.0,-1.7746687e-13,0.0,75.961136,64.94295,64.782486,65.81526,68.53811
2018-01-02 00:16:00,4.6991133e-25,0.0,66.372925,357730.44,0.0,0.0,27.884027,0.68009204,1.0,1.0,68.0065,0.0,0.0,0.0,-1.6633038e-13,-0.75193447,402.03598,1.60746,66.372925,55.184006,0.0,0.9,0.0,-1.7741013e-13,0.0,75.96475,64.9413,64.781006,65.8129,68.53256
2018-01-02 00:17:00,-2.653954e-23,0.0,66.372925,357730.44,0.0,0.0,27.817999,0.6799828,1.0,1.0,68.00499,0.0,0.0,0.0,-1.6627354e-13,-0.7518142,402.03598,1.60746,66.372925,55.184006,0.0,0.9,0.0,-1.7735139e-13,0.0,75.96832,64.93959,64.779465,65.81059,68.52696
2018-01-02 00:18:00,1.3433536e-23,0.0,66.372925,357730.44,0.0,0.0,27.817999,0.67987126,1.0,1.0,68.00345,0.0,0.0,0.0,-1.6622244e-13,-0.7516947,402.03595,1.60746,66.372925,55.184006,0.0,0.9,0.0,-1.7729404e-13,0.0,75.97179,64.93789,64.777985,65.80823,68.521355
2018-01-02 00:19:00,-6.139362e-24,0.0,66.372925,357730.44,0.0,0.0,27.752026,0.6797609,1.0,1.0,68.0019,0.0,0.0,0.0,-1.6616787e-13,-0.7515696,402.03592,1.60746,66.372925,55.184006,0.0,0.9,0.0,-1.7723731e-13,0.0,75.97525,64.93619,64.77644,65.80586,68.51575
2018-01-02 00:20:00,2.3051800000000002e-23,0.0,66.372925,357730.44,0.0,0.0,27.685999,0.6796516,1.0,1.0,68.000305,0.0,0.0,0.0,-1.6611465e-13,-0.751452,402.0359,1.60746,66.372925,55.184006,0.0,0.9,0.0,-1.7717856e-13,0.0,75.9786,64.93448,64.77486,65.80345,68.51015
2018-01-02 00:21:00,-2.0747684e-23,0.0,66.372925,357730.44,0.0,0.0,27.620026,0.6795401,1.0,1.0,67.9987,0.0,0.0,0.0,-1.66062e-13,-0.75133014,402.03586,1.60746,66.372925,55.184006,0.0,0.9,0.0,-1.7712187e-13,0.0,75.981895,64.932724,64.773254,65.80109,68.50455
2018-01-02 00:22:00,5.2319763999999997e-23,0.0,66.372925,357730.44,0.0,0.0,27.553997,0.6794285,1.0,1.0,67.997086,0.0,0.0,0.0,-1.6600893e-13,-0.75119984,402.03583,1.60746,66.372925,55.184006,0.0,0.9,0.0,-1.7706392e-13,0.0,75.98514,64.93102,64.77167,65.79867,68.498886
2018-01-02 00:23:00,-1.0854261400000001e-23,0.0,66.372925,357730.44,0.0,0.0,27.488026,0.6793216,1.0,1.0,67.995445,0.0,0.0,0.0,-1.6594885e-13,-0.75109047,402.0358,1.60746,66.372925,55.184006,0.0,0.9,0.0,-1.7700677e-13,0.0,75.98837,64.92926,64.77007,65.79625,68.493286
2018-01-02 00:24:00,-8.033943e-24,0.0,66.372925,357730.44,0.0,0.0,27.421997,0.67921007,1.0,1.0,67.993774,0.0,0.0,0.0,-1.6589882e-13,-0.75096285,402.03577,1.60746,66.372925,55.184006,0.0,0.9,0.0,-1.7694842e-13,0.0,75.99151,64.927505,64.768425,65.79384,68.487625
2018-01-02 00:25:00,2.4654740000000002e-23,0.0,66.372925,357730.44,0.0,0.0,27.289997,0.6790997,1.0,1.0,67.99208,0.0,0.0,0.0,-1.6584427e-13,-0.750836,402.03577,1.60746,66.372925,55.184006,0.0,0.9,0.0,-1.768912e-13,0.0,75.99458,64.92569,64.76678,65.79141,68.481964
2018-01-02 00:26:00,-2.0800015e-23,0.0,66.372925,357730.44,0.0,0.0,27.289997,0.6789893,1.0,1.0,67.99039,0.0,0.0,0.0,-1.6579176e-13,-0.7507126,402.03574,1.60746,66.372925,55.184006,0.0,0.9,0.0,-1.7683468e-13,0.0,75.997604,64.923935,64.76513,65.789,68.47626
2018-01-02 00:27:00,1.4217878e-23,0.0,66.372925,357730.44,0.0,0.0,27.224024,0.67887545,1.0,1.0,67.98865,0.0,0.0,0.0,-1.6573938e-13,-0.750607,402.0357,1.60746,66.372925,55.184006,0.0,0.9,0.0,-1.7677393e-13,0.0,76.00057,64.92212,64.76343,65.78653,68.4706
2018-01-02 00:28:00,4.0082620000000004e-23,0.0,66.372925,357730.44,0.0,0.0,27.157995,0.6787685,1.0,1.0,67.9869,0.0,0.0,0.0,-1.6568885e-13,-0.75047034,402.03564,1.60746,66.372925,55.184006,0.0,0.9,0.0,-1.7672117e-13,0.0,76.00354,64.92031,64.76172,65.78406,68.46489
2018-01-02 00:29:00,-2.7298913e-23,0.0,66.372925,357730.44,0.0,0.0,27.092022,0.678657,1.0,1.0,67.98513,0.0,0.0,0.0,-1.6563075e-13,-0.75035936,402.0356,1.60746,66.372925,55.184006,0.0,0.9,0.0,-1.7666042e-13,0.0,76.00639,64.9185,64.760025,65.781586,68.45917
2018-01-02 00:30:00,3.0648792e-23,0.0,66.372925,357730.44,0.0,0.0,27.025995,0.67854774,1.0,1.0,67.983345,0.0,0.0,0.0,-1.6557795e-13,-0.75023144,402.03558,1.60746,66.372925,55.184006,0.0,0.9,0.0,-1.76605e-13,0.0,76.0092,64.91669,64.75826,65.77911,68.45346
2018-01-02 00:31:00,1.0729868e-23,0.0,66.372925,357730.44,0.0,0.0,26.960022,0.6784385,1.0,1.0,67.981544,0.0,0.0,0.0,-1.6551764e-13,-0.7501149,402.03555,1.60746,66.372925,55.184006,0.0,0.9,0.0,-1.7654635e-13,0.0,76.01199,64.91482,64.7565,65.77664,68.44775
2018-01-02 00:32:00,-5.537674000000001e-23,0.0,66.372925,357730.44,0.0,0.0,26.893993,0.67832583,1.0,1.0,67.97971,0.0,0.0,0.0,-1.6547389e-13,-0.74998194,402.03552,1.60746,66.372925,55.184006,0.0,0.9,0.0,-1.764899e-13,0.0,76.014694,64.91301,64.754745,65.77411,68.44203
2018-01-02 00:33:00,1.2325347e-23,0.0,66.372925,357730.44,0.0,0.0,26.761993,0.67821777,1.0,1.0,67.97787,0.0,0.0,0.0,-1.6541195e-13,-0.74986213,402.0355,1.60746,66.372925,55.184006,0.0,0.9,0.0,-1.7643433e-13,0.0,76.01738,64.91113,64.75299,65.77159,68.436264
2018-01-02 00:34:00,1.0211058e-23,0.0,66.372925,357730.44,0.0,0.0,26.761993,0.67810965,1.0,1.0,67.976,0.0,0.0,0.0,-1.6535723e-13,-0.7497438,402.0355,1.60746,66.372925,55.184006,0.0,0.9,0.0,-1.7637497e-13,0.0,76.02002,64.90927,64.751175,65.76906,68.4305
2018-01-02 00:35:00,-1.5951957e-23,0.0,66.372925,357730.44,0.0,0.0,26.69602,0.67799467,1.0,1.0,67.974106,0.0,0.0,0.0,-1.6530806e-13,-0.74962515,402.03546,1.60746,66.372925,55.184006,0.0,0.9,0.0,-1.7631796e-13,0.0,76.022545,64.90735,64.74931,65.76653,68.42479
2018-01-02 00:36:00,-2.8159356e-23,0.0,66.372925,357730.44,0.0,0.0,26.629993,0.6778866,1.0,1.0,67.97221,0.0,0.0,0.0,-1.6525086e-13,-0.7494967,402.03543,1.60746,66.372925,55.184006,0.0,0.9,0.0,-1.7625892e-13,0.0,76.02513,64.90548,64.7475,65.76401,68.41896
2018-01-02 00:37:00,7.748422e-23,0.0,66.372925,357730.44,0.0,0.0,26.56402,0.6777785,1.0,1.0,67.97029,0.0,0.0,0.0,-1.6520009e-13,-0.7493786,402.0354,1.60746,66.372925,55.184006,0.0,0.9,0.0,-1.7620292e-13,0.0,76.0276,64.90356,64.74563,65.76143,68.41319
2018-01-02 00:38:00,3.368663e-23,0.0,66.372925,357730.44,0.0,0.0,26.497992,0.6776658,1.0,1.0,67.96834,0.0,0.0,0.0,-1.6515265e-13,-0.7492594,402.03537,1.60746,66.372925,55.184006,0.0,0.9,0.0,-1.7614794e-13,0.0,76.030014,64.901634,64.74376,65.75884,68.407425
2018-01-02 00:39:00,-1.1667368e-23,0.0,66.372925,357730.44,0.0,0.0,26.432018,0.6775589,1.0,1.0,67.96637,0.0,0.0,0.0,-1.6509006e-13,-0.7491386,402.03534,1.60746,66.372925,55.184006,0.0,0.9,0.0,-1.7608715e-13,0.0,76.03243,64.89971,64.74184,65.756256,68.4016
2018-01-02 00:40:00,8.052847000000001e-23,0.0,66.372925,357730.44,0.0,0.0,26.365992,0.67744386,1.0,1.0,67.9644,0.0,0.0,0.0,-1.6504337e-13,-0.74901175,402.0353,1.60746,66.372925,55.184006,0.0,0.9,0.0,-1.7603273e-13,0.0,76.03479,64.89779,64.739975,65.75368,68.39578
2018-01-02 00:41:00,3.1764803e-23,0.0,66.372925,357730.44,0.0,0.0,26.23399,0.6773381,1.0,1.0,67.96239,0.0,0.0,0.0,-1.6498143e-13,-0.74888796,402.03528,1.60746,66.372925,55.184006,0.0,0.9,0.0,-1.7597391e-13,0.0,76.0371,64.89581,64.73799,65.7511,68.38995
2018-01-02 00:42:00,-5.5390547e-24,0.0,66.372925,357730.44,0.0,0.0,26.23399,0.67722654,1.0,1.0,67.96037,0.0,0.0,0.0,-1.649339e-13,-0.7487704,402.03528,1.60746,66.372925,55.184006,0.0,0.9,0.0,-1.7591928e-13,0.0,76.03935,64.89383,64.73607,65.74846,68.38414
2018-01-02 00:43:00,-6.1822923000000005e-24,0.0,66.372925,357730.44,0.0,0.0,26.168018,0.67711735,1.0,1.0,67.95834,0.0,0.0,0.0,-1.6487552e-13,-0.74865025,402.03525,1.60746,66.372925,55.184006,0.0,0.9,0.0,-1.7586063e-13,0.0,76.04161,64.89186,64.73409,65.74588,68.37826
2018-01-02 00:44:00,1.0635752e-23,0.0,66.372925,357730.44,0.0,0.0,26.10199,0.6770058,1.0,1.0,67.9563,0.0,0.0,0.0,-1.6482575e-13,-0.74852115,402.03522,1.60746,66.372925,55.184006,0.0,0.9,0.0,-1.7580382e-13,0.0,76.04381,64.88988,64.73212,65.74324,68.37244
2018-01-02 00:45:00,-4.7291223999999997e-23,0.0,66.372925,357730.44,0.0,0.0,26.036016,0.6768966,1.0,1.0,67.95422,0.0,0.0,0.0,-1.6477102e-13,-0.7483906,402.0352,1.60746,66.372925,55.184006,0.0,0.9,0.0,-1.757477e-13,0.0,76.045944,64.8879,64.73013,65.7406,68.36656
2018-01-02 00:46:00,1.3507162e-23,0.0,66.372925,357730.44,0.0,0.0,25.96999,0.6767862,1.0,1.0,67.95212,0.0,0.0,0.0,-1.6471941e-13,-0.74829024,402.03516,1.60746,66.372925,55.184006,0.0,0.9,0.0,-1.7568946e-13,0.0,76.048035,64.885864,64.7281,65.737915,68.36068
2018-01-02 00:47:00,3.5691182e-23,0.0,66.372925,357730.44,0.0,0.0,25.904016,0.676677,1.0,1.0,67.95003,0.0,0.0,0.0,-1.6466185e-13,-0.7481659,402.03513,1.60746,66.372925,55.184006,0.0,0.9,0.0,-1.7563216e-13,0.0,76.050125,64.883835,64.726074,65.735275,68.3548
2018-01-02 00:48:00,7.611189500000001e-24,0.0,66.372925,357730.44,0.0,0.0,25.837988,0.67656654,1.0,1.0,67.9479,0.0,0.0,0.0,-1.6461253e-13,-0.7480439,402.0351,1.60746,66.372925,55.184006,0.0,0.9,0.0,-1.7557531e-13,0.0,76.052155,64.881805,64.724045,65.73259,68.34892
2018-01-02 00:49:00,9.770192e-24,0.0,66.372925,357730.44,0.0,0.0,25.705988,0.6764585,1.0,1.0,67.94575,0.0,0.0,0.0,-1.6455375e-13,-0.7479202,402.03506,1.60746,66.372925,55.184006,0.0,0.9,0.0,-1.7551825e-13,0.0,76.05413,64.879776,64.721954,65.72989,68.34299
2018-01-02 00:50:00,-2.8358378000000003e-24,0.0,66.372925,357730.44,0.0,0.0,25.705988,0.67634696,1.0,1.0,67.943596,0.0,0.0,0.0,-1.645013e-13,-0.7477993,402.03503,1.60746,66.372925,55.184006,0.0,0.9,0.0,-1.7546102e-13,0.0,76.05611,64.87774,64.719864,65.7272,68.33706
2018-01-02 00:51:00,3.8121064e-24,0.0,66.372925,357730.44,0.0,0.0,25.640015,0.6762377,1.0,1.0,67.94142,0.0,0.0,0.0,-1.6445099e-13,-0.74767625,402.03503,1.60746,66.372925,55.184006,0.0,0.9,0.0,-1.7540564e-13,0.0,76.05803,64.875656,64.71777,65.72451,68.33113
2018-01-02 00:52:00,-7.583787e-23,0.0,66.372925,357730.44,0.0,0.0,25.573986,0.67612964,1.0,1.0,67.93922,0.0,0.0,0.0,-1.6439493e-13,-0.74756134,402.035,1.60746,66.372925,55.184006,0.0,0.9,0.0,-1.753484e-13,0.0,76.0599,64.873566,64.71564,65.72176,68.325195
2018-01-02 00:53:00,-4.8582993e-23,0.0,66.372925,357730.44,0.0,0.0,25.508015,0.676017,1.0,1.0,67.93701,0.0,0.0,0.0,-1.6434965e-13,-0.74743354,402.03497,1.60746,66.372925,55.184006,0.0,0.9,0.0,-1.7528867e-13,0.0,76.06177,64.871475,64.71349,65.71907,68.31926
2018-01-02 00:54:00,5.080393e-23,0.0,66.372925,357730.44,0.0,0.0,25.441986,0.67590654,1.0,1.0,67.9348,0.0,0.0,0.0,-1.6429292e-13,-0.7473088,402.03494,1.60746,66.372925,55.184006,0.0,0.9,0.0,-1.7523595e-13,0.0,76.06358,64.869385,64.71135,65.716324,68.313324
2018-01-02 00:55:00,3.4894084999999997e-23,0.0,66.372925,357730.44,0.0,0.0,25.376013,0.6757962,1.0,1.0,67.932556,0.0,0.0,0.0,-1.6423897e-13,-0.7471934,402.0349,1.60746,66.372925,55.184006,0.0,0.9,0.0,-1.7517675e-13,0.0,76.06539,64.86725,64.70921,65.71358,68.30734
2018-01-02 00:56:00,-2.7506027e-23,0.0,66.372925,357730.44,0.0,0.0,25.309986,0.67568815,1.0,1.0,67.930305,0.0,0.0,0.0,-1.6418458e-13,-0.74707323,402.03488,1.60746,66.372925,55.184006,0.0,0.9,0.0,-1.7511983e-13,0.0,76.067154,64.86516,64.707016,65.71083,68.30135
2018-01-02 00:57:00,2.7190136e-23,0.0,66.372925,357730.44,0.0,0.0,25.177984,0.6755777,1.0,1.0,67.92802,0.0,0.0,0.0,-1.6413318e-13,-0.746949,402.03485,1.60746,66.372925,55.184006,0.0,0.9,0.0,-1.7506215e-13,0.0,76.06885,64.86302,64.70482,65.70803,68.295364
2018-01-02 00:58:00,-5.663319e-23,0.0,66.372925,357730.44,0.0,0.0,25.177984,0.6754662,1.0,1.0,67.925735,0.0,0.0,0.0,-1.64077e-13,-0.7468275,402.03482,1.60746,66.372925,55.184006,0.0,0.9,0.0,-1.7500643e-13,0.0,76.07056,64.86087,64.70256,65.705284,68.28938
2018-01-02 00:59:00,-1.9404072e-23,0.0,66.372925,357730.44,0.0,0.0,25.112011,0.6753569,1.0,1.0,67.92344,0.0,0.0,0.0,-1.640254e-13,-0.74670887,402.03482,1.60746,66.372925,55.184006,0.0,0.9,0.0,-1.7494949e-13,0.0,76.072205,64.858734,64.70036,65.702484,68.28339
2018-01-02 01:00:00,1.03181626e-23,0.0,66.372925,357730.44,0.0,0.0,25.045984,0.67525005,1.0,1.0,67.921104,0.0,0.0,0.0,-1.6397319e-13,-0.74658513,402.0348,1.60746,66.372925,55.184006,0.0,0.9,0.0,-1.7489248e-13,0.0,76.07385,64.85654,64.69811,65.69968,68.27734
2018-01-02 01:01:00,2.1100641e-23,0.0,66.372925,357730.44,0.0,0.0,24.980011,0.67513734,1.0,1.0,67.91876,0.0,0.0,0.0,-1.6392107e-13,-0.7464631,402.03476,1.60746,66.372925,55.184006,0.0,0.9,0.0,-1.7483538e-13,0.0,76.07544,64.85434,64.6958,65.696884,68.27136
2018-01-02 01:02:00,-4.2814216999999996e-23,0.0,66.372925,357730.44,0.0,0.0,25.013025,0.6750281,1.0,1.0,67.91641,0.0,0.0,0.0,-1.6386286e-13,-0.74634755,402.03473,1.60746,66.372925,55.184006,0.0,0.9,0.0,-1.7477847e-13,0.0,76.07698,64.852196,64.69356,65.69402,68.26532
2018-01-02 01:03:00,6.834504e-24,0.0,66.372925,357730.44,0.0,0.0,25.045984,0.67492,1.0,1.0,67.914085,0.0,0.0,0.0,-1.6380814e-13,-0.7462127,402.0347,1.60746,66.372925,55.184006,0.0,0.9,0.0,-1.7472165e-13,0.0,76.078575,64.85,64.6913,65.69122,68.25933
2018-01-02 01:04:00,-3.2892056000000002e-24,0.0,66.372925,357730.44,0.0,0.0,25.112011,0.6748097,1.0,1.0,67.911736,0.0,0.0,0.0,-1.6375562e-13,-0.74610275,402.03467,1.60746,66.372925,55.184006,0.0,0.9,0.0,-1.74666e-13,0.0,76.08006,64.847855,64.68905,65.688416,68.25329
2018-01-02 01:05:00,2.8682295e-23,0.0,66.372925,357730.44,0.0,0.0,25.145025,0.6747016,1.0,1.0,67.909386,0.0,0.0,0.0,-1.6370095e-13,-0.74597895,402.03464,1.60746,66.372925,55.184006,0.0,0.9,0.0,-1.7460898e-13,0.0,76.08154,64.84566,64.6868,65.68562,68.2473
2018-01-02 01:06:00,2.8678551000000002e-24,0.0,66.372925,357730.44,0.0,0.0,25.145025,0.6745924,1.0,1.0,67.90706,0.0,0.0,0.0,-1.6364721e-13,-0.7458545,402.0346,1.60746,66.372925,55.184006,0.0,0.9,0.0,-1.74553e-13,0.0,76.08302,64.84352,64.6846,65.682816,68.24132
2018-01-02 01:07:00,-2.6456053e-23,0.0,66.372925,357730.44,0.0,0.0,25.177984,0.6744831,1.0,1.0,67.90471,0.0,0.0,0.0,-1.6359762e-13,-0.745736,402.0346,1.60746,66.372925,55.184006,0.0,0.9,0.0,-1.7449583e-13,0.0,76.08446,64.841324,64.68234,65.680016,68.23538
2018-01-02 01:08:00,-1.4602480000000001e-23,0.0,66.372925,357730.44,0.0,0.0,25.210999,0.6743704,1.0,1.0,67.90236,0.0,0.0,0.0,-1.6354692e-13,-0.7456108,402.03455,1.60746,66.372925,55.184006,0.0,0.9,0.0,-1.744385e-13,0.0,76.08583,64.83917,64.680145,65.67727,68.22939
2018-01-02 01:09:00,1.1691229e-23,0.0,66.372925,357730.44,0.0,0.0,25.244013,0.6742612,1.0,1.0,67.90001,0.0,0.0,0.0,-1.6349219e-13,-0.7454875,402.03452,1.60746,66.372925,55.184006,0.0,0.9,0.0,-1.7438312e-13,0.0,76.087204,64.837036,64.6779,65.67447,68.223465
2018-01-02 01:10:00,-2.0095772e-23,0.0,66.372925,357730.44,0.0,0.0,25.277027,0.6741543,1.0,1.0,67.89765,0.0,0.0,0.0,-1.6343726e-13,-0.7453739,402.0345,1.60746,66.372925,55.184006,0.0,0.9,0.0,-1.7432544e-13,0.0,76.08858,64.83484,64.675705,65.67166,68.21747
2018-01-02 01:11:00,5.643368e-23,0.0,66.372925,357730.44,0.0,0.0,25.309986,0.6740427,1.0,1.0,67.8953,0.0,0.0,0.0,-1.6338843e-13,-0.7452568,402.03445,1.60746,66.372925,55.184006,0.0,0.9,0.0,-1.7426735e-13,0.0,76.08989,64.832695,64.67351,65.66887,68.21154
2018-01-02 01:12:00,3.4519316e-23,0.0,66.372925,357730.44,0.0,0.0,25.342999,0.6739335,1.0,1.0,67.89296,0.0,0.0,0.0,-1.6333258e-13,-0.74512184,402.03442,1.60746,66.372925,55.184006,0.0,0.9,0.0,-1.7421245e-13,0.0,76.09121,64.83055,64.67131,65.66612,68.20561
2018-01-02 01:13:00,-9.089635600000001e-24,0.0,66.372925,357730.44,0.0,0.0,25.409027,0.6738232,1.0,1.0,67.89061,0.0,0.0,0.0,-1.632801e-13,-0.7450038,402.0344,1.60746,66.372925,55.184006,0.0,0.9,0.0,-1.7415587e-13,0.0,76.09247,64.828415,64.66916,65.663315,68.19968
2018-01-02 01:14:00,1.8293441e-23,0.0,66.372925,357730.44,0.0,0.0,25.409027,0.67371505,1.0,1.0,67.88827,0.0,0.0,0.0,-1.632306e-13,-0.744899,402.03436,1.60746,66.372925,55.184006,0.0,0.9,0.0,-1.741012e-13,0.0,76.093735,64.82626,64.66696,65.66057,68.1938
2018-01-02 01:15:00,4.8905987e-23,0.0,66.372925,357730.44,0.0,0.0,25.441986,0.67360467,1.0,1.0,67.88591,0.0,0.0,0.0,-1.6317813e-13,-0.74476993,402.03436,1.60746,66.372925,55.184006,0.0,0.9,0.0,-1.7404371e-13,0.0,76.09494,64.82413,64.664825,65.65777,68.18787
2018-01-02 01:16:00,-2.1672873e-23,0.0,66.372925,357730.44,0.0,0.0,25.475,0.6734955,1.0,1.0,67.88357,0.0,0.0,0.0,-1.6311651e-13,-0.7446529,402.03433,1.60746,66.372925,55.184006,0.0,0.9,0.0,-1.7398477e-13,0.0,76.09615,64.82198,64.66268,65.65502,68.18199
2018-01-02 01:17:00,-1.6495522e-23,0.0,66.372925,357730.44,0.0,0.0,25.508015,0.6733862,1.0,1.0,67.881226,0.0,0.0,0.0,-1.6307248e-13,-0.74452376,402.0343,1.60746,66.372925,55.184006,0.0,0.9,0.0,-1.7392987e-13,0.0,76.09737,64.81984,64.66054,65.652275,68.17611
2018-01-02 01:18:00,-6.266358000000001e-23,0.0,66.372925,357730.44,0.0,0.0,25.541027,0.673277,1.0,1.0,67.87886,0.0,0.0,0.0,-1.6301356e-13,-0.7444057,402.03427,1.60746,66.372925,55.184006,0.0,0.9,0.0,-1.7387144e-13,0.0,76.09851,64.8177,64.6584,65.649475,68.17023
2018-01-02 01:19:00,4.3658307999999997e-23,0.0,66.372925,357730.44,0.0,0.0,25.573986,0.6731713,1.0,1.0,67.876526,0.0,0.0,0.0,-1.6296052e-13,-0.7442794,402.03424,1.60746,66.372925,55.184006,0.0,0.9,0.0,-1.7381634e-13,0.0,76.09967,64.81561,64.65625,65.64673,68.16435
2018-01-02 01:20:00,-1.3733491e-23,0.0,66.372925,357730.44,0.0,0.0,25.607,0.6730562,1.0,1.0,67.87419,0.0,0.0,0.0,-1.6290977e-13,-0.74415356,402.0342,1.60746,66.372925,55.184006,0.0,0.9,0.0,-1.7376106e-13,0.0,76.10077,64.81347,64.65417,65.64398,68.15853
2018-01-02 01:21:00,-1.1435678e-23,0.0,66.372925,357730.44,0.0,0.0,25.673029,0.6729505,1.0,1.0,67.87183,0.0,0.0,0.0,-1.6286127e-13,-0.74405056,402.03418,1.60746,66.372925,55.184006,0.0,0.9,0.0,-1.7370251e-13,0.0,76.10187,64.811325,64.65202,65.641235,68.15271
2018-01-02 01:22:00,4.7238048e-23,0.0,66.372925,357730.44,0.0,0.0,25.673029,0.6728389,1.0,1.0,67.86949,0.0,0.0,0.0,-1.6280713e-13,-0.74391466,402.03415,1.60746,66.372925,55.184006,0.0,0.9,0.0,-1.7364651e-13,0.0,76.10297,64.809235,64.64993,65.63849,68.146835
2018-01-02 01:23:00,3.3936733e-24,0.0,66.372925,357730.44,0.0,0.0,25.705988,0.67273206,1.0,1.0,67.86714,0.0,0.0,0.0,-1.6275363e-13,-0.7438057,402.03415,1.60746,66.372925,55.184006,0.0,0.9,0.0,-1.735922e-13,0.0,76.104004,64.8071,64.64785,65.63574,68.14101
2018-01-02 01:24:00,-1.3635724e-23,0.0,66.372925,357730.44,0.0,0.0,25.739002,0.67261934,1.0,1.0,67.86482,0.0,0.0,0.0,-1.6269977e-13,-0.7436723,402.03412,1.60746,66.372925,55.184006,0.0,0.9,0.0,-1.7353623e-13,0.0,76.10506,64.80501,64.64577,65.632996,68.13524
2018-01-02 01:25:00,1.5444155e-23,0.0,66.372925,357730.44,0.0,0.0,25.772015,0.67251474,1.0,1.0,67.86247,0.0,0.0,0.0,-1.6264095e-13,-0.7435559,402.0341,1.60746,66.372925,55.184006,0.0,0.9,0.0,-1.7347827e-13,0.0,76.10604,64.80292,64.64368,65.6303,68.12942
2018-01-02 01:26:00,-8.718352e-24,0.0,66.372925,357730.44,0.0,0.0,25.805029,0.6724032,1.0,1.0,67.86012,0.0,0.0,0.0,-1.625921e-13,-0.74343294,402.03406,1.60746,66.372925,55.184006,0.0,0.9,0.0,-1.7342211e-13,0.0,76.107025,64.80078,64.64165,65.627556,68.1236
2018-01-02 01:27:00,3.8059275999999997e-23,0.0,66.372925,357730.44,0.0,0.0,25.837988,0.6722963,1.0,1.0,67.85778,0.0,0.0,0.0,-1.6253341e-13,-0.74331754,402.03403,1.60746,66.372925,55.184006,0.0,0.9,0.0,-1.733647e-13,0.0,76.10802,64.79869,64.63956,65.62481,68.11783
2018-01-02 01:28:00,2.4177008999999998e-23,0.0,66.372925,357730.44,0.0,0.0,25.904016,0.6721836,1.0,1.0,67.85546,0.0,0.0,0.0,-1.6248575e-13,-0.74319005,402.034,1.60746,66.372925,55.184006,0.0,0.9,0.0,-1.7331014e-13,0.0,76.10901,64.7966,64.63753,65.622116,68.11206
2018-01-02 01:29:00,-3.4167282e-23,0.0,66.372925,357730.44,0.0,0.0,25.93703,0.67207557,1.0,1.0,67.853134,0.0,0.0,0.0,-1.6243491e-13,-0.74307513,402.03397,1.60746,66.372925,55.184006,0.0,0.9,0.0,-1.7325323e-13,0.0,76.10994,64.79452,64.63549,65.61943,68.10629
2018-01-02 01:30:00,-2.1650250000000003e-23,0.0,66.372925,357730.44,0.0,0.0,25.93703,0.67196625,1.0,1.0,67.85079,0.0,0.0,0.0,-1.6238058e-13,-0.74294925,402.03394,1.60746,66.372925,55.184006,0.0,0.9,0.0,-1.7319785e-13,0.0,76.11087,64.792435,64.63345,65.616684,68.100525
2018-01-02 01:31:00,2.859464e-23,0.0,66.372925,357730.44,0.0,0.0,25.96999,0.6718594,1.0,1.0,67.848495,0.0,0.0,0.0,-1.6232477e-13,-0.74283475,402.03394,1.60746,66.372925,55.184006,0.0,0.9,0.0,-1.7314083e-13,0.0,76.11181,64.790344,64.631485,65.61398,68.09481
2018-01-02 01:32:00,1.5530439e-23,0.0,66.372925,357730.44,0.0,0.0,26.003002,0.6717513,1.0,1.0,67.84615,0.0,0.0,0.0,-1.622718e-13,-0.74272776,402.0339,1.60746,66.372925,55.184006,0.0,0.9,0.0,-1.7308309e-13,0.0,76.112686,64.78825,64.62945,65.6113,68.089096
2018-01-02 01:33:00,-3.7459789999999996e-24,0.0,66.372925,357730.44,0.0,0.0,26.036016,0.6716386,1.0,1.0,67.84383,0.0,0.0,0.0,-1.622256e-13,-0.7425988,402.03387,1.60746,66.372925,55.184006,0.0,0.9,0.0,-1.7302854e-13,0.0,76.11357,64.78616,64.62747,65.608604,68.08333
2018-01-02 01:34:00,3.698563e-23,0.0,66.372925,357730.44,0.0,0.0,26.06903,0.6715294,1.0,1.0,67.84151,0.0,0.0,0.0,-1.6216744e-13,-0.74248445,402.03384,1.60746,66.372925,55.184006,0.0,0.9,0.0,-1.7297094e-13,0.0,76.114395,64.784134,64.62544,65.60591,68.07762
2018-01-02 01:35:00,-5.5684098000000005e-24,0.0,66.372925,357730.44,0.0,0.0,26.10199,0.67142135,1.0,1.0,67.83919,0.0,0.0,0.0,-1.6211732e-13,-0.742347,402.0338,1.60746,66.372925,55.184006,0.0,0.9,0.0,-1.7291649e-13,0.0,76.115265,64.78204,64.62346,65.603226,68.07196
2018-01-02 01:36:00,2.9297202e-23,0.0,66.372925,357730.44,0.0,0.0,26.168018,0.6713109,1.0,1.0,67.83688,0.0,0.0,0.0,-1.6206666e-13,-0.7422295,402.03378,1.60746,66.372925,55.184006,0.0,0.9,0.0,-1.7286003e-13,0.0,76.11609,64.780014,64.62154,65.600525,68.066246
2018-01-02 01:37:00,1.9567686999999998e-23,0.0,66.372925,357730.44,0.0,0.0,26.20103,0.6712029,1.0,1.0,67.83457,0.0,0.0,0.0,-1.6201388e-13,-0.7421121,402.03375,1.60746,66.372925,55.184006,0.0,0.9,0.0,-1.72803e-13,0.0,76.11691,64.77792,64.61956,65.59784,68.06059
2018-01-02 01:38:00,-3.1620432000000003e-24,0.0,66.372925,357730.44,0.0,0.0,26.20103,0.67109483,1.0,1.0,67.83225,0.0,0.0,0.0,-1.6195686e-13,-0.7419896,402.03372,1.60746,66.372925,55.184006,0.0,0.9,0.0,-1.7274601e-13,0.0,76.11769,64.775894,64.617584,65.595146,68.05493
2018-01-02 01:39:00,1.3171931e-23,0.0,66.372925,357730.44,0.0,0.0,26.23399,0.6709867,1.0,1.0,67.82994,0.0,0.0,0.0,-1.6190498e-13,-0.74185723,402.03372,1.60746,66.372925,55.184006,0.0,0.9,0.0,-1.7269239e-13,0.0,76.118454,64.7738,64.61566,65.592514,68.04927
2018-01-02 01:40:00,-4.9165633e-23,0.0,66.372925,357730.44,0.0,0.0,26.267004,0.6708775,1.0,1.0,67.82763,0.0,0.0,0.0,-1.6185111e-13,-0.74175817,402.0337,1.60746,66.372925,55.184006,0.0,0.9,0.0,-1.7263495e-13,0.0,76.119225,64.771774,64.61374,65.58981,68.04361
2018-01-02 01:41:00,-4.9120822e-23,0.0,66.372925,357730.44,0.0,0.0,26.300018,0.6707683,1.0,1.0,67.82533,0.0,0.0,0.0,-1.6179645e-13,-0.7416292,402.03366,1.60746,66.372925,55.184006,0.0,0.9,0.0,-1.7257808e-13,0.0,76.119995,64.769745,64.61182,65.58713,68.03796
2018-01-02 01:42:00,7.960438e-24,0.0,66.372925,357730.44,0.0,0.0,26.333033,0.67065674,1.0,1.0,67.82305,0.0,0.0,0.0,-1.6174213e-13,-0.7415101,402.03363,1.60746,66.372925,55.184006,0.0,0.9,0.0,-1.7252431e-13,0.0,76.12076,64.767715,64.60989,65.58455,68.03235
2018-01-02 01:43:00,3.1774588e-25,0.0,66.372925,357730.44,0.0,0.0,26.365992,0.6705487,1.0,1.0,67.82076,0.0,0.0,0.0,-1.6169351e-13,-0.74138314,402.0336,1.60746,66.372925,55.184006,0.0,0.9,0.0,-1.7246878e-13,0.0,76.121475,64.76568,64.608025,65.58191,68.02675
2018-01-02 01:44:00,8.1012394e-24,0.0,66.372925,357730.44,0.0,0.0,26.399006,0.6704383,1.0,1.0,67.81849,0.0,0.0,0.0,-1.6164214e-13,-0.7412706,402.03357,1.60746,66.372925,55.184006,0.0,0.9,0.0,-1.7241285e-13,0.0,76.12219,64.76364,64.6061,65.57933,68.02115
2018-01-02 01:45:00,2.0064644e-24,0.0,66.372925,357730.44,0.0,0.0,26.465033,0.6703314,1.0,1.0,67.81621,0.0,0.0,0.0,-1.6159012e-13,-0.7411456,402.03354,1.60746,66.372925,55.184006,0.0,0.9,0.0,-1.7235645e-13,0.0,76.12291,64.76161,64.60423,65.576744,68.01555
2018-01-02 01:46:00,-1.6894177e-23,0.0,66.372925,357730.44,0.0,0.0,26.465033,0.6702233,1.0,1.0,67.81393,0.0,0.0,0.0,-1.6153284e-13,-0.74102116,402.0335,1.60746,66.372925,55.184006,0.0,0.9,0.0,-1.7230024e-13,0.0,76.123566,64.75958,64.60237,65.57416,68.00994
2018-01-02 01:47:00,-6.415749e-24,0.0,66.372925,357730.44,0.0,0.0,26.497992,0.67011297,1.0,1.0,67.811646,0.0,0.0,0.0,-1.6148298e-13,-0.7408966,402.0335,1.60746,66.372925,55.184006,0.0,0.9,0.0,-1.7224462e-13,0.0,76.12422,64.7576,64.600494,65.571526,68.004395
2018-01-02 01:48:00,4.4666160000000004e-23,0.0,66.372925,357730.44,0.0,0.0,26.531006,0.67000604,1.0,1.0,67.80937,0.0,0.0,0.0,-1.614281e-13,-0.74078345,402.03345,1.60746,66.372925,55.184006,0.0,0.9,0.0,-1.7218738e-13,0.0,76.12488,64.75557,64.59863,65.569,67.998795
2018-01-02 01:49:00,5.4956216e-23,0.0,66.372925,357730.44,0.0,0.0,26.56402,0.6698968,1.0,1.0,67.80711,0.0,0.0,0.0,-1.6137654e-13,-0.74066097,402.03342,1.60746,66.372925,55.184006,0.0,0.9,0.0,-1.7213127e-13,0.0,76.12554,64.75359,64.59682,65.56642,67.99324
2018-01-02 01:50:00,-3.686516e-23,0.0,66.372925,357730.44,0.0,0.0,26.597034,0.6697841,1.0,1.0,67.80487,0.0,0.0,0.0,-1.613313e-13,-0.7405372,402.0334,1.60746,66.372925,55.184006,0.0,0.9,0.0,-1.7207565e-13,0.0,76.126205,64.75156,64.595,65.563835,67.98775
2018-01-02 01:51:00,9.034149e-25,0.0,66.372925,357730.44,0.0,0.0,26.629993,0.6696784,1.0,1.0,67.8026,0.0,0.0,0.0,-1.6127482e-13,-0.74041486,402.03336,1.60746,66.372925,55.184006,0.0,0.9,0.0,-1.7202129e-13,0.0,76.1268,64.74959,64.59314,65.56125,67.9822
2018-01-02 01:52:00,8.967731e-24,0.0,66.372925,357730.44,0.0,0.0,26.663006,0.66956913,1.0,1.0,67.80036,0.0,0.0,0.0,-1.6122497e-13,-0.7402964,402.03333,1.60746,66.372925,55.184006,0.0,0.9,0.0,-1.7196665e-13,0.0,76.12741,64.747604,64.591324,65.55873,67.97671
2018-01-02 01:53:00,6.065606e-23,0.0,66.372925,357730.44,0.0,0.0,26.729034,0.6694599,1.0,1.0,67.7981,0.0,0.0,0.0,-1.6117133e-13,-0.7401765,402.0333,1.60746,66.372925,55.184006,0.0,0.9,0.0,-1.719084e-13,0.0,76.12801,64.745575,64.58957,65.5562,67.97116
2018-01-02 01:54:00,-1.0043881999999999e-23,0.0,66.372925,357730.44,0.0,0.0,26.729034,0.6693519,1.0,1.0,67.79586,0.0,0.0,0.0,-1.6111629e-13,-0.7400552,402.03326,1.60746,66.372925,55.184006,0.0,0.9,0.0,-1.7185351e-13,0.0,76.12862,64.74359,64.58775,65.55367,67.96567
2018-01-02 01:55:00,-2.6379110000000003e-23,0.0,66.372925,357730.44,0.0,0.0,26.761993,0.6692414,1.0,1.0,67.793625,0.0,0.0,0.0,-1.61067e-13,-0.7399387,402.03326,1.60746,66.372925,55.184006,0.0,0.9,0.0,-1.7179681e-13,0.0,76.129166,64.74162,64.586,65.55109,67.96023
2018-01-02 01:56:00,-1.5034567e-23,0.0,66.372925,357730.44,0.0,0.0,26.795008,0.66913337,1.0,1.0,67.7914,0.0,0.0,0.0,-1.6101581e-13,-0.7398231,402.03323,1.60746,66.372925,55.184006,0.0,0.9,0.0,-1.7174176e-13,0.0,76.129776,64.7397,64.58418,65.54857,67.954735
2018-01-02 01:57:00,-1.5444543e-23,0.0,66.372925,357730.44,0.0,0.0,26.828022,0.66902536,1.0,1.0,67.78917,0.0,0.0,0.0,-1.609564e-13,-0.7397015,402.0332,1.60746,66.372925,55.184006,0.0,0.9,0.0,-1.7168629e-13,0.0,76.130325,64.73772,64.58243,65.5461,67.949295
2018-01-02 01:58:00,2.670925e-23,0.0,66.372925,357730.44,0.0,0.0,26.861034,0.6689173,1.0,1.0,67.78694,0.0,0.0,0.0,-1.6090947e-13,-0.739575,402.03317,1.60746,66.372925,55.184006,0.0,0.9,0.0,-1.7163095e-13,0.0,76.130875,64.73574,64.58067,65.543564,67.94386
2018-01-02 01:59:00,-1.5552716e-25,0.0,66.372925,357730.44,0.0,0.0,26.893993,0.6688092,1.0,1.0,67.78472,0.0,0.0,0.0,-1.6085795e-13,-0.7394479,402.03314,1.60746,66.372925,55.184006,0.0,0.9,0.0,-1.7157517e-13,0.0,76.131424,64.733765,64.578964,65.54104,67.938416
2018-01-02 02:00:00,1.3663506e-23,0.0,66.372925,357730.44,0.0,0.0,26.960022,0.6687011,1.0,1.0,67.7825,0.0,0.0,0.0,-1.6080304e-13,-0.7393366,402.0331,1.60746,66.372925,55.184006,0.0,0.9,0.0,-1.715187e-13,0.0,76.13191,64.73184,64.57721,65.53857,67.93298
2018-01-02 02:01:00,1.4385199e-23,0.0,66.372925,357730.44,0.0,0.0,26.945026,0.6685908,1.0,1.0,67.78029,0.0,0.0,0.0,-1.607554e-13,-0.73922443,402.03308,1.60746,66.372925,55.184006,0.0,0.9,0.0,-1.714632e-13,0.0,76.13246,64.72986,64.5755,65.536095,67.92754
2018-01-02 02:02:00,-3.114802e-23,0.0,66.372925,357730.44,0.0,0.0,26.945026,0.668485,1.0,1.0,67.778076,0.0,0.0,0.0,-1.6069707e-13,-0.73910964,402.03305,1.60746,66.372925,55.184006,0.0,0.9,0.0,-1.7140728e-13,0.0,76.13296,64.727936,64.573746,65.53357,67.922165
2018-01-02 02:03:00,1.8915026e-23,0.0,66.372925,357730.44,0.0,0.0,26.930029,0.6683758,1.0,1.0,67.77588,0.0,0.0,0.0,-1.6064096e-13,-0.73897344,402.03305,1.60746,66.372925,55.184006,0.0,0.9,0.0,-1.7135235e-13,0.0,76.13345,64.72601,64.572044,65.5311,67.91678
2018-01-02 02:04:00,-1.8473914e-23,0.0,66.372925,357730.44,0.0,0.0,26.915033,0.6682666,1.0,1.0,67.77367,0.0,0.0,0.0,-1.6059106e-13,-0.73886627,402.03302,1.60746,66.372925,55.184006,0.0,0.9,0.0,-1.7129531e-13,0.0,76.13394,64.724045,64.57034,65.528625,67.91134
2018-01-02 02:05:00,3.8561430000000006e-23,0.0,66.372925,357730.44,0.0,0.0,26.900036,0.66815734,1.0,1.0,67.77142,0.0,0.0,0.0,-1.6054173e-13,-0.73874116,402.033,1.60746,66.372925,55.184006,0.0,0.9,0.0,-1.7124091e-13,0.0,76.134384,64.72212,64.56859,65.52609,67.90596
2018-01-02 02:06:00,8.426743e-25,0.0,66.372925,357730.44,0.0,0.0,26.884985,0.6680481,1.0,1.0,67.76921,0.0,0.0,0.0,-1.6049479e-13,-0.73863107,402.03296,1.60746,66.372925,55.184006,0.0,0.9,0.0,-1.7118455e-13,0.0,76.13488,64.72014,64.56688,65.52362,67.90057
2018-01-02 02:07:00,-2.3108862000000002e-24,0.0,66.372925,357730.44,0.0,0.0,26.86999,0.66793776,1.0,1.0,67.767006,0.0,0.0,0.0,-1.604368e-13,-0.73849756,402.03293,1.60746,66.372925,55.184006,0.0,0.9,0.0,-1.7112967e-13,0.0,76.135315,64.718216,64.56518,65.52115,67.89519
2018-01-02 02:08:00,-2.1325868e-23,0.0,66.372925,357730.44,0.0,0.0,26.839996,0.6678308,1.0,1.0,67.76476,0.0,0.0,0.0,-1.6038272e-13,-0.7383793,402.0329,1.60746,66.372925,55.184006,0.0,0.9,0.0,-1.710731e-13,0.0,76.13576,64.71624,64.563416,65.51863,67.8898
2018-01-02 02:09:00,-2.683462e-23,0.0,66.372925,357730.44,0.0,0.0,26.825,0.6677239,1.0,1.0,67.76257,0.0,0.0,0.0,-1.6033637e-13,-0.73826295,402.03287,1.60746,66.372925,55.184006,0.0,0.9,0.0,-1.7101903e-13,0.0,76.1362,64.71432,64.56172,65.51616,67.884476
2018-01-02 02:10:00,1.9322959e-23,0.0,66.372925,357730.44,0.0,0.0,26.825,0.6676147,1.0,1.0,67.76036,0.0,0.0,0.0,-1.6028526e-13,-0.7381354,402.03287,1.60746,66.372925,55.184006,0.0,0.9,0.0,-1.7096218e-13,0.0,76.13664,64.712395,64.56001,65.51369,67.87909
2018-01-02 02:11:00,9.343890000000001e-24,0.0,66.372925,357730.44,0.0,0.0,26.810003,0.6675055,1.0,1.0,67.75813,0.0,0.0,0.0,-1.6022763e-13,-0.7380181,402.03284,1.60746,66.372925,55.184006,0.0,0.9,0.0,-1.7090513e-13,0.0,76.13708,64.71042,64.55826,65.511154,67.87371
2018-01-02 02:12:00,-4.4935893e-23,0.0,66.372925,357730.44,0.0,0.0,26.795008,0.66739976,1.0,1.0,67.75593,0.0,0.0,0.0,-1.6017312e-13,-0.73789513,402.0328,1.60746,66.372925,55.184006,0.0,0.9,0.0,-1.7085305e-13,0.0,76.13751,64.708496,64.55655,65.50868,67.86838
2018-01-02 02:13:00,-1.4051085e-23,0.0,66.372925,357730.44,0.0,0.0,26.78001,0.6672905,1.0,1.0,67.75371,0.0,0.0,0.0,-1.6012518e-13,-0.7377831,402.03278,1.60746,66.372925,55.184006,0.0,0.9,0.0,-1.7079594e-13,0.0,76.1379,64.70657,64.554794,65.50621,67.86305
2018-01-02 02:14:00,-7.6343775e-23,0.0,66.372925,357730.44,0.0,0.0,26.765015,0.6671836,1.0,1.0,67.751465,0.0,0.0,0.0,-1.6006762e-13,-0.7376547,402.03275,1.60746,66.372925,55.184006,0.0,0.9,0.0,-1.7074059e-13,0.0,76.13829,64.70459,64.55309,65.503685,67.857666
2018-01-02 02:15:00,3.5568360000000004e-23,0.0,66.372925,357730.44,0.0,0.0,26.75002,0.6670709,1.0,1.0,67.74925,0.0,0.0,0.0,-1.6002103e-13,-0.73753977,402.0327,1.60746,66.372925,55.184006,0.0,0.9,0.0,-1.7068596e-13,0.0,76.13867,64.70267,64.55139,65.50121,67.85234
2018-01-02 02:16:00,-3.0322617e-23,0.0,66.372925,357730.44,0.0,0.0,26.735022,0.66696626,1.0,1.0,67.74704,0.0,0.0,0.0,-1.5996762e-13,-0.73741424,402.03268,1.60746,66.372925,55.184006,0.0,0.9,0.0,-1.7063083e-13,0.0,76.139114,64.7007,64.54964,65.49874,67.847015
2018-01-02 02:17:00,-9.256508e-25,0.0,66.372925,357730.44,0.0,0.0,26.705029,0.66685474,1.0,1.0,67.74481,0.0,0.0,0.0,-1.5991642e-13,-0.7372968,402.03265,1.60746,66.372925,55.184006,0.0,0.9,0.0,-1.7057356e-13,0.0,76.139435,64.69878,64.54793,65.496216,67.84169
2018-01-02 02:18:00,5.0646449999999996e-24,0.0,66.372925,357730.44,0.0,0.0,26.705029,0.6667467,1.0,1.0,67.74259,0.0,0.0,0.0,-1.598682e-13,-0.73717386,402.03265,1.60746,66.372925,55.184006,0.0,0.9,0.0,-1.7051891e-13,0.0,76.139824,64.69685,64.54617,65.493744,67.83636
2018-01-02 02:19:00,-6.546774e-23,0.0,66.372925,357730.44,0.0,0.0,26.690033,0.6666386,1.0,1.0,67.74037,0.0,0.0,0.0,-1.5981305e-13,-0.7370587,402.03262,1.60746,66.372925,55.184006,0.0,0.9,0.0,-1.704639e-13,0.0,76.14021,64.69487,64.544464,65.49127,67.831024
2018-01-02 02:20:00,-3.0554953e-23,0.0,66.372925,357730.44,0.0,0.0,26.675037,0.6665294,1.0,1.0,67.73814,0.0,0.0,0.0,-1.5976177e-13,-0.7369376,402.0326,1.60746,66.372925,55.184006,0.0,0.9,0.0,-1.7040866e-13,0.0,76.14053,64.69295,64.54271,65.48874,67.82576
2018-01-02 02:21:00,2.563734e-23,0.0,66.372925,357730.44,0.0,0.0,26.659985,0.6664225,1.0,1.0,67.735916,0.0,0.0,0.0,-1.5970768e-13,-0.7368226,402.03256,1.60746,66.372925,55.184006,0.0,0.9,0.0,-1.7035207e-13,0.0,76.14087,64.69097,64.54101,65.48627,67.82043
2018-01-02 02:22:00,1.3567032999999998e-23,0.0,66.372925,357730.44,0.0,0.0,26.644989,0.66631675,1.0,1.0,67.733696,0.0,0.0,0.0,-1.5965345e-13,-0.7366976,402.03253,1.60746,66.372925,55.184006,0.0,0.9,0.0,-1.7029807e-13,0.0,76.14125,64.68905,64.539246,65.483795,67.815155
2018-01-02 02:23:00,-2.2918023e-23,0.0,66.372925,357730.44,0.0,0.0,26.629993,0.66620517,1.0,1.0,67.73147,0.0,0.0,0.0,-1.596054e-13,-0.73657453,402.0325,1.60746,66.372925,55.184006,0.0,0.9,0.0,-1.7024308e-13,0.0,76.14159,64.687126,64.53755,65.48128,67.80983
2018-01-02 02:24:00,2.3024428e-23,0.0,66.372925,357730.44,0.0,0.0,26.6,0.6661006,1.0,1.0,67.72925,0.0,0.0,0.0,-1.5955259e-13,-0.7364614,402.03247,1.60746,66.372925,55.184006,0.0,0.9,0.0,-1.7018754e-13,0.0,76.14191,64.68515,64.53579,65.478806,67.80455
2018-01-02 02:25:00,-1.9787139e-23,0.0,66.372925,357730.44,0.0,0.0,26.585003,0.66599023,1.0,1.0,67.727005,0.0,0.0,0.0,-1.5950118e-13,-0.7363323,402.03247,1.60746,66.372925,55.184006,0.0,0.9,0.0,-1.701331e-13,0.0,76.14218,64.68323,64.53403,65.47633,67.79928
2018-01-02 02:26:00,-5.6162317e-24,0.0,66.372925,357730.44,0.0,0.0,26.585003,0.665881,1.0,1.0,67.72479,0.0,0.0,0.0,-1.5944783e-13,-0.73621935,402.03244,1.60746,66.372925,55.184006,0.0,0.9,0.0,-1.7007753e-13,0.0,76.14252,64.681305,64.53233,65.4738,67.79401
2018-01-02 02:27:00,2.8915992e-24,0.0,66.372925,357730.44,0.0,0.0,26.570007,0.6657729,1.0,1.0,67.722565,0.0,0.0,0.0,-1.5939572e-13,-0.73610395,402.03238,1.60746,66.372925,55.184006,0.0,0.9,0.0,-1.7002084e-13,0.0,76.142845,64.67932,64.53057,65.47133,67.78873
2018-01-02 02:28:00,3.7990867e-24,0.0,66.372925,357730.44,0.0,0.0,26.555012,0.6656649,1.0,1.0,67.72034,0.0,0.0,0.0,-1.593474e-13,-0.73597616,402.03235,1.60746,66.372925,55.184006,0.0,0.9,0.0,-1.6996678e-13,0.0,76.14312,64.6774,64.52887,65.4688,67.78346
2018-01-02 02:29:00,-8.937916e-24,0.0,66.372925,357730.44,0.0,0.0,26.540014,0.6655592,1.0,1.0,67.7181,0.0,0.0,0.0,-1.5929212e-13,-0.73586494,402.03232,1.60746,66.372925,55.184006,0.0,0.9,0.0,-1.699107e-13,0.0,76.143394,64.675476,64.527115,65.46633,67.77818
2018-01-02 02:30:00,1.834098e-23,0.0,66.372925,357730.44,0.0,0.0,26.525019,0.6654499,1.0,1.0,67.71587,0.0,0.0,0.0,-1.5924675e-13,-0.7357408,402.0323,1.60746,66.372925,55.184006,0.0,0.9,0.0,-1.6985739e-13,0.0,76.14372,64.67351,64.52535,65.46386,67.77291
2018-01-02 02:31:00,1.2797693e-24,0.0,66.372925,357730.44,0.0,0.0,26.510021,0.6653395,1.0,1.0,67.71363,0.0,0.0,0.0,-1.591941e-13,-0.7356329,402.03226,1.60746,66.372925,55.184006,0.0,0.9,0.0,-1.6980052e-13,0.0,76.144,64.671585,64.52365,65.46127,67.76764
2018-01-02 02:32:00,-3.0425217e-23,0.0,66.372925,357730.44,0.0,0.0,26.495026,0.66523266,1.0,1.0,67.71139,0.0,0.0,0.0,-1.5914134e-13,-0.735514,402.03223,1.60746,66.372925,55.184006,0.0,0.9,0.0,-1.6974318e-13,0.0,76.14427,64.6696,64.5219,65.458755,67.76242
2018-01-02 02:33:00,2.2359777999999998e-23,0.0,66.372925,357730.44,0.0,0.0,26.465033,0.6651269,1.0,1.0,67.709145,0.0,0.0,0.0,-1.5908771e-13,-0.7353813,402.03223,1.60746,66.372925,55.184006,0.0,0.9,0.0,-1.6969103e-13,0.0,76.14455,64.66768,64.520134,65.45622,67.75714
2018-01-02 02:34:00,-6.4024507000000006e-24,0.0,66.372925,357730.44,0.0,0.0,26.465033,0.6650165,1.0,1.0,67.70692,0.0,0.0,0.0,-1.5903781e-13,-0.7352715,402.0322,1.60746,66.372925,55.184006,0.0,0.9,0.0,-1.6963635e-13,0.0,76.14477,64.66576,64.51843,65.4537,67.75192
2018-01-02 02:35:00,-1.1046194e-23,0.0,66.372925,357730.44,0.0,0.0,26.450037,0.6649096,1.0,1.0,67.704666,0.0,0.0,0.0,-1.5897921e-13,-0.73514175,402.03217,1.60746,66.372925,55.184006,0.0,0.9,0.0,-1.6958123e-13,0.0,76.14504,64.66378,64.51668,65.45111,67.746704
2018-01-02 02:36:00,1.3131446e-23,0.0,66.372925,357730.44,0.0,0.0,26.434986,0.66480154,1.0,1.0,67.702415,0.0,0.0,0.0,-1.5893188e-13,-0.7350329,402.03214,1.60746,66.372925,55.184006,0.0,0.9,0.0,-1.6952428e-13,0.0,76.14526,64.66186,64.514915,65.44859,67.74144
2018-01-02 02:37:00,1.08510776e-23,0.0,66.372925,357730.44,0.0,0.0,26.419989,0.6646935,1.0,1.0,67.70018,0.0,0.0,0.0,-1.5888331e-13,-0.7349122,402.0321,1.60746,66.372925,55.184006,0.0,0.9,0.0,-1.6947113e-13,0.0,76.14554,64.659935,64.51315,65.44606,67.73622
2018-01-02 02:38:00,7.4429705e-24,0.0,66.372925,357730.44,0.0,0.0,26.404993,0.6645819,1.0,1.0,67.69794,0.0,0.0,0.0,-1.5883378e-13,-0.7347907,402.03207,1.60746,66.372925,55.184006,0.0,0.9,0.0,-1.6941502e-13,0.0,76.14575,64.65796,64.51146,65.443535,67.731
2018-01-02 02:39:00,3.6547113e-24,0.0,66.372925,357730.44,0.0,0.0,26.389996,0.66447735,1.0,1.0,67.6957,0.0,0.0,0.0,-1.5877856e-13,-0.73467034,402.03204,1.60746,66.372925,55.184006,0.0,0.9,0.0,-1.6936014e-13,0.0,76.14598,64.65604,64.5097,65.44101,67.725784
2018-01-02 02:40:00,-3.4517264e-24,0.0,66.372925,357730.44,0.0,0.0,26.375,0.6643693,1.0,1.0,67.69346,0.0,0.0,0.0,-1.5873026e-13,-0.73455346,402.03204,1.60746,66.372925,55.184006,0.0,0.9,0.0,-1.693042e-13,0.0,76.146194,64.65411,64.507935,65.43843,67.72061
2018-01-02 02:41:00,-1.6329519e-23,0.0,66.372925,357730.44,0.0,0.0,26.360004,0.66426,1.0,1.0,67.69121,0.0,0.0,0.0,-1.5867582e-13,-0.73443353,402.032,1.60746,66.372925,55.184006,0.0,0.9,0.0,-1.6924992e-13,0.0,76.146416,64.65213,64.50618,65.4359,67.71539
2018-01-02 02:42:00,-1.5145802999999998e-23,0.0,66.372925,357730.44,0.0,0.0,26.330011,0.6641555,1.0,1.0,67.688965,0.0,0.0,0.0,-1.5861927e-13,-0.73431283,402.03198,1.60746,66.372925,55.184006,0.0,0.9,0.0,-1.6919521e-13,0.0,76.14664,64.65021,64.504425,65.43337,67.710175
2018-01-02 02:43:00,2.8224705e-23,0.0,66.372925,357730.44,0.0,0.0,26.330011,0.6640474,1.0,1.0,67.68673,0.0,0.0,0.0,-1.5857233e-13,-0.7341883,402.03195,1.60746,66.372925,55.184006,0.0,0.9,0.0,-1.6914049e-13,0.0,76.14685,64.648285,64.50267,65.43085,67.70502
2018-01-02 02:44:00,-5.5155715e-24,0.0,66.372925,357730.44,0.0,0.0,26.315014,0.66393703,1.0,1.0,67.68449,0.0,0.0,0.0,-1.5852394e-13,-0.73407614,402.03192,1.60746,66.372925,55.184006,0.0,0.9,0.0,-1.6908623e-13,0.0,76.14708,64.64632,64.50091,65.428314,67.6998
2018-01-02 02:45:00,-3.8263982e-23,0.0,66.372925,357730.44,0.0,0.0,26.300018,0.66382664,1.0,1.0,67.68227,0.0,0.0,0.0,-1.5847439e-13,-0.733952,402.0319,1.60746,66.372925,55.184006,0.0,0.9,0.0,-1.690312e-13,0.0,76.14729,64.644394,64.49921,65.4258,67.69463
2018-01-02 02:46:00,-3.550529e-23,0.0,66.372925,357730.44,0.0,0.0,26.285023,0.6637209,1.0,1.0,67.68001,0.0,0.0,0.0,-1.5842036e-13,-0.7338316,402.03186,1.60746,66.372925,55.184006,0.0,0.9,0.0,-1.6897707e-13,0.0,76.14746,64.64247,64.49745,65.42321,67.689415
2018-01-02 02:47:00,5.6561459999999995e-24,0.0,66.372925,357730.44,0.0,0.0,26.270025,0.66361284,1.0,1.0,67.67775,0.0,0.0,0.0,-1.5836583e-13,-0.7337198,402.03183,1.60746,66.372925,55.184006,0.0,0.9,0.0,-1.689201e-13,0.0,76.14763,64.64049,64.49569,65.420685,67.68425
2018-01-02 02:48:00,-6.476503e-25,0.0,66.372925,357730.44,0.0,0.0,26.25503,0.6635083,1.0,1.0,67.675514,0.0,0.0,0.0,-1.5831587e-13,-0.7335964,402.03183,1.60746,66.372925,55.184006,0.0,0.9,0.0,-1.6886544e-13,0.0,76.14784,64.638565,64.49393,65.41815,67.67909
2018-01-02 02:49:00,2.8469631000000002e-24,0.0,66.372925,357730.44,0.0,0.0,26.240032,0.6634002,1.0,1.0,67.67327,0.0,0.0,0.0,-1.5826298e-13,-0.7334763,402.0318,1.60746,66.372925,55.184006,0.0,0.9,0.0,-1.6881176e-13,0.0,76.14801,64.63664,64.49217,65.415634,67.67392
2018-01-02 02:50:00,8.013726e-24,0.0,66.372925,357730.44,0.0,0.0,26.209986,0.66328865,1.0,1.0,67.67102,0.0,0.0,0.0,-1.5821136e-13,-0.7333575,402.03177,1.60746,66.372925,55.184006,0.0,0.9,0.0,-1.6875731e-13,0.0,76.14818,64.63467,64.49042,65.4131,67.66876
2018-01-02 02:51:00,-4.4785805e-23,0.0,66.372925,357730.44,0.0,0.0,26.209986,0.6631818,1.0,1.0,67.668785,0.0,0.0,0.0,-1.5816054e-13,-0.7332489,402.03174,1.60746,66.372925,55.184006,0.0,0.9,0.0,-1.6870145e-13,0.0,76.14834,64.632744,64.48866,65.410576,67.6636
2018-01-02 02:52:00,-1.8075725e-23,0.0,66.372925,357730.44,0.0,0.0,26.194988,0.6630748,1.0,1.0,67.66655,0.0,0.0,0.0,-1.5811206e-13,-0.7331175,402.0317,1.60746,66.372925,55.184006,0.0,0.9,0.0,-1.6864701e-13,0.0,76.1485,64.63082,64.4869,65.40805,67.65849
2018-01-02 02:53:00,1.4859790000000002e-23,0.0,66.372925,357730.44,0.0,0.0,26.179993,0.6629656,1.0,1.0,67.66429,0.0,0.0,0.0,-1.5805762e-13,-0.73299885,402.03168,1.60746,66.372925,55.184006,0.0,0.9,0.0,-1.6859262e-13,0.0,76.14867,64.628845,64.48514,65.40552,67.65332
2018-01-02 02:54:00,1.0416445e-25,0.0,66.372925,357730.44,0.0,0.0,26.164997,0.6628587,1.0,1.0,67.66206,0.0,0.0,0.0,-1.5800952e-13,-0.7328732,402.03165,1.60746,66.372925,55.184006,0.0,0.9,0.0,-1.6853747e-13,0.0,76.148834,64.62692,64.48338,65.403,67.64816
2018-01-02 02:55:00,3.351855e-23,0.0,66.372925,357730.44,0.0,0.0,26.15,0.6627541,1.0,1.0,67.65981,0.0,0.0,0.0,-1.579497e-13,-0.7327553,402.03165,1.60746,66.372925,55.184006,0.0,0.9,0.0,-1.6848129e-13,0.0,76.149,64.625,64.48163,65.40041,67.64305
2018-01-02 02:56:00,1.8266248e-23,0.0,66.372925,357730.44,0.0,0.0,26.135004,0.66264373,1.0,1.0,67.65757,0.0,0.0,0.0,-1.5790537e-13,-0.73264843,402.03162,1.60746,66.372925,55.184006,0.0,0.9,0.0,-1.6842699e-13,0.0,76.14911,64.62302,64.47987,65.39789,67.63794
2018-01-02 02:57:00,-1.0022069e-23,0.0,66.372925,357730.44,0.0,0.0,26.120007,0.66253686,1.0,1.0,67.65532,0.0,0.0,0.0,-1.5785302e-13,-0.7325208,402.0316,1.60746,66.372925,55.184006,0.0,0.9,0.0,-1.683733e-13,0.0,76.14928,64.62109,64.47811,65.395355,67.63278
2018-01-02 02:58:00,3.4150851999999997e-23,0.0,66.372925,357730.44,0.0,0.0,26.090015,0.6624288,1.0,1.0,67.653076,0.0,0.0,0.0,-1.5780053e-13,-0.7324043,402.03156,1.60746,66.372925,55.184006,0.0,0.9,0.0,-1.6831889e-13,0.0,76.14938,64.61917,64.4763,65.39284,67.62767
2018-01-02 02:59:00,-2.5981243e-23,0.0,66.372925,357730.44,0.0,0.0,26.090015,0.6623219,1.0,1.0,67.65084,0.0,0.0,0.0,-1.577513e-13,-0.73228675,402.03152,1.60746,66.372925,55.184006,0.0,0.9,0.0,-1.6826494e-13,0.0,76.14955,64.61725,64.47454,65.390305,67.62256
2018-01-02 03:00:00,-2.9838719000000002e-24,0.0,66.372925,357730.44,0.0,0.0,26.075018,0.66221726,1.0,1.0,67.64859,0.0,0.0,0.0,-1.5769687e-13,-0.732179,402.0315,1.60746,66.372925,55.184006,0.0,0.9,0.0,-1.6820823e-13,0.0,76.14966,64.61528,64.47278,65.38778,67.617455
2018-01-02 03:01:00,1.4220037e-23,0.0,66.372925,357730.44,0.0,0.0,26.060022,0.6621046,1.0,1.0,67.64635,0.0,0.0,0.0,-1.5765652e-13,-0.7320498,402.03146,1.60746,66.372925,55.184006,0.0,0.9,0.0,-1.681542e-13,0.0,76.149765,64.61336,64.47102,65.385254,67.61235
2018-01-02 03:02:00,-1.9039388e-23,0.0,66.372925,357730.44,0.0,0.0,26.075018,0.66199887,1.0,1.0,67.64412,0.0,0.0,0.0,-1.576009e-13,-0.73192286,402.03146,1.60746,66.372925,55.184006,0.0,0.9,0.0,-1.6810139e-13,0.0,76.14993,64.611435,64.46927,65.38272,67.60724
2018-01-02 03:03:00,3.1928355999999997e-23,0.0,66.372925,357730.44,0.0,0.0,26.090015,0.66189194,1.0,1.0,67.64189,0.0,0.0,0.0,-1.5754519e-13,-0.73180586,402.03143,1.60746,66.372925,55.184006,0.0,0.9,0.0,-1.6804429e-13,0.0,76.15004,64.60951,64.467514,65.38025,67.60219
2018-01-02 03:04:00,-3.4164906e-23,0.0,66.372925,357730.44,0.0,0.0,26.105011,0.6617839,1.0,1.0,67.63968,0.0,0.0,0.0,-1.5749504e-13,-0.7316973,402.0314,1.60746,66.372925,55.184006,0.0,0.9,0.0,-1.6798913e-13,0.0,76.15015,64.60759,64.465805,65.37773,67.59713
2018-01-02 03:05:00,1.6660414e-23,0.0,66.372925,357730.44,0.0,0.0,26.120007,0.661677,1.0,1.0,67.63747,0.0,0.0,0.0,-1.5744608e-13,-0.7315736,402.03137,1.60746,66.372925,55.184006,0.0,0.9,0.0,-1.6793712e-13,0.0,76.15026,64.60567,64.4641,65.37526,67.59207
2018-01-02 03:06:00,-1.0206093e-23,0.0,66.372925,357730.44,0.0,0.0,26.15,0.66156775,1.0,1.0,67.63529,0.0,0.0,0.0,-1.573913e-13,-0.73145527,402.03134,1.60746,66.372925,55.184006,0.0,0.9,0.0,-1.6788101e-13,0.0,76.150375,64.60379,64.4624,65.37279,67.58708
2018-01-02 03:07:00,3.7109835e-23,0.0,66.372925,357730.44,0.0,0.0,26.15,0.6614609,1.0,1.0,67.633095,0.0,0.0,0.0,-1.5734114e-13,-0.7313402,402.03128,1.60746,66.372925,55.184006,0.0,0.9,0.0,-1.6782681e-13,0.0,76.15042,64.60193,64.46069,65.370316,67.58208
2018-01-02 03:08:00,-9.439459e-24,0.0,66.372925,357730.44,0.0,0.0,26.164997,0.6613551,1.0,1.0,67.6309,0.0,0.0,0.0,-1.5729016e-13,-0.73121995,402.03125,1.60746,66.372925,55.184006,0.0,0.9,0.0,-1.6777449e-13,0.0,76.150536,64.600006,64.459,65.36784,67.57708
2018-01-02 03:09:00,3.6907492e-23,0.0,66.372925,357730.44,0.0,0.0,26.179993,0.661247,1.0,1.0,67.62873,0.0,0.0,0.0,-1.5723982e-13,-0.73110384,402.03125,1.60746,66.372925,55.184006,0.0,0.9,0.0,-1.6771826e-13,0.0,76.15065,64.59814,64.45735,65.36537,67.572136
2018-01-02 03:10:00,-2.0947278e-23,0.0,66.372925,357730.44,0.0,0.0,26.194988,0.6611378,1.0,1.0,67.626564,0.0,0.0,0.0,-1.5718904e-13,-0.73098284,402.03122,1.60746,66.372925,55.184006,0.0,0.9,0.0,-1.6766468e-13,0.0,76.150696,64.59627,64.4557,65.362946,67.56719
2018-01-02 03:11:00,-5.2252800000000005e-24,0.0,66.372925,357730.44,0.0,0.0,26.209986,0.66102976,1.0,1.0,67.62441,0.0,0.0,0.0,-1.5713757e-13,-0.73086053,402.0312,1.60746,66.372925,55.184006,0.0,0.9,0.0,-1.6760936e-13,0.0,76.15081,64.59445,64.454056,65.36047,67.56225
2018-01-02 03:12:00,3.2556451e-24,0.0,66.372925,357730.44,0.0,0.0,26.225037,0.660924,1.0,1.0,67.62227,0.0,0.0,0.0,-1.570889e-13,-0.7307413,402.03116,1.60746,66.372925,55.184006,0.0,0.9,0.0,-1.675553e-13,0.0,76.15086,64.59264,64.45241,65.35806,67.55736
2018-01-02 03:13:00,-4.017351e-24,0.0,66.372925,357730.44,0.0,0.0,26.25503,0.6608183,1.0,1.0,67.62013,0.0,0.0,0.0,-1.570395e-13,-0.73062164,402.03113,1.60746,66.372925,55.184006,0.0,0.9,0.0,-1.6750151e-13,0.0,76.15097,64.590775,64.45076,65.355644,67.552475
2018-01-02 03:14:00,6.2710742e-24,0.0,66.372925,357730.44,0.0,0.0,26.270025,0.6607091,1.0,1.0,67.61801,0.0,0.0,0.0,-1.5698486e-13,-0.7305035,402.0311,1.60746,66.372925,55.184006,0.0,0.9,0.0,-1.674476e-13,0.0,76.15103,64.58902,64.44916,65.35329,67.54758
2018-01-02 03:15:00,-1.02282435e-23,0.0,66.372925,357730.44,0.0,0.0,26.270025,0.6605998,1.0,1.0,67.61589,0.0,0.0,0.0,-1.5694138e-13,-0.7303892,402.03107,1.60746,66.372925,55.184006,0.0,0.9,0.0,-1.6739207e-13,0.0,76.151085,64.587204,64.44757,65.35086,67.54275
2018-01-02 03:16:00,-1.4740969e-23,0.0,66.372925,357730.44,0.0,0.0,26.285023,0.6604952,1.0,1.0,67.613785,0.0,0.0,0.0,-1.5688479e-13,-0.7302675,402.03107,1.60746,66.372925,55.184006,0.0,0.9,0.0,-1.6733771e-13,0.0,76.1512,64.58539,64.44598,65.34845,67.53792
2018-01-02 03:17:00,-3.2334063999999996e-23,0.0,66.372925,357730.44,0.0,0.0,26.300018,0.660386,1.0,1.0,67.611694,0.0,0.0,0.0,-1.5683188e-13,-0.7301406,402.03104,1.60746,66.372925,55.184006,0.0,0.9,0.0,-1.6728338e-13,0.0,76.151245,64.58363,64.44444,65.346085,67.53308
2018-01-02 03:18:00,1.372398e-23,0.0,66.372925,357730.44,0.0,0.0,26.315014,0.66027796,1.0,1.0,67.6096,0.0,0.0,0.0,-1.5678227e-13,-0.73003143,402.031,1.60746,66.372925,55.184006,0.0,0.9,0.0,-1.6722841e-13,0.0,76.151306,64.58182,64.4429,65.34372,67.528244
2018-01-02 03:19:00,3.50058e-23,0.0,66.372925,357730.44,0.0,0.0,26.330011,0.6601734,1.0,1.0,67.60751,0.0,0.0,0.0,-1.5673094e-13,-0.7299088,402.03098,1.60746,66.372925,55.184006,0.0,0.9,0.0,-1.6717442e-13,0.0,76.15136,64.58006,64.44131,65.34136,67.52347
2018-01-02 03:20:00,-1.6964749e-23,0.0,66.372925,357730.44,0.0,0.0,26.345007,0.6600653,1.0,1.0,67.605446,0.0,0.0,0.0,-1.5667909e-13,-0.7297892,402.03094,1.60746,66.372925,55.184006,0.0,0.9,0.0,-1.6712047e-13,0.0,76.15141,64.57831,64.43982,65.339005,67.51869
2018-01-02 03:21:00,6.331795e-24,0.0,66.372925,357730.44,0.0,0.0,26.360004,0.65995955,1.0,1.0,67.60339,0.0,0.0,0.0,-1.5662951e-13,-0.72968197,402.0309,1.60746,66.372925,55.184006,0.0,0.9,0.0,-1.6706586e-13,0.0,76.151474,64.57655,64.438286,65.33669,67.51396
2018-01-02 03:22:00,-1.1960609e-24,0.0,66.372925,357730.44,0.0,0.0,26.389996,0.6598527,1.0,1.0,67.601364,0.0,0.0,0.0,-1.5657232e-13,-0.72956276,402.03088,1.60746,66.372925,55.184006,0.0,0.9,0.0,-1.6701256e-13,0.0,76.15152,64.574844,64.4368,65.33438,67.50924
2018-01-02 03:23:00,-5.583860399999999e-23,0.0,66.372925,357730.44,0.0,0.0,26.389996,0.6597458,1.0,1.0,67.5993,0.0,0.0,0.0,-1.5652403e-13,-0.7294326,402.03088,1.60746,66.372925,55.184006,0.0,0.9,0.0,-1.669575e-13,0.0,76.15158,64.57309,64.435265,65.33202,67.50452
2018-01-02 03:24:00,2.2974398e-23,0.0,66.372925,357730.44,0.0,0.0,26.404993,0.6596365,1.0,1.0,67.59726,0.0,0.0,0.0,-1.5647408e-13,-0.7293245,402.03085,1.60746,66.372925,55.184006,0.0,0.9,0.0,-1.6690386e-13,0.0,76.15158,64.57138,64.43378,65.32971,67.49985
2018-01-02 03:25:00,-2.6849364e-23,0.0,66.372925,357730.44,0.0,0.0,26.419989,0.6595296,1.0,1.0,67.59523,0.0,0.0,0.0,-1.5642911e-13,-0.7292107,402.03082,1.60746,66.372925,55.184006,0.0,0.9,0.0,-1.6684934e-13,0.0,76.151634,64.569626,64.43236,65.32741,67.49512
2018-01-02 03:26:00,2.860067e-23,0.0,66.372925,357730.44,0.0,0.0,26.434986,0.65942276,1.0,1.0,67.59323,0.0,0.0,0.0,-1.5637985e-13,-0.7290853,402.0308,1.60746,66.372925,55.184006,0.0,0.9,0.0,-1.6679388e-13,0.0,76.15169,64.567924,64.43087,65.32516,67.49051
2018-01-02 03:27:00,3.2901880000000003e-23,0.0,66.372925,357730.44,0.0,0.0,26.450037,0.6593159,1.0,1.0,67.591225,0.0,0.0,0.0,-1.5631927e-13,-0.72896475,402.03076,1.60746,66.372925,55.184006,0.0,0.9,0.0,-1.6674097e-13,0.0,76.15175,64.56622,64.42944,65.322845,67.48584
2018-01-02 03:28:00,9.386259e-24,0.0,66.372925,357730.44,0.0,0.0,26.465033,0.6592089,1.0,1.0,67.58923,0.0,0.0,0.0,-1.5627495e-13,-0.72884506,402.03073,1.60746,66.372925,55.184006,0.0,0.9,0.0,-1.6668667e-13,0.0,76.15175,64.564575,64.42801,65.3206,67.481224
2018-01-02 03:29:00,-4.414953e-24,0.0,66.372925,357730.44,0.0,0.0,26.48003,0.6591009,1.0,1.0,67.58724,0.0,0.0,0.0,-1.5622195e-13,-0.7287297,402.0307,1.60746,66.372925,55.184006,0.0,0.9,0.0,-1.6663152e-13,0.0,76.151794,64.56287,64.42659,65.318344,67.47661
2018-01-02 03:30:00,-2.4224934e-23,0.0,66.372925,357730.44,0.0,0.0,26.510021,0.6589928,1.0,1.0,67.585266,0.0,0.0,0.0,-1.5617333e-13,-0.7286005,402.0307,1.60746,66.372925,55.184006,0.0,0.9,0.0,-1.665782e-13,0.0,76.151794,64.56122,64.42522,65.31609,67.472
2018-01-02 03:31:00,-1.9260632e-23,0.0,66.372925,357730.44,0.0,0.0,26.510021,0.6588871,1.0,1.0,67.58329,0.0,0.0,0.0,-1.5612388e-13,-0.7284916,402.03067,1.60746,66.372925,55.184006,0.0,0.9,0.0,-1.6652462e-13,0.0,76.151855,64.559525,64.42378,65.31384,67.46744
2018-01-02 03:32:00,3.8534672e-23,0.0,66.372925,357730.44,0.0,0.0,26.525019,0.65878016,1.0,1.0,67.58134,0.0,0.0,0.0,-1.560692e-13,-0.7283736,402.03064,1.60746,66.372925,55.184006,0.0,0.9,0.0,-1.6646965e-13,0.0,76.151855,64.55788,64.42241,65.311646,67.462875
2018-01-02 03:33:00,8.166633e-24,0.0,66.372925,357730.44,0.0,0.0,26.540014,0.6586732,1.0,1.0,67.579384,0.0,0.0,0.0,-1.560145e-13,-0.7282449,402.0306,1.60746,66.372925,55.184006,0.0,0.9,0.0,-1.6641708e-13,0.0,76.15191,64.55623,64.421036,65.30939,67.458374
2018-01-02 03:34:00,3.5621093e-23,0.0,66.372925,357730.44,0.0,0.0,26.555012,0.6585687,1.0,1.0,67.57747,0.0,0.0,0.0,-1.5596366e-13,-0.72813475,402.03058,1.60746,66.372925,55.184006,0.0,0.9,0.0,-1.6636352e-13,0.0,76.15191,64.55463,64.41972,65.30719,67.45387
2018-01-02 03:35:00,1.7782282e-23,0.0,66.372925,357730.44,0.0,0.0,26.570007,0.6584618,1.0,1.0,67.575516,0.0,0.0,0.0,-1.559137e-13,-0.72802275,402.03055,1.60746,66.372925,55.184006,0.0,0.9,0.0,-1.663078e-13,0.0,76.15191,64.55298,64.41835,65.30499,67.44936
2018-01-02 03:36:00,1.4830626e-23,0.0,66.372925,357730.44,0.0,0.0,26.585003,0.6583549,1.0,1.0,67.57359,0.0,0.0,0.0,-1.5586808e-13,-0.72789764,402.03052,1.60746,66.372925,55.184006,0.0,0.9,0.0,-1.6625449e-13,0.0,76.15196,64.55133,64.41702,65.302795,67.444855
2018-01-02 03:37:00,4.3921170000000003e-23,0.0,66.372925,357730.44,0.0,0.0,26.614996,0.6582433,1.0,1.0,67.57169,0.0,0.0,0.0,-1.5582369e-13,-0.7277745,402.03052,1.60746,66.372925,55.184006,0.0,0.9,0.0,-1.6620056e-13,0.0,76.15196,64.54974,64.41571,65.3006,67.440414
2018-01-02 03:38:00,2.4231332999999998e-23,0.0,66.372925,357730.44,0.0,0.0,26.629993,0.65813875,1.0,1.0,67.569786,0.0,0.0,0.0,-1.5576704e-13,-0.72765607,402.0305,1.60746,66.372925,55.184006,0.0,0.9,0.0,-1.6614675e-13,0.0,76.15196,64.54815,64.41439,65.29846,67.43596
2018-01-02 03:39:00,2.5043860000000003e-23,0.0,66.372925,357730.44,0.0,0.0,26.629993,0.6580319,1.0,1.0,67.567894,0.0,0.0,0.0,-1.5571817e-13,-0.7275451,402.03046,1.60746,66.372925,55.184006,0.0,0.9,0.0,-1.6609114e-13,0.0,76.15196,64.546555,64.41313,65.29632,67.43151
2018-01-02 03:40:00,5.6661713e-24,0.0,66.372925,357730.44,0.0,0.0,26.644989,0.65792495,1.0,1.0,67.565994,0.0,0.0,0.0,-1.5566883e-13,-0.7274328,402.03043,1.60746,66.372925,55.184006,0.0,0.9,0.0,-1.6603724e-13,0.0,76.15196,64.54497,64.411804,65.29412,67.42712
2018-01-02 03:41:00,-3.4936622000000004e-24,0.0,66.372925,357730.44,0.0,0.0,26.659985,0.65782034,1.0,1.0,67.564125,0.0,0.0,0.0,-1.5560795e-13,-0.72731423,402.0304,1.60746,66.372925,55.184006,0.0,0.9,0.0,-1.6598328e-13,0.0,76.15202,64.543365,64.410545,65.29198,67.42272
2018-01-02 03:42:00,-6.4405697000000005e-24,0.0,66.372925,357730.44,0.0,0.0,26.675037,0.6577135,1.0,1.0,67.56228,0.0,0.0,0.0,-1.555646e-13,-0.7271921,402.03036,1.60746,66.372925,55.184006,0.0,0.9,0.0,-1.6593111e-13,0.0,76.15202,64.54183,64.40933,65.28989,67.41833
2018-01-02 03:43:00,-5.876457000000001e-23,0.0,66.372925,357730.44,0.0,0.0,26.690033,0.6576043,1.0,1.0,67.56041,0.0,0.0,0.0,-1.5551513e-13,-0.7270733,402.03033,1.60746,66.372925,55.184006,0.0,0.9,0.0,-1.6587518e-13,0.0,76.15202,64.54024,64.40807,65.28775,67.41399
2018-01-02 03:44:00,-2.4045583e-23,0.0,66.372925,357730.44,0.0,0.0,26.705029,0.6575031,1.0,1.0,67.55858,0.0,0.0,0.0,-1.554621e-13,-0.7269619,402.03033,1.60746,66.372925,55.184006,0.0,0.9,0.0,-1.6582117e-13,0.0,76.15202,64.5387,64.40686,65.28566,67.40965
2018-01-02 03:45:00,-1.4384363e-23,0.0,66.372925,357730.44,0.0,0.0,26.735022,0.6573928,1.0,1.0,67.55672,0.0,0.0,0.0,-1.5541222e-13,-0.7268473,402.0303,1.60746,66.372925,55.184006,0.0,0.9,0.0,-1.6576833e-13,0.0,76.15202,64.53716,64.4056,65.28352,67.405304
2018-01-02 03:46:00,1.1356379e-23,0.0,66.372925,357730.44,0.0,0.0,26.75002,0.6572882,1.0,1.0,67.5549,0.0,0.0,0.0,-1.5536174e-13,-0.72672164,402.03027,1.60746,66.372925,55.184006,0.0,0.9,0.0,-1.6571591e-13,0.0,76.15202,64.53563,64.40439,65.28143,67.401024
2018-01-02 03:47:00,5.3191605e-24,0.0,66.372925,357730.44,0.0,0.0,26.75002,0.65717894,1.0,1.0,67.5531,0.0,0.0,0.0,-1.5531237e-13,-0.7266037,402.03024,1.60746,66.372925,55.184006,0.0,0.9,0.0,-1.6566041e-13,0.0,76.15202,64.53409,64.403244,65.2794,67.39674
2018-01-02 03:48:00,3.4165913e-24,0.0,66.372925,357730.44,0.0,0.0,26.765015,0.65707207,1.0,1.0,67.551285,0.0,0.0,0.0,-1.5525744e-13,-0.7264816,402.03018,1.60746,66.372925,55.184006,0.0,0.9,0.0,-1.656077e-13,0.0,76.15202,64.53261,64.40203,65.27731,67.392456
2018-01-02 03:49:00,-2.5764484e-23,0.0,66.372925,357730.44,0.0,0.0,26.78001,0.6569663,1.0,1.0,67.54948,0.0,0.0,0.0,-1.552063e-13,-0.7263715,402.03015,1.60746,66.372925,55.184006,0.0,0.9,0.0,-1.6555224e-13,0.0,76.15196,64.53107,64.40088,65.27522,67.38823
2018-01-02 03:50:00,-3.6937753e-24,0.0,66.372925,357730.44,0.0,0.0,26.795008,0.6568571,1.0,1.0,67.54769,0.0,0.0,0.0,-1.5516229e-13,-0.7262576,402.03012,1.60746,66.372925,55.184006,0.0,0.9,0.0,-1.6549851e-13,0.0,76.15196,64.52959,64.39972,65.27319,67.383995
2018-01-02 03:51:00,2.1695240000000003e-25,0.0,66.372925,357730.44,0.0,0.0,26.810003,0.65675366,1.0,1.0,67.54591,0.0,0.0,0.0,-1.5510844e-13,-0.72614145,402.03012,1.60746,66.372925,55.184006,0.0,0.9,0.0,-1.6544521e-13,0.0,76.15196,64.5281,64.398575,65.271164,67.37976
2018-01-02 03:52:00,3.1665808e-23,0.0,66.372925,357730.44,0.0,0.0,26.825,0.6566456,1.0,1.0,67.54414,0.0,0.0,0.0,-1.5505963e-13,-0.7260174,402.0301,1.60746,66.372925,55.184006,0.0,0.9,0.0,-1.6539199e-13,0.0,76.15196,64.52661,64.39748,65.26913,67.375534
2018-01-02 03:53:00,1.6885213e-23,0.0,66.372925,357730.44,0.0,0.0,26.839996,0.65653986,1.0,1.0,67.54237,0.0,0.0,0.0,-1.5501145e-13,-0.72589517,402.03006,1.60746,66.372925,55.184006,0.0,0.9,0.0,-1.6533644e-13,0.0,76.15196,64.52513,64.39632,65.26709,67.37136
2018-01-02 03:54:00,2.6174001e-23,0.0,66.372925,357730.44,0.0,0.0,26.86999,0.656433,1.0,1.0,67.54063,0.0,0.0,0.0,-1.5495979e-13,-0.7257752,402.03003,1.60746,66.372925,55.184006,0.0,0.9,0.0,-1.6528532e-13,0.0,76.15191,64.523705,64.39522,65.26506,67.36724
2018-01-02 03:55:00,4.3290803e-23,0.0,66.372925,357730.44,0.0,0.0,26.86999,0.65632606,1.0,1.0,67.53888,0.0,0.0,0.0,-1.5490597e-13,-0.7256539,402.03,1.60746,66.372925,55.184006,0.0,0.9,0.0,-1.6523172e-13,0.0,76.15191,64.52222,64.39412,65.263084,67.36307
2018-01-02 03:56:00,8.488171e-24,0.0,66.372925,357730.44,0.0,0.0,26.884985,0.656218,1.0,1.0,67.53717,0.0,0.0,0.0,-1.5486191e-13,-0.72554207,402.02997,1.60746,66.372925,55.184006,0.0,0.9,0.0,-1.6517809e-13,0.0,76.15191,64.5208,64.39308,65.26111,67.35895
2018-01-02 03:57:00,2.0900730000000002e-23,0.0,66.372925,357730.44,0.0,0.0,26.900036,0.6561146,1.0,1.0,67.53543,0.0,0.0,0.0,-1.5480621e-13,-0.7254288,402.02994,1.60746,66.372925,55.184006,0.0,0.9,0.0,-1.6512293e-13,0.0,76.151855,64.51936,64.39198,65.259125,67.35483
2018-01-02 03:58:00,2.6246256999999998e-23,0.0,66.372925,357730.44,0.0,0.0,26.915033,0.6560054,1.0,1.0,67.533714,0.0,0.0,0.0,-1.547556e-13,-0.7253066,402.02994,1.60746,66.372925,55.184006,0.0,0.9,0.0,-1.6506975e-13,0.0,76.151855,64.51794,64.39093,65.25716,67.35071
2018-01-02 03:59:00,2.2137153999999998e-23,0.0,66.372925,357730.44,0.0,0.0,26.930029,0.65590197,1.0,1.0,67.53201,0.0,0.0,0.0,-1.5470535e-13,-0.7251938,402.0299,1.60746,66.372925,55.184006,0.0,0.9,0.0,-1.6501572e-13,0.0,76.151855,64.51651,64.38989,65.25517,67.34664
2018-01-02 04:00:00,3.2806080000000003e-23,0.0,66.372925,357730.44,0.0,0.0,26.945026,0.6557927,1.0,1.0,67.53031,0.0,0.0,0.0,-1.5465392e-13,-0.7250667,402.02988,1.60746,66.372925,55.184006,0.0,0.9,0.0,-1.6496228e-13,0.0,76.151794,64.515076,64.38885,65.25325,67.342575
2018-01-02 04:01:00,5.1708176e-23,0.0,66.372925,357730.44,0.0,0.0,26.960022,0.655687,1.0,1.0,67.52864,0.0,0.0,0.0,-1.5461436e-13,-0.7249542,402.02985,1.60746,66.372925,55.184006,0.0,0.9,0.0,-1.6490974e-13,0.0,76.151794,64.5137,64.38786,65.251274,67.33856
2018-01-02 04:02:00,3.8225740000000005e-23,0.0,66.372925,357730.44,0.0,0.0,27.06203,0.6555801,1.0,1.0,67.52694,0.0,0.0,0.0,-1.5455375e-13,-0.72483575,402.02982,1.60746,66.372925,55.184006,0.0,0.9,0.0,-1.6485552e-13,0.0,76.15175,64.51228,64.38681,65.24935,67.3345
2018-01-02 04:03:00,9.6837575e-24,0.0,66.372925,357730.44,0.0,0.0,27.06203,0.6554732,1.0,1.0,67.52528,0.0,0.0,0.0,-1.5450389e-13,-0.72471595,402.0298,1.60746,66.372925,55.184006,0.0,0.9,0.0,-1.6480137e-13,0.0,76.15175,64.51091,64.385826,65.24743,67.33049
2018-01-02 04:04:00,-7.31281e-24,0.0,66.372925,357730.44,0.0,0.0,27.113007,0.65536743,1.0,1.0,67.523605,0.0,0.0,0.0,-1.5445467e-13,-0.7246046,402.02975,1.60746,66.372925,55.184006,0.0,0.9,0.0,-1.647484e-13,0.0,76.15169,64.50954,64.38484,65.24551,67.32648
2018-01-02 04:05:00,1.935055e-23,0.0,66.372925,357730.44,0.0,0.0,27.164038,0.6552594,1.0,1.0,67.52196,0.0,0.0,0.0,-1.5440432e-13,-0.724491,402.02975,1.60746,66.372925,55.184006,0.0,0.9,0.0,-1.6469421e-13,0.0,76.15169,64.50816,64.38385,65.24358,67.32247
2018-01-02 04:06:00,2.6868150000000004e-23,0.0,66.372925,357730.44,0.0,0.0,27.215015,0.65515596,1.0,1.0,67.5203,0.0,0.0,0.0,-1.5435648e-13,-0.7243615,402.02972,1.60746,66.372925,55.184006,0.0,0.9,0.0,-1.6464159e-13,0.0,76.151634,64.50679,64.38292,65.24166,67.31851
2018-01-02 04:07:00,8.634358e-24,0.0,66.372925,357730.44,0.0,0.0,27.265991,0.65504676,1.0,1.0,67.51868,0.0,0.0,0.0,-1.5430684e-13,-0.72423965,402.0297,1.60746,66.372925,55.184006,0.0,0.9,0.0,-1.6458863e-13,0.0,76.151634,64.50546,64.38198,65.23979,67.31451
2018-01-02 04:08:00,-2.6650804e-23,0.0,66.372925,357730.44,0.0,0.0,27.317022,0.654941,1.0,1.0,67.51701,0.0,0.0,0.0,-1.5425454e-13,-0.72413045,402.02966,1.60746,66.372925,55.184006,0.0,0.9,0.0,-1.6453309e-13,0.0,76.15158,64.50409,64.381,65.23787,67.31055
2018-01-02 04:09:00,-1.0686001e-23,0.0,66.372925,357730.44,0.0,0.0,27.419031,0.6548352,1.0,1.0,67.51542,0.0,0.0,0.0,-1.5420725e-13,-0.72401494,402.02963,1.60746,66.372925,55.184006,0.0,0.9,0.0,-1.6448125e-13,0.0,76.15158,64.50278,64.38011,65.23601,67.306595
2018-01-02 04:10:00,1.3735002e-23,0.0,66.372925,357730.44,0.0,0.0,27.470007,0.6547295,1.0,1.0,67.51379,0.0,0.0,0.0,-1.5415687e-13,-0.723894,402.0296,1.60746,66.372925,55.184006,0.0,0.9,0.0,-1.644275e-13,0.0,76.15152,64.50146,64.37918,65.23413,67.30264
2018-01-02 04:11:00,6.988858e-24,0.0,66.372925,357730.44,0.0,0.0,27.470007,0.6546226,1.0,1.0,67.51216,0.0,0.0,0.0,-1.541058e-13,-0.7237722,402.02957,1.60746,66.372925,55.184006,0.0,0.9,0.0,-1.6437554e-13,0.0,76.151474,64.50014,64.378296,65.23221,67.29869
2018-01-02 04:12:00,4.0972568e-24,0.0,66.372925,357730.44,0.0,0.0,27.520985,0.6545169,1.0,1.0,67.51056,0.0,0.0,0.0,-1.5405273e-13,-0.72366375,402.02957,1.60746,66.372925,55.184006,0.0,0.9,0.0,-1.6432042e-13,0.0,76.151474,64.498825,64.377365,65.23035,67.294785
2018-01-02 04:13:00,2.5013233e-23,0.0,66.372925,357730.44,0.0,0.0,27.572016,0.6544076,1.0,1.0,67.50896,0.0,0.0,0.0,-1.5400387e-13,-0.7235384,402.02954,1.60746,66.372925,55.184006,0.0,0.9,0.0,-1.642681e-13,0.0,76.15141,64.4975,64.37649,65.22848,67.290886
2018-01-02 04:14:00,5.7104679999999996e-24,0.0,66.372925,357730.44,0.0,0.0,27.622992,0.6543019,1.0,1.0,67.507385,0.0,0.0,0.0,-1.5395832e-13,-0.7234182,402.0295,1.60746,66.372925,55.184006,0.0,0.9,0.0,-1.642159e-13,0.0,76.15136,64.49624,64.37566,65.22667,67.28699
2018-01-02 04:15:00,6.627194e-24,0.0,66.372925,357730.44,0.0,0.0,27.674023,0.65419847,1.0,1.0,67.50578,0.0,0.0,0.0,-1.5390548e-13,-0.7233024,402.02948,1.60746,66.372925,55.184006,0.0,0.9,0.0,-1.641628e-13,0.0,76.15136,64.49492,64.37479,65.22479,67.28308
2018-01-02 04:16:00,-1.5773983999999998e-23,0.0,66.372925,357730.44,0.0,0.0,27.725,0.6540881,1.0,1.0,67.50421,0.0,0.0,0.0,-1.5386008e-13,-0.7231855,402.02945,1.60746,66.372925,55.184006,0.0,0.9,0.0,-1.6410771e-13,0.0,76.151306,64.49365,64.37396,65.22293,67.27919
2018-01-02 04:17:00,-2.0772464e-23,0.0,66.372925,357730.44,0.0,0.0,27.827007,0.6539882,1.0,1.0,67.50265,0.0,0.0,0.0,-1.5380252e-13,-0.72307515,402.02942,1.60746,66.372925,55.184006,0.0,0.9,0.0,-1.640536e-13,0.0,76.151245,64.49239,64.37314,65.221115,67.275345
2018-01-02 04:18:00,3.968494e-23,0.0,66.372925,357730.44,0.0,0.0,27.877985,0.6538801,1.0,1.0,67.5011,0.0,0.0,0.0,-1.537571e-13,-0.72295487,402.02942,1.60746,66.372925,55.184006,0.0,0.9,0.0,-1.6399962e-13,0.0,76.151245,64.491135,64.372314,65.2193,67.2715
2018-01-02 04:19:00,-2.6506342e-23,0.0,66.372925,357730.44,0.0,0.0,27.877985,0.65377086,1.0,1.0,67.499535,0.0,0.0,0.0,-1.5370843e-13,-0.72283304,402.0294,1.60746,66.372925,55.184006,0.0,0.9,0.0,-1.6394857e-13,0.0,76.1512,64.48992,64.37149,65.21744,67.267654
2018-01-02 04:20:00,-7.119350000000001e-24,0.0,66.372925,357730.44,0.0,0.0,27.929016,0.6536663,1.0,1.0,67.497986,0.0,0.0,0.0,-1.5365186e-13,-0.72272485,402.02936,1.60746,66.372925,55.184006,0.0,0.9,0.0,-1.6389392e-13,0.0,76.15114,64.48866,64.37072,65.21562,67.26381
2018-01-02 04:21:00,-3.2974925e-23,0.0,66.372925,357730.44,0.0,0.0,27.979992,0.6535606,1.0,1.0,67.49646,0.0,0.0,0.0,-1.5360697e-13,-0.7226115,402.02933,1.60746,66.372925,55.184006,0.0,0.9,0.0,-1.6384032e-13,0.0,76.151085,64.48745,64.36995,65.213806,67.26001
2018-01-02 04:22:00,1.7848543e-23,0.0,66.372925,357730.44,0.0,0.0,28.031025,0.65345365,1.0,1.0,67.49492,0.0,0.0,0.0,-1.5355143e-13,-0.72248703,402.0293,1.60746,66.372925,55.184006,0.0,0.9,0.0,-1.6378798e-13,0.0,76.15103,64.48624,64.36919,65.212,67.256165
2018-01-02 04:23:00,9.681481e-24,0.0,66.372925,357730.44,0.0,0.0,28.082,0.6533479,1.0,1.0,67.49342,0.0,0.0,0.0,-1.5350918e-13,-0.72236353,402.02927,1.60746,66.372925,55.184006,0.0,0.9,0.0,-1.6373526e-13,0.0,76.15103,64.48503,64.36841,65.210236,67.25238
2018-01-02 04:24:00,-2.4037205000000003e-24,0.0,66.372925,357730.44,0.0,0.0,28.133032,0.6532445,1.0,1.0,67.4919,0.0,0.0,0.0,-1.5345222e-13,-0.72225964,402.02924,1.60746,66.372925,55.184006,0.0,0.9,0.0,-1.6368215e-13,0.0,76.15097,64.483826,64.367645,65.20843,67.24859
2018-01-02 04:25:00,-7.766789e-24,0.0,66.372925,357730.44,0.0,0.0,28.18401,0.65313643,1.0,1.0,67.4904,0.0,0.0,0.0,-1.5340558e-13,-0.7221312,402.02924,1.60746,66.372925,55.184006,0.0,0.9,0.0,-1.6362875e-13,0.0,76.150925,64.48262,64.36693,65.206665,67.24486
2018-01-02 04:26:00,-5.0169622e-23,0.0,66.372925,357730.44,0.0,0.0,28.286016,0.65302956,1.0,1.0,67.48889,0.0,0.0,0.0,-1.5335312e-13,-0.72201174,402.0292,1.60746,66.372925,55.184006,0.0,0.9,0.0,-1.6357521e-13,0.0,76.15086,64.48146,64.36621,65.20486,67.24106
2018-01-02 04:27:00,-2.935888e-23,0.0,66.372925,357730.44,0.0,0.0,28.286016,0.65292495,1.0,1.0,67.487404,0.0,0.0,0.0,-1.5330284e-13,-0.7219033,402.02917,1.60746,66.372925,55.184006,0.0,0.9,0.0,-1.635213e-13,0.0,76.15081,64.480255,64.3655,65.203094,67.23733
2018-01-02 04:28:00,3.7900895e-23,0.0,66.372925,357730.44,0.0,0.0,28.336994,0.6528169,1.0,1.0,67.48592,0.0,0.0,0.0,-1.5325775e-13,-0.7217802,402.02914,1.60746,66.372925,55.184006,0.0,0.9,0.0,-1.6346925e-13,0.0,76.15076,64.479095,64.36484,65.20134,67.2336
2018-01-02 04:29:00,-3.9759549999999996e-24,0.0,66.372925,357730.44,0.0,0.0,28.388025,0.65271115,1.0,1.0,67.48444,0.0,0.0,0.0,-1.5320422e-13,-0.7216639,402.02908,1.60746,66.372925,55.184006,0.0,0.9,0.0,-1.634155e-13,0.0,76.150696,64.47795,64.36413,65.199585,67.22986
2018-01-02 04:30:00,1.7225473999999998e-23,0.0,66.372925,357730.44,0.0,0.0,28.439001,0.6526031,1.0,1.0,67.48299,0.0,0.0,0.0,-1.5316185e-13,-0.7215432,402.02905,1.60746,66.372925,55.184006,0.0,0.9,0.0,-1.6336335e-13,0.0,76.15065,64.47679,64.363464,65.197876,67.22612
2018-01-02 04:31:00,-1.8646635e-23,0.0,66.372925,357730.44,0.0,0.0,28.490032,0.6525008,1.0,1.0,67.481544,0.0,0.0,0.0,-1.5311092e-13,-0.721434,402.02902,1.60746,66.372925,55.184006,0.0,0.9,0.0,-1.633098e-13,0.0,76.15065,64.47569,64.36281,65.19612,67.22244
2018-01-02 04:32:00,8.606532999999999e-24,0.0,66.372925,357730.44,0.0,0.0,28.54101,0.6523951,1.0,1.0,67.48009,0.0,0.0,0.0,-1.5305435e-13,-0.72131175,402.02902,1.60746,66.372925,55.184006,0.0,0.9,0.0,-1.6325602e-13,0.0,76.15059,64.47454,64.362206,65.19437,67.218765
2018-01-02 04:33:00,1.5876256e-23,0.0,66.372925,357730.44,0.0,0.0,28.643017,0.652287,1.0,1.0,67.47865,0.0,0.0,0.0,-1.5301057e-13,-0.7211919,402.029,1.60746,66.372925,55.184006,0.0,0.9,0.0,-1.6320486e-13,0.0,76.150536,64.47344,64.36154,65.19266,67.21508
2018-01-02 04:34:00,4.257703e-24,0.0,66.372925,357730.44,0.0,0.0,28.693995,0.65218014,1.0,1.0,67.47723,0.0,0.0,0.0,-1.5296026e-13,-0.7210835,402.02896,1.60746,66.372925,55.184006,0.0,0.9,0.0,-1.6315146e-13,0.0,76.15048,64.47234,64.36095,65.19096,67.211395
2018-01-02 04:35:00,-1.8933668e-23,0.0,66.372925,357730.44,0.0,0.0,28.693995,0.6520732,1.0,1.0,67.47581,0.0,0.0,0.0,-1.5290914e-13,-0.7209563,402.02893,1.60746,66.372925,55.184006,0.0,0.9,0.0,-1.6309873e-13,0.0,76.15042,64.471245,64.36034,65.189255,67.20778
2018-01-02 04:36:00,1.8970248e-23,0.0,66.372925,357730.44,0.0,0.0,28.745026,0.65196747,1.0,1.0,67.47439,0.0,0.0,0.0,-1.5286112e-13,-0.72084427,402.0289,1.60746,66.372925,55.184006,0.0,0.9,0.0,-1.6304621e-13,0.0,76.150375,64.470146,64.35973,65.18755,67.20415
2018-01-02 04:37:00,-2.6304892e-23,0.0,66.372925,357730.44,0.0,0.0,28.796001,0.65186524,1.0,1.0,67.472984,0.0,0.0,0.0,-1.5280678e-13,-0.72072643,402.02887,1.60746,66.372925,55.184006,0.0,0.9,0.0,-1.62992e-13,0.0,76.150314,64.46905,64.359184,65.18585,67.20052
2018-01-02 04:38:00,-5.552237e-23,0.0,66.372925,357730.44,0.0,0.0,28.847034,0.6517584,1.0,1.0,67.47159,0.0,0.0,0.0,-1.5276377e-13,-0.7206146,402.02887,1.60746,66.372925,55.184006,0.0,0.9,0.0,-1.6293936e-13,0.0,76.15026,64.468,64.358635,65.18414,67.1969
2018-01-02 04:39:00,-3.9797686e-23,0.0,66.372925,357730.44,0.0,0.0,28.89801,0.6516526,1.0,1.0,67.4702,0.0,0.0,0.0,-1.5271336e-13,-0.72049254,402.02884,1.60746,66.372925,55.184006,0.0,0.9,0.0,-1.6288502e-13,0.0,76.15021,64.466965,64.358086,65.182495,67.19327
2018-01-02 04:40:00,-6.3205843e-24,0.0,66.372925,357730.44,0.0,0.0,28.948986,0.6515445,1.0,1.0,67.46881,0.0,0.0,0.0,-1.5266262e-13,-0.7203761,402.0288,1.60746,66.372925,55.184006,0.0,0.9,0.0,-1.6283332e-13,0.0,76.1501,64.46591,64.35754,65.1808,67.1897
2018-01-02 04:41:00,-3.3207802999999997e-23,0.0,66.372925,357730.44,0.0,0.0,29.00002,0.6514388,1.0,1.0,67.46744,0.0,0.0,0.0,-1.5261566e-13,-0.7202545,402.02878,1.60746,66.372925,55.184006,0.0,0.9,0.0,-1.627814e-13,0.0,76.15004,64.464874,64.35699,65.17915,67.18613
2018-01-02 04:42:00,2.4041748e-23,0.0,66.372925,357730.44,0.0,0.0,29.102026,0.65133536,1.0,1.0,67.46608,0.0,0.0,0.0,-1.5255637e-13,-0.7201394,402.02875,1.60746,66.372925,55.184006,0.0,0.9,0.0,-1.6272775e-13,0.0,76.14999,64.46383,64.35649,65.177505,67.182556
2018-01-02 04:43:00,9.166733e-24,0.0,66.372925,357730.44,0.0,0.0,29.102026,0.65122736,1.0,1.0,67.464714,0.0,0.0,0.0,-1.5251202e-13,-0.7200238,402.02872,1.60746,66.372925,55.184006,0.0,0.9,0.0,-1.6267509e-13,0.0,76.14993,64.46278,64.356,65.17586,67.178986
2018-01-02 04:44:00,1.2909576e-23,0.0,66.372925,357730.44,0.0,0.0,29.153004,0.6511227,1.0,1.0,67.46336,0.0,0.0,0.0,-1.524676e-13,-0.7199007,402.0287,1.60746,66.372925,55.184006,0.0,0.9,0.0,-1.6262298e-13,0.0,76.14987,64.46175,64.3555,65.17421,67.175476
2018-01-02 04:45:00,2.0453813e-23,0.0,66.372925,357730.44,0.0,0.0,29.204035,0.65101695,1.0,1.0,67.46202,0.0,0.0,0.0,-1.5241356e-13,-0.7197844,402.0287,1.60746,66.372925,55.184006,0.0,0.9,0.0,-1.6256901e-13,0.0,76.149826,64.46065,64.355064,65.17261,67.17196
2018-01-02 04:46:00,-1.4722175e-23,0.0,66.372925,357730.44,0.0,0.0,29.25501,0.6509113,1.0,1.0,67.46067,0.0,0.0,0.0,-1.5236305e-13,-0.7196718,402.02866,1.60746,66.372925,55.184006,0.0,0.9,0.0,-1.6251753e-13,0.0,76.149765,64.459595,64.35457,65.17096,67.16844
2018-01-02 04:47:00,1.9681974e-23,0.0,66.372925,357730.44,0.0,0.0,29.305988,0.65080553,1.0,1.0,67.459335,0.0,0.0,0.0,-1.5231735e-13,-0.71954906,402.02863,1.60746,66.372925,55.184006,0.0,0.9,0.0,-1.6246436e-13,0.0,76.14971,64.45856,64.354126,65.16937,67.16493
2018-01-02 04:48:00,1.5099086e-23,0.0,66.372925,357730.44,0.0,0.0,29.35702,0.6507021,1.0,1.0,67.45802,0.0,0.0,0.0,-1.5226359e-13,-0.71944755,402.0286,1.60746,66.372925,55.184006,0.0,0.9,0.0,-1.6241008e-13,0.0,76.14966,64.45751,64.353745,65.167725,67.16147
2018-01-02 04:49:00,-2.2737723999999998e-23,0.0,66.372925,357730.44,0.0,0.0,29.407995,0.6505964,1.0,1.0,67.4567,0.0,0.0,0.0,-1.5221483e-13,-0.7193241,402.02856,1.60746,66.372925,55.184006,0.0,0.9,0.0,-1.6235892e-13,0.0,76.1496,64.45647,64.3533,65.16613,67.158005
2018-01-02 04:50:00,-5.2496620000000004e-23,0.0,66.372925,357730.44,0.0,0.0,29.510004,0.65048826,1.0,1.0,67.45538,0.0,0.0,0.0,-1.5217152e-13,-0.7192057,402.02853,1.60746,66.372925,55.184006,0.0,0.9,0.0,-1.6230565e-13,0.0,76.14949,64.45543,64.35292,65.164536,67.15454
2018-01-02 04:51:00,-1.6020531e-23,0.0,66.372925,357730.44,0.0,0.0,29.510004,0.6503837,1.0,1.0,67.45409,0.0,0.0,0.0,-1.5211213e-13,-0.7190936,402.02853,1.60746,66.372925,55.184006,0.0,0.9,0.0,-1.6225279e-13,0.0,76.14944,64.45438,64.35254,65.162994,67.151085
2018-01-02 04:52:00,2.3496090000000003e-23,0.0,66.372925,357730.44,0.0,0.0,29.561035,0.65027684,1.0,1.0,67.4528,0.0,0.0,0.0,-1.5207136e-13,-0.7189729,402.0285,1.60746,66.372925,55.184006,0.0,0.9,0.0,-1.6220102e-13,0.0,76.14938,64.45339,64.35216,65.16141,67.14763
2018-01-02 04:53:00,-2.0627463e-23,0.0,66.372925,357730.44,0.0,0.0,29.612011,0.65017223,1.0,1.0,67.4515,0.0,0.0,0.0,-1.5201706e-13,-0.7188575,402.02847,1.60746,66.372925,55.184006,0.0,0.9,0.0,-1.6214768e-13,0.0,76.14932,64.45235,64.35177,65.15987,67.14422
2018-01-02 04:54:00,-8.101175000000001e-23,0.0,66.372925,357730.44,0.0,0.0,29.662989,0.6500665,1.0,1.0,67.45023,0.0,0.0,0.0,-1.5196939e-13,-0.7187484,402.02844,1.60746,66.372925,55.184006,0.0,0.9,0.0,-1.6209487e-13,0.0,76.14928,64.451355,64.35144,65.15828,67.14081
2018-01-02 04:55:00,-2.7130447e-23,0.0,66.372925,357730.44,0.0,0.0,29.71402,0.6499643,1.0,1.0,67.448975,0.0,0.0,0.0,-1.519193e-13,-0.71863115,402.0284,1.60746,66.372925,55.184006,0.0,0.9,0.0,-1.6204117e-13,0.0,76.149216,64.45037,64.351105,65.15674,67.13747
2018-01-02 04:56:00,-1.10544735e-23,0.0,66.372925,357730.44,0.0,0.0,29.764996,0.649855,1.0,1.0,67.44771,0.0,0.0,0.0,-1.5187153e-13,-0.7185091,402.02838,1.60746,66.372925,55.184006,0.0,0.9,0.0,-1.6199057e-13,0.0,76.14911,64.44939,64.350784,65.1552,67.134056
2018-01-02 04:57:00,4.0897912999999997e-23,0.0,66.372925,357730.44,0.0,0.0,29.816029,0.6497481,1.0,1.0,67.44646,0.0,0.0,0.0,-1.5182076e-13,-0.71838903,402.02835,1.60746,66.372925,55.184006,0.0,0.9,0.0,-1.6193832e-13,0.0,76.14905,64.448395,64.35045,65.153656,67.13071
2018-01-02 04:58:00,4.807246e-23,0.0,66.372925,357730.44,0.0,0.0,29.918036,0.64964354,1.0,1.0,67.44522,0.0,0.0,0.0,-1.5177021e-13,-0.71827006,402.02835,1.60746,66.372925,55.184006,0.0,0.9,0.0,-1.6188481e-13,0.0,76.149,64.447464,64.350174,65.15212,67.12735
2018-01-02 04:59:00,-1.9633027e-23,0.0,66.372925,357730.44,0.0,0.0,29.918036,0.649539,1.0,1.0,67.44399,0.0,0.0,0.0,-1.5172355e-13,-0.71815103,402.02832,1.60746,66.372925,55.184006,0.0,0.9,0.0,-1.6183273e-13,0.0,76.14894,64.44647,64.3499,65.150635,67.12401
2018-01-02 05:00:00,-2.0540406e-23,0.0,66.372925,357730.44,0.0,0.0,29.969013,0.6494344,1.0,1.0,67.442764,0.0,0.0,0.0,-1.51674e-13,-0.7180449,402.0283,1.60746,66.372925,55.184006,0.0,0.9,0.0,-1.6177928e-13,0.0,76.148834,64.44554,64.349625,65.1491,67.12071
2018-01-02 05:01:00,-4.4790342e-23,0.0,66.372925,357730.44,0.0,0.0,30.019989,0.6493286,1.0,1.0,67.44154,0.0,0.0,0.0,-1.5162317e-13,-0.7179185,402.02826,1.60746,66.372925,55.184006,0.0,0.9,0.0,-1.6172679e-13,0.0,76.14877,64.4446,64.34935,65.14761,67.117355
2018-01-02 05:02:00,-6.8736185e-22,0.0,66.372925,357730.44,0.0,0.0,30.019989,0.6492217,1.0,1.0,67.440796,0.0,0.0,0.0,-1.5157518e-13,-0.71781355,402.02823,1.60746,66.372925,55.184006,0.0,0.9,0.0,-1.6167308e-13,0.0,76.15026,64.44378,64.3493,65.146355,67.11428
2018-01-02 05:03:00,-3.4040585000000003e-22,0.0,66.372925,357730.44,0.0,0.0,30.019989,0.6491183,1.0,1.0,67.43999,0.0,0.0,0.0,-1.5152072e-13,-0.7176881,402.0282,1.60746,66.372925,55.184006,0.0,0.9,0.0,-1.6162101e-13,0.0,76.15141,64.442955,64.3493,65.14514,67.111145
2018-01-02 05:04:00,1.9819157e-23,0.0,66.372925,357730.44,0.0,0.0,30.019989,0.64901257,1.0,1.0,67.43925,0.0,0.0,0.0,-1.5147597e-13,-0.71757615,402.0282,1.60746,66.372925,55.184006,0.0,0.9,0.0,-1.6156946e-13,0.0,76.15273,64.442184,64.3493,65.14388,67.10812
2018-01-02 05:05:00,1.4666421e-23,0.0,66.372925,357730.44,0.0,0.0,30.019989,0.6489068,1.0,1.0,67.4385,0.0,0.0,0.0,-1.5142728e-13,-0.7174609,402.02817,1.60746,66.372925,55.184006,0.0,0.9,0.0,-1.6151854e-13,0.0,76.15405,64.44142,64.3493,65.14267,67.10506
2018-01-02 05:06:00,-1.1658988e-24,0.0,66.372925,357730.44,0.0,0.0,30.019989,0.64880115,1.0,1.0,67.43777,0.0,0.0,0.0,-1.5137511e-13,-0.71733993,402.02814,1.60746,66.372925,55.184006,0.0,0.9,0.0,-1.6146505e-13,0.0,76.155365,64.44064,64.3493,65.141464,67.102036
2018-01-02 05:07:00,-1.1919151e-25,0.0,66.372925,357730.44,0.0,0.0,30.019989,0.64869535,1.0,1.0,67.43703,0.0,0.0,0.0,-1.5132447e-13,-0.71722406,402.0281,1.60746,66.372925,55.184006,0.0,0.9,0.0,-1.6141292e-13,0.0,76.15669,64.43988,64.3493,65.14026,67.099014
2018-01-02 05:08:00,-3.426474e-23,0.0,66.372925,357730.44,0.0,0.0,30.019989,0.6485873,1.0,1.0,67.4363,0.0,0.0,0.0,-1.5128144e-13,-0.71710575,402.02808,1.60746,66.372925,55.184006,0.0,0.9,0.0,-1.6136035e-13,0.0,76.158005,64.43916,64.3493,65.13905,67.09599
2018-01-02 05:09:00,8.9843944e-24,0.0,66.372925,357730.44,0.0,0.0,30.019989,0.6484839,1.0,1.0,67.43559,0.0,0.0,0.0,-1.5123189e-13,-0.71699566,402.028,1.60746,66.372925,55.184006,0.0,0.9,0.0,-1.6130703e-13,0.0,76.15938,64.4384,64.34935,65.13784,67.09302
2018-01-02 05:10:00,1.5712183e-23,0.0,66.372925,357730.44,0.0,0.0,30.019989,0.6483793,1.0,1.0,67.43488,0.0,0.0,0.0,-1.5118127e-13,-0.71687496,402.02798,1.60746,66.372925,55.184006,0.0,0.9,0.0,-1.6125592e-13,0.0,76.1607,64.43762,64.34941,65.13669,67.09
2018-01-02 05:11:00,9.883227e-24,0.0,66.372925,357730.44,0.0,0.0,30.019989,0.64827126,1.0,1.0,67.43418,0.0,0.0,0.0,-1.511358e-13,-0.7167558,402.02798,1.60746,66.372925,55.184006,0.0,0.9,0.0,-1.6120376e-13,0.0,76.16207,64.43691,64.34941,65.13548,67.087036
2018-01-02 05:12:00,-6.804780000000001e-24,0.0,66.372925,357730.44,0.0,0.0,30.019989,0.6481702,1.0,1.0,67.43349,0.0,0.0,0.0,-1.5108097e-13,-0.7166397,402.02795,1.60746,66.372925,55.184006,0.0,0.9,0.0,-1.6115053e-13,0.0,76.16339,64.4362,64.34946,65.13432,67.08407
2018-01-02 05:13:00,1.9076681e-23,0.0,66.372925,357730.44,0.0,0.0,30.019989,0.64806324,1.0,1.0,67.432816,0.0,0.0,0.0,-1.5103157e-13,-0.71652985,402.02792,1.60746,66.372925,55.184006,0.0,0.9,0.0,-1.6109832e-13,0.0,76.164764,64.435486,64.34952,65.13317,67.0811
2018-01-02 05:14:00,-1.6829673e-24,0.0,66.372925,357730.44,0.0,0.0,30.019989,0.6479575,1.0,1.0,67.43211,0.0,0.0,0.0,-1.5098583e-13,-0.716408,402.0279,1.60746,66.372925,55.184006,0.0,0.9,0.0,-1.6104513e-13,0.0,76.16608,64.43477,64.34957,65.13196,67.078186
2018-01-02 05:15:00,5.3827167e-23,0.0,66.372925,357730.44,0.0,0.0,30.019989,0.6478506,1.0,1.0,67.43144,0.0,0.0,0.0,-1.5093998e-13,-0.71629417,402.02786,1.60746,66.372925,55.184006,0.0,0.9,0.0,-1.6099238e-13,0.0,76.167404,64.43405,64.349686,65.13081,67.075226
2018-01-02 05:16:00,3.2790244e-23,0.0,66.372925,357730.44,0.0,0.0,30.019989,0.6477472,1.0,1.0,67.43076,0.0,0.0,0.0,-1.5088148e-13,-0.7161814,402.02783,1.60746,66.372925,55.184006,0.0,0.9,0.0,-1.6094042e-13,0.0,76.16878,64.43334,64.34973,65.129654,67.07231
2018-01-02 05:17:00,1.5128795e-23,0.0,66.372925,357730.44,0.0,0.0,30.019989,0.64763916,1.0,1.0,67.430084,0.0,0.0,0.0,-1.5083913e-13,-0.71605986,402.02783,1.60746,66.372925,55.184006,0.0,0.9,0.0,-1.6088971e-13,0.0,76.17009,64.43263,64.34979,65.1285,67.0694
2018-01-02 05:18:00,-8.388087e-24,0.0,66.372925,357730.44,0.0,0.0,30.019989,0.6475369,1.0,1.0,67.42943,0.0,0.0,0.0,-1.507915e-13,-0.7159437,402.0278,1.60746,66.372925,55.184006,0.0,0.9,0.0,-1.608372e-13,0.0,76.17141,64.431915,64.3499,65.1274,67.06649
2018-01-02 05:19:00,1.982642e-23,0.0,66.372925,357730.44,0.0,0.0,30.019989,0.64743227,1.0,1.0,67.42876,0.0,0.0,0.0,-1.507433e-13,-0.71582705,402.02777,1.60746,66.372925,55.184006,0.0,0.9,0.0,-1.607843e-13,0.0,76.17273,64.43126,64.34996,65.12625,67.06358
2018-01-02 05:20:00,-5.5688405e-23,0.0,66.372925,357730.44,0.0,0.0,30.019989,0.6473265,1.0,1.0,67.42809,0.0,0.0,0.0,-1.5068867e-13,-0.71571535,402.02774,1.60746,66.372925,55.184006,0.0,0.9,0.0,-1.6073056e-13,0.0,76.17404,64.43054,64.35007,65.12509,67.06072
2018-01-02 05:21:00,-2.6461206e-23,0.0,66.372925,357730.44,0.0,0.0,30.019989,0.6472231,1.0,1.0,67.42743,0.0,0.0,0.0,-1.5064504e-13,-0.7155912,402.0277,1.60746,66.372925,55.184006,0.0,0.9,0.0,-1.6068097e-13,0.0,76.17531,64.429886,64.350174,65.12399,67.057816
2018-01-02 05:22:00,-3.935616e-23,0.0,66.372925,357730.44,0.0,0.0,30.019989,0.64711857,1.0,1.0,67.42677,0.0,0.0,0.0,-1.505943e-13,-0.7154773,402.02768,1.60746,66.372925,55.184006,0.0,0.9,0.0,-1.6062805e-13,0.0,76.17663,64.42922,64.350235,65.12285,67.054955
2018-01-02 05:23:00,3.7254247e-23,0.0,66.372925,357730.44,0.0,0.0,30.019989,0.64701164,1.0,1.0,67.42612,0.0,0.0,0.0,-1.5053978e-13,-0.71535206,402.02768,1.60746,66.372925,55.184006,0.0,0.9,0.0,-1.6057527e-13,0.0,76.17789,64.42851,64.35034,65.12175,67.05209
2018-01-02 05:24:00,7.4483653e-23,0.0,66.372925,357730.44,0.0,0.0,30.019989,0.6469071,1.0,1.0,67.425476,0.0,0.0,0.0,-1.5049332e-13,-0.7152518,402.02765,1.60746,66.372925,55.184006,0.0,0.9,0.0,-1.6052337e-13,0.0,76.179214,64.42785,64.35045,65.12065,67.04924
2018-01-02 05:25:00,3.412727e-23,0.0,66.372925,357730.44,0.0,0.0,30.019989,0.6468013,1.0,1.0,67.42483,0.0,0.0,0.0,-1.5044425e-13,-0.7151284,402.02762,1.60746,66.372925,55.184006,0.0,0.9,0.0,-1.6047206e-13,0.0,76.18047,64.427185,64.350555,65.11949,67.04644
2018-01-02 05:26:00,-3.5333405e-23,0.0,66.372925,357730.44,0.0,0.0,30.019989,0.64669675,1.0,1.0,67.42417,0.0,0.0,0.0,-1.5039702e-13,-0.71501726,402.0276,1.60746,66.372925,55.184006,0.0,0.9,0.0,-1.6041942e-13,0.0,76.18169,64.42653,64.35067,65.11839,67.04358
2018-01-02 05:27:00,-5.1123097e-23,0.0,66.372925,357730.44,0.0,0.0,30.019989,0.6465899,1.0,1.0,67.42354,0.0,0.0,0.0,-1.503524e-13,-0.7148963,402.02756,1.60746,66.372925,55.184006,0.0,0.9,0.0,-1.6036791e-13,0.0,76.182945,64.42587,64.350784,65.117294,67.04079
2018-01-02 05:28:00,-1.9339012e-23,0.0,66.372925,357730.44,0.0,0.0,30.019989,0.64648527,1.0,1.0,67.4229,0.0,0.0,0.0,-1.5029899e-13,-0.71477807,402.02753,1.60746,66.372925,55.184006,0.0,0.9,0.0,-1.6031645e-13,0.0,76.184204,64.42526,64.35089,65.116196,67.037926
2018-01-02 05:29:00,2.4004547999999998e-23,0.0,66.372925,357730.44,0.0,0.0,30.019989,0.64638305,1.0,1.0,67.42226,0.0,0.0,0.0,-1.5025181e-13,-0.7146621,402.0275,1.60746,66.372925,55.184006,0.0,0.9,0.0,-1.6026282e-13,0.0,76.18542,64.42461,64.35106,65.1151,67.035126
2018-01-02 05:30:00,-5.0904830000000006e-23,0.0,66.372925,357730.44,0.0,0.0,30.019989,0.6462761,1.0,1.0,67.42162,0.0,0.0,0.0,-1.5020367e-13,-0.7145498,402.0275,1.60746,66.372925,55.184006,0.0,0.9,0.0,-1.6021127e-13,0.0,76.18663,64.42395,64.351166,65.11406,67.03232
2018-01-02 05:31:00,-4.7853786e-24,0.0,66.372925,357730.44,0.0,0.0,30.019989,0.6461727,1.0,1.0,67.42098,0.0,0.0,0.0,-1.5015489e-13,-0.71442825,402.02747,1.60746,66.372925,55.184006,0.0,0.9,0.0,-1.6015885e-13,0.0,76.187836,64.42334,64.35127,65.11296,67.029526
2018-01-02 05:32:00,-6.729649e-25,0.0,66.372925,357730.44,0.0,0.0,30.019989,0.64606696,1.0,1.0,67.420364,0.0,0.0,0.0,-1.5010237e-13,-0.7143167,402.02744,1.60746,66.372925,55.184006,0.0,0.9,0.0,-1.60107e-13,0.0,76.18904,64.42268,64.35144,65.11186,67.02678
2018-01-02 05:33:00,-2.4431846e-23,0.0,66.372925,357730.44,0.0,0.0,30.019989,0.64596236,1.0,1.0,67.41972,0.0,0.0,0.0,-1.5005743e-13,-0.71420085,402.0274,1.60746,66.372925,55.184006,0.0,0.9,0.0,-1.6005407e-13,0.0,76.19025,64.42208,64.35155,65.11076,67.02397
2018-01-02 05:34:00,-4.7833023e-23,0.0,66.372925,357730.44,0.0,0.0,30.019989,0.6458566,1.0,1.0,67.41909,0.0,0.0,0.0,-1.5000769e-13,-0.7140813,402.02737,1.60746,66.372925,55.184006,0.0,0.9,0.0,-1.6000351e-13,0.0,76.19141,64.42142,64.351715,65.10971,67.021225
2018-01-02 05:35:00,-1.750618e-24,0.0,66.372925,357730.44,0.0,0.0,30.019989,0.64574975,1.0,1.0,67.41846,0.0,0.0,0.0,-1.499616e-13,-0.71396756,402.02734,1.60746,66.372925,55.184006,0.0,0.9,0.0,-1.5995042e-13,0.0,76.19256,64.42082,64.35182,65.10861,67.01848
2018-01-02 05:36:00,1.6936556e-23,0.0,66.372925,357730.44,0.0,0.0,30.019989,0.64564633,1.0,1.0,67.41783,0.0,0.0,0.0,-1.499109e-13,-0.7138507,402.02734,1.60746,66.372925,55.184006,0.0,0.9,0.0,-1.598994e-13,0.0,76.19371,64.42021,64.35199,65.107574,67.01568
2018-01-02 05:37:00,2.11376e-23,0.0,66.372925,357730.44,0.0,0.0,30.019989,0.6455441,1.0,1.0,67.417206,0.0,0.0,0.0,-1.4985832e-13,-0.71372986,402.0273,1.60746,66.372925,55.184006,0.0,0.9,0.0,-1.5984657e-13,0.0,76.19487,64.41961,64.3521,65.10653,67.01293
2018-01-02 05:38:00,3.4962245999999997e-23,0.0,66.372925,357730.44,0.0,0.0,30.019989,0.645436,1.0,1.0,67.41659,0.0,0.0,0.0,-1.4981485e-13,-0.71361727,402.02728,1.60746,66.372925,55.184006,0.0,0.9,0.0,-1.5979605e-13,0.0,76.196014,64.41901,64.352264,65.10543,67.01024
2018-01-02 05:39:00,-1.6703986e-23,0.0,66.372925,357730.44,0.0,0.0,30.019989,0.6453349,1.0,1.0,67.41597,0.0,0.0,0.0,-1.4975674e-13,-0.713506,402.02725,1.60746,66.372925,55.184006,0.0,0.9,0.0,-1.597425e-13,0.0,76.19711,64.418396,64.35243,65.104385,67.00749
2018-01-02 05:40:00,-1.2291249e-23,0.0,66.372925,357730.44,0.0,0.0,30.019989,0.645228,1.0,1.0,67.41533,0.0,0.0,0.0,-1.4971196e-13,-0.7133872,402.02722,1.60746,66.372925,55.184006,0.0,0.9,0.0,-1.5969192e-13,0.0,76.19821,64.4178,64.35254,65.10335,67.004745
2018-01-02 05:41:00,-9.670960600000001e-24,0.0,66.372925,357730.44,0.0,0.0,30.019989,0.6451234,1.0,1.0,67.41472,0.0,0.0,0.0,-1.496663e-13,-0.7132859,402.0272,1.60746,66.372925,55.184006,0.0,0.9,0.0,-1.596394e-13,0.0,76.19937,64.41719,64.35271,65.102295,67.00206
2018-01-02 05:42:00,-1.3909331e-23,0.0,66.372925,357730.44,0.0,0.0,30.019989,0.64501655,1.0,1.0,67.4141,0.0,0.0,0.0,-1.4962163e-13,-0.71316004,402.0272,1.60746,66.372925,55.184006,0.0,0.9,0.0,-1.5958785e-13,0.0,76.20041,64.41659,64.35287,65.10126,66.99936
2018-01-02 05:43:00,-2.6355577999999999e-23,0.0,66.372925,357730.44,0.0,0.0,30.019989,0.64491314,1.0,1.0,67.41347,0.0,0.0,0.0,-1.4956638e-13,-0.71304005,402.02716,1.60746,66.372925,55.184006,0.0,0.9,0.0,-1.595371e-13,0.0,76.20151,64.415985,64.35303,65.10021,66.99661
2018-01-02 05:44:00,4.7484985e-24,0.0,66.372925,357730.44,0.0,0.0,30.019989,0.6448074,1.0,1.0,67.412865,0.0,0.0,0.0,-1.4951914e-13,-0.7129308,402.02713,1.60746,66.372925,55.184006,0.0,0.9,0.0,-1.5948461e-13,0.0,76.20261,64.415436,64.353195,65.09917,66.99393
2018-01-02 05:45:00,-1.2476726e-23,0.0,66.372925,357730.44,0.0,0.0,30.019989,0.6447016,1.0,1.0,67.41225,0.0,0.0,0.0,-1.4947444e-13,-0.7128098,402.0271,1.60746,66.372925,55.184006,0.0,0.9,0.0,-1.5943185e-13,0.0,76.20366,64.414825,64.35336,65.09813,66.991234
2018-01-02 05:46:00,2.1603453e-23,0.0,66.372925,357730.44,0.0,0.0,30.019989,0.6445994,1.0,1.0,67.41164,0.0,0.0,0.0,-1.4942401e-13,-0.7126885,402.02707,1.60746,66.372925,55.184006,0.0,0.9,0.0,-1.5938131e-13,0.0,76.2047,64.414276,64.35353,65.09708,66.9886
2018-01-02 05:47:00,-3.3630623e-23,0.0,66.372925,357730.44,0.0,0.0,30.019989,0.6444948,1.0,1.0,67.411026,0.0,0.0,0.0,-1.4937559e-13,-0.71257997,402.02704,1.60746,66.372925,55.184006,0.0,0.9,0.0,-1.5932995e-13,0.0,76.20574,64.41368,64.35369,65.09609,66.9859
2018-01-02 05:48:00,2.5486222e-23,0.0,66.372925,357730.44,0.0,0.0,30.019989,0.6443891,1.0,1.0,67.410416,0.0,0.0,0.0,-1.4932566e-13,-0.712468,402.02704,1.60746,66.372925,55.184006,0.0,0.9,0.0,-1.5927622e-13,0.0,76.20679,64.41313,64.35385,65.09505,66.98327
2018-01-02 05:49:00,1.8424779e-23,0.0,66.372925,357730.44,0.0,0.0,30.019989,0.64428216,1.0,1.0,67.40979,0.0,0.0,0.0,-1.4928328e-13,-0.7123485,402.027,1.60746,66.372925,55.184006,0.0,0.9,0.0,-1.5922761e-13,0.0,76.207825,64.41252,64.35402,65.09401,66.980576
2018-01-02 05:50:00,-1.4725449e-23,0.0,66.372925,357730.44,0.0,0.0,30.019989,0.6441764,1.0,1.0,67.40919,0.0,0.0,0.0,-1.4923335e-13,-0.7122335,402.02698,1.60746,66.372925,55.184006,0.0,0.9,0.0,-1.5917412e-13,0.0,76.20882,64.41197,64.35419,65.09302,66.977936
2018-01-02 05:51:00,-2.7244914e-23,0.0,66.372925,357730.44,0.0,0.0,30.019989,0.64407414,1.0,1.0,67.408585,0.0,0.0,0.0,-1.4918373e-13,-0.7121174,402.02692,1.60746,66.372925,55.184006,0.0,0.9,0.0,-1.5912159e-13,0.0,76.20981,64.41142,64.3544,65.09197,66.9753
2018-01-02 05:52:00,-2.1855777999999998e-23,0.0,66.372925,357730.44,0.0,0.0,30.019989,0.64397186,1.0,1.0,67.40798,0.0,0.0,0.0,-1.4913396e-13,-0.7119973,402.0269,1.60746,66.372925,55.184006,0.0,0.9,0.0,-1.5907101e-13,0.0,76.210846,64.41087,64.35457,65.09099,66.97267
2018-01-02 05:53:00,3.4414530000000005e-23,0.0,66.372925,357730.44,0.0,0.0,30.019989,0.643865,1.0,1.0,67.40739,0.0,0.0,0.0,-1.4908753e-13,-0.71189445,402.02686,1.60746,66.372925,55.184006,0.0,0.9,0.0,-1.59019e-13,0.0,76.21184,64.410324,64.35474,65.09,66.97003
2018-01-02 05:54:00,3.4289119e-25,0.0,66.372925,357730.44,0.0,0.0,30.019989,0.6437616,1.0,1.0,67.40676,0.0,0.0,0.0,-1.4904207e-13,-0.7117673,402.02682,1.60746,66.372925,55.184006,0.0,0.9,0.0,-1.5896708e-13,0.0,76.21277,64.409775,64.354904,65.08895,66.96739
2018-01-02 05:55:00,3.3869617e-24,0.0,66.372925,357730.44,0.0,0.0,30.019989,0.64365935,1.0,1.0,67.406166,0.0,0.0,0.0,-1.4898564e-13,-0.71165943,402.02682,1.60746,66.372925,55.184006,0.0,0.9,0.0,-1.5891439e-13,0.0,76.21376,64.409225,64.35512,65.08797,66.96475
2018-01-02 05:56:00,-2.9291617e-23,0.0,66.372925,357730.44,0.0,0.0,30.019989,0.6435524,1.0,1.0,67.405556,0.0,0.0,0.0,-1.4894126e-13,-0.71154284,402.0268,1.60746,66.372925,55.184006,0.0,0.9,0.0,-1.5886388e-13,0.0,76.21469,64.408676,64.355286,65.086975,66.96217
2018-01-02 05:57:00,-3.521283e-24,0.0,66.372925,357730.44,0.0,0.0,30.019989,0.643449,1.0,1.0,67.40495,0.0,0.0,0.0,-1.4889149e-13,-0.71142495,402.02676,1.60746,66.372925,55.184006,0.0,0.9,0.0,-1.5881303e-13,0.0,76.21568,64.40813,64.35545,65.08598,66.95953
2018-01-02 05:58:00,-3.24099e-23,0.0,66.372925,357730.44,0.0,0.0,30.019989,0.6433433,1.0,1.0,67.40436,0.0,0.0,0.0,-1.4884136e-13,-0.711307,402.02673,1.60746,66.372925,55.184006,0.0,0.9,0.0,-1.587612e-13,0.0,76.21661,64.40758,64.35567,65.084946,66.956955
2018-01-02 05:59:00,-7.883607e-24,0.0,66.372925,357730.44,0.0,0.0,30.019989,0.64323634,1.0,1.0,67.40375,0.0,0.0,0.0,-1.4879765e-13,-0.71119046,402.0267,1.60746,66.372925,55.184006,0.0,0.9,0.0,-1.587092e-13,0.0,76.21755,64.40703,64.355835,65.083954,66.95438
2018-01-02 06:00:00,-2.4441151e-23,0.0,66.372925,357730.44,0.0,0.0,30.019989,0.64313644,1.0,1.0,67.40315,0.0,0.0,0.0,-1.4875056e-13,-0.7110721,402.02667,1.60746,66.372925,55.184006,0.0,0.9,0.0,-1.58657e-13,0.0,76.21843,64.40654,64.35605,65.08296,66.9518
2018-01-02 06:01:00,-8.870088e-24,0.0,66.372925,357730.44,0.1,0.0,30.019989,0.6430295,1.0,0.9,67.40255,0.0,0.0,1.0,-1.4870378e-13,-0.7109568,402.02667,1.60746,66.372925,55.184006,0.0,0.9,1.0,-1.5860548e-13,1.0,76.21936,64.40599,64.35622,65.08197,66.94921
2018-01-02 06:02:00,0.16387704,0.08276809,65.91029,357730.44,0.1,0.1,30.050037,73524.26,0.9099791,0.9,66.068436,0.063937664,0.063937664,1.0,0.11340301,73337.266,401.8713,1.60746,58.965942,55.184006,0.07697559,0.9,1.0,0.5327458,1.0,85.71127,62.60736,62.563965,63.967415,67.66365
2018-01-02 06:03:00,0.019784069,0.0019791615,65.797455,357730.44,0.1,0.1,30.050037,125159.52,0.9003655,0.9,66.361115,0.09930899,0.09930899,1.0,0.17945918,125396.77,401.87753,1.60746,55.968597,55.184006,0.115199566,0.9,1.0,0.9155197,1.0,78.74188,62.73738,62.73579,64.033714,67.598175
2018-01-02 06:04:00,0.07908278,0.1622011,65.79526,357730.44,0.1,0.1,30.065033,176521.28,0.90001076,0.9,66.94344,0.13303006,0.13303006,1.0,0.42116314,176800.23,401.8864,1.60746,57.36666,55.184006,0.15257406,0.9,1.0,2.1831942,1.0,81.754166,62.791763,62.7732,64.0464,67.596634
2018-01-02 06:05:00,0.25254652,0.34136727,66.230156,357730.44,0.1,0.1,30.080029,227376.9,0.9000003,0.9,67.76522,0.16606778,0.16606778,1.0,0.81240004,227696.84,401.89737,1.60746,57.992775,55.184006,0.18918045,0.9,1.0,4.1973753,1.0,79.11333,62.847027,62.81176,64.06113,67.59148
2018-01-02 06:06:00,0.39737993,0.44306517,67.06232,357730.44,0.1,0.1,30.095026,276667.16,0.90000004,0.9,68.61348,0.19836514,0.19836514,1.0,1.3841028,277032.94,401.91046,1.60746,57.277782,55.184006,0.22495678,0.9,1.0,7.120819,1.0,79.67632,62.902016,62.85373,64.07876,67.58752
2018-01-02 06:07:00,0.46288785,0.48646033,68.020706,357730.44,0.1,0.1,30.110022,324018.7,0.9,0.9,69.438385,0.22987616,0.22987616,1.0,2.1564105,324437.25,401.9257,1.60746,56.44892,55.184006,0.25985327,0.9,1.0,11.062877,1.0,78.187126,62.95211,62.895973,64.09908,67.584
2018-01-02 06:08:00,0.5131507,0.5414749,68.90785,357730.44,0.1,0.1,30.12502,367936.88,0.9,0.9,70.13667,0.2605017,0.2605017,1.0,3.1400456,368411.6,401.94333,1.60746,56.279343,55.184006,0.29374284,0.9,1.0,16.097328,1.0,77.90407,62.99342,62.935467,64.12073,67.57977
2018-01-02 06:09:00,0.565334,0.5887117,69.635864,357730.44,0.1,0.1,30.140015,408438.12,0.9,0.9,70.703186,0.29014277,0.29014277,1.0,4.338206,408953.56,401.96344,1.60746,56.11164,55.184006,0.32653576,0.9,1.0,22.254948,1.0,76.797905,63.021873,62.96958,64.141495,67.57257
2018-01-02 06:10:00,0.6069503,0.62538606,70.17315,357730.44,0.1,0.1,30.170008,445498.44,0.9,0.9,71.08864,0.31877774,0.31877774,1.0,5.7521873,446056.56,401.986,1.60746,55.93531,55.184006,0.3582067,0.9,1.0,29.557135,1.0,76.17349,63.034454,62.996277,64.15874,67.560165
2018-01-02 06:11:00,0.6400081,0.6545782,70.513504,357730.44,0.1,0.1,30.170008,478824.4,0.9,0.9,71.30699,0.34636202,0.34636202,1.0,7.3800497,479425.0,402.01086,1.60746,55.785675,55.184006,0.38869923,0.9,1.0,38.010567,1.0,75.218346,63.02929,63.014458,64.17044,67.54071
2018-01-02 06:12:00,0.665753,0.6767725,70.66435,357730.44,0.1,0.1,30.185003,508372.22,0.9,0.9,71.352585,0.3728036,0.3728036,1.0,9.215972,508992.84,402.0383,1.60746,55.651695,55.184006,0.4179092,0.9,1.0,47.594,1.0,74.46007,63.004845,63.023083,64.17532,67.5132
2018-01-02 06:13:00,0.68487346,0.6927686,70.64606,357730.44,0.1,0.1,30.2,533936.44,0.9,0.9,71.25113,0.39804798,0.39804798,1.0,11.25692,534565.2,402.06818,1.60746,55.53277,55.184006,0.4457871,0.9,1.0,58.29838,1.0,73.58786,62.961174,63.021492,64.17253,67.47644
2018-01-02 06:14:00,0.69822466,0.703403,70.4828,357730.44,0.1,0.1,30.214996,555612.7,0.9,0.9,71.02239,0.42206922,0.42206922,1.0,13.50438,556239.44,402.1005,1.60746,55.428673,55.184006,0.4723001,0.9,1.0,70.12776,1.0,72.834366,62.89987,63.00924,64.16143,67.430084
2018-01-02 06:15:00,0.7065971,0.7094805,70.207756,357730.44,0.1,0.1,30.229992,573572.75,0.9,0.9,70.69945,0.4448315,0.4448315,1.0,15.961153,574178.44,402.1351,1.60746,55.339245,55.184006,0.49740535,0.9,1.0,83.19839,1.0,72.07543,62.823296,62.98573,64.141815,67.373886
2018-01-02 06:16:00,0.7107305,0.7116362,69.85164,357730.44,0.1,0.1,30.24499,587856.56,0.9,0.9,70.308945,0.46625984,0.46625984,1.0,18.62881,588420.94,402.1721,1.60746,55.26234,55.184006,0.521023,0.9,1.0,98.122086,1.0,71.40274,62.734253,62.95134,64.11342,67.30759
2018-01-02 06:17:00,0.711338,0.71073574,69.44443,357730.44,0.1,0.1,30.275036,599136.2,0.9,0.9,69.879814,0.48637274,0.48637274,1.0,21.508549,599649.8,402.2111,1.60746,55.20021,55.184006,0.5431878,0.9,1.0,115.21461,1.0,70.76877,62.63598,62.907784,64.07574,67.230515
2018-01-02 06:18:00,0.7092904,0.7075191,69.01123,357730.44,0.1,0.1,30.290033,607901.4,0.9,0.9,69.43443,0.50520647,0.50520647,1.0,24.60026,608359.1,402.25186,1.60746,55.151436,55.184006,0.56393224,0.9,1.0,134.67267,1.0,70.206985,62.53183,62.856857,64.028656,67.14252
2018-01-02 06:19:00,0.7051711,0.7027247,68.572556,357730.44,0.1,0.1,30.290033,617181.06,0.9,0.9,68.99212,0.5229277,0.5229277,1.0,27.80717,617549.8,402.29202,1.60746,55.11732,55.184006,0.58378714,0.9,1.0,155.33951,1.0,69.69689,62.42521,62.800667,63.972027,67.04342
2018-01-02 06:20:00,0.70437866,0.7052416,68.14123,357730.44,0.1,0.1,30.305029,641592.3,0.9,0.9,68.57486,0.54209745,0.54209745,1.0,30.889143,642042.25,402.32382,1.60746,55.186096,55.184006,0.6048768,0.9,1.0,172.0162,1.0,69.188995,62.323746,62.743755,63.90715,66.93526
2018-01-02 06:21:00,0.7038003,0.70237625,67.74254,357730.44,0.1,0.1,30.320026,656965.6,0.9,0.9,68.18286,0.559295,0.559295,1.0,34.19091,657370.25,402.36075,1.60746,55.15116,55.184006,0.6238099,0.9,1.0,192.021,1.0,68.71652,62.225365,62.687233,63.837883,66.82193
2018-01-02 06:22:00,0.70096034,0.6993346,67.3674,357730.44,0.1,0.1,30.335022,669896.06,0.9,0.9,67.81258,0.57546026,0.57546026,1.0,37.670605,670255.5,402.3984,1.60746,55.136547,55.184006,0.6416354,0.9,1.0,213.39178,1.0,68.28746,62.13072,62.631256,63.76323,66.70229
2018-01-02 06:23:00,0.69741565,0.6952819,67.01601,357730.44,0.1,0.1,30.350018,680770.06,0.9,0.9,67.46596,0.59053105,0.59053105,1.0,41.347935,681055.0,402.43735,1.60746,55.119576,55.184006,0.65819997,0.9,1.0,235.85172,1.0,67.90744,62.04052,62.57649,63.68358,66.57683
2018-01-02 06:24:00,0.692982,0.6904799,66.69092,357730.44,0.1,0.1,30.365015,689556.1,0.9,0.9,67.145645,0.60436714,0.60436714,1.0,45.208622,689745.2,402.47775,1.60746,55.105072,55.184006,0.67340356,0.9,1.0,259.12335,1.0,67.577576,61.954994,62.523262,63.59948,66.44626
2018-01-02 06:25:00,0.6879032,0.685125,66.39369,357730.44,0.1,0.1,30.395008,696461.06,0.9,0.9,66.85341,0.617007,0.617007,1.0,49.259914,696544.56,402.51938,1.60746,55.09359,55.184006,0.6872752,0.9,1.0,283.0537,1.0,67.295395,61.874405,62.471844,63.511757,66.31157
2018-01-02 06:26:00,0.68234575,0.6793711,66.12535,357730.44,0.1,0.1,30.410004,701597.44,0.9,0.9,66.59018,0.62842274,0.62842274,1.0,53.48215,701565.3,402.5623,1.60746,55.08497,55.184006,0.6997824,0.9,1.0,307.37155,1.0,67.0577,61.79904,62.42257,63.42128,66.17385
2018-01-02 06:27:00,0.6764567,0.67335296,65.88623,357730.44,0.1,0.1,30.410004,705065.8,0.9,0.9,66.35595,0.63858813,0.63858813,1.0,57.842003,704909.4,402.60645,1.60746,55.078926,55.184006,0.7108973,0.9,1.0,331.75552,1.0,66.85896,61.72895,62.37555,63.328995,66.0341
2018-01-02 06:28:00,0.6703558,0.6671751,65.67557,357730.44,0.1,0.1,30.425,706965.44,0.9,0.9,66.149734,0.64748806,0.64748806,1.0,62.29546,706678.75,402.65176,1.60746,55.074913,55.184006,0.72060513,0.9,1.0,355.85373,1.0,66.695206,61.664238,62.330944,63.235832,65.89354
2018-01-02 06:29:00,0.6641354,0.6609177,65.49182,357730.44,0.1,0.1,30.439997,707401.8,0.9,0.9,65.970055,0.65512496,0.65512496,1.0,66.79171,706983.0,402.69815,1.60746,55.072662,55.184006,0.72891176,0.9,1.0,379.3074,1.0,66.56096,61.604965,62.28892,63.14267,65.75319
2018-01-02 06:30:00,0.65786564,0.6546408,65.33307,357730.44,0.1,0.1,30.454992,706495.56,0.9,0.9,65.81476,0.66152585,0.66152585,1.0,71.277885,705947.6,402.74533,1.60746,55.071617,55.184006,0.7358509,0.9,1.0,401.77856,1.0,66.451256,61.551132,62.24948,63.05049,65.61421
2018-01-02 06:31:00,0.6515987,0.64838886,65.19684,357730.44,0.1,0.1,30.46999,704387.4,0.9,0.9,65.6815,0.6667463,0.6667463,1.0,75.70383,703719.0,402.79303,1.60746,55.071564,55.184006,0.7414887,0.9,1.0,422.97662,1.0,66.36089,61.502632,62.212784,62.960243,65.47771
2018-01-02 06:32:00,0.64538234,0.64224744,65.08055,357730.44,0.1,0.1,30.484985,701239.06,0.9,0.9,65.56773,0.67087066,0.67087066,1.0,80.02565,700464.44,402.84073,1.60746,55.073044,55.184006,0.7459227,0.9,1.0,442.67853,1.0,66.28761,61.459454,62.178894,62.872787,65.34466
2018-01-02 06:33:00,0.63937867,0.63635665,64.98172,357730.44,0.1,0.1,30.500036,697230.3,0.9,0.9,65.47139,0.6740082,0.6740082,1.0,84.207855,696368.25,402.8881,1.60746,55.076286,55.184006,0.7492772,0.9,1.0,460.73938,1.0,66.230156,61.42144,62.147804,62.788857,65.21596
2018-01-02 06:34:00,0.6335441,0.63059187,64.89839,357730.44,0.1,0.1,30.53003,692548.75,0.9,0.9,65.39058,0.6762845,0.6762845,1.0,88.22361,691621.5,402.93445,1.60746,55.078926,55.184006,0.75169337,0.9,1.0,477.09082,1.0,66.186485,61.38848,62.119675,62.709206,65.09241
2018-01-02 06:35:00,0.62786615,0.6250089,64.8288,357730.44,0.1,0.1,30.53003,687380.44,0.9,0.9,65.32373,0.67783195,0.67783195,1.0,92.05366,686411.56,402.9795,1.60746,55.082,55.184006,0.7533189,0.9,1.0,491.73117,1.0,66.15512,61.36036,62.09452,62.63433,64.97464
2018-01-02 06:36:00,0.62238204,0.6196326,64.77145,357730.44,0.1,0.1,30.545025,681900.44,0.9,0.9,65.2694,0.6787812,0.6787812,1.0,95.68492,680912.94,403.02264,1.60746,55.085518,55.184006,0.7542979,0.9,1.0,504.7122,1.0,66.134186,61.337013,62.07238,62.56468,64.86307
2018-01-02 06:37:00,0.6171183,0.6144912,64.724976,357730.44,0.1,0.1,30.560022,676264.7,0.9,0.9,65.226166,0.6792538,0.6792538,1.0,99.10893,675279.44,403.06372,1.60746,55.089523,55.184006,0.7547635,0.9,1.0,516.123,1.0,66.122215,61.31817,62.053265,62.500465,64.757935
2018-01-02 06:38:00,0.612102,0.60960966,64.68828,357730.44,0.1,0.1,30.575018,670605.3,0.9,0.9,65.19299,0.67935723,0.67935723,1.0,102.320816,669639.94,403.10236,1.60746,55.093975,55.184006,0.75483286,0.9,1.0,526.07635,1.0,66.11782,61.303665,62.037117,62.44185,64.659386
2018-01-02 06:39:00,0.6073553,0.6050074,64.66026,357730.44,0.1,0.1,30.590015,665028.6,0.9,0.9,65.1686,0.6791828,0.6791828,1.0,105.31839,664097.2,403.13843,1.60746,55.098755,55.184006,0.7546056,0.9,1.0,534.6964,1.0,66.12007,61.29323,62.023933,62.38884,64.567375
2018-01-02 06:40:00,0.60289484,0.6006981,64.64,357730.44,0.1,0.1,30.605011,659616.44,0.9,0.9,65.15201,0.678806,0.678806,1.0,108.10194,658729.5,403.17194,1.60746,55.10392,55.184006,0.7541628,0.9,1.0,542.1121,1.0,66.127594,61.28675,62.013603,62.34127,64.481735
2018-01-02 06:41:00,0.5987313,0.596689,64.62665,357730.44,0.1,0.1,30.635004,654428.25,0.9,0.9,65.14229,0.67828685,0.67828685,1.0,110.673935,653592.8,403.2028,1.60746,55.10919,55.184006,0.75356966,0.9,1.0,548.4506,1.0,66.139465,61.28389,62.006023,62.29892,64.402306
2018-01-02 06:42:00,0.59486866,0.5929809,64.619286,357730.44,0.1,0.1,30.65,649504.5,0.9,0.9,65.13855,0.677673,0.677673,1.0,113.03911,648724.6,403.2311,1.60746,55.114574,55.184006,0.75287706,0.9,1.0,553.83453,1.0,66.15468,61.28444,62.001022,62.261673,64.32875
2018-01-02 06:43:00,0.59130514,0.5895692,64.6172,357730.44,0.1,0.1,30.65,644869.94,0.9,0.9,65.13992,0.67700064,0.67700064,1.0,115.204094,644147.44,403.257,1.60746,55.119904,55.184006,0.752124,0.9,1.0,558.37915,1.0,66.17248,61.288284,61.998497,62.229156,64.2608
2018-01-02 06:44:00,0.5880337,0.5864446,64.619675,357730.44,0.1,0.1,30.664997,640536.94,0.9,0.9,65.145584,0.6762975,0.6762975,1.0,117.177216,639871.8,403.28046,1.60746,55.125122,55.184006,0.75134003,0.9,1.0,562.19116,1.0,66.19209,61.295097,61.998333,62.20114,64.19801
2018-01-02 06:45:00,0.5850432,0.58359426,64.62599,357730.44,0.1,0.1,30.679993,636508.5,0.9,0.9,65.15487,0.67558384,0.67558384,1.0,118.968124,635899.2,403.3018,1.60746,55.130173,55.184006,0.75054693,0.9,1.0,565.36774,1.0,66.21329,61.304657,62.000256,62.177246,64.14006
2018-01-02 06:46:00,0.58231986,0.5810033,64.635605,357730.44,0.1,0.1,30.694988,632780.44,0.9,0.9,65.16723,0.6748747,0.6748747,1.0,120.58743,632224.7,403.32104,1.60746,55.134956,55.184006,0.74976045,0.9,1.0,567.9966,1.0,66.23543,61.31685,62.00421,62.15725,64.08661
2018-01-02 06:47:00,0.579848,0.5786551,64.6479,357730.44,0.1,0.1,30.709986,629343.7,0.9,0.9,65.18206,0.67418057,0.67418057,1.0,122.0464,628838.56,403.33838,1.60746,55.139458,55.184006,0.748992,0.9,1.0,570.1558,1.0,66.25806,61.331406,62.010033,62.140823,64.03734
2018-01-02 06:48:00,0.57761025,0.57653207,64.66246,357730.44,0.1,0.1,30.725037,626185.75,0.9,0.9,65.198814,0.6735089,0.6735089,1.0,123.35655,625728.06,403.354,1.60746,55.14369,55.184006,0.7482493,0.9,1.0,571.91473,1.0,66.28075,61.348217,62.01756,62.12764,63.991913
2018-01-02 06:49:00,0.57558906,0.57461596,64.67873,357730.44,0.1,0.1,30.740032,623292.3,0.9,0.9,65.21706,0.67286456,0.67286456,1.0,124.52932,622878.7,403.36798,1.60746,55.147533,55.184006,0.74753755,0.9,1.0,573.33344,1.0,66.303215,61.367058,62.026623,62.117535,63.949997
2018-01-02 06:50:00,0.5737657,0.5728885,64.69635,357730.44,0.1,0.1,30.770025,620647.3,0.9,0.9,65.23644,0.6722506,0.6722506,1.0,125.57618,620274.2,403.38052,1.60746,55.151104,55.184006,0.7468599,0.9,1.0,574.4652,1.0,66.32519,61.387825,62.03717,62.11023,63.91127
2018-01-02 06:51:00,0.57212245,0.5713322,64.71498,357730.44,0.1,0.1,30.770025,618234.4,0.9,0.9,65.256546,0.67166877,0.67166877,1.0,126.50812,617898.44,403.39172,1.60746,55.154343,55.184006,0.7462181,0.9,1.0,575.3557,1.0,66.346725,61.410347,62.049088,62.105507,63.87562
2018-01-02 06:52:00,0.57064223,0.56993055,64.734314,357730.44,0.1,0.1,30.785023,616037.06,0.9,0.9,65.27725,0.6711198,0.6711198,1.0,127.33559,615735.1,403.4017,1.60746,55.15731,55.184006,0.7456128,0.9,1.0,576.0442,1.0,66.36754,61.43446,62.062164,62.10314,63.842663
2018-01-02 06:53:00,0.56930953,0.56866825,64.75409,357730.44,0.1,0.1,30.800018,614039.5,0.9,0.9,65.29819,0.67060363,0.67060363,1.0,128.06836,613768.44,403.41064,1.60746,55.15995,55.184006,0.74504393,0.9,1.0,576.56433,1.0,66.387535,61.460114,62.076447,62.10292,63.812233
2018-01-02 06:54:00,0.5681086,0.5675308,64.77414,357730.44,0.1,0.1,30.815014,612226.06,0.9,0.9,65.31917,0.6701193,0.6701193,1.0,128.7151,611983.25,403.41855,1.60746,55.162308,55.184006,0.7445101,0.9,1.0,576.94885,1.0,66.40654,61.487194,62.091717,62.10479,63.784103
2018-01-02 06:55:00,0.56702584,0.5665047,64.79424,357730.44,0.1,0.1,30.830011,610581.8,0.9,0.9,65.34015,0.6696648,0.6696648,1.0,129.28331,610364.6,403.42557,1.60746,55.16445,55.184006,0.7440094,0.9,1.0,577.22595,1.0,66.4245,61.51554,62.10798,62.10847,63.758125
2018-01-02 06:56:00,0.5660485,0.56557757,64.81429,357730.44,0.1,0.1,30.845007,609092.7,0.9,0.9,65.36086,0.6692394,0.6692394,1.0,129.78116,608898.7,403.43185,1.60746,55.166374,55.184006,0.74354076,0.9,1.0,577.41394,1.0,66.441315,61.545147,62.125114,62.113853,63.734173
2018-01-02 06:57:00,0.5651646,0.5647381,64.83407,357730.44,0.1,0.1,30.860004,607745.44,0.9,0.9,65.38119,0.668842,0.668842,1.0,130.21631,607572.25,403.43738,1.60746,55.168022,55.184006,0.74310315,0.9,1.0,577.5285,1.0,66.457245,61.57585,62.143078,62.120888,63.712036
2018-01-02 06:58:00,0.56436354,0.5639765,64.85357,357730.44,0.1,0.1,30.889996,606527.8,0.9,0.9,65.401184,0.6684716,0.6684716,1.0,130.59567,606373.44,403.4423,1.60746,55.169563,55.184006,0.74269533,0.9,1.0,577.58295,1.0,66.47213,61.60771,62.16181,62.129456,63.6916
2018-01-02 06:59:00,0.56363606,0.563284,64.87268,357730.44,0.1,0.1,30.904993,605428.56,0.9,0.9,65.420685,0.6681269,0.6681269,1.0,130.92554,605291.06,403.44662,1.60746,55.17088,55.184006,0.74231595,0.9,1.0,577.5884,1.0,66.486084,61.640564,62.181255,62.139343,63.672707
2018-01-02 07:00:00,0.56297374,0.5626527,64.89142,357730.44,0.1,0.1,30.904993,604437.0,0.9,0.9,65.43974,0.6678066,0.6678066,1.0,131.21149,604314.6,403.4504,1.60746,55.172035,55.184006,0.74196345,0.9,1.0,577.5543,1.0,66.49893,61.674347,62.201416,62.150604,63.655346
2018-01-02 07:01:00,0.56236917,0.56207556,64.90965,357730.44,0.1,0.1,30.919989,603543.44,0.9,0.9,65.45825,0.6675095,0.6675095,1.0,131.45859,603434.7,403.45374,1.60746,55.173077,55.184006,0.7416365,0.9,1.0,577.4886,1.0,66.5108,61.709118,62.22218,62.16307,63.639305
2018-01-02 07:02:00,0.56181383,0.5615446,64.92761,357730.44,0.1,0.1,30.919989,602739.06,0.9,0.9,65.47737,0.6672342,0.6672342,1.0,131.67133,602642.5,403.4567,1.60746,55.17401,55.184006,0.7413336,0.9,1.0,577.3978,1.0,66.546234,61.746582,62.246407,62.178566,63.627495
2018-01-02 07:03:00,0.56132025,0.56109536,64.94723,357730.44,0.1,0.1,30.919989,602015.56,0.9,0.9,65.49831,0.6669794,0.6669794,1.0,131.85379,601929.94,403.45926,1.60746,55.17533,55.184006,0.7410533,0.9,1.0,577.2877,1.0,66.56491,61.78498,62.271233,62.195263,63.61695
2018-01-02 07:04:00,0.56091124,0.5607238,64.96771,357730.44,0.1,0.1,30.919989,601365.4,0.9,0.9,65.51973,0.66674376,0.66674376,1.0,132.00961,601289.44,403.4615,1.60746,55.176647,55.184006,0.7407942,0.9,1.0,577.1629,1.0,66.590836,61.824142,62.29661,62.213005,63.6075
2018-01-02 07:05:00,0.56056947,0.560414,64.98892,357730.44,0.1,0.1,30.919989,600781.6,0.9,0.9,65.54175,0.66652614,0.66652614,1.0,132.14198,600714.44,403.46347,1.60746,55.177856,55.184006,0.7405548,0.9,1.0,577.0273,1.0,66.609024,61.864136,62.32254,62.231735,63.59915
2018-01-02 07:06:00,0.56028736,0.56015855,65.010284,357730.44,0.1,0.1,30.919989,600258.06,0.9,0.9,65.56372,0.66632533,0.66632533,1.0,132.25375,600198.7,403.46518,1.60746,55.1789,55.184006,0.74033403,0.9,1.0,576.88403,1.0,66.629234,61.90484,62.348907,62.251404,63.59179
2018-01-02 07:07:00,0.56005234,0.5599449,65.03166,357730.44,0.1,0.1,30.919989,599788.94,0.9,0.9,65.58559,0.66614014,0.66614014,1.0,132.34752,599736.56,403.46664,1.60746,55.179726,55.184006,0.7401304,0.9,1.0,576.736,1.0,66.64544,61.946312,62.37577,62.272003,63.585365
2018-01-02 07:08:00,0.55985606,0.55976564,65.05281,357730.44,0.1,0.1,30.919989,599369.06,0.9,0.9,65.60707,0.6659696,0.6659696,1.0,132.42555,599322.8,403.4679,1.60746,55.180435,55.184006,0.7399429,0.9,1.0,576.5853,1.0,66.661644,61.988445,62.403015,62.293427,63.579815
2018-01-02 07:09:00,0.55969006,0.55961317,65.07362,357730.44,0.1,0.1,30.919989,598993.56,0.9,0.9,65.62822,0.6658126,0.6658126,1.0,132.48982,598952.94,403.469,1.60746,55.180984,55.184006,0.73977035,0.9,1.0,576.43396,1.0,66.6756,62.031235,62.430702,62.315727,63.575146
2018-01-02 07:10:00,0.5595483,0.5594821,65.09401,357730.44,0.1,0.1,30.919989,598658.1,0.9,0.9,65.648865,0.6656682,0.6656682,1.0,132.54219,598622.44,403.46994,1.60746,55.181427,55.184006,0.7396116,0.9,1.0,576.2833,1.0,66.688995,62.074745,62.458824,62.3388,63.571243
2018-01-02 07:11:00,0.5594257,0.5593681,65.11389,357730.44,0.1,0.1,30.919989,598358.8,0.9,0.9,65.66903,0.66553545,0.66553545,1.0,132.5842,598327.5,403.47073,1.60746,55.181755,55.184006,0.7394657,0.9,1.0,576.13464,1.0,66.700806,62.11885,62.487335,62.362694,63.568115
2018-01-02 07:12:00,0.5593186,0.5592679,65.13333,357730.44,0.1,0.1,30.919989,598092.06,0.9,0.9,65.688644,0.66541356,0.66541356,1.0,132.61726,598064.7,403.4714,1.60746,55.182083,55.184006,0.7393318,0.9,1.0,575.98895,1.0,66.71191,62.163677,62.516228,62.387306,63.56575
2018-01-02 07:13:00,0.5592239,0.5591787,65.15234,357730.44,0.1,0.1,30.919989,597854.7,0.9,0.9,65.70781,0.6653017,0.6653017,1.0,132.6426,597830.75,403.472,1.60746,55.182304,55.184006,0.7392088,0.9,1.0,575.847,1.0,66.72185,62.209053,62.545563,62.41268,63.564102
2018-01-02 07:14:00,0.5591394,0.5590988,65.17085,357730.44,0.1,0.1,30.919989,597643.56,0.9,0.9,65.72649,0.66519904,0.66519904,1.0,132.66133,597622.7,403.47244,1.60746,55.182472,55.184006,0.7390961,0.9,1.0,575.70935,1.0,66.73102,62.25514,62.575226,62.438774,63.56317
2018-01-02 07:15:00,0.55906326,0.55902654,65.18887,357730.44,0.1,0.1,30.919989,597456.1,0.9,0.9,65.74472,0.66510504,0.66510504,1.0,132.67441,597438.06,403.47287,1.60746,55.182632,55.184006,0.7389928,0.9,1.0,575.5765,1.0,66.739426,62.301773,62.60527,62.465584,63.562843
2018-01-02 07:16:00,0.55899435,0.5589611,65.206505,357730.44,0.1,0.1,30.919989,597290.0,0.9,0.9,65.76253,0.6650189,0.6650189,1.0,132.68268,597274.3,403.47318,1.60746,55.182747,55.184006,0.7388982,0.9,1.0,575.4487,1.0,66.74718,62.34907,62.635704,62.49305,63.56317
2018-01-02 07:17:00,0.5589319,0.5589018,65.22381,357730.44,0.1,0.1,30.919989,597142.9,0.9,0.9,65.77999,0.6649401,0.6649401,1.0,132.68687,597129.3,403.47342,1.60746,55.182907,55.184006,0.7388116,0.9,1.0,575.32635,1.0,66.7542,62.397026,62.66652,62.521282,63.56416
2018-01-02 07:18:00,0.55887544,0.5588483,65.24072,357730.44,0.1,0.1,30.919989,597012.9,0.9,0.9,65.79707,0.664868,0.664868,1.0,132.6877,597001.25,403.47363,1.60746,55.18302,55.184006,0.7387324,0.9,1.0,575.2095,1.0,66.76074,62.445534,62.69767,62.55012,63.56575
2018-01-02 07:19:00,0.55882466,0.5588004,65.25737,357730.44,0.1,0.1,30.919989,596898.1,0.9,0.9,65.81389,0.66480213,0.66480213,1.0,132.68567,596888.1,403.47382,1.60746,55.183075,55.184006,0.73866004,0.9,1.0,575.0981,1.0,66.766785,62.49464,62.729256,62.579674,63.567894
2018-01-02 07:20:00,0.5587794,0.55875796,65.27374,357730.44,0.1,0.1,30.919989,596797.06,0.9,0.9,65.830475,0.66474193,0.66474193,1.0,132.68129,596788.56,403.47394,1.60746,55.18318,55.184006,0.73859394,0.9,1.0,574.99225,1.0,66.77228,62.544353,62.76117,62.609833,63.57064
2018-01-02 07:21:00,0.55873966,0.558721,65.28989,357730.44,0.1,0.1,30.919989,596708.25,0.9,0.9,65.84679,0.664687,0.664687,1.0,132.675,596700.94,403.47403,1.60746,55.183296,55.184006,0.7385336,0.9,1.0,574.89197,1.0,66.777435,62.594727,62.79347,62.6407,63.57399
2018-01-02 07:22:00,0.55870545,0.5586897,65.30582,357730.44,0.1,0.1,30.919989,596630.25,0.9,0.9,65.86299,0.66463685,0.66463685,1.0,132.66719,596624.1,403.4741,1.60746,55.183403,55.184006,0.7384786,0.9,1.0,574.7971,1.0,66.78227,62.645645,62.826096,62.672234,63.577892
2018-01-02 07:23:00,0.558677,0.5586644,65.32164,357730.44,0.1,0.1,30.919989,596562.0,0.9,0.9,65.87898,0.66459113,0.66459113,1.0,132.65817,596556.9,403.47412,1.60746,55.183514,55.184006,0.7384284,0.9,1.0,574.7076,1.0,66.78677,62.697227,62.85917,62.70437,63.582344
2018-01-02 07:24:00,0.5586546,0.5586451,65.337296,357730.44,0.1,0.1,30.919989,596502.44,0.9,0.9,65.89491,0.6645495,0.6645495,1.0,132.64824,596498.1,403.47415,1.60746,55.183624,55.184006,0.7383827,0.9,1.0,574.6232,1.0,66.790955,62.74936,62.89262,62.737164,63.587288
2018-01-02 07:25:00,0.55863845,0.55863225,65.3529,357730.44,0.1,0.1,30.919989,596450.5,0.9,0.9,65.91078,0.6645116,0.6645116,1.0,132.63762,596446.94,403.47415,1.60746,55.18373,55.184006,0.7383411,0.9,1.0,574.5438,1.0,66.79497,62.802147,62.926403,62.770615,63.592834
2018-01-02 07:26:00,0.55862886,0.55862606,65.36844,357730.44,0.1,0.1,30.919989,596405.4,0.9,0.9,65.926544,0.66447717,0.66447717,1.0,132.62653,596402.5,403.47412,1.60746,55.183846,55.184006,0.73830324,0.9,1.0,574.4693,1.0,66.7987,62.85554,62.960625,62.80473,63.598877
2018-01-02 07:27:00,0.558626,0.5586268,65.38399,357730.44,0.1,0.1,30.919989,596366.3,0.9,0.9,65.94237,0.6644458,0.6644458,1.0,132.61511,596364.06,403.4741,1.60746,55.183952,55.184006,0.73826885,0.9,1.0,574.3994,1.0,66.80227,62.90965,62.9954,62.83961,63.60569
2018-01-02 07:28:00,0.55863017,0.55863476,65.399536,357730.44,0.1,0.1,30.919989,596332.6,0.9,0.9,65.95819,0.6644173,0.6644173,1.0,132.60355,596330.8,403.47406,1.60746,55.184063,55.184006,0.7382376,0.9,1.0,574.3339,1.0,66.805725,62.964363,63.030663,62.875153,63.61305
2018-01-02 07:29:00,0.5586419,0.5586505,65.415085,357730.44,0.1,0.1,30.919989,596303.6,0.9,0.9,65.974014,0.66439146,0.66439146,1.0,132.59196,596302.3,403.47403,1.60746,55.184227,55.184006,0.7382092,0.9,1.0,574.2727,1.0,66.80908,63.01973,63.06626,62.911297,63.620903
2018-01-02 07:30:00,0.5586616,0.55867434,65.43074,357730.44,0.1,0.1,30.919989,596278.9,0.9,0.9,65.989944,0.664368,0.664368,1.0,132.58043,596277.9,403.47397,1.60746,55.184395,55.184006,0.73818344,0.9,1.0,574.2156,1.0,66.81227,63.075653,63.102295,62.9481,63.629253
2018-01-02 07:31:00,0.5586894,0.5587064,65.44644,357730.44,0.1,0.1,30.919989,596257.75,0.9,0.9,66.00598,0.6643467,0.6643467,1.0,132.56906,596257.06,403.4739,1.60746,55.1845,55.184006,0.7381601,0.9,1.0,574.1623,1.0,66.8154,63.132233,63.138714,62.985565,63.638153
2018-01-02 07:32:00,0.55872566,0.558747,65.462265,357730.44,0.1,0.1,30.919989,596239.94,0.9,0.9,66.022125,0.6643274,0.6643274,1.0,132.55792,596239.5,403.47385,1.60746,55.18467,55.184006,0.738139,0.9,1.0,574.1126,1.0,66.818474,63.189415,63.17563,63.023632,63.647545
2018-01-02 07:33:00,0.5587704,0.55879617,65.478195,357730.44,0.1,0.1,30.919989,596224.9,0.9,0.9,66.03833,0.6643099,0.6643099,1.0,132.54707,596224.7,403.47382,1.60746,55.18483,55.184006,0.7381198,0.9,1.0,574.0664,1.0,66.82155,63.247204,63.21287,63.06236,63.657486
2018-01-02 07:34:00,0.55882376,0.55885404,65.49423,357730.44,0.1,0.1,30.919989,596212.3,0.9,0.9,66.05476,0.6642941,0.6642941,1.0,132.53654,596212.3,403.47375,1.60746,55.184998,55.184006,0.7381025,0.9,1.0,574.0234,1.0,66.82452,63.305595,63.25061,63.101746,63.667923
2018-01-02 07:35:00,0.55890584,0.5589835,65.51044,357730.44,0.1,0.1,30.919989,596201.94,0.9,0.9,66.07129,0.6642799,0.6642799,1.0,132.52637,596202.06,403.47366,1.60746,55.185986,55.184006,0.7380868,0.9,1.0,573.9835,1.0,66.82754,63.364594,63.288788,63.141846,63.67891
2018-01-02 07:36:00,0.5590753,0.5591704,65.52681,357730.44,0.1,0.1,30.919989,596193.5,0.9,0.9,66.088,0.66426694,0.66426694,1.0,132.51659,596193.7,403.4736,1.60746,55.186867,55.184006,0.73807263,0.9,1.0,573.94653,1.0,66.83056,63.424248,63.327404,63.18255,63.690445
2018-01-02 07:37:00,0.5592634,0.5593637,65.54335,357730.44,0.1,0.1,30.919989,596186.6,0.9,0.9,66.10491,0.6642553,0.6642553,1.0,132.5072,596187.0,403.47354,1.60746,55.18725,55.184006,0.7380599,0.9,1.0,573.91223,1.0,66.83358,63.48445,63.366463,63.223858,63.702423
2018-01-02 07:38:00,0.5594638,0.55957085,65.560104,357730.44,0.1,0.1,30.919989,596181.25,0.9,0.9,66.121994,0.66424483,0.66424483,1.0,132.49825,596181.7,403.47348,1.60746,55.187576,55.184006,0.7380484,0.9,1.0,573.8805,1.0,66.836655,63.54532,63.405956,63.26588,63.715004
2018-01-02 07:39:00,0.5596757,0.5597876,65.57702,357730.44,0.1,0.1,30.919989,596177.0,0.9,0.9,66.13936,0.66423535,0.66423535,1.0,132.4897,596177.5,403.47342,1.60746,55.187798,55.184006,0.738038,0.9,1.0,573.8511,1.0,66.83978,63.60679,63.445946,63.308563,63.72802
2018-01-02 07:40:00,0.5598966,0.56001276,65.59416,357730.44,0.1,0.1,30.919989,596173.9,0.9,0.9,66.156876,0.66422683,0.66422683,1.0,132.48158,596174.44,403.47336,1.60746,55.187965,55.184006,0.73802865,0.9,1.0,573.824,1.0,66.84292,63.668804,63.486374,63.351906,63.741646
2018-01-02 07:41:00,0.56012565,0.5602458,65.61157,357730.44,0.1,0.1,30.919989,596171.7,0.9,0.9,66.17462,0.66421914,0.66421914,1.0,132.47388,596172.2,403.4733,1.60746,55.188126,55.184006,0.73802024,0.9,1.0,573.7989,1.0,66.84616,63.731483,63.527245,63.395905,63.755707
2018-01-02 07:42:00,0.5603622,0.56048614,65.62915,357730.44,0.1,0.1,30.919989,596170.2,0.9,0.9,66.19264,0.6642122,0.6642122,1.0,132.46658,596170.75,403.47327,1.60746,55.188293,55.184006,0.7380127,0.9,1.0,573.77576,1.0,66.849396,63.79471,63.568554,63.440506,63.770317
2018-01-02 07:43:00,0.560606,0.56073356,65.647,357730.44,0.1,0.1,30.919989,596169.4,0.9,0.9,66.21088,0.664206,0.664206,1.0,132.45969,596170.0,403.4732,1.60746,55.1884,55.184006,0.7380059,0.9,1.0,573.75446,1.0,66.85269,63.858536,63.61036,63.485825,63.785477
2018-01-02 07:44:00,0.5608567,0.5609877,65.66507,357730.44,0.1,0.1,30.919989,596169.1,0.9,0.9,66.22933,0.6642005,0.6642005,1.0,132.45322,596169.75,403.47318,1.60746,55.188515,55.184006,0.73799974,0.9,1.0,573.7348,1.0,66.8561,63.92292,63.6526,63.53175,63.80108
2018-01-02 07:45:00,0.5611141,0.5612485,65.683365,357730.44,0.1,0.1,30.919989,596169.3,0.9,0.9,66.24806,0.6641955,0.6641955,1.0,132.4471,596169.94,403.4731,1.60746,55.18862,55.184006,0.7379943,0.9,1.0,573.71674,1.0,66.85951,63.9879,63.695335,63.57833,63.81723
2018-01-02 07:46:00,0.561378,0.56151575,65.701935,357730.44,0.1,0.1,30.919989,596169.8,0.9,0.9,66.26701,0.664191,0.664191,1.0,132.44136,596170.5,403.47308,1.60746,55.18879,55.184006,0.7379894,0.9,1.0,573.7001,1.0,66.86308,64.05344,63.73851,63.62552,63.833874
2018-01-02 07:47:00,0.5616485,0.5617895,65.72072,357730.44,0.1,0.1,30.919989,596170.75,0.9,0.9,66.28624,0.664187,0.664187,1.0,132.43599,596171.3,403.47302,1.60746,55.188896,55.184006,0.737985,0.9,1.0,573.6848,1.0,66.86665,64.11952,63.782127,63.673363,63.851013
2018-01-02 07:48:00,0.56192535,0.5620697,65.73978,357730.44,0.1,0.1,30.919989,596171.9,0.9,0.9,66.30574,0.66418344,0.66418344,1.0,132.43094,596172.44,403.473,1.60746,55.189007,55.184006,0.7379811,0.9,1.0,573.6708,1.0,66.87033,64.1862,63.82624,63.72187,63.8687
2018-01-02 07:49:00,0.56220865,0.5623563,65.75912,357730.44,0.1,0.1,30.919989,596173.2,0.9,0.9,66.325516,0.6641802,0.6641802,1.0,132.42622,596173.75,403.47296,1.60746,55.189117,55.184006,0.7379776,0.9,1.0,573.6579,1.0,66.87407,64.25339,63.870842,63.770977,63.886826
2018-01-02 07:50:00,0.56249833,0.5626492,65.77867,357730.44,0.1,0.1,30.919989,596174.6,0.9,0.9,66.34551,0.66417736,0.66417736,1.0,132.42183,596175.2,403.47293,1.60746,55.189224,55.184006,0.73797446,0.9,1.0,573.6461,1.0,66.877914,64.32117,63.915886,63.82069,63.905502
2018-01-02 07:51:00,0.5627943,0.5629484,65.79851,357730.44,0.1,0.1,30.919989,596176.25,0.9,0.9,66.36578,0.66417485,0.66417485,1.0,132.41772,596176.8,403.4729,1.60746,55.18934,55.184006,0.7379717,0.9,1.0,573.63525,1.0,66.881805,64.38945,63.961372,63.871063,63.924675
2018-01-02 07:52:00,0.5630966,0.563254,65.8186,357730.44,0.1,0.1,30.919989,596177.9,0.9,0.9,66.38632,0.6641726,0.6641726,1.0,132.4139,596178.44,403.47287,1.60746,55.189445,55.184006,0.7379692,0.9,1.0,573.6254,1.0,66.88582,64.45828,64.00735,63.92204,63.944344
2018-01-02 07:53:00,0.5634052,0.56356585,65.83893,357730.44,0.1,0.1,30.919989,596179.6,0.9,0.9,66.40709,0.66417056,0.66417056,1.0,132.41034,596180.1,403.47284,1.60746,55.189556,55.184006,0.7379671,0.9,1.0,573.61633,1.0,66.889885,64.527664,64.05382,63.973618,63.9645
2018-01-02 07:54:00,0.5637202,0.56388414,65.85959,357730.44,0.1,0.1,30.919989,596181.4,0.9,0.9,66.428185,0.6641688,0.6641688,1.0,132.40704,596181.9,403.4728,1.60746,55.189667,55.184006,0.7379651,0.9,1.0,573.60803,1.0,66.89412,64.59759,64.10073,64.0258,63.985153
2018-01-02 07:55:00,0.56404155,0.5642087,65.88046,357730.44,0.1,0.1,30.919989,596183.2,0.9,0.9,66.44949,0.6641672,0.6641672,1.0,132.40396,596183.6,403.47278,1.60746,55.189774,55.184006,0.7379634,0.9,1.0,573.60046,1.0,66.898346,64.66806,64.14813,64.0786,64.0063
2018-01-02 07:56:00,0.5643692,0.5645397,65.90155,357730.44,0.1,0.1,30.919989,596184.94,0.9,0.9,66.471146,0.66416585,0.66416585,1.0,132.40112,596185.4,403.47275,1.60746,55.189888,55.184006,0.7379618,0.9,1.0,573.59357,1.0,66.90274,64.73898,64.195984,64.13199,64.02795
2018-01-02 07:57:00,0.5647032,0.56487685,65.92297,357730.44,0.1,0.1,30.919989,596186.6,0.9,0.9,66.493004,0.6641646,0.6641646,1.0,132.39847,596187.06,403.47275,1.60746,55.19005,55.184006,0.7379605,0.9,1.0,573.5873,1.0,66.90719,64.810394,64.24432,64.18599,64.05008
2018-01-02 07:58:00,0.5650435,0.5652204,65.944626,357730.44,0.1,0.1,30.919989,596188.4,0.9,0.9,66.51514,0.66416353,0.66416353,1.0,132.39603,596188.75,403.47272,1.60746,55.190163,55.184006,0.7379593,0.9,1.0,573.58154,1.0,66.91174,64.88225,64.293106,64.24053,64.072716
2018-01-02 07:59:00,0.5653901,0.5655702,65.9666,357730.44,0.1,0.1,30.919989,596190.0,0.9,0.9,66.53755,0.6641626,0.6641626,1.0,132.39377,596190.4,403.4727,1.60746,55.19027,55.184006,0.73795825,0.9,1.0,573.5763,1.0,66.91641,64.95459,64.34238,64.29574,64.09584
2018-01-02 08:00:00,0.5657429,0.5659262,65.988785,357730.44,0.1,0.1,30.919989,596191.6,0.9,0.9,66.56018,0.66416174,0.66416174,1.0,132.39168,596191.94,403.4727,1.60746,55.19038,55.184006,0.73795736,0.9,1.0,573.57153,1.0,66.921196,65.02727,64.39209,64.35144,64.11952
2018-01-02 08:01:00,0.56610185,0.56628823,66.0112,357730.44,0.1,0.1,30.919989,596193.2,0.9,0.9,66.583145,0.66416097,0.66416097,1.0,132.38974,596193.5,403.47263,1.60746,55.19049,55.184006,0.7379565,0.9,1.0,573.56714,1.0,66.926025,65.10033,64.44229,64.407684,64.14358
2018-01-02 08:02:00,0.56647414,0.5666858,66.03685,357730.44,0.1,0.1,30.938007,596194.7,0.9,0.9,66.61479,0.6641603,0.6641603,1.0,132.38797,596195.0,403.47263,1.60746,55.190987,55.184006,0.73795587,0.9,1.0,573.56323,1.0,67.106865,65.18673,64.513596,64.478,64.18994
2018-01-02 08:03:00,0.56699896,0.5673843,66.07805,357730.44,0.1,0.1,30.973988,596196.1,0.9,0.9,66.66252,0.6641598,0.6641598,1.0,132.38634,596196.44,403.4726,1.60746,55.19494,55.184006,0.7379552,0.9,1.0,573.55963,1.0,67.162735,65.27313,64.58468,64.54875,64.23602
2018-01-02 08:04:00,0.5678437,0.568338,66.12837,357730.44,0.1,0.1,30.973988,596197.5,0.9,0.9,66.716965,0.6641593,0.6641593,1.0,132.38481,596197.75,403.4726,1.60746,55.199005,55.184006,0.7379547,0.9,1.0,573.5564,1.0,67.28276,65.35971,64.65609,64.61995,64.28244
2018-01-02 08:05:00,0.5688728,0.5694645,66.186646,357730.44,0.1,0.1,30.992004,596198.8,0.9,0.9,66.7787,0.6641589,0.6641589,1.0,132.38342,596199.06,403.47256,1.60746,55.202522,55.184006,0.7379542,0.9,1.0,573.55347,1.0,67.34845,65.446396,64.72772,64.69147,64.329025
2018-01-02 08:06:00,0.57007414,0.5707243,66.24895,357730.44,0.1,0.1,31.010021,596200.06,0.9,0.9,66.84308,0.66415846,0.66415846,1.0,132.38214,596200.3,403.47256,1.60746,55.20521,55.184006,0.73795384,0.9,1.0,573.5508,1.0,67.43673,65.53323,64.799576,64.76343,64.375885
2018-01-02 08:07:00,0.57136756,0.572057,66.31415,357730.44,0.1,0.1,31.027985,596201.25,0.9,0.9,66.909935,0.66415817,0.66415817,1.0,132.38098,596201.44,403.47256,1.60746,55.207077,55.184006,0.7379535,0.9,1.0,573.54834,1.0,67.49968,65.62009,64.87164,64.83566,64.422905
2018-01-02 08:08:00,0.57272655,0.57343453,66.38034,357730.44,0.1,0.1,31.046001,596202.4,0.9,0.9,66.977005,0.6641579,0.6641579,1.0,132.3799,596202.56,403.47253,1.60746,55.208176,55.184006,0.7379532,0.9,1.0,573.54614,1.0,67.569,65.70705,64.94388,64.90828,64.470146
2018-01-02 08:09:00,0.57410824,0.5748213,66.44675,357730.44,0.1,0.1,31.06402,596203.44,0.9,0.9,67.04413,0.6641577,0.6641577,1.0,132.3789,596203.6,403.47253,1.60746,55.20867,55.184006,0.73795295,0.9,1.0,573.5441,1.0,67.625305,65.794,65.01628,64.98117,64.5175
2018-01-02 08:10:00,0.5754934,0.5762011,66.51256,357730.44,0.1,0.1,31.082037,596204.44,0.9,0.9,67.110214,0.66415745,0.66415745,1.0,132.378,596204.6,403.47253,1.60746,55.208782,55.184006,0.7379527,0.9,1.0,573.5424,1.0,67.681885,65.88095,65.08884,65.0544,64.56506
2018-01-02 08:11:00,0.5768612,0.5775558,66.577324,357730.44,0.1,0.1,31.118017,596205.4,0.9,0.9,67.17514,0.66415733,0.66415733,1.0,132.37718,596205.56,403.47253,1.60746,55.208508,55.184006,0.73795253,0.9,1.0,573.5408,1.0,67.73111,65.967804,65.161514,65.12784,64.61281
2018-01-02 08:12:00,0.5782008,0.5788779,66.64072,357730.44,0.1,0.1,31.118017,596206.25,0.9,0.9,67.23848,0.66415715,0.66415715,1.0,132.37642,596206.44,403.4725,1.60746,55.208015,55.184006,0.7379524,0.9,1.0,573.5393,1.0,67.77852,66.054535,65.2343,65.20151,64.660645
2018-01-02 08:13:00,0.5795034,0.5801597,66.70257,357730.44,0.1,0.1,31.136036,596207.06,0.9,0.9,67.300224,0.66415703,0.66415703,1.0,132.37573,596207.2,403.4725,1.60746,55.20741,55.184006,0.7379523,0.9,1.0,573.53796,1.0,67.82114,66.14117,65.30719,65.275444,64.7086
2018-01-02 08:14:00,0.5807646,0.5813986,66.762665,357730.44,0.1,0.1,31.153997,596207.9,0.9,0.9,67.360214,0.664157,0.664157,1.0,132.37509,596208.0,403.4725,1.60746,55.206696,55.184006,0.7379522,0.9,1.0,573.5368,1.0,67.861465,66.22757,65.3802,65.34955,64.75673
2018-01-02 08:15:00,0.58198154,0.58259237,66.821106,357730.44,0.1,0.1,31.172016,596208.56,0.9,0.9,67.41849,0.66415685,0.66415685,1.0,132.37451,596208.7,403.4725,1.60746,55.20587,55.184006,0.73795205,0.9,1.0,573.5357,1.0,67.89843,66.31377,65.45331,65.423874,64.804955
2018-01-02 08:16:00,0.58315355,0.58374125,66.8778,357730.44,0.1,0.1,31.190033,596209.25,0.9,0.9,67.47496,0.6641568,0.6641568,1.0,132.37398,596209.4,403.4725,1.60746,55.2051,55.184006,0.737952,0.9,1.0,573.5348,1.0,67.93315,66.39967,65.52648,65.49835,64.853294
2018-01-02 08:17:00,0.58428085,0.5848459,66.932846,357730.44,0.1,0.1,31.207996,596209.9,0.9,0.9,67.52984,0.6641568,0.6641568,1.0,132.37349,596210.0,403.47247,1.60746,55.204277,55.184006,0.73795193,0.9,1.0,573.5339,1.0,67.96529,66.48537,65.59976,65.57295,64.90175
2018-01-02 08:18:00,0.5853647,0.58590794,66.98629,357730.44,0.1,0.1,31.226013,596210.44,0.9,0.9,67.58307,0.66415673,0.66415673,1.0,132.37305,596210.56,403.47247,1.60746,55.203506,55.184006,0.73795193,0.9,1.0,573.53314,1.0,67.9955,66.57068,65.673096,65.64772,64.95025
2018-01-02 08:19:00,0.5864068,0.5869293,67.03815,357730.44,0.1,0.1,31.261993,596211.0,0.9,0.9,67.63481,0.6641567,0.6641567,1.0,132.37265,596211.1,403.47247,1.60746,55.202797,55.184006,0.7379519,0.9,1.0,573.5324,1.0,68.02373,66.655655,65.74654,65.72259,64.99886
2018-01-02 08:20:00,0.5874094,0.58791226,67.08862,357730.44,0.1,0.1,31.261993,596211.56,0.9,0.9,67.685074,0.6641567,0.6641567,1.0,132.37228,596211.6,403.47247,1.60746,55.20208,55.184006,0.7379519,0.9,1.0,573.5318,1.0,68.05026,66.74025,65.82004,65.797516,65.04759
2018-01-02 08:21:00,0.5883747,0.58885914,67.13768,357730.44,0.1,0.1,31.28001,596212.0,0.9,0.9,67.73407,0.6641567,0.6641567,1.0,132.37196,596212.1,403.47247,1.60746,55.201366,55.184006,0.7379519,0.9,1.0,573.53125,1.0,68.075195,66.8244,65.89365,65.872604,65.09637
2018-01-02 08:22:00,0.589305,0.58977234,67.18553,357730.44,0.1,0.1,31.298029,596212.44,0.9,0.9,67.78175,0.6641567,0.6641567,1.0,132.37166,596212.5,403.47247,1.60746,55.20076,55.184006,0.7379519,0.9,1.0,573.53076,1.0,68.09871,66.90817,65.96731,65.947754,65.1452
2018-01-02 08:23:00,0.5902028,0.5906542,67.23211,357730.44,0.1,0.1,31.31599,596212.9,0.9,0.9,67.82834,0.6641567,0.6641567,1.0,132.37138,596212.94,403.47247,1.60746,55.200157,55.184006,0.7379519,0.9,1.0,573.5303,1.0,68.1209,66.991455,66.04103,66.02295,65.194145
2018-01-02 08:24:00,0.59107035,0.5915069,67.27765,357730.44,0.1,0.1,31.33401,596213.25,0.9,0.9,67.873764,0.6641567,0.6641567,1.0,132.37112,596213.25,403.47247,1.60746,55.199608,55.184006,0.7379519,0.9,1.0,573.5299,1.0,68.14189,67.074234,66.114746,66.098206,65.243195
2018-01-02 08:25:00,0.5919099,0.5923327,67.32214,357730.44,0.1,0.1,31.352026,596213.6,0.9,0.9,67.91826,0.6641567,0.6641567,1.0,132.37091,596213.7,403.47247,1.60746,55.199112,55.184006,0.7379519,0.9,1.0,573.52954,1.0,68.16188,67.156525,66.18841,66.17352,65.29225
2018-01-02 08:26:00,0.5927235,0.5931337,67.36571,357730.44,0.1,0.1,31.36999,596213.9,0.9,0.9,67.96176,0.6641567,0.6641567,1.0,132.37071,596213.94,403.47247,1.60746,55.198677,55.184006,0.7379519,0.9,1.0,573.52924,1.0,68.18089,67.238266,66.26202,66.248886,65.341415
2018-01-02 08:27:00,0.5935132,0.5939117,67.40844,357730.44,0.1,0.1,31.406025,596214.2,0.9,0.9,68.00445,0.6641567,0.6641567,1.0,132.37053,596214.25,403.47247,1.60746,55.198235,55.184006,0.7379519,0.9,1.0,573.529,1.0,68.19902,67.31945,66.33557,66.32414,65.39064
2018-01-02 08:28:00,0.59428084,0.5946685,67.4503,357730.44,0.1,0.1,31.406025,596214.5,0.9,0.9,68.04636,0.66415673,0.66415673,1.0,132.37035,596214.56,403.47244,1.60746,55.197853,55.184006,0.7379519,0.9,1.0,573.5287,1.0,68.216324,67.39998,66.40901,66.3994,65.43991
2018-01-02 08:29:00,0.595028,0.59540564,67.49139,357730.44,0.1,0.1,31.423986,596214.7,0.9,0.9,68.08751,0.66415673,0.66415673,1.0,132.3702,596214.75,403.47244,1.60746,55.197464,55.184006,0.73795193,0.9,1.0,573.52844,1.0,68.23285,67.479965,66.482346,66.4746,65.48924
2018-01-02 08:30:00,0.5957561,0.5961245,67.531815,357730.44,0.1,0.1,31.442005,596215.0,0.9,0.9,68.12793,0.66415673,0.66415673,1.0,132.37007,596215.0,403.47244,1.60746,55.197136,55.184006,0.73795193,0.9,1.0,573.52826,1.0,68.24873,67.55928,66.55551,66.54974,65.53862
2018-01-02 08:31:00,0.5964667,0.5968265,67.57159,357730.44,0.1,0.1,31.460022,596215.1,0.9,0.9,68.167755,0.66415673,0.66415673,1.0,132.36995,596215.2,403.47244,1.60746,55.196808,55.184006,0.73795193,0.9,1.0,573.5281,1.0,68.264,67.63794,66.628525,66.624725,65.58806
2018-01-02 08:32:00,0.597161,0.5975128,67.6107,357730.44,0.1,0.1,31.477985,596215.4,0.9,0.9,68.206924,0.6641568,0.6641568,1.0,132.36983,596215.44,403.47244,1.60746,55.196533,55.184006,0.737952,0.9,1.0,573.52795,1.0,68.27878,67.71594,66.70131,66.6996,65.63756
2018-01-02 08:33:00,0.5978402,0.5981845,67.64926,357730.44,0.1,0.1,31.496002,596215.56,0.9,0.9,68.2456,0.6641568,0.6641568,1.0,132.36972,596215.6,403.47244,1.60746,55.19626,55.184006,0.737952,0.9,1.0,573.52783,1.0,68.29295,67.793236,66.773926,66.77437,65.6871
2018-01-02 08:34:00,0.59850526,0.5988427,67.68733,357730.44,0.1,0.1,31.514019,596215.7,0.9,0.9,68.28366,0.6641568,0.6641568,1.0,132.36963,596215.75,403.47244,1.60746,55.195984,55.184006,0.737952,0.9,1.0,573.5277,1.0,68.30669,67.86981,66.84633,66.84896,65.736755
2018-01-02 08:35:00,0.5991572,0.59948814,67.724846,357730.44,0.1,0.1,31.55,596215.9,0.9,0.9,68.32129,0.66415685,0.66415685,1.0,132.36955,596215.9,403.47244,1.60746,55.195763,55.184006,0.73795205,0.9,1.0,573.5276,1.0,68.31998,67.94567,66.91845,66.92334,65.78647
2018-01-02 08:36:00,0.59979683,0.6001217,67.76187,357730.44,0.1,0.1,31.55,596216.06,0.9,0.9,68.35843,0.66415685,0.66415685,1.0,132.36949,596216.06,403.47244,1.60746,55.19554,55.184006,0.73795205,0.9,1.0,573.5275,1.0,68.332886,68.02077,66.99036,66.99755,65.83624
2018-01-02 08:37:00,0.6004248,0.600744,67.79851,357730.44,0.1,0.1,31.568018,596216.1,0.9,0.9,68.39513,0.66415685,0.66415685,1.0,132.36942,596216.1,403.47244,1.60746,55.195324,55.184006,0.73795205,0.9,1.0,573.52747,1.0,68.34541,68.095085,67.06198,67.07149,65.88612
2018-01-02 08:38:00,0.601042,0.6013558,67.834656,357730.44,0.1,0.1,31.586035,596216.25,0.9,0.9,68.43143,0.66415685,0.66415685,1.0,132.36937,596216.25,403.47244,1.60746,55.195107,55.184006,0.7379521,0.9,1.0,573.52734,1.0,68.35766,68.16864,67.13335,67.14516,65.936
2018-01-02 08:39:00,0.6016489,0.6019576,67.870415,357730.44,0.1,0.1,31.603998,596216.4,0.9,0.9,68.46725,0.6641569,0.6641569,1.0,132.36931,596216.4,403.47244,1.60746,55.19494,55.184006,0.7379521,0.9,1.0,573.5273,1.0,68.36952,68.24136,67.20437,67.21854,65.98593
2018-01-02 08:40:00,0.6022461,0.6025499,67.905846,357730.44,0.1,0.1,31.622015,596216.5,0.9,0.9,68.50273,0.6641569,0.6641569,1.0,132.36926,596216.5,403.47244,1.60746,55.194775,55.184006,0.7379521,0.9,1.0,573.5273,1.0,68.38112,68.31328,67.27507,67.291595,66.03592
2018-01-02 08:41:00,0.602834,0.6031332,67.94084,357730.44,0.1,0.1,31.640034,596216.56,0.9,0.9,68.537834,0.6641569,0.6641569,1.0,132.36922,596216.56,403.47244,1.60746,55.19461,55.184006,0.7379521,0.9,1.0,573.5272,1.0,68.39249,68.3843,67.34543,67.36438,66.08591
2018-01-02 08:42:00,0.60341305,0.6037078,67.975494,357730.44,0.1,0.1,31.676014,596216.6,0.9,0.9,68.5726,0.6641569,0.6641569,1.0,132.36917,596216.6,403.47244,1.60746,55.194443,55.184006,0.7379522,0.9,1.0,573.52716,1.0,68.40353,68.4545,67.41542,67.43678,66.136
2018-01-02 08:43:00,0.6039835,0.60427403,68.00978,357730.44,0.1,0.1,31.676014,596216.7,0.9,0.9,68.606995,0.664157,0.664157,1.0,132.36914,596216.7,403.47244,1.60746,55.194283,55.184006,0.7379522,0.9,1.0,573.52716,1.0,68.4144,68.52383,67.48507,67.508804,66.1861
2018-01-02 08:44:00,0.60454583,0.6048323,68.043724,357730.44,0.1,0.1,31.69403,596216.75,0.9,0.9,68.64105,0.664157,0.664157,1.0,132.36911,596216.8,403.47244,1.60746,55.194115,55.184006,0.7379522,0.9,1.0,573.5271,1.0,68.425064,68.59227,67.55428,67.580376,66.2362
2018-01-02 08:45:00,0.60510033,0.60538274,68.07735,357730.44,0.1,0.1,31.711994,596216.9,0.9,0.9,68.674774,0.664157,0.664157,1.0,132.36908,596216.9,403.47244,1.60746,55.194008,55.184006,0.7379522,0.9,1.0,573.5271,1.0,68.4355,68.65978,67.62311,67.65163,66.2863
2018-01-02 08:46:00,0.60564715,0.60592574,68.11069,357730.44,0.1,0.1,31.730011,596216.94,0.9,0.9,68.708176,0.664157,0.664157,1.0,132.36906,596216.94,403.47244,1.60746,55.19384,55.184006,0.73795223,0.9,1.0,573.5271,1.0,68.44571,68.726364,67.69156,67.722374,66.33645
2018-01-02 08:47:00,0.6061865,0.60646135,68.14365,357730.44,0.1,0.1,31.748028,596216.94,0.9,0.9,68.74124,0.664157,0.664157,1.0,132.36903,596217.0,403.47244,1.60746,55.193733,55.184006,0.73795223,0.9,1.0,573.52704,1.0,68.455826,68.79201,67.75951,67.79269,66.3866
2018-01-02 08:48:00,0.60671866,0.6069898,68.17633,357730.44,0.1,0.1,31.765991,596217.0,0.9,0.9,68.77399,0.66415703,0.66415703,1.0,132.36902,596217.0,403.47244,1.60746,55.193565,55.184006,0.73795223,0.9,1.0,573.52704,1.0,68.46571,68.856766,67.82702,67.8625,66.43675
2018-01-02 08:49:00,0.60724366,0.6075112,68.20868,357730.44,0.1,0.1,31.784008,596217.06,0.9,0.9,68.80645,0.66415703,0.66415703,1.0,132.369,596217.06,403.47244,1.60746,55.19346,55.184006,0.73795223,0.9,1.0,573.52704,1.0,68.47549,68.92049,67.894035,67.93182,66.48691
2018-01-02 08:50:00,0.60776174,0.6080258,68.24071,357730.44,0.1,0.1,31.819988,596217.06,0.9,0.9,68.838585,0.66415703,0.66415703,1.0,132.36899,596217.06,403.47244,1.60746,55.193344,55.184006,0.73795223,0.9,1.0,573.52704,1.0,68.4851,68.98328,67.96062,68.0006,66.53706
2018-01-02 08:51:00,0.60827297,0.60853356,68.27246,357730.44,0.1,0.1,31.819988,596217.06,0.9,0.9,68.87039,0.66415703,0.66415703,1.0,132.36897,596217.06,403.47244,1.60746,55.193237,55.184006,0.7379523,0.9,1.0,573.52704,1.0,68.49455,69.04513,68.026695,68.06888,66.58716
2018-01-02 08:52:00,0.6087776,0.6090347,68.30394,357730.44,0.1,0.1,31.838007,596217.1,0.9,0.9,68.90192,0.66415703,0.66415703,1.0,132.36897,596217.1,403.47244,1.60746,55.19307,55.184006,0.7379523,0.9,1.0,573.52704,1.0,68.50389,69.10594,68.092224,68.13656,66.63725
2018-01-02 08:53:00,0.60927546,0.60952926,68.33508,357730.44,0.1,0.1,31.856024,596217.1,0.9,0.9,68.93318,0.66415703,0.66415703,1.0,132.36896,596217.2,403.47244,1.60746,55.192963,55.184006,0.7379523,0.9,1.0,573.52704,1.0,68.513115,69.16576,68.15727,68.20369,66.6873
2018-01-02 08:54:00,0.60976684,0.61001724,68.36595,357730.44,0.1,0.1,31.873987,596217.2,0.9,0.9,68.96405,0.66415703,0.66415703,1.0,132.36894,596217.2,403.47244,1.60746,55.192852,55.184006,0.7379523,0.9,1.0,573.52704,1.0,68.52218,69.224594,68.221756,68.2702,66.737335
2018-01-02 08:55:00,0.6102517,0.6104988,68.3965,357730.44,0.1,0.1,31.892004,596217.2,0.9,0.9,68.994705,0.6641571,0.6641571,1.0,132.36894,596217.2,403.47244,1.60746,55.19274,55.184006,0.7379523,0.9,1.0,573.52704,1.0,68.53119,69.28238,68.2857,68.33618,66.78732
2018-01-02 08:56:00,0.6107301,0.61097395,68.42676,357730.44,0.1,0.1,31.910023,596217.25,0.9,0.9,69.025024,0.6641571,0.6641571,1.0,132.36893,596217.25,403.47244,1.60746,55.192635,55.184006,0.7379523,0.9,1.0,573.527,1.0,68.540085,69.33917,68.34909,68.40144,66.837204
2018-01-02 08:57:00,0.6112022,0.61144274,68.456696,357730.44,0.1,0.1,31.946003,596217.25,0.9,0.9,69.055016,0.6641571,0.6641571,1.0,132.36893,596217.25,403.47244,1.60746,55.19252,55.184006,0.7379523,0.9,1.0,573.527,1.0,68.548874,69.39493,68.41193,68.466095,66.887085
2018-01-02 08:58:00,0.61166793,0.6119052,68.48636,357730.44,0.1,0.1,31.96402,596217.25,0.9,0.9,69.08473,0.6641571,0.6641571,1.0,132.36893,596217.25,403.47244,1.60746,55.192413,55.184006,0.7379523,0.9,1.0,573.527,1.0,68.557556,69.4497,68.47417,68.53014,66.936905
2018-01-02 08:59:00,0.6121273,0.6123614,68.51575,357730.44,0.1,0.1,31.96402,596217.3,0.9,0.9,69.11412,0.6641571,0.6641571,1.0,132.36891,596217.3,403.47244,1.60746,55.192303,55.184006,0.7379523,0.9,1.0,573.52704,1.0,68.566124,69.50337,68.5358,68.59343,66.98662
2018-01-02 09:00:00,0.6125804,0.6128112,68.544815,357730.44,0.1,0.1,31.982037,596217.3,0.9,0.9,69.143234,0.6641571,0.6641571,1.0,132.36891,596217.3,403.47244,1.60746,55.19214,55.184006,0.73795235,0.9,1.0,573.52704,1.0,68.57464,69.55599,68.59683,68.6561,67.03628
2018-01-02 09:01:00,0.6130272,0.6132548,68.57359,357730.44,0.1,0.1,32.0,596217.3,0.9,0.9,69.17202,0.6641571,0.6641571,1.0,132.36891,596217.3,403.47244,1.60746,55.192028,55.184006,0.73795235,0.9,1.0,573.52704,1.0,68.58304,69.607574,68.65726,68.71801,67.08583
2018-01-02 09:02:00,0.061186336,0.0,68.60205,357730.44,0.1,0.1,32.018017,596217.3,0.9,0.9,69.20064,0.6641571,0.6641571,1.0,132.36891,596217.3,403.47244,1.60746,61.545364,55.184006,0.73795235,0.9,1.0,573.52704,1.0,68.601395,69.65899,68.7173,68.77942,67.13543
2018-01-02 09:03:00,0.0022409856,0.0,68.59167,357730.44,0.15006053,0.15006053,32.036034,595222.44,0.8809174,0.84993947,69.23492,0.6645089,0.6645089,1.0,133.506,595378.9,403.4702,1.60746,63.762848,55.184006,0.7385162,0.9,1.0,575.50555,1.0,68.709656,69.724686,68.78436,68.84671,67.19124
2018-01-02 09:04:00,6.573087e-05,0.0,68.33859,357730.44,0.20987332,0.20987332,32.053997,591816.6,0.8200027,0.7901267,69.29397,0.66599876,0.66599876,1.0,137.68121,592465.3,403.46387,1.60746,65.18414,55.184006,0.7402328,0.9,1.0,583.8332,1.0,68.89511,69.820435,68.87138,68.93642,67.26869
2018-01-02 09:05:00,1.6598718e-06,0.0,67.96451,357730.44,0.26117316,0.26117316,32.072014,587716.7,0.764784,0.7388269,69.38521,0.66776925,0.66776925,1.0,142.68098,588692.6,403.457,1.60746,65.98692,55.184006,0.74224323,0.9,1.0,593.9747,1.0,69.14807,69.944855,68.978165,69.051285,67.36971
2018-01-02 09:06:00,4.1862652e-08,0.0,67.503525,357730.44,0.3053248,0.3053248,32.107994,583265.7,0.7169301,0.6946752,69.51117,0.66985977,0.66985977,1.0,148.31628,584485.7,403.4494,1.60746,66.366,55.184006,0.74460775,0.9,1.0,605.5156,1.0,69.44772,70.09389,69.10193,69.188614,67.491714
2018-01-02 09:07:00,1.0541629e-09,0.0,66.97244,357730.44,0.34281543,0.34281543,32.126015,578871.25,0.6760825,0.65718454,69.67096,0.67219174,0.67219174,1.0,154.18594,580250.44,403.4416,1.60746,66.43709,55.184006,0.7472256,0.9,1.0,617.737,1.0,69.77819,70.26225,69.239365,69.344505,67.63097
2018-01-02 09:08:00,2.6068713e-11,0.0,66.39665,357730.44,0.3747364,0.3747364,32.126015,574866.7,0.64135605,0.6252636,69.86098,0.674679,0.674679,1.0,159.93495,576321.5,403.4339,1.60746,66.29036,55.184006,0.7500065,0.9,1.0,630.021,1.0,70.1219,70.44446,69.38675,69.514404,67.78335
2018-01-02 09:09:00,6.4556536e-13,0.0,65.79773,357730.44,0.40210006,0.40210006,32.14403,571453.8,0.6116969,0.5978999,70.075645,0.67726755,0.67726755,1.0,165.35518,572917.5,403.4265,1.60746,65.993454,55.184006,0.7528941,0.9,1.0,642.02997,1.0,70.46654,70.63545,69.54061,69.693985,67.94473
2018-01-02 09:10:00,1.4817859e-14,0.0,65.20755,357730.44,0.42661548,0.42661548,32.161995,560969.5,0.58602095,0.5733845,70.30614,0.6762977,0.6762977,1.0,170.22491,561489.5,403.4443,1.60746,65.603546,55.184006,0.7495716,0.9,1.0,647.78625,1.0,70.79788,70.82788,69.69502,69.87767,68.11019
2018-01-02 09:11:00,3.3254667e-16,0.0,64.59726,357730.44,0.44676065,0.44676065,32.18001,536428.0,0.5628736,0.55323935,70.53158,0.6684662,0.6684662,1.0,173.43213,536260.0,403.47507,1.60746,65.171295,55.184006,0.74215025,0.9,1.0,636.9814,1.0,71.117645,71.01239,69.838394,70.05246,68.267456
2018-01-02 09:12:00,7.476346e-18,0.0,64.01097,357730.44,0.4648503,0.4648503,32.19803,522160.12,0.544216,0.5351497,70.76163,0.6648275,0.6648275,1.0,175.65144,522126.9,403.4898,1.60746,64.68306,55.184006,0.73822045,0.9,1.0,632.0781,1.0,71.4263,71.19966,69.983246,70.22775,68.426544
2018-01-02 09:13:00,1.6603304e-19,0.0,63.43743,357730.44,0.48041835,0.48041835,32.215992,510231.34,0.52751374,0.5195816,70.99312,0.66158944,0.66158944,1.0,176.84322,510201.16,403.50177,1.60746,64.18148,55.184006,0.73465884,0.9,1.0,626.66766,1.0,71.71112,71.385765,70.12673,70.40155,68.5853
2018-01-02 09:14:00,3.251506e-21,0.0,62.889656,357730.44,0.49431345,0.49431345,32.23401,500004.06,0.51265186,0.5056865,71.22168,0.6586455,0.6586455,1.0,177.37175,499957.03,403.51135,1.60746,63.676933,55.184006,0.7314262,0.9,1.0,621.0436,1.0,71.97534,71.56841,70.26708,70.57152,68.74147
2018-01-02 09:15:00,-2.1111465e-21,0.0,62.370712,357730.44,0.50684536,0.50684536,32.26999,490777.12,0.49944666,0.49315462,71.44504,0.6555065,0.6555065,1.0,177.11375,490480.97,403.52386,1.60746,63.177055,55.184006,0.72722477,0.9,1.0,614.28906,1.0,72.21512,71.74634,70.40309,70.7357,68.89313
2018-01-02 09:16:00,-1.4819321e-22,0.0,61.87699,357730.44,0.5179978,0.5179978,32.26999,478937.22,0.48724955,0.48200217,71.658615,0.649422,0.649422,1.0,174.37318,478313.84,403.54285,1.60746,62.697777,55.184006,0.72095037,0.9,1.0,599.1837,1.0,72.4315,71.91629,70.52977,70.88869,69.03222
2018-01-02 09:17:00,9.125275e-22,0.0,61.41452,357730.44,0.5281974,0.5281974,32.288006,469938.84,0.4768774,0.4718026,71.86159,0.64530915,0.64530915,1.0,172.68817,469461.47,403.5533,1.60746,62.224594,55.184006,0.7164549,0.9,1.0,589.09106,1.0,72.62425,72.08026,70.65231,71.040955,69.16916
2018-01-02 09:18:00,1.8714042000000002e-22,0.0,60.98166,357730.44,0.53753364,0.53753364,32.306023,460334.62,0.46733654,0.4624664,72.05456,0.64018416,0.64018416,1.0,170.03398,459489.6,403.56857,1.60746,61.774323,55.184006,0.71047926,0.9,1.0,576.31573,1.0,72.79509,72.23726,70.76839,71.18785,69.299515
2018-01-02 09:19:00,-2.241328e-23,0.0,60.560883,357730.44,0.54519045,0.54519045,32.323986,451054.06,0.45871487,0.45480952,72.23561,0.6352815,0.6352815,1.0,167.42906,450356.47,403.57947,1.60746,61.345196,55.184006,0.70523643,0.9,1.0,564.0703,1.0,72.94275,72.38612,70.88072,71.32803,69.42196
2018-01-02 09:20:00,-3.5016506000000005e-22,0.0,60.175644,357730.44,0.5526041,0.5526041,32.342003,443238.25,0.450882,0.4473959,72.40722,0.631053,0.631053,1.0,165.07979,442664.3,403.58704,1.60746,60.93744,55.184006,0.7005867,0.9,1.0,553.55804,1.0,73.07205,72.529495,70.99147,71.46492,69.53967
2018-01-02 09:21:00,5.6832884e-23,0.0,59.817986,357730.44,0.5594741,0.5594741,32.360023,436309.28,0.44385633,0.44052586,72.56888,0.6271289,0.6271289,1.0,162.79524,435806.75,403.59262,1.60746,60.549454,55.184006,0.69627315,0.9,1.0,543.84204,1.0,73.1817,72.66661,71.09924,71.59747,69.65169
2018-01-02 09:22:00,4.1675604e-23,0.0,59.481697,357730.44,0.56559414,0.56559414,32.396004,430128.56,0.4374701,0.43440583,72.72044,0.62349796,0.62349796,1.0,160.6155,429684.8,403.59647,1.60746,60.182842,55.184006,0.69227827,0.9,1.0,534.9025,1.0,73.274536,72.797455,71.204056,71.72563,69.757706
2018-01-02 09:23:00,4.8357805e-22,0.0,59.1671,357730.44,0.57111824,0.57111824,32.41402,424594.47,0.43159837,0.42888176,72.86194,0.62013793,0.62013793,1.0,158.55359,424205.5,403.5988,1.60746,59.838203,55.184006,0.6885802,0.9,1.0,526.6825,1.0,73.350784,72.92198,71.305786,71.84927,69.85773
2018-01-02 09:24:00,1.1568742000000002e-22,0.0,58.87525,357730.44,0.57622445,0.57622445,32.41402,419633.56,0.4262233,0.42377555,72.9935,0.61702293,0.61702293,1.0,156.6084,419294.4,403.59988,1.60746,59.514324,55.184006,0.68515253,0.9,1.0,519.11096,1.0,73.41235,73.04036,71.40444,71.968475,69.95183
2018-01-02 09:25:00,7.576176700000001e-22,0.0,58.604324,357730.44,0.58093125,0.58093125,32.432037,415184.53,0.42132667,0.41906872,73.11529,0.6141313,0.6141313,1.0,154.77713,414889.1,403.5999,1.60746,59.210114,55.184006,0.68197083,0.9,1.0,512.1274,1.0,73.45993,73.15253,71.50002,72.083176,70.0401
2018-01-02 09:26:00,-1.5690869000000001e-22,0.0,58.352028,357730.44,0.58521724,0.58521724,32.45,411190.7,0.41685373,0.41478276,73.22757,0.6114462,0.6114462,1.0,153.05789,410933.75,403.59906,1.60746,58.92507,55.184006,0.67901576,0.9,1.0,505.68335,1.0,73.49509,73.25871,71.59253,72.19348,70.122665
2018-01-02 09:27:00,2.0135179e-22,0.0,58.11725,357730.44,0.58912396,0.58912396,32.468018,407601.34,0.41274726,0.410876,73.33062,0.60895294,0.60895294,1.0,151.44778,407379.28,403.5975,1.60746,58.65849,55.184006,0.67627144,0.9,1.0,499.73547,1.0,73.51854,73.359024,71.68196,72.29944,70.19968
2018-01-02 09:28:00,-1.8204084000000001e-22,0.0,57.89939,357730.44,0.59271604,0.59271604,32.486034,404374.4,0.4089798,0.40728393,73.42471,0.6066368,0.6066368,1.0,149.94171,404183.75,403.59537,1.60746,58.40943,55.184006,0.67372227,0.9,1.0,494.24152,1.0,73.53162,73.45355,71.76842,72.40118,70.27142
2018-01-02 09:29:00,-2.4882279e-23,0.0,57.69735,357730.44,0.5960181,0.5960181,32.503998,401473.66,0.40553117,0.4039819,73.51013,0.60448474,0.60448474,1.0,148.5342,401310.8,403.5927,1.60746,58.176903,55.184006,0.6713538,0.9,1.0,489.16364,1.0,73.535126,73.542435,71.85191,72.49868,70.338
2018-01-02 09:30:00,1.7734934e-23,0.0,57.509705,357730.44,0.5990409,0.5990409,32.522015,398866.03,0.40237123,0.4009591,73.58731,0.6024854,0.6024854,1.0,147.22025,398727.94,403.5897,1.60746,57.959923,55.184006,0.66915333,0.9,1.0,484.4691,1.0,73.53018,73.62588,71.932495,72.592064,70.39969
2018-01-02 09:31:00,-1.7096340000000001e-22,0.0,57.33557,357730.44,0.6018082,0.6018082,32.557995,396522.2,0.39947212,0.3981918,73.656525,0.6006283,0.6006283,1.0,145.99481,396406.16,403.58633,1.60746,57.757774,55.184006,0.66710943,0.9,1.0,480.12805,1.0,73.51755,73.703995,72.01022,72.68144,70.45665
2018-01-02 09:32:00,-7.001349300000001e-22,0.0,57.174072,357730.44,0.6043479,0.6043479,32.557995,394416.28,0.39681274,0.39565212,73.71828,0.5989037,0.5989037,1.0,144.8528,394319.88,403.58273,1.60746,57.569527,55.184006,0.66521144,0.9,1.0,476.1132,1.0,73.49811,73.777214,72.0851,72.7668,70.509056
2018-01-02 09:33:00,-1.2886327000000002e-22,0.0,57.024437,357730.44,0.60667866,0.60667866,32.57601,392525.5,0.394377,0.39332137,73.77282,0.59730256,0.59730256,1.0,143.78912,392446.5,403.57898,1.60746,57.394238,55.184006,0.66344935,0.9,1.0,472.39932,1.0,73.47262,73.84538,72.157166,72.84827,70.55707
2018-01-02 09:34:00,-1.0563488e-23,0.0,56.88557,357730.44,0.60881174,0.60881174,32.594032,390829.12,0.39214414,0.39118823,73.82061,0.5958166,0.5958166,1.0,142.79912,390765.44,403.57507,1.60746,57.2312,55.184006,0.66181415,0.9,1.0,468.96423,1.0,73.44174,73.90872,72.226494,72.925934,70.60101
2018-01-02 09:35:00,1.4529443000000002e-22,0.0,56.75692,357730.44,0.61076653,0.61076653,32.61199,389308.5,0.39009726,0.38923344,73.86197,0.5944382,0.5944382,1.0,141.87827,389258.44,403.57114,1.60746,57.079643,55.184006,0.66029745,0.9,1.0,465.78726,1.0,73.406265,73.96728,72.29318,72.99988,70.64105
2018-01-02 09:36:00,6.3615435e-23,0.0,56.63772,357730.44,0.61255795,0.61255795,32.630013,387947.06,0.3882227,0.38744205,73.897354,0.5931602,0.5931602,1.0,141.02225,387908.97,403.5671,1.60746,56.938744,55.184006,0.6588913,0.9,1.0,462.84943,1.0,73.366714,74.02133,72.35718,73.07019,70.67737
2018-01-02 09:37:00,-1.4294039999999999e-21,0.0,56.530655,357730.44,0.61438984,0.61438984,32.64803,385896.7,0.38649535,0.38561016,73.92718,0.59113085,0.59113085,1.0,139.65714,385433.88,403.5694,1.60746,56.808777,55.184006,0.65599465,0.9,1.0,458.26083,1.0,73.32387,74.07071,72.41809,73.1355,70.70923
2018-01-02 09:38:00,6.471916499999999e-23,0.0,56.420464,357730.44,0.61547977,0.61547977,32.665993,381042.25,0.3846731,0.38452026,73.9497,0.587208,0.587208,1.0,137.12878,380564.7,403.5751,1.60746,56.692154,55.184006,0.65206057,0.9,1.0,449.44028,1.0,73.27608,74.112625,72.47204,73.19032,70.74087
2018-01-02 09:39:00,6.346125000000001e-22,0.0,56.33307,357730.44,0.61727214,0.61727214,32.702026,377877.78,0.3832948,0.38272786,73.96991,0.5846544,0.5846544,1.0,135.49913,377566.75,403.576,1.60746,56.579384,55.184006,0.64927274,0.9,1.0,443.7351,1.0,73.22778,74.15152,72.52554,73.24481,70.779816
2018-01-02 09:40:00,9.3307945e-23,0.0,56.246933,357730.44,0.61861855,0.61861855,32.702026,375191.03,0.38214174,0.38138148,73.98782,0.58234805,0.58234805,1.0,134.01848,374940.03,403.5758,1.60746,56.47364,55.184006,0.64674234,0.9,1.0,438.6101,1.0,73.17676,74.187004,72.57723,73.29684,70.82146
2018-01-02 09:41:00,1.1692331000000002e-22,0.0,56.160965,357730.44,0.619509,0.619509,32.71999,372826.66,0.3809303,0.38049102,74.00282,0.5802577,0.5802577,1.0,132.67749,372621.53,403.57474,1.60746,56.37751,55.184006,0.6444461,0.9,1.0,433.98917,1.0,73.1249,74.21892,72.62689,73.346115,70.86513
2018-01-02 09:42:00,9.084964e-22,0.0,56.085217,357730.44,0.62054133,0.62054133,32.738007,370734.38,0.3797266,0.37945867,74.01479,0.57835436,0.57835436,1.0,131.45757,370569.44,403.573,1.60746,56.28907,55.184006,0.64235586,0.9,1.0,429.80127,1.0,73.07167,74.247314,72.67462,73.39269,70.91017
2018-01-02 09:43:00,-5.385145e-22,0.0,56.018806,357730.44,0.62168527,0.62168527,32.756023,368885.6,0.37871677,0.3783147,74.0238,0.5766115,0.5766115,1.0,130.34021,368752.44,403.57074,1.60746,56.20568,55.184006,0.64044225,0.9,1.0,425.9828,1.0,73.018005,74.27237,72.72033,73.43664,70.956314
2018-01-02 09:44:00,-1.5776773e-23,0.0,55.954697,357730.44,0.62258136,0.62258136,32.773987,367249.47,0.37783524,0.37741867,74.02985,0.5750129,0.5750129,1.0,129.31497,367141.22,403.5681,1.60746,56.12812,55.184006,0.6386854,0.9,1.0,422.4944,1.0,72.96384,74.294235,72.764114,73.478,71.00305
2018-01-02 09:45:00,-1.0947598e-23,0.0,55.893448,357730.44,0.62330055,0.62330055,32.792004,365795.28,0.3769622,0.37669942,74.03314,0.5735459,0.5735459,1.0,128.37422,365708.97,403.56516,1.60746,56.056984,55.184006,0.6370723,0.9,1.0,419.30508,1.0,72.90957,74.31291,72.80591,73.516785,71.050186
2018-01-02 09:46:00,4.1931501000000003e-22,0.0,55.83879,357730.44,0.62406546,0.62406546,32.81002,364502.47,0.37614465,0.37593454,74.03386,0.5721964,0.5721964,1.0,127.50874,364435.44,403.562,1.60746,55.99112,55.184006,0.635589,0.9,1.0,416.38162,1.0,72.8553,74.32851,72.8459,73.55315,71.09743
2018-01-02 09:47:00,1.6672656e-23,0.0,55.789078,357730.44,0.62481123,0.62481123,32.846,363355.8,0.3754399,0.37518874,74.0321,0.57095283,0.57095283,1.0,126.71049,363304.38,403.55872,1.60746,55.929543,55.184006,0.6342221,0.9,1.0,413.69595,1.0,72.80135,74.34125,72.88397,73.587036,71.144615
2018-01-02 09:48:00,6.522982e-24,0.0,55.74173,357730.44,0.62541825,0.62541825,32.846,362338.66,0.3748014,0.37458175,74.02803,0.56980675,0.56980675,1.0,125.974236,362300.1,403.55533,1.60746,55.87252,55.184006,0.6329618,0.9,1.0,411.22824,1.0,72.74785,74.351135,72.92023,73.618576,71.19153
2018-01-02 09:49:00,-8.317859e-23,0.0,55.697674,357730.44,0.6259556,0.6259556,32.86402,361435.75,0.37419197,0.37404442,74.021935,0.5687506,0.5687506,1.0,125.295235,361408.6,403.55188,1.60746,55.82237,55.184006,0.6318004,0.9,1.0,408.96036,1.0,72.69506,74.35828,72.954666,73.6478,71.23805
2018-01-02 09:50:00,-4.2797787e-23,0.0,55.657738,357730.44,0.6264909,0.6264909,32.88204,360635.97,0.3736389,0.3735091,74.013916,0.5677767,0.5677767,1.0,124.66834,360618.6,403.5484,1.60746,55.789795,55.184006,0.63072956,0.9,1.0,406.87405,1.0,72.643036,74.36284,72.98735,73.67477,71.28403
2018-01-02 09:51:00,1.4767166e-22,0.0,55.620827,357730.44,0.62697935,0.62697935,32.9,359929.44,0.37315077,0.37302065,74.004196,0.5668783,0.5668783,1.0,124.08924,359920.12,403.54495,1.60746,55.770073,55.184006,0.62974185,0.9,1.0,404.95386,1.0,72.5919,74.36493,73.01833,73.69954,71.32946
2018-01-02 09:52:00,-2.1895230000000002e-23,0.0,55.58622,357730.44,0.62739587,0.62739587,32.91802,359306.3,0.3727033,0.37260413,73.992874,0.56605005,0.56605005,1.0,123.554535,359303.75,403.54153,1.60746,55.758812,55.184006,0.6288311,0.9,1.0,403.1872,1.0,72.54196,74.36455,73.04767,73.72217,71.374176
2018-01-02 09:53:00,-1.0191648e-22,0.0,55.554302,357730.44,0.62777835,0.62777835,32.936035,358757.78,0.37228826,0.37222165,73.9803,0.5652869,0.5652869,1.0,123.06094,358761.12,403.53818,1.60746,55.75178,55.184006,0.6279919,0.9,1.0,401.5621,1.0,72.4933,74.36196,73.07535,73.74272,71.41812
2018-01-02 09:54:00,1.5383031e-22,0.0,55.525078,357730.44,0.6281412,0.6281412,32.954,358276.8,0.3719154,0.37185878,73.96645,0.5645836,0.5645836,1.0,122.605225,358285.12,403.53488,1.60746,55.747,55.184006,0.6272188,0.9,1.0,400.06705,1.0,72.446106,74.35724,73.1015,73.76134,71.46135
2018-01-02 09:55:00,-6.18072e-23,0.0,55.497997,357730.44,0.6284646,0.6284646,32.990032,357856.84,0.3715815,0.3715354,73.95162,0.56393594,0.56393594,1.0,122.18459,357869.2,403.53168,1.60746,55.743816,55.184006,0.6265068,0.9,1.0,398.69208,1.0,72.40057,74.35048,73.126114,73.777985,71.50375
2018-01-02 09:56:00,3.4160363e-24,0.0,55.47284,357730.44,0.62874955,0.62874955,32.990032,357491.5,0.3712753,0.37125045,73.93597,0.56333995,0.56333995,1.0,121.7966,357507.25,403.52853,1.60746,55.74195,55.184006,0.6258517,0.9,1.0,397.4284,1.0,72.35668,74.3418,73.149345,73.79287,71.54534
2018-01-02 09:57:00,4.61743e-24,0.0,55.449657,357730.44,0.6290134,0.6290134,33.007996,357175.28,0.37099558,0.3709866,73.91965,0.56279194,0.56279194,1.0,121.43889,357193.88,403.52548,1.60746,55.741127,55.184006,0.6252494,0.9,1.0,396.26752,1.0,72.31444,74.33136,73.17116,73.80594,71.586044
2018-01-02 09:58:00,-9.153508000000001e-23,0.0,55.4284,357730.44,0.6292567,0.6292567,33.026012,356903.47,0.37074423,0.37074327,73.90273,0.5622884,0.5622884,1.0,121.10921,356924.34,403.52255,1.60746,55.741013,55.184006,0.624696,0.9,1.0,395.20157,1.0,72.273895,74.31917,73.19159,73.81737,71.62593
2018-01-02 09:59:00,-1.912128e-22,0.0,55.408676,357730.44,0.6294735,0.6294735,33.04403,356671.47,0.37051678,0.3705265,73.88543,0.5618261,0.5618261,1.0,120.805595,356694.22,403.51974,1.60746,55.74162,55.184006,0.62418795,0.9,1.0,394.22357,1.0,72.23512,74.30533,73.21071,73.82709,71.66487
2018-01-02 10:00:00,-1.2776058e-22,0.0,55.39044,357730.44,0.629669,0.629669,33.061993,356475.2,0.37030855,0.37033096,73.86785,0.5614021,0.5614021,1.0,120.5262,356499.38,403.517,1.60746,55.742718,55.184006,0.62372214,0.9,1.0,393.3271,1.0,72.19798,74.28995,73.22856,73.83528,71.70294
2018-01-02 10:01:00,-3.5957123000000004e-22,0.0,55.373688,357730.44,0.62984973,0.62984973,33.08001,356310.94,0.37011924,0.3701503,73.85005,0.56101364,0.56101364,1.0,120.26929,356336.25,403.5144,1.60746,55.74431,55.184006,0.62329537,0.9,1.0,392.50586,1.0,72.16255,74.27313,73.2452,73.84192,71.74013
2018-01-02 10:02:00,-1.7874919000000002e-22,0.0,55.35781,357730.44,0.6299969,0.6299969,33.145985,356173.25,0.36983502,0.37000313,73.832146,0.56065965,0.56065965,1.0,120.03446,356199.84,403.51187,1.60746,55.747112,55.184006,0.6229062,0.9,1.0,391.75766,1.0,72.12877,74.2549,73.260635,73.84709,71.77638
2018-01-02 10:03:00,1.3317552000000002e-22,0.0,55.34578,357730.44,0.6302857,0.6302857,33.145985,356061.16,0.36958387,0.3697143,73.81424,0.5603358,0.5603358,1.0,119.81876,356088.84,403.5095,1.60746,55.750134,55.184006,0.6225509,0.9,1.0,391.0732,1.0,72.09658,74.235344,73.27492,73.85082,71.81171
2018-01-02 10:04:00,-4.2112920000000006e-23,0.0,55.33441,357730.44,0.6305372,0.6305372,33.178997,355973.66,0.3693935,0.3694628,73.79639,0.5600397,0.5600397,1.0,119.62046,356001.34,403.5072,1.60746,55.753155,55.184006,0.62222594,0.9,1.0,390.44705,1.0,72.06593,74.214584,73.28805,73.85318,71.84609
2018-01-02 10:05:00,-4.2889780000000006e-23,0.0,55.32249,357730.44,0.63069195,0.63069195,33.212013,355906.38,0.3691906,0.36930808,73.77859,0.5597703,0.5597703,1.0,119.439186,355933.97,403.50504,1.60746,55.75656,55.184006,0.62192994,0.9,1.0,389.8771,1.0,72.036705,74.19255,73.30008,73.85417,71.879486
2018-01-02 10:06:00,4.371975e-23,0.0,55.312054,357730.44,0.6308743,0.6308743,33.245026,355856.3,0.36897433,0.3691257,73.76101,0.5595255,0.5595255,1.0,119.273705,355884.12,403.50296,1.60746,55.760296,55.184006,0.62166125,0.9,1.0,389.35895,1.0,72.008965,74.169426,73.311066,73.8539,71.91201
2018-01-02 10:07:00,1.3682900000000001e-24,0.0,55.303207,357730.44,0.6310908,0.6310908,33.277985,355822.7,0.36878654,0.3689092,73.74359,0.55930287,0.55930287,1.0,119.12233,355850.4,403.50098,1.60746,55.764084,55.184006,0.6214171,0.9,1.0,388.88733,1.0,71.98265,74.1452,73.32101,73.852356,71.94354
2018-01-02 10:08:00,-4.2484233e-23,0.0,55.294586,357730.44,0.6312675,0.6312675,33.310997,355803.6,0.3686152,0.3687325,73.7264,0.5591009,0.5591009,1.0,118.98415,355830.84,403.49915,1.60746,55.76793,55.184006,0.62119555,0.9,1.0,388.45908,1.0,71.9576,74.11999,73.329956,73.84961,71.97414
2018-01-02 10:09:00,-1.7088999999999998e-22,0.0,55.2864,357730.44,0.6314211,0.6314211,33.344013,355796.66,0.3684366,0.3685789,73.70943,0.55891836,0.55891836,1.0,118.858475,355823.5,403.49734,1.60746,55.771942,55.184006,0.6209953,0.9,1.0,388.07156,1.0,71.93382,74.09378,73.337875,73.84566,72.0038
2018-01-02 10:10:00,1.8498984000000001e-22,0.0,55.27926,357730.44,0.6315927,0.6315927,33.409985,355800.38,0.3682624,0.36840728,73.69273,0.55875355,0.55875355,1.0,118.74422,355826.84,403.4957,1.60746,55.776062,55.184006,0.6208146,0.9,1.0,387.7211,1.0,71.91124,74.06665,73.3449,73.84061,72.03247
2018-01-02 10:11:00,-1.5800619e-22,0.0,55.272778,357730.44,0.6317631,0.6317631,33.443,355813.8,0.3681022,0.36823687,73.6763,0.5586049,0.5586049,1.0,118.64038,355839.7,403.49408,1.60746,55.78018,55.184006,0.6206517,0.9,1.0,387.40454,1.0,71.88976,74.038635,73.350945,73.8344,72.06021
2018-01-02 10:12:00,8.801541000000001e-23,0.0,55.26657,357730.44,0.6319143,0.6319143,33.443,355835.44,0.36794525,0.36808568,73.66021,0.5584713,0.5584713,1.0,118.546295,355860.66,403.49258,1.60746,55.784355,55.184006,0.62050533,0.9,1.0,387.11954,1.0,71.869385,74.009796,73.35605,73.82709,72.08702
2018-01-02 10:13:00,3.3253115e-22,0.0,55.260967,357730.44,0.63206345,0.63206345,33.476013,355863.94,0.36778763,0.36793658,73.64433,0.55835164,0.55835164,1.0,118.46126,355888.5,403.49115,1.60746,55.788643,55.184006,0.6203742,0.9,1.0,386.86365,1.0,71.85005,73.98019,73.36034,73.8188,72.1129
2018-01-02 10:14:00,-9.392304000000001e-23,0.0,55.255913,357730.44,0.63221747,0.63221747,33.509026,355898.4,0.36763567,0.36778253,73.628784,0.5582446,0.5582446,1.0,118.38448,355922.28,403.48984,1.60746,55.79287,55.184006,0.620257,0.9,1.0,386.63425,1.0,71.831696,73.949814,73.36369,73.80946,72.13783
2018-01-02 10:15:00,8.661685000000001e-23,0.0,55.251297,357730.44,0.63236535,0.63236535,33.541985,355938.03,0.36748904,0.36763465,73.61352,0.5581492,0.5581492,1.0,118.31531,355961.12,403.4886,1.60746,55.7971,55.184006,0.6201526,0.9,1.0,386.4292,1.0,71.81423,73.91872,73.36627,73.79913,72.161835
2018-01-02 10:16:00,-6.021962000000001e-23,0.0,55.24696,357730.44,0.6325067,0.6325067,33.575,355981.75,0.3673433,0.36749324,73.598526,0.55806446,0.55806446,1.0,118.25319,356004.12,403.4874,1.60746,55.801384,55.184006,0.62005997,0.9,1.0,386.2466,1.0,71.79764,73.88696,73.36797,73.78787,72.184906
2018-01-02 10:17:00,-2.3059485000000002e-24,0.0,55.243114,357730.44,0.6326489,0.6326489,33.608013,356028.88,0.36719918,0.36735114,73.58374,0.5579896,0.5579896,1.0,118.19754,356050.5,403.4863,1.60746,55.80567,55.184006,0.619978,0.9,1.0,386.08456,1.0,71.781876,73.854614,73.36891,73.77568,72.20711
2018-01-02 10:18:00,-2.7429254e-22,0.0,55.239544,357730.44,0.6327905,0.6327905,33.64103,356078.78,0.36705843,0.3672095,73.5693,0.55792356,0.55792356,1.0,118.14781,356099.6,403.48526,1.60746,55.8099,55.184006,0.61990595,0.9,1.0,385.9412,1.0,71.76688,73.821594,73.36907,73.7626,72.22842
2018-01-02 10:19:00,-1.01330805e-22,0.0,55.236305,357730.44,0.6329284,0.6329284,33.707,356130.8,0.3669196,0.36707166,73.55507,0.55786574,0.55786574,1.0,118.10354,356150.84,403.48425,1.60746,55.814186,55.184006,0.61984277,0.9,1.0,385.81503,1.0,71.752594,73.788086,73.36852,73.7487,72.248795
2018-01-02 10:20:00,1.7784734000000002e-22,0.0,55.233337,357730.44,0.63306445,0.63306445,33.707,356184.47,0.3667816,0.36693555,73.54106,0.5578154,0.5578154,1.0,118.06426,356203.7,403.48334,1.60746,55.818413,55.184006,0.6197878,0.9,1.0,385.7045,1.0,71.73903,73.75398,73.3672,73.73398,72.26836
2018-01-02 10:21:00,3.8586522000000004e-22,0.0,55.230644,357730.44,0.6332006,0.6332006,33.740013,356239.2,0.36664513,0.3667994,73.527275,0.55777174,0.55777174,1.0,118.02956,356257.66,403.4825,1.60746,55.822586,55.184006,0.61974025,0.9,1.0,385.60825,1.0,71.72612,73.71942,73.36517,73.71844,72.28703
2018-01-02 10:22:00,2.7618217e-22,0.0,55.228172,357730.44,0.6333353,0.6333353,33.77303,356294.62,0.36651018,0.36666474,73.51376,0.5577343,0.5577343,1.0,117.99903,356312.3,403.48172,1.60746,55.826763,55.184006,0.6196995,0.9,1.0,385.52496,1.0,71.71382,73.68443,73.36243,73.70207,72.304825
2018-01-02 10:23:00,9.581345000000001e-23,0.0,55.22592,357730.44,0.6334685,0.6334685,33.80599,356350.4,0.3663761,0.36653152,73.50036,0.5577024,0.5577024,1.0,117.97232,356367.3,403.48096,1.60746,55.83094,55.184006,0.6196648,0.9,1.0,385.45346,1.0,71.70206,73.64895,73.359024,73.68504,72.32175
2018-01-02 10:24:00,3.0757960000000005e-23,0.0,55.22389,357730.44,0.6336011,0.6336011,33.839,356406.12,0.3662428,0.36639884,73.48723,0.5576756,0.5576756,1.0,117.94909,356422.3,403.48026,1.60746,55.835003,55.184006,0.6196357,0.9,1.0,385.39264,1.0,71.69086,73.61308,73.35501,73.66724,72.33789
2018-01-02 10:25:00,-9.80527e-23,0.0,55.222023,357730.44,0.63373333,0.63373333,33.872017,356461.6,0.36611044,0.3662667,73.47421,0.5576533,0.5576533,1.0,117.92903,356477.03,403.4796,1.60746,55.839123,55.184006,0.61961156,0.9,1.0,385.34152,1.0,71.6802,73.57683,73.35028,73.64879,72.353226
2018-01-02 10:26:00,6.5626614e-23,0.0,55.220318,357730.44,0.6338646,0.6338646,33.90503,356516.5,0.36597878,0.3661354,73.46136,0.5576352,0.5576352,1.0,117.91184,356531.22,403.479,1.60746,55.843132,55.184006,0.61959195,0.9,1.0,385.29913,1.0,71.66998,73.54024,73.34502,73.62961,72.36772
2018-01-02 10:27:00,-9.203384e-23,0.0,55.21878,357730.44,0.6339953,0.6339953,33.971,356570.62,0.3658476,0.36600468,73.44867,0.5576207,0.5576207,1.0,117.89727,356584.7,403.47845,1.60746,55.847145,55.184006,0.6195764,0.9,1.0,385.26465,1.0,71.66026,73.50338,73.339134,73.60983,72.3814
2018-01-02 10:28:00,2.1573064e-23,0.0,55.217354,357730.44,0.6341257,0.6341257,33.971,356623.84,0.36571693,0.3658743,73.43609,0.5576096,0.5576096,1.0,117.88507,356637.22,403.4779,1.60746,55.851097,55.184006,0.61956453,0.9,1.0,385.23724,1.0,71.650925,73.46614,73.33266,73.58946,72.39431
2018-01-02 10:29:00,-2.2255741e-23,0.0,55.216087,357730.44,0.63425565,0.63425565,34.004017,356675.94,0.36558676,0.36574435,73.423676,0.55760145,0.55760145,1.0,117.875,356688.66,403.47742,1.60746,55.855053,55.184006,0.61955583,0.9,1.0,385.21622,1.0,71.64197,73.42867,73.32562,73.56842,72.40645
2018-01-02 10:30:00,2.1525833000000002e-22,0.0,55.214935,357730.44,0.63438517,0.63438517,34.03703,356726.8,0.36545697,0.3656148,73.411316,0.55759597,0.55759597,1.0,117.86687,356738.94,403.47696,1.60746,55.858955,55.184006,0.6195501,0.9,1.0,385.20087,1.0,71.63345,73.39093,73.3181,73.54689,72.41788
2018-01-02 10:31:00,1.3418076e-22,0.0,55.213837,357730.44,0.63451445,0.63451445,34.06999,356776.38,0.36532748,0.36548555,73.399124,0.5575928,0.5575928,1.0,117.86046,356787.88,403.47656,1.60746,55.8628,55.184006,0.61954695,0.9,1.0,385.1906,1.0,71.62527,73.35271,73.30997,73.52475,72.42853
2018-01-02 10:32:00,-2.3506058000000004e-22,0.0,55.212902,357730.44,0.63464344,0.63464344,34.103004,356824.5,0.36519828,0.36535653,73.38698,0.55759174,0.55759174,1.0,117.85562,356835.4,403.47617,1.60746,55.86659,55.184006,0.61954606,0.9,1.0,385.1849,1.0,71.61742,73.3143,73.30139,73.50217,72.43848
2018-01-02 10:33:00,4.4473968e-23,0.0,55.21202,357730.44,0.6347722,0.6347722,34.136017,356871.12,0.36506936,0.3652278,73.37489,0.5575926,0.5575926,1.0,117.85217,356881.47,403.4758,1.60746,55.870323,55.184006,0.6195472,0.9,1.0,385.18314,1.0,71.60983,73.27569,73.29233,73.47905,72.447754
2018-01-02 10:34:00,-2.6754140000000004e-23,0.0,55.211254,357730.44,0.6349007,0.6349007,34.20199,356916.22,0.36494067,0.36509928,73.362915,0.55759495,0.55759495,1.0,117.84997,356926.0,403.47546,1.60746,55.87406,55.184006,0.61955005,0.9,1.0,385.18497,1.0,71.60263,73.23696,73.282776,73.455475,72.45633
2018-01-02 10:35:00,2.3423997e-23,0.0,55.210487,357730.44,0.6350291,0.6350291,34.235004,356959.75,0.36481217,0.36497092,73.351,0.55759877,0.55759877,1.0,117.84887,356969.0,403.4752,1.60746,55.87774,55.184006,0.6195545,0.9,1.0,385.18988,1.0,71.59566,73.198074,73.27283,73.43147,72.46423
2018-01-02 10:36:00,7.4566295e-23,0.0,55.209824,357730.44,0.6351573,0.6351573,34.235004,357001.62,0.36468384,0.3648427,73.339134,0.55760384,0.55760384,1.0,117.84876,357010.44,403.4749,1.60746,55.881363,55.184006,0.6195603,0.9,1.0,385.1975,1.0,71.58896,73.15912,73.26239,73.40703,72.47154
2018-01-02 10:37:00,-1.7985704999999998e-23,0.0,55.209274,357730.44,0.6352854,0.6352854,34.268017,357041.94,0.36455566,0.36471462,73.32727,0.55761,0.55761,1.0,117.84952,357050.25,403.4746,1.60746,55.884933,55.184006,0.6195672,0.9,1.0,385.20752,1.0,71.58247,73.12001,73.25157,73.38214,72.478195
2018-01-02 10:38:00,1.00517054e-22,0.0,55.208725,357730.44,0.63541335,0.63541335,34.301033,357080.62,0.36442757,0.36458665,73.31551,0.557617,0.557617,1.0,117.851036,357088.47,403.4744,1.60746,55.888504,55.184006,0.61957514,0.9,1.0,385.21954,1.0,71.57626,73.0809,73.24037,73.35693,72.48418
2018-01-02 10:39:00,1.6229949e-22,0.0,55.208233,357730.44,0.63554126,0.63554126,34.333992,357117.66,0.36429957,0.3644587,73.30376,0.5576248,0.5576248,1.0,117.85323,357125.1,403.47418,1.60746,55.89202,55.184006,0.61958396,0.9,1.0,385.23334,1.0,71.57022,73.04168,73.228775,73.33133,72.48962
2018-01-02 10:40:00,6.381176000000001e-23,0.0,55.207794,357730.44,0.6356692,0.6356692,34.367004,357153.12,0.36417162,0.36433083,73.29205,0.5576332,0.5576332,1.0,117.855995,357160.16,403.474,1.60746,55.895485,55.184006,0.6195934,0.9,1.0,385.24863,1.0,71.56445,73.00246,73.2168,73.305405,72.494446
2018-01-02 10:41:00,-2.555249e-22,0.0,55.20735,357730.44,0.63579696,0.63579696,34.400017,357187.0,0.3640437,0.364203,73.28041,0.5576422,0.5576422,1.0,117.85927,357193.62,403.47382,1.60746,55.898888,55.184006,0.61960346,0.9,1.0,385.26514,1.0,71.5588,72.96318,73.20444,73.2791,72.49868
2018-01-02 10:42:00,2.0037712e-22,0.0,55.207024,357730.44,0.6359248,0.6359248,34.465992,357219.3,0.36391586,0.36407518,73.26877,0.55765164,0.55765164,1.0,117.862976,357225.6,403.4736,1.60746,55.902294,55.184006,0.61961395,0.9,1.0,385.28268,1.0,71.55342,72.92385,73.19176,73.2525,72.50241
2018-01-02 10:43:00,-1.2293663000000001e-22,0.0,55.206696,357730.44,0.6360526,0.6360526,34.499004,357250.1,0.363788,0.3639474,73.257126,0.55766135,0.55766135,1.0,117.86704,357256.0,403.47345,1.60746,55.905647,55.184006,0.61962485,0.9,1.0,385.30106,1.0,71.54814,72.884575,73.178734,73.22565,72.50555
2018-01-02 10:44:00,-4.0116518e-23,0.0,55.206367,357730.44,0.63618046,0.63618046,34.499004,357279.4,0.36366016,0.36381957,73.24553,0.55767137,0.55767137,1.0,117.87143,357285.0,403.47333,1.60746,55.908943,55.184006,0.619636,0.9,1.0,385.3201,1.0,71.54303,72.8453,73.165436,73.198456,72.50813
2018-01-02 10:45:00,-7.614127000000001e-23,0.0,55.206093,357730.44,0.63630825,0.63630825,34.53202,357307.25,0.3635323,0.36369172,73.23394,0.55768156,0.55768156,1.0,117.87606,357312.53,403.4732,1.60746,55.91218,55.184006,0.6196473,0.9,1.0,385.33966,1.0,71.538086,72.80602,73.151764,73.17104,72.51016
2018-01-02 10:46:00,4.521015600000001e-22,0.0,55.20587,357730.44,0.63643616,0.63643616,34.565033,357333.7,0.3634044,0.36356384,73.22235,0.55769193,0.55769193,1.0,117.880905,357338.66,403.47308,1.60746,55.91542,55.184006,0.6196588,0.9,1.0,385.35962,1.0,71.53331,72.7668,73.13786,73.14336,72.5117
2018-01-02 10:47:00,1.3541928e-22,0.0,55.20565,357730.44,0.6365641,0.6365641,34.597992,357358.75,0.36327648,0.36343592,73.210754,0.5577023,0.5577023,1.0,117.88591,357363.4,403.473,1.60746,55.91861,55.184006,0.6196704,0.9,1.0,385.37976,1.0,71.52864,72.72763,73.12364,73.11545,72.51274
2018-01-02 10:48:00,2.3563412e-22,0.0,55.20543,357730.44,0.63669205,0.63669205,34.631004,357382.47,0.3631485,0.36330795,73.19922,0.55771273,0.55771273,1.0,117.89105,357386.9,403.4729,1.60746,55.921738,55.184006,0.61968195,0.9,1.0,385.4001,1.0,71.52408,72.68852,73.10913,73.08727,72.51329
2018-01-02 10:49:00,1.1731173e-22,0.0,55.20527,357730.44,0.6368201,0.6368201,34.66402,357404.94,0.36302045,0.3631799,73.18764,0.5577231,0.5577231,1.0,117.89628,357409.1,403.4728,1.60746,55.924873,55.184006,0.6196935,0.9,1.0,385.42044,1.0,71.519684,72.64952,73.09441,73.05893,72.5134
2018-01-02 10:50:00,2.507966e-22,0.0,55.2051,357730.44,0.6369482,0.6369482,34.697033,357426.16,0.36289236,0.36305177,73.1761,0.5577335,0.5577335,1.0,117.90157,357430.06,403.47275,1.60746,55.927948,55.184006,0.61970496,0.9,1.0,385.4408,1.0,71.5154,72.61063,73.07942,73.03042,72.51296
2018-01-02 10:51:00,1.9658067000000002e-22,0.0,55.204937,357730.44,0.63707644,0.63707644,34.76301,357446.16,0.36276415,0.36292356,73.164566,0.55774367,0.55774367,1.0,117.906906,357449.88,403.4727,1.60746,55.931023,55.184006,0.61971635,0.9,1.0,385.46103,1.0,71.51117,72.57179,73.0642,73.00169,72.51214
2018-01-02 10:52:00,1.1509246000000002e-22,0.0,55.204826,357730.44,0.63720477,0.63720477,34.76301,357465.06,0.36263585,0.36279523,73.15297,0.5577538,0.5577538,1.0,117.912254,357468.56,403.4726,1.60746,55.934044,55.184006,0.61972755,0.9,1.0,385.48105,1.0,71.50711,72.53313,73.048706,72.97279,72.51082
2018-01-02 10:53:00,2.4024381000000004e-22,0.0,55.20472,357730.44,0.6373332,0.6373332,34.79602,357482.84,0.36250746,0.36266682,73.14143,0.55776376,0.55776376,1.0,117.917595,357486.16,403.47253,1.60746,55.93701,55.184006,0.61973864,0.9,1.0,385.50085,1.0,71.5031,72.49456,73.03305,72.94374,72.50906
2018-01-02 10:54:00,6.418933e-23,0.0,55.204605,357730.44,0.6374618,0.6374618,34.829033,357499.6,0.36237895,0.36253825,73.1299,0.5577736,0.5577736,1.0,117.922905,357502.72,403.47247,1.60746,55.939922,55.184006,0.6197495,0.9,1.0,385.5204,1.0,71.4992,72.45611,73.01712,72.91451,72.50692
2018-01-02 10:55:00,-2.5373566e-22,0.0,55.2045,357730.44,0.63759047,0.63759047,34.86199,357515.3,0.3622503,0.36240953,73.11836,0.5577832,0.5577832,1.0,117.92818,357518.3,403.47244,1.60746,55.942833,55.184006,0.61976016,0.9,1.0,385.5396,1.0,71.49535,72.417816,73.00103,72.88524,72.50433
2018-01-02 10:56:00,1.0030821000000001e-22,0.0,55.204445,357730.44,0.6377193,0.6377193,34.895008,357530.12,0.3621215,0.3622807,73.10683,0.5577926,0.5577926,1.0,117.9334,357532.94,403.47238,1.60746,55.945747,55.184006,0.6197706,0.9,1.0,385.5585,1.0,71.49162,72.3797,72.98477,72.85579,72.50131
2018-01-02 10:57:00,-7.98563e-23,0.0,55.204388,357730.44,0.6378483,0.6378483,34.92802,357544.0,0.36199257,0.36215168,73.09529,0.55780184,0.55780184,1.0,117.93856,357546.66,403.47235,1.60746,55.9486,55.184006,0.6197808,0.9,1.0,385.57703,1.0,71.48794,72.341736,72.96829,72.826294,72.49791
2018-01-02 10:58:00,1.1308435000000001e-22,0.0,55.20433,357730.44,0.6379775,0.6379775,34.993996,357557.03,0.36186343,0.36202252,73.0837,0.55781084,0.55781084,1.0,117.94364,357559.53,403.47232,1.60746,55.9514,55.184006,0.6197908,0.9,1.0,385.59512,1.0,71.48437,72.304,72.951645,72.796684,72.49417
2018-01-02 10:59:00,-1.6043252e-22,0.0,55.204277,357730.44,0.6381069,0.6381069,35.027008,357569.22,0.36173415,0.36189315,73.07217,0.5578196,0.5578196,1.0,117.94864,357571.6,403.47232,1.60746,55.954205,55.184006,0.6198005,0.9,1.0,385.6128,1.0,71.4808,72.26637,72.93484,72.76697,72.490005
2018-01-02 11:00:00,2.3511397000000003e-22,0.0,55.204224,357730.44,0.6382364,0.6382364,35.027008,357580.62,0.3616047,0.36176357,73.06063,0.5578281,0.5578281,1.0,117.953545,357582.88,403.4723,1.60746,55.95695,55.184006,0.6198099,0.9,1.0,385.63007,1.0,71.47734,72.228966,72.91792,72.73724,72.48544
2018-01-02 11:01:00,-1.0904418000000001e-22,0.0,55.20417,357730.44,0.63836616,0.63836616,35.06002,357591.28,0.361475,0.3616338,73.049095,0.5578365,0.5578365,1.0,117.95836,357593.4,403.47226,1.60746,55.959698,55.184006,0.61981916,0.9,1.0,385.6469,1.0,71.47393,72.19173,72.90078,72.70742,72.48055
2018-01-02 11:02:00,-2.6438701999999998e-23,0.0,55.20472,357730.44,0.63850236,0.63850236,35.06002,357605.16,0.36161876,0.3614976,73.03756,0.557842,0.557842,1.0,117.960976,357606.28,403.47226,1.60746,55.96041,55.184006,0.6198258,0.9,1.0,385.65768,1.0,71.47058,72.15465,72.88353,72.677536,72.475334
2018-01-02 11:03:00,9.345229000000001e-23,0.0,55.199387,357730.44,0.63829756,0.63829756,35.06002,357617.9,0.36169657,0.36170244,73.026024,0.55784804,0.55784804,1.0,117.964035,357618.2,403.47226,1.60746,55.961456,55.184006,0.6198319,0.9,1.0,385.66968,1.0,71.467224,72.11778,72.86612,72.64766,72.46979
2018-01-02 11:04:00,-6.299824e-23,0.0,55.196148,357730.44,0.63820165,0.63820165,35.06002,357627.34,0.36168718,0.36179838,73.01449,0.5578546,0.5578546,1.0,117.96776,357628.16,403.47226,1.60746,55.963158,55.184006,0.6198391,0.9,1.0,385.68286,1.0,71.46393,72.08115,72.84854,72.61772,72.46391
2018-01-02 11:05:00,-5.9915406e-23,0.0,55.195656,357730.44,0.63824195,0.63824195,35.06002,357637.03,0.361748,0.36175805,73.0029,0.55786,0.55786,1.0,117.97066,357637.88,403.47223,1.60746,55.964367,55.184006,0.61984533,0.9,1.0,385.69357,1.0,71.46069,72.04472,72.83086,72.58778,72.4577
2018-01-02 11:06:00,3.719438e-23,0.0,55.1934,357730.44,0.6381713,0.6381713,35.06002,357646.97,0.36183512,0.36182868,72.99136,0.55786484,0.55786484,1.0,117.97313,357647.3,403.47223,1.60746,55.965355,55.184006,0.61985064,0.9,1.0,385.70316,1.0,71.45745,72.00847,72.813,72.557785,72.451164
2018-01-02 11:07:00,-5.795431000000001e-23,0.0,55.190712,357730.44,0.6380652,0.6380652,35.06002,357655.34,0.3618785,0.36193478,72.97983,0.55786985,0.55786985,1.0,117.97585,357655.66,403.47223,1.60746,55.96673,55.184006,0.619856,0.9,1.0,385.7131,1.0,71.45427,71.97249,72.79509,72.527794,72.44435
2018-01-02 11:08:00,9.35164e-24,0.0,55.189392,357730.44,0.63802963,0.63802963,35.06002,357662.9,0.36192986,0.36197037,72.96829,0.5578744,0.5578744,1.0,117.978325,357663.34,403.47223,1.60746,55.9681,55.184006,0.61986107,0.9,1.0,385.72217,1.0,71.45108,71.936676,72.77707,72.4978,72.43727
2018-01-02 11:09:00,8.346143e-24,0.0,55.188072,357730.44,0.63797945,0.63797945,35.06002,357670.47,0.36200488,0.36202052,72.95676,0.5578784,0.5578784,1.0,117.98042,357670.72,403.47223,1.60746,55.96931,55.184006,0.6198655,0.9,1.0,385.73004,1.0,71.44789,71.901024,72.75894,72.467865,72.429855
2018-01-02 11:10:00,5.616337499999999e-23,0.0,55.186203,357730.44,0.63789374,0.63789374,35.06002,357677.3,0.36206928,0.3621063,72.94522,0.5578822,0.5578822,1.0,117.98246,357677.4,403.47226,1.60746,55.970627,55.184006,0.6198696,0.9,1.0,385.73764,1.0,71.4447,71.86565,72.74071,72.43787,72.42221
2018-01-02 11:11:00,1.7092306e-23,0.0,55.184944,357730.44,0.63783085,0.63783085,35.06002,357683.38,0.36212847,0.36216915,72.933624,0.55788577,0.55788577,1.0,117.98439,357683.53,403.47226,1.60746,55.972,55.184006,0.6198735,0.9,1.0,385.74475,1.0,71.441574,71.83044,72.72237,72.40793,72.414246
2018-01-02 11:12:00,1.4656709e-24,0.0,55.18379,357730.44,0.6377706,0.6377706,35.06002,357689.22,0.36220068,0.3622294,72.92209,0.55788887,0.55788887,1.0,117.986046,357689.25,403.47226,1.60746,55.97332,55.184006,0.619877,0.9,1.0,385.75092,1.0,71.438446,71.7955,72.70401,72.37799,72.40607
2018-01-02 11:13:00,4.3201030000000005e-25,0.0,55.182472,357730.44,0.6376929,0.6376929,35.06002,357694.56,0.36226916,0.36230707,72.91055,0.5578918,0.5578918,1.0,117.98759,357694.53,403.47226,1.60746,55.974693,55.184006,0.61988014,0.9,1.0,385.7567,1.0,71.43532,71.76073,72.6855,72.348114,72.39766
2018-01-02 11:14:00,-2.3153053e-23,0.0,55.18148,357730.44,0.6376252,0.6376252,35.06002,357699.38,0.36233738,0.36237475,72.89902,0.55789447,0.55789447,1.0,117.98899,357699.3,403.47226,1.60746,55.97612,55.184006,0.61988306,0.9,1.0,385.76196,1.0,71.43218,71.72629,72.66699,72.31823,72.38898
2018-01-02 11:15:00,3.506328e-24,0.0,55.180492,357730.44,0.637554,0.637554,35.06002,357703.9,0.36241052,0.362446,72.88748,0.5578968,0.5578968,1.0,117.99021,357703.78,403.4723,1.60746,55.977493,55.184006,0.6198856,0.9,1.0,385.76657,1.0,71.42911,71.69201,72.64842,72.28841,72.38008
2018-01-02 11:16:00,-1.1525473e-24,0.0,55.179558,357730.44,0.6374796,0.6374796,35.06002,357707.97,0.36248162,0.36252043,72.875946,0.5578989,0.5578989,1.0,117.99132,357707.84,403.4723,1.60746,55.978924,55.184006,0.61988795,0.9,1.0,385.77078,1.0,71.426025,71.658005,72.62981,72.25863,72.370964
2018-01-02 11:17:00,1.3090199e-24,0.0,55.178734,357730.44,0.63740754,0.63740754,35.06002,357711.78,0.36255544,0.36259246,72.86441,0.5579008,0.5579008,1.0,117.99227,357711.56,403.4723,1.60746,55.980297,55.184006,0.61989,0.9,1.0,385.77444,1.0,71.42296,71.62428,72.61107,72.22891,72.361626
2018-01-02 11:18:00,-9.235682e-25,0.0,55.177963,357730.44,0.6373317,0.6373317,35.06002,357715.22,0.36262947,0.36266828,72.852875,0.5579024,0.5579024,1.0,117.99311,357715.0,403.4723,1.60746,55.981728,55.184006,0.61989176,0.9,1.0,385.77765,1.0,71.419876,71.590775,72.59234,72.19919,72.352066
2018-01-02 11:19:00,3.8704400000000005e-24,0.0,55.177254,357730.44,0.63725716,0.63725716,35.06002,357718.38,0.36270434,0.3627428,72.84134,0.5579038,0.5579038,1.0,117.99381,357718.1,403.47232,1.60746,55.983154,55.184006,0.6198933,0.9,1.0,385.78043,1.0,71.4168,71.55754,72.57361,72.169586,72.34235
2018-01-02 11:20:00,-4.7830802e-24,0.0,55.17659,357730.44,0.6371807,0.6371807,35.06002,357721.25,0.3627801,0.3628193,72.829865,0.557905,0.557905,1.0,117.994385,357720.97,403.47232,1.60746,55.98458,55.184006,0.6198946,0.9,1.0,385.78278,1.0,71.41378,71.52458,72.554825,72.13998,72.3324
2018-01-02 11:21:00,-2.9597807e-24,0.0,55.175987,357730.44,0.63710433,0.63710433,35.06002,357723.88,0.36285633,0.36289567,72.81838,0.55790603,0.55790603,1.0,117.99486,357723.53,403.47232,1.60746,55.986008,55.184006,0.6198957,0.9,1.0,385.7847,1.0,71.41076,71.4919,72.53598,72.11047,72.322296
2018-01-02 11:22:00,8.708483e-25,0.0,55.175438,357730.44,0.63702697,0.63702697,35.06002,357726.25,0.3629333,0.36297303,72.8069,0.55790687,0.55790687,1.0,117.99522,357725.9,403.47232,1.60746,55.98738,55.184006,0.6198966,0.9,1.0,385.78625,1.0,71.40774,71.45949,72.517136,72.081085,72.31203
2018-01-02 11:23:00,7.452226e-24,0.0,55.17489,357730.44,0.63694936,0.63694936,35.06002,357728.4,0.3630107,0.36305064,72.795425,0.5579075,0.5579075,1.0,117.995476,357728.03,403.47235,1.60746,55.98881,55.184006,0.6198973,0.9,1.0,385.78748,1.0,71.40472,71.42735,72.49829,72.0517,72.30153
2018-01-02 11:24:00,-1.9109075e-24,0.0,55.17445,357730.44,0.63687116,0.63687116,35.06002,357730.38,0.36308867,0.36312884,72.784,0.55790794,0.55790794,1.0,117.99562,357729.97,403.47235,1.60746,55.990185,55.184006,0.6198978,0.9,1.0,385.78833,1.0,71.40175,71.39549,72.479454,72.02248,72.290924
2018-01-02 11:25:00,-4.4312056e-24,0.0,55.17401,357730.44,0.63679266,0.63679266,35.06002,357732.12,0.36316696,0.36320734,72.77257,0.5579083,0.5579083,1.0,117.99568,357731.75,403.47235,1.60746,55.991615,55.184006,0.61989814,0.9,1.0,385.78885,1.0,71.39879,71.36391,72.460556,71.99331,72.28017
2018-01-02 11:26:00,3.384597e-24,0.0,55.173626,357730.44,0.63671374,0.63671374,35.06002,357733.75,0.3632457,0.36328623,72.7612,0.5579084,0.5579084,1.0,117.99566,357733.3,403.47235,1.60746,55.99299,55.184006,0.61989826,0.9,1.0,385.7891,1.0,71.39581,71.332596,72.441666,71.96425,72.269226
2018-01-02 11:27:00,2.0240621e-25,0.0,55.17324,357730.44,0.6366346,0.6366346,35.06002,357735.2,0.3633247,0.3633654,72.74983,0.5579085,0.5579085,1.0,117.995544,357734.72,403.47238,1.60746,55.99436,55.184006,0.61989826,0.9,1.0,385.78903,1.0,71.39285,71.30156,72.42282,71.9353,72.258194
2018-01-02 11:28:00,9.432899e-25,0.0,55.172913,357730.44,0.6365552,0.6365552,35.06002,357736.44,0.36340398,0.3634448,72.73846,0.55790836,0.55790836,1.0,117.99535,357736.0,403.47238,1.60746,55.995735,55.184006,0.61989814,0.9,1.0,385.78867,1.0,71.38994,71.27084,72.40392,71.90646,72.24698
2018-01-02 11:29:00,-1.6946883e-25,0.0,55.172585,357730.44,0.6364756,0.6364756,35.06002,357737.6,0.3634835,0.3635244,72.72714,0.5579081,0.5579081,1.0,117.99509,357737.12,403.47238,1.60746,55.99711,55.184006,0.61989784,0.9,1.0,385.7881,1.0,71.387024,71.24042,72.385086,71.87773,72.23567
2018-01-02 11:30:00,-4.2441737000000005e-27,0.0,55.17231,357730.44,0.6363958,0.6363958,35.06002,357738.62,0.36356318,0.3636042,72.71588,0.55790776,0.55790776,1.0,117.99475,357738.16,403.47238,1.60746,55.99848,55.184006,0.6198974,0.9,1.0,385.78723,1.0,71.38412,71.21026,72.36624,71.84911,72.22418
2018-01-02 11:31:00,6.6947470000000005e-25,0.0,55.172035,357730.44,0.63631594,0.63631594,35.06002,357739.53,0.36364302,0.3636841,72.70462,0.5579073,0.5579073,1.0,117.99433,357739.06,403.4724,1.60746,55.999855,55.184006,0.6198969,0.9,1.0,385.78613,1.0,71.38121,71.180435,72.3474,71.82066,72.21265
2018-01-02 11:32:00,7.7259588e-25,0.0,55.171814,357730.44,0.63623595,0.63623595,35.06002,357740.34,0.36372298,0.36376408,72.69341,0.5579067,0.5579067,1.0,117.993866,357739.88,403.4724,1.60746,56.00117,55.184006,0.61989623,0.9,1.0,385.78485,1.0,71.37835,71.15093,72.32855,71.79231,72.20095
2018-01-02 11:33:00,1.8096254e-24,0.0,55.171593,357730.44,0.6361559,0.6361559,35.06002,357741.06,0.36380297,0.3638441,72.68227,0.55790603,0.55790603,1.0,117.99333,357740.56,403.4724,1.60746,56.002487,55.184006,0.61989546,0.9,1.0,385.78336,1.0,71.37544,71.121765,72.30977,71.764084,72.18909
2018-01-02 11:34:00,8.7426915e-26,0.0,55.17143,357730.44,0.63607585,0.63607585,35.06002,357741.66,0.36388302,0.36392418,72.67111,0.55790526,0.55790526,1.0,117.992744,357741.2,403.4724,1.60746,56.003807,55.184006,0.61989456,0.9,1.0,385.78168,1.0,71.37258,71.092865,72.290985,71.73601,72.17717
2018-01-02 11:35:00,5.808853000000001e-25,0.0,55.171265,357730.44,0.63599575,0.63599575,35.06002,357742.22,0.3639631,0.36400422,72.66002,0.55790436,0.55790436,1.0,117.9921,357741.72,403.4724,1.60746,56.005127,55.184006,0.6198936,0.9,1.0,385.7798,1.0,71.36978,71.064255,72.2722,71.70805,72.165085
2018-01-02 11:36:00,-1.0903522e-24,0.0,55.171097,357730.44,0.63591576,0.63591576,35.06002,357742.7,0.36404315,0.36408424,72.64897,0.5579034,0.5579034,1.0,117.99141,357742.2,403.47244,1.60746,56.006447,55.184006,0.61989254,0.9,1.0,385.77777,1.0,71.36693,71.035904,72.25341,71.6802,72.152885
2018-01-02 11:37:00,-1.1482015e-24,0.0,55.170937,357730.44,0.63583577,0.63583577,35.06002,357743.1,0.36412314,0.36416423,72.63793,0.5579024,0.5579024,1.0,117.99068,357742.6,403.47244,1.60746,56.007763,55.184006,0.6198914,0.9,1.0,385.77557,1.0,71.36412,71.007835,72.23468,71.65251,72.140526
2018-01-02 11:38:00,-2.1400234e-24,0.0,55.170822,357730.44,0.63575584,0.63575584,35.06002,357743.44,0.3642031,0.36424413,72.626945,0.5579013,0.5579013,1.0,117.9899,357742.94,403.47244,1.60746,56.009026,55.184006,0.6198902,0.9,1.0,385.77325,1.0,71.36132,70.98004,72.21594,71.62499,72.12811
2018-01-02 11:39:00,6.9667402999999995e-25,0.0,55.170715,357730.44,0.635676,0.635676,35.06002,357743.75,0.36428297,0.36432397,72.61601,0.5579002,0.5579002,1.0,117.989075,357743.22,403.47244,1.60746,56.010292,55.184006,0.6198889,0.9,1.0,385.7708,1.0,71.35852,70.952576,72.19722,71.59764,72.115585
2018-01-02 11:40:00,1.1546095e-24,0.0,55.170605,357730.44,0.63559633,0.63559633,35.06002,357743.97,0.36436272,0.36440367,72.60513,0.55789894,0.55789894,1.0,117.98822,357743.47,403.47244,1.60746,56.01155,55.184006,0.61988753,0.9,1.0,385.76822,1.0,71.35571,70.925385,72.17854,71.57039,72.10295
2018-01-02 11:41:00,-7.0008837e-25,0.0,55.170547,357730.44,0.63551676,0.63551676,35.06002,357744.16,0.36444238,0.36448324,72.59426,0.5578977,0.5578977,1.0,117.98732,357743.66,403.47244,1.60746,56.012817,55.184006,0.61988616,0.9,1.0,385.76547,1.0,71.35297,70.89841,72.15987,71.543304,72.09026
2018-01-02 11:42:00,1.1968546999999999e-25,0.0,55.17044,357730.44,0.6354373,0.6354373,35.06002,357744.3,0.3645219,0.3645627,72.583496,0.5578964,0.5578964,1.0,117.98639,357743.8,403.47247,1.60746,56.014023,55.184006,0.61988467,0.9,1.0,385.76263,1.0,71.350174,70.871765,72.141235,71.51634,72.07741
2018-01-02 11:43:00,-1.5975187e-24,0.0,55.170387,357730.44,0.63535804,0.63535804,35.06002,357744.44,0.36460125,0.36464196,72.57272,0.557895,0.557895,1.0,117.98543,357743.94,403.47247,1.60746,56.01529,55.184006,0.6198831,0.9,1.0,385.75974,1.0,71.34743,70.84546,72.12262,71.489586,72.0645
2018-01-02 11:44:00,1.2071634e-25,0.0,55.17033,357730.44,0.63527894,0.63527894,35.06002,357744.53,0.36468044,0.3647211,72.56201,0.5578936,0.5578936,1.0,117.98444,357744.03,403.47247,1.60746,56.016495,55.184006,0.6198815,0.9,1.0,385.7567,1.0,71.34473,70.81937,72.104,71.462944,72.05154
2018-01-02 11:45:00,-1.2761065e-25,0.0,55.170273,357730.44,0.6352,0.6352,35.06002,357744.6,0.36475947,0.3648,72.55136,0.5578921,0.5578921,1.0,117.98343,357744.06,403.47247,1.60746,56.017708,55.184006,0.6198799,0.9,1.0,385.7536,1.0,71.34198,70.79355,72.085434,71.43652,72.03847
2018-01-02 11:46:00,6.901344699999999e-25,0.0,55.17022,357730.44,0.6351213,0.6351213,35.06002,357744.62,0.3648383,0.36487874,72.54076,0.5578906,0.5578906,1.0,117.98238,357744.12,403.47247,1.60746,56.018913,55.184006,0.61987823,0.9,1.0,385.7504,1.0,71.33923,70.768005,72.06692,71.41021,72.02528
2018-01-02 11:47:00,2.704127e-26,0.0,55.17022,357730.44,0.6350427,0.6350427,35.06002,357744.62,0.36491692,0.36495724,72.53015,0.55788904,0.55788904,1.0,117.981316,357744.12,403.47247,1.60746,56.020123,55.184006,0.6198765,0.9,1.0,385.74713,1.0,71.33655,70.74279,72.0484,71.38406,72.01204
2018-01-02 11:48:00,-8.687683e-25,0.0,55.170166,357730.44,0.63496447,0.63496447,35.06002,357744.62,0.36499533,0.36503553,72.51967,0.5578875,0.5578875,1.0,117.98023,357744.12,403.47247,1.60746,56.02128,55.184006,0.6198748,0.9,1.0,385.7438,1.0,71.333855,70.7178,72.02995,71.35814,71.99875
2018-01-02 11:49:00,5.167969299999999e-25,0.0,55.170166,357730.44,0.6348864,0.6348864,35.06002,357744.6,0.3650735,0.3651136,72.50917,0.5578859,0.5578859,1.0,117.97913,357744.1,403.47247,1.60746,56.022484,55.184006,0.619873,0.9,1.0,385.7404,1.0,71.33116,70.69313,72.01155,71.33232,71.9854
2018-01-02 11:50:00,1.7790275e-24,0.0,55.170113,357730.44,0.6348086,0.6348086,35.06002,357744.56,0.36515144,0.3651914,72.49873,0.5578843,0.5578843,1.0,117.978004,357744.03,403.47247,1.60746,56.023636,55.184006,0.61987114,0.9,1.0,385.73697,1.0,71.328476,70.668686,71.99315,71.30672,71.97194
2018-01-02 11:51:00,-4.934391e-25,0.0,55.170113,357730.44,0.63473105,0.63473105,35.06002,357744.5,0.36522913,0.36526898,72.4884,0.5578826,0.5578826,1.0,117.97687,357744.03,403.4725,1.60746,56.02479,55.184006,0.61986935,0.9,1.0,385.73343,1.0,71.325775,70.64458,71.97485,71.28128,71.95843
2018-01-02 11:52:00,6.603334e-26,0.0,55.170113,357730.44,0.63465375,0.63465375,35.06002,357744.44,0.36530656,0.36534625,72.47808,0.55788094,0.55788094,1.0,117.975716,357743.94,403.4725,1.60746,56.025948,55.184006,0.61986744,0.9,1.0,385.72986,1.0,71.32314,70.62073,71.95662,71.25597,71.944916
2018-01-02 11:53:00,4.3926106e-27,0.0,55.170113,357730.44,0.63457674,0.63457674,35.06002,357744.38,0.3653837,0.36542326,72.467804,0.5578792,0.5578792,1.0,117.97455,357743.88,403.4725,1.60746,56.027046,55.184006,0.61986554,0.9,1.0,385.72626,1.0,71.32045,70.59717,71.93843,71.23086,71.93129
2018-01-02 11:54:00,-5.9692893e-25,0.0,55.170113,357730.44,0.6345,0.6345,35.06002,357744.28,0.36546057,0.36549997,72.457596,0.5578775,0.5578775,1.0,117.973366,357743.78,403.4725,1.60746,56.0282,55.184006,0.6198636,0.9,1.0,385.72263,1.0,71.31781,70.57393,71.92025,71.20592,71.91766
2018-01-02 11:55:00,-7.3023853e-25,0.0,55.170166,357730.44,0.6344236,0.6344236,35.06002,357744.2,0.36553717,0.36557642,72.44743,0.55787575,0.55787575,1.0,117.97217,357743.7,403.4725,1.60746,56.029297,55.184006,0.6198617,0.9,1.0,385.71893,1.0,71.31518,70.550964,71.902176,71.1812,71.904045
2018-01-02 11:56:00,-7.033183e-26,0.0,55.170166,357730.44,0.6343475,0.6343475,35.06002,357744.1,0.36561343,0.36565253,72.43732,0.557874,0.557874,1.0,117.97097,357743.6,403.4725,1.60746,56.030396,55.184006,0.61985976,0.9,1.0,385.7152,1.0,71.312546,70.52828,71.884155,71.156586,71.890366
2018-01-02 11:57:00,-1.3347246999999998e-25,0.0,55.170166,357730.44,0.6342717,0.6342717,35.06002,357744.0,0.3656894,0.36572832,72.42727,0.55787224,0.55787224,1.0,117.96976,357743.5,403.4725,1.60746,56.031494,55.184006,0.6198578,0.9,1.0,385.71146,1.0,71.309906,70.505875,71.86626,71.1322,71.87669
2018-01-02 11:58:00,4.6251235e-25,0.0,55.17022,357730.44,0.6341962,0.6341962,35.06002,357743.88,0.36576504,0.36580378,72.41727,0.55787045,0.55787045,1.0,117.96854,357743.38,403.4725,1.60746,56.032593,55.184006,0.6198558,0.9,1.0,385.7077,1.0,71.30727,70.48379,71.84834,71.107925,71.86296
2018-01-02 11:59:00,7.348792e-25,0.0,55.17022,357730.44,0.63412106,0.63412106,35.06002,357743.78,0.36584032,0.3658789,72.40733,0.55786866,0.55786866,1.0,117.9673,357743.28,403.4725,1.60746,56.03369,55.184006,0.6198538,0.9,1.0,385.7039,1.0,71.30469,70.461975,71.83055,71.08386,71.84923
2018-01-02 12:00:00,-4.9865334e-26,0.0,55.170273,357730.44,0.6340463,0.6340463,35.06002,357743.66,0.3659153,0.36595368,72.397446,0.5578669,0.5578669,1.0,117.966064,357743.16,403.4725,1.60746,56.034737,55.184006,0.6198518,0.9,1.0,385.70007,1.0,71.30211,70.440445,71.812805,71.06002,71.835495
2018-01-02 12:01:00,5.5138060000000005e-25,0.0,55.170273,357730.44,0.63397187,0.63397187,35.06002,357743.53,0.3659899,0.36602813,72.387665,0.557865,0.557865,1.0,117.96483,357743.06,403.4725,1.60746,56.035835,55.184006,0.6198498,0.9,1.0,385.69623,1.0,71.29947,70.41919,71.795166,71.03635,71.8217
2018-01-02 12:02:00,-2.0637887e-23,0.0,55.170273,357730.44,0.63389343,0.63389343,35.06002,357743.47,0.36606506,0.36610657,72.376785,0.55786324,0.55786324,1.0,117.96358,357742.97,403.4725,1.60746,56.036877,55.184006,0.6198478,0.9,1.0,385.69235,1.0,71.24992,70.39452,71.77188,71.00921,71.80226
2018-01-02 12:03:00,-1.4844971e-25,0.0,55.16989,357730.44,0.63379467,0.63379467,35.06002,357743.7,0.36615434,0.36620536,72.36333,0.55786127,0.55786127,1.0,117.96219,357743.1,403.4725,1.60746,56.03781,55.184006,0.6198455,0.9,1.0,385.68814,1.0,71.23482,70.3703,71.749084,70.98241,71.78325
2018-01-02 12:04:00,-5.810384e-24,0.0,55.16945,357730.44,0.63369024,0.63369024,35.06002,357744.03,0.36625502,0.36630976,72.34844,0.5578591,0.5578591,1.0,117.960686,357743.4,403.4725,1.60746,56.038635,55.184006,0.6198432,0.9,1.0,385.68365,1.0,71.201035,70.346405,71.726456,70.95581,71.7643
2018-01-02 12:05:00,1.6447367e-24,0.0,55.168793,357730.44,0.6335732,0.6335732,35.06002,357744.56,0.36636665,0.36642683,72.33196,0.55785686,0.55785686,1.0,117.959076,357743.88,403.4725,1.60746,56.039406,55.184006,0.6198406,0.9,1.0,385.6788,1.0,71.1824,70.322784,71.70393,70.929504,71.74541
2018-01-02 12:06:00,2.9794959000000003e-24,0.0,55.16819,357730.44,0.6334513,0.6334513,35.06002,357745.16,0.36648554,0.36654872,72.31471,0.5578545,0.5578545,1.0,117.95739,357744.44,403.47253,1.60746,56.040115,55.184006,0.619838,0.9,1.0,385.6737,1.0,71.15703,70.299545,71.68157,70.90341,71.72656
2018-01-02 12:07:00,-4.8717825e-24,0.0,55.167473,357730.44,0.63332313,0.63332313,35.06002,357745.8,0.36661088,0.36667687,72.296585,0.55785197,0.55785197,1.0,117.95561,357745.03,403.47253,1.60746,56.04072,55.184006,0.6198352,0.9,1.0,385.6684,1.0,71.138626,70.27664,71.65938,70.877594,71.707825
2018-01-02 12:08:00,-2.8301383e-24,0.0,55.166817,357730.44,0.63319194,0.63319194,35.06002,357746.47,0.36674044,0.36680803,72.27813,0.5578494,0.5578494,1.0,117.95377,357745.7,403.47253,1.60746,56.04133,55.184006,0.6198323,0.9,1.0,385.66287,1.0,71.11825,70.25401,71.63735,70.85205,71.68915
2018-01-02 12:09:00,-3.5858994000000005e-24,0.0,55.166153,357730.44,0.6330579,0.6330579,35.06002,357747.12,0.36687312,0.36694208,72.25934,0.5578467,0.5578467,1.0,117.951866,357746.28,403.47253,1.60746,56.04193,55.184006,0.6198293,0.9,1.0,385.6571,1.0,71.10133,70.231766,71.61549,70.82672,71.67053
2018-01-02 12:10:00,-5.9703963e-24,0.0,55.16555,357730.44,0.6329227,0.6329227,35.06002,357747.75,0.36700773,0.36707726,72.2405,0.557844,0.557844,1.0,117.949905,357746.88,403.47253,1.60746,56.04248,55.184006,0.61982626,0.9,1.0,385.65125,1.0,71.08424,70.20984,71.593796,70.80168,71.65202
2018-01-02 12:11:00,-8.101165e-24,0.0,55.164948,357730.44,0.6327867,0.6327867,35.06002,357748.3,0.3671434,0.3672133,72.221664,0.5578411,0.5578411,1.0,117.9479,357747.47,403.47253,1.60746,56.04303,55.184006,0.6198231,0.9,1.0,385.64517,1.0,71.06914,70.18831,71.572205,70.77685,71.63362
2018-01-02 12:12:00,6.887311e-25,0.0,55.16445,357730.44,0.6326509,0.6326509,35.06002,357748.88,0.36727935,0.3673491,72.20293,0.55783826,0.55783826,1.0,117.945854,357748.0,403.47253,1.60746,56.043633,55.184006,0.6198199,0.9,1.0,385.639,1.0,71.05441,70.16705,71.550835,70.75229,71.615326
2018-01-02 12:13:00,4.5888627000000004e-24,0.0,55.164013,357730.44,0.6325156,0.6325156,35.06002,357749.34,0.36741495,0.36748442,72.18442,0.55783534,0.55783534,1.0,117.94378,357748.47,403.47253,1.60746,56.04418,55.184006,0.6198166,0.9,1.0,385.63272,1.0,71.04107,70.14618,71.52963,70.72801,71.59714
2018-01-02 12:14:00,7.506845e-26,0.0,55.163574,357730.44,0.63238144,0.63238144,35.06002,357749.75,0.3675497,0.36761856,72.16618,0.5578323,0.5578323,1.0,117.94168,357748.9,403.47253,1.60746,56.044785,55.184006,0.61981326,0.9,1.0,385.62634,1.0,71.028275,70.12569,71.50854,70.70395,71.579124
2018-01-02 12:15:00,-7.866779e-26,0.0,55.163246,357730.44,0.63224864,0.63224864,35.06002,357750.12,0.36768323,0.36775133,72.14827,0.5578293,0.5578293,1.0,117.93956,357749.28,403.47253,1.60746,56.04539,55.184006,0.6198099,0.9,1.0,385.6199,1.0,71.0164,70.10547,71.48766,70.680115,71.56116
2018-01-02 12:16:00,-1.3484103000000001e-24,0.0,55.16297,357730.44,0.6321176,0.6321176,35.06002,357750.44,0.36781517,0.3678824,72.13069,0.5578262,0.5578262,1.0,117.937416,357749.53,403.47256,1.60746,56.04605,55.184006,0.61980647,0.9,1.0,385.61337,1.0,71.0052,70.08565,71.4669,70.656494,71.543365
2018-01-02 12:17:00,-7.946055e-25,0.0,55.162804,357730.44,0.63198847,0.63198847,35.06002,357750.7,0.3679453,0.36801153,72.11345,0.5578231,0.5578231,1.0,117.935265,357749.78,403.47256,1.60746,56.046707,55.184006,0.6198031,0.9,1.0,385.6068,1.0,70.99465,70.06615,71.44635,70.6332,71.52573
2018-01-02 12:18:00,-1.646247e-26,0.0,55.16264,357730.44,0.6318614,0.6318614,35.06002,357750.84,0.36807343,0.3681386,72.096634,0.55782,0.55782,1.0,117.933105,357750.0,403.47256,1.60746,56.04737,55.184006,0.6197996,0.9,1.0,385.6002,1.0,70.98465,70.04703,71.42592,70.61008,71.50821
2018-01-02 12:19:00,-3.1816082e-25,0.0,55.16253,357730.44,0.6317365,0.6317365,35.06002,357750.94,0.36819944,0.36826345,72.080215,0.5578169,0.5578169,1.0,117.93095,357750.1,403.47256,1.60746,56.04808,55.184006,0.61979616,0.9,1.0,385.59354,1.0,70.975266,70.028244,71.405655,70.58728,71.490845
2018-01-02 12:20:00,1.9503532000000002e-26,0.0,55.162476,357730.44,0.63161397,0.63161397,35.06002,357751.03,0.3683232,0.36838603,72.06417,0.5578138,0.5578138,1.0,117.92877,357750.2,403.47256,1.60746,56.048798,55.184006,0.61979264,0.9,1.0,385.58688,1.0,70.96636,70.00978,71.385605,70.56476,71.4736
2018-01-02 12:21:00,-1.9986323e-26,0.0,55.162476,357730.44,0.63149375,0.63149375,35.06002,357751.03,0.36844462,0.36850628,72.048515,0.55781066,0.55781066,1.0,117.926605,357750.22,403.47256,1.60746,56.04951,55.184006,0.6197892,0.9,1.0,385.58023,1.0,70.95796,69.99165,71.36566,70.54245,71.45651
2018-01-02 12:22:00,7.115755e-26,0.0,55.162476,357730.44,0.63137585,0.63137585,35.06002,357751.0,0.3685637,0.36862412,72.03325,0.5578075,0.5578075,1.0,117.92445,357750.2,403.47256,1.60746,56.050224,55.184006,0.61978567,0.9,1.0,385.5736,1.0,70.94983,69.97391,71.34589,70.52043,71.4396
2018-01-02 12:23:00,7.486900000000001e-24,0.0,55.162582,357730.44,0.63126034,0.63126034,35.06002,357750.94,0.36868042,0.36873966,72.01836,0.5578044,0.5578044,1.0,117.922295,357750.12,403.47256,1.60746,56.050995,55.184006,0.6197822,0.9,1.0,385.56696,1.0,70.94164,69.95644,71.326324,70.49873,71.422844
2018-01-02 12:24:00,-3.5288830000000003e-25,0.0,55.16264,357730.44,0.63114685,0.63114685,35.06002,357750.8,0.36879495,0.36885315,72.0038,0.55780125,0.55780125,1.0,117.92014,357750.0,403.47256,1.60746,56.051765,55.184006,0.61977875,0.9,1.0,385.56033,1.0,70.933075,69.93936,71.30716,70.47725,71.40625
2018-01-02 12:25:00,2.0918092e-25,0.0,55.16275,357730.44,0.631035,0.631035,35.06002,357750.7,0.36890763,0.36896503,71.98952,0.55779815,0.55779815,1.0,117.91801,357749.9,403.47256,1.60746,56.052475,55.184006,0.6197753,0.9,1.0,385.55374,1.0,70.923676,69.92266,71.28815,70.45605,71.38983
2018-01-02 12:26:00,2.2858884e-25,0.0,55.162914,357730.44,0.6309243,0.6309243,35.06002,357750.53,0.36901888,0.36907572,71.9754,0.55779505,0.55779505,1.0,117.91586,357749.75,403.47256,1.60746,56.053246,55.184006,0.61977184,0.9,1.0,385.54712,1.0,70.91335,69.906235,71.26931,70.43512,71.373566
2018-01-02 12:27:00,2.1331206e-25,0.0,55.163025,357730.44,0.6308141,0.6308141,35.06002,357750.4,0.3691293,0.3691859,71.961334,0.5577919,0.5577919,1.0,117.91373,357749.6,403.47256,1.60746,56.054016,55.184006,0.6197683,0.9,1.0,385.54053,1.0,70.9017,69.89014,71.25063,70.41446,71.35742
2018-01-02 12:28:00,9.784274e-25,0.0,55.16313,357730.44,0.6307038,0.6307038,35.06002,357750.25,0.36923948,0.36929622,71.94722,0.5577888,0.5577888,1.0,117.911575,357749.5,403.47256,1.60746,56.054787,55.184006,0.61976486,0.9,1.0,385.5339,1.0,70.88863,69.874435,71.23212,70.394135,71.34149
2018-01-02 12:29:00,-1.1475569e-24,0.0,55.16319,357730.44,0.63059264,0.63059264,35.06002,357750.16,0.36935017,0.36940736,71.933,0.55778563,0.55778563,1.0,117.90942,357749.38,403.47256,1.60746,56.055553,55.184006,0.6197614,0.9,1.0,385.52725,1.0,70.87392,69.859055,71.213776,70.37404,71.32573
2018-01-02 12:30:00,2.486045e-26,0.0,55.163246,357730.44,0.63048,0.63048,35.06002,357750.1,0.369462,0.36952004,71.91849,0.5577825,0.5577825,1.0,117.90725,357749.28,403.47256,1.60746,56.056267,55.184006,0.6197579,0.9,1.0,385.52054,1.0,70.85744,69.84395,71.19559,70.3542,71.31012
2018-01-02 12:31:00,-3.0534058e-24,0.0,55.163246,357730.44,0.6303651,0.6303651,35.06002,357750.06,0.36957574,0.36963493,71.903656,0.5577793,0.5577793,1.0,117.905045,357749.25,403.47256,1.60746,56.056984,55.184006,0.6197543,0.9,1.0,385.51376,1.0,70.839035,69.82922,71.17752,70.3347,71.29469
2018-01-02 12:32:00,-1.4731962e-26,0.0,55.163246,357730.44,0.6302473,0.6302473,35.06002,357750.1,0.369692,0.3697527,71.88839,0.5577761,0.5577761,1.0,117.90281,357749.28,403.47256,1.60746,56.05764,55.184006,0.61975074,0.9,1.0,385.5069,1.0,70.81871,69.814835,71.15961,70.31542,71.27904
2018-01-02 12:33:00,-2.7914685999999996e-25,0.0,55.16313,357730.44,0.630126,0.630126,35.06002,357750.22,0.36981145,0.36987397,71.872574,0.55777276,0.55777276,1.0,117.90053,357749.34,403.47256,1.60746,56.058243,55.184006,0.61974704,0.9,1.0,385.49994,1.0,70.7964,69.80071,71.14187,70.29642,71.26354
2018-01-02 12:34:00,1.1455307e-22,0.0,55.15901,357730.44,0.62976307,0.62976307,35.06002,360707.94,0.37014845,0.3702369,71.8579,0.55940694,0.55940694,1.0,118.77542,361097.2,403.46487,1.60746,56.056652,55.184006,0.6217637,0.9,1.0,388.70477,1.0,70.774925,69.78418,71.12731,70.28049,71.25107
2018-01-02 12:35:00,-7.725260600000001e-22,0.0,55.16011,357730.44,0.62970686,0.62970686,35.06002,363179.4,0.370077,0.3702931,71.84131,0.5606174,0.5606174,1.0,119.39386,363454.5,403.4606,1.60746,56.05874,55.184006,0.62307,0.9,1.0,391.0901,1.0,70.75081,69.757095,71.11308,70.265434,71.23915
2018-01-02 12:36:00,-6.661510500000001e-22,0.0,55.163464,357730.44,0.62976545,0.62976545,35.06002,365335.06,0.37028587,0.37023455,71.82214,0.5617446,0.5617446,1.0,119.98276,365582.62,403.45694,1.60746,56.058464,55.184006,0.62432075,0.9,1.0,393.31683,1.0,70.72505,69.72287,71.09859,70.25021,71.22701
2018-01-02 12:37:00,-1.7020770000000002e-22,0.0,55.160606,357730.44,0.62947774,0.62947774,35.06002,367371.75,0.3704487,0.3705223,71.80089,0.5628487,0.5628487,1.0,120.565956,367601.38,403.45377,1.60746,56.058517,55.184006,0.62554234,0.9,1.0,395.50537,1.0,70.69708,69.68261,71.08419,70.23522,71.21493
2018-01-02 12:38:00,-2.9965054000000004e-22,0.0,55.15956,357730.44,0.6292948,0.6292948,35.06002,369283.53,0.3705548,0.37070516,71.777756,0.5639183,0.5639183,1.0,121.13638,369496.16,403.45102,1.60746,56.059067,55.184006,0.6267252,0.9,1.0,397.63773,1.0,70.667145,69.63713,71.06979,70.22044,71.20296
2018-01-02 12:39:00,-1.1577664e-23,0.0,55.16028,357730.44,0.6292,0.6292,35.06002,371068.03,0.3707391,0.37080005,71.75276,0.56494445,0.56494445,1.0,121.68809,371262.28,403.44873,1.60746,56.05896,55.184006,0.62785923,0.9,1.0,399.69785,1.0,70.634964,69.58719,71.055466,70.20578,71.19103
2018-01-02 12:40:00,-6.698988000000001e-23,0.0,55.158794,357730.44,0.62897927,0.62897927,35.06002,372721.56,0.3709385,0.37102073,71.72601,0.565923,0.565923,1.0,122.218796,372897.03,403.44684,1.60746,56.05874,55.184006,0.62893915,0.9,1.0,401.67557,1.0,70.60079,69.53347,71.04107,70.19128,71.17906
2018-01-02 12:41:00,-2.0958826e-23,0.0,55.157364,357730.44,0.6287578,0.6287578,35.06002,374242.88,0.37111482,0.37124223,71.69762,0.56685126,0.56685126,1.0,122.72705,374400.75,403.44534,1.60746,56.05874,55.184006,0.6299631,0.9,1.0,403.56375,1.0,70.56476,69.47667,71.02663,70.17677,71.16708
2018-01-02 12:42:00,1.5606261e-23,0.0,55.156815,357730.44,0.62857574,0.62857574,35.06002,375637.6,0.37132505,0.3714243,71.66762,0.56772685,0.56772685,1.0,123.21074,375778.47,403.44424,1.60746,56.058464,55.184006,0.6309287,0.9,1.0,405.3551,1.0,70.52713,69.41751,71.01218,70.16244,71.15505
2018-01-02 12:43:00,-3.1940528e-24,0.0,55.15528,357730.44,0.62833685,0.62833685,35.06002,376910.9,0.3715471,0.37166312,71.63614,0.56855,0.56855,1.0,123.669586,377035.6,403.44348,1.60746,56.058136,55.184006,0.63183576,0.9,1.0,407.04843,1.0,70.48802,69.356476,70.99767,70.1481,71.142914
2018-01-02 12:44:00,-4.930638e-25,0.0,55.154015,357730.44,0.62810403,0.62810403,35.06002,378068.8,0.37177065,0.37189597,71.60335,0.5693215,0.5693215,1.0,124.103676,378178.75,403.44296,1.60746,56.05786,55.184006,0.6326857,0.9,1.0,408.64374,1.0,70.447754,69.29408,70.98306,70.13382,71.13077
2018-01-02 12:45:00,4.952860000000001e-24,0.0,55.15281,357730.44,0.6278643,0.6278643,35.06002,379119.56,0.37201366,0.3721357,71.5694,0.57004255,0.57004255,1.0,124.513016,379215.75,403.44275,1.60746,56.057476,55.184006,0.6334798,0.9,1.0,410.1418,1.0,70.406494,69.23085,70.968445,70.11959,71.118576
2018-01-02 12:46:00,-4.7995826e-25,0.0,55.15132,357730.44,0.6276055,0.6276055,35.06002,380070.5,0.37226158,0.37239453,71.534355,0.5707151,0.5707151,1.0,124.8984,380154.2,403.44275,1.60746,56.05709,55.184006,0.63422036,0.9,1.0,411.54575,1.0,70.3647,69.16713,70.95378,70.10542,71.10632
2018-01-02 12:47:00,3.0802078e-24,0.0,55.150005,357730.44,0.62734663,0.62734663,35.06002,380929.44,0.3725187,0.37265337,71.498375,0.5713414,0.5713414,1.0,125.26048,381001.78,403.44293,1.60746,56.05671,55.184006,0.63490975,0.9,1.0,412.85858,1.0,70.322784,69.103355,70.93906,70.0913,71.094025
2018-01-02 12:48:00,2.5980676e-24,0.0,55.148632,357730.44,0.62707746,0.62707746,35.06002,381703.97,0.37278476,0.37292254,71.46173,0.5719236,0.5719236,1.0,125.60012,381766.06,403.4433,1.60746,56.056267,55.184006,0.63555056,0.9,1.0,414.08414,1.0,70.281204,69.03975,70.924286,70.07724,71.08172
2018-01-02 12:49:00,5.014727000000001e-25,0.0,55.14726,357730.44,0.6268024,0.6268024,35.06002,382401.22,0.37305564,0.3731976,71.42461,0.5724643,0.5724643,1.0,125.91832,382454.16,403.4438,1.60746,56.055885,55.184006,0.63614553,0.9,1.0,415.22662,1.0,70.24049,68.97662,70.909454,70.063286,71.06936
2018-01-02 12:50:00,-6.961181999999999e-24,0.0,55.145996,357730.44,0.62652475,0.62652475,35.06002,383028.1,0.37333238,0.37347525,71.38714,0.57296574,0.57296574,1.0,126.215996,383072.8,403.44443,1.60746,56.055496,55.184006,0.63669735,0.9,1.0,416.29016,1.0,70.20105,68.91417,70.89468,70.04939,71.056946
2018-01-02 12:51:00,4.443201e-24,0.0,55.144787,357730.44,0.6262428,0.6262428,35.06002,383590.75,0.37361228,0.3737572,71.349625,0.5734304,0.5734304,1.0,126.49419,383628.16,403.44513,1.60746,56.055115,55.184006,0.6372085,0.9,1.0,417.27908,1.0,70.16321,68.85254,70.879845,70.035545,71.044586
2018-01-02 12:52:00,-2.6261394000000002e-24,0.0,55.14369,357730.44,0.6259606,0.6259606,35.06002,384095.1,0.3738943,0.37403944,71.31216,0.57386047,0.57386047,1.0,126.75385,384126.03,403.44592,1.60746,56.054787,55.184006,0.6376816,0.9,1.0,418.19748,1.0,70.12723,68.79195,70.86507,70.02181,71.032166
2018-01-02 12:53:00,8.348617e-25,0.0,55.1427,357730.44,0.6256779,0.6256779,35.06002,384546.44,0.37417698,0.37432212,71.27508,0.5742582,0.5742582,1.0,126.995964,384571.62,403.44678,1.60746,56.054512,55.184006,0.6381191,0.9,1.0,419.04953,1.0,70.09322,68.73245,70.850296,70.008194,71.019806
2018-01-02 12:54:00,1.9775021e-24,0.0,55.141823,357730.44,0.62539697,0.62539697,35.06002,384949.75,0.37445876,0.37460306,71.238495,0.5746257,0.5746257,1.0,127.22149,384969.88,403.4477,1.60746,56.05429,55.184006,0.6385232,0.9,1.0,419.83917,1.0,70.06131,68.674225,70.83557,69.994675,71.00745
2018-01-02 12:55:00,5.779684000000001e-25,0.0,55.141052,357730.44,0.6251186,0.6251186,35.06002,385309.47,0.3747386,0.3748814,71.202515,0.57496494,0.57496494,1.0,127.431335,385325.16,403.44858,1.60746,56.054123,55.184006,0.6388963,0.9,1.0,420.57022,1.0,70.03148,68.61726,70.82091,69.98132,70.99515
2018-01-02 12:56:00,1.4227015e-24,0.0,55.14045,357730.44,0.62484396,0.62484396,35.06002,385629.7,0.37501514,0.37515602,71.16736,0.57527775,0.57527775,1.0,127.62638,385641.5,403.44955,1.60746,56.053963,55.184006,0.63924026,0.9,1.0,421.2463,1.0,70.00374,68.56173,70.80629,69.96803,70.982895
2018-01-02 12:57:00,-1.1391623e-24,0.0,55.139954,357730.44,0.62457407,0.62457407,35.06002,385914.2,0.37528753,0.3754259,71.13313,0.575566,0.575566,1.0,127.807495,385922.6,403.45053,1.60746,56.053905,55.184006,0.6395571,0.9,1.0,421.87094,1.0,69.97792,68.50762,70.79173,69.95491,70.97064
2018-01-02 12:58:00,2.3246999e-25,0.0,55.139626,357730.44,0.62430954,0.62430954,35.06002,386166.3,0.3755549,0.37569046,71.0999,0.5758313,0.5758313,1.0,127.97548,386171.78,403.4515,1.60746,56.053963,55.184006,0.63984877,0.9,1.0,422.44736,1.0,69.954025,68.455,70.77724,69.94194,70.95845
2018-01-02 12:59:00,-1.5961283999999999e-25,0.0,55.139404,357730.44,0.6240511,0.6240511,35.06002,386389.22,0.3758165,0.37594894,71.06771,0.57607526,0.57607526,1.0,128.13113,386392.12,403.45248,1.60746,56.054016,55.184006,0.6401169,0.9,1.0,422.97873,1.0,69.931946,68.4038,70.76284,69.92909,70.946365
2018-01-02 13:00:00,-1.3488460999999998e-25,0.0,55.13935,357730.44,0.62379915,0.62379915,35.06002,386585.7,0.3760718,0.37620085,71.03662,0.5762993,0.5762993,1.0,128.27519,386586.4,403.45343,1.60746,56.05418,55.184006,0.6403631,0.9,1.0,423.46808,1.0,69.911514,68.35414,70.748505,69.9164,70.93428
2018-01-02 13:01:00,3.2920156999999998e-25,0.0,55.139404,357730.44,0.62355405,0.62355405,35.06002,386758.3,0.37632042,0.37644592,71.00662,0.5765049,0.5765049,1.0,128.40837,386757.12,403.45438,1.60746,56.054398,55.184006,0.640589,0.9,1.0,423.91818,1.0,69.8925,68.30597,70.734276,69.90387,70.9223
2018-01-02 13:02:00,6.333819e-23,0.0,55.140556,357730.44,0.6233322,0.6233322,35.00899,386921.53,0.37696132,0.37666783,70.97888,0.5766864,0.5766864,1.0,128.52467,386916.06,403.45535,1.60746,56.051765,55.184006,0.64078987,0.9,1.0,424.3147,1.0,69.92321,68.26312,70.72598,69.89531,70.916214
2018-01-02 13:03:00,4.445597e-24,0.0,55.134293,357730.44,0.62268084,0.62268084,34.958015,387063.56,0.37750077,0.37731916,70.9551,0.5768537,0.5768537,1.0,128.63293,387054.8,403.45624,1.60746,56.049675,55.184006,0.6409724,0.9,1.0,424.6816,1.0,69.91969,68.22159,70.71725,69.88668,70.90962
2018-01-02 13:04:00,-4.1312737e-23,0.0,55.130013,357730.44,0.62212837,0.62212837,34.907036,387181.12,0.3779049,0.37787163,70.9339,0.5770082,0.5770082,1.0,128.73463,387172.47,403.45715,1.60746,56.04885,55.184006,0.64114153,0.9,1.0,425.02158,1.0,69.93612,68.18144,70.70857,69.87822,70.90297
2018-01-02 13:05:00,2.7269690000000005e-23,0.0,55.12957,357730.44,0.62177354,0.62177354,34.856007,387283.72,0.37835398,0.37822646,70.91533,0.5771472,0.5771472,1.0,128.82654,387274.7,403.45804,1.60746,56.0477,55.184006,0.64129466,0.9,1.0,425.3278,1.0,69.93837,68.14255,70.69989,69.86981,70.89627
2018-01-02 13:06:00,-8.401732e-24,0.0,55.128143,357730.44,0.62135166,0.62135166,34.80503,387374.1,0.37882996,0.3786483,70.89868,0.57727224,0.57727224,1.0,128.9095,387363.53,403.4589,1.60746,56.04638,55.184006,0.64143187,0.9,1.0,425.6039,1.0,69.948204,68.10497,70.69127,69.86153,70.88946
2018-01-02 13:07:00,-8.30684e-24,0.0,55.125893,357730.44,0.62087727,0.62087727,34.703022,387450.12,0.37925997,0.37912273,70.88385,0.57738596,0.57738596,1.0,128.98569,387438.72,403.45972,1.60746,56.0455,55.184006,0.64155626,0.9,1.0,425.85568,1.0,69.951935,68.068665,70.68259,69.85329,70.88259
2018-01-02 13:08:00,-1.2277268000000001e-22,0.0,55.124737,357730.44,0.6204583,0.6204583,34.65199,387513.47,0.37966987,0.37954167,70.87039,0.5774886,0.5774886,1.0,129.05511,387501.8,403.46048,1.60746,56.04484,55.184006,0.6416688,0.9,1.0,426.08337,1.0,69.95842,68.033676,70.673904,69.84515,70.87561
2018-01-02 13:09:00,5.990435e-23,0.0,55.124245,357730.44,0.62006664,0.62006664,34.65199,387567.03,0.3800898,0.3799334,70.85815,0.57758033,0.57758033,1.0,129.11754,387554.94,403.46124,1.60746,56.04418,55.184006,0.6417694,0.9,1.0,426.28732,1.0,69.96216,67.99989,70.66528,69.83713,70.86858
2018-01-02 13:10:00,-1.8659489000000003e-22,0.0,55.12342,357730.44,0.6196555,0.6196555,34.601013,387611.47,0.38050386,0.38034448,70.846886,0.57766235,0.57766235,1.0,129.1738,387598.88,403.46198,1.60746,56.043633,55.184006,0.64185923,0.9,1.0,426.47018,1.0,69.96677,67.96742,70.6566,69.82922,70.861496
2018-01-02 13:11:00,-1.294085e-22,0.0,55.122704,357730.44,0.61924666,0.61924666,34.550037,387647.2,0.3809032,0.38075334,70.8365,0.5777356,0.5777356,1.0,129.22453,387634.34,403.46265,1.60746,56.043194,55.184006,0.64193934,0.9,1.0,426.63385,1.0,69.97002,67.93611,70.64798,69.821365,70.854355
2018-01-02 13:12:00,-2.1322547000000003e-22,0.0,55.122375,357730.44,0.6188554,0.6188554,34.499004,387675.5,0.38129953,0.38114458,70.82678,0.5778005,0.5778005,1.0,129.26987,387662.53,403.46332,1.60746,56.042862,55.184006,0.6420104,0.9,1.0,426.77924,1.0,69.97336,67.906006,70.6393,69.81362,70.84711
2018-01-02 13:13:00,-7.845559e-22,0.0,55.122154,357730.44,0.6184664,0.6184664,34.44803,387697.44,0.38169485,0.3815336,70.81766,0.5778577,0.5778577,1.0,129.31015,387684.3,403.46396,1.60746,56.042534,55.184006,0.64207286,0.9,1.0,426.9076,1.0,69.976,67.87706,70.63068,69.805984,70.83986
2018-01-02 13:14:00,-3.2506683000000003e-22,0.0,55.121223,357730.44,0.61803925,0.61803925,34.396996,387923.75,0.3820857,0.38196078,70.80904,0.5781204,0.5781204,1.0,129.48015,388078.7,403.46198,1.60746,56.042038,55.184006,0.6427758,0.9,1.0,427.46143,1.0,69.97847,67.84938,70.62216,69.798676,70.83288
2018-01-02 13:15:00,-6.7383394e-23,0.0,55.1221,357730.44,0.6176892,0.6176892,34.34602,390956.38,0.3826982,0.38231078,70.80278,0.58053124,0.58053124,1.0,130.93773,391344.03,403.4535,1.60746,56.039787,55.184006,0.6452693,0.9,1.0,432.66513,1.0,69.98221,67.825424,70.617325,69.78923,70.83156
2018-01-02 13:16:00,-2.3407040000000002e-23,0.0,55.11875,357730.44,0.61712307,0.61712307,34.24401,393045.34,0.38294348,0.38287696,70.79745,0.58206284,0.58206284,1.0,131.84349,393335.84,403.44888,1.60746,56.040504,55.184006,0.64694965,0.9,1.0,435.9999,1.0,69.98468,67.802246,70.611725,69.77072,70.82881
2018-01-02 13:17:00,7.161512500000001e-22,0.0,55.121056,357730.44,0.6168714,0.6168714,34.24401,394948.84,0.38325486,0.3831286,70.792175,0.5835402,0.5835402,1.0,132.73386,395215.2,403.44485,1.60746,56.04078,55.184006,0.64858687,0.9,1.0,439.2365,1.0,69.98732,67.77989,70.60585,69.74628,70.82585
2018-01-02 13:18:00,6.403174600000001e-22,0.0,55.12298,357730.44,0.6165965,0.6165965,34.193035,396753.12,0.38365492,0.3834035,70.78701,0.58497024,0.58497024,1.0,133.60286,396997.88,403.44144,1.60746,56.04023,55.184006,0.6501687,0.9,1.0,442.38858,1.0,69.989456,67.75847,70.59985,69.71678,70.82277
2018-01-02 13:19:00,-5.311466e-22,0.0,55.122375,357730.44,0.6161871,0.6161871,34.142006,398445.38,0.38402265,0.38381287,70.781906,0.5863424,0.5863424,1.0,134.44392,398668.22,403.4386,1.60746,56.039898,55.184006,0.6516838,0.9,1.0,445.43137,1.0,69.991486,67.73803,70.593765,69.68283,70.81947
2018-01-02 13:20:00,1.8681834000000001e-22,0.0,55.122265,357730.44,0.6158085,0.6158085,34.091026,400017.88,0.38435572,0.38419154,70.77663,0.5876484,0.5876484,1.0,135.25162,400219.72,403.4363,1.60746,56.039898,55.184006,0.6531247,0.9,1.0,448.34402,1.0,69.99325,67.718475,70.587555,69.64498,70.81607
2018-01-02 13:21:00,-1.3348544e-22,0.0,55.123146,357730.44,0.6154843,0.6154843,34.039997,401471.2,0.38470694,0.3845157,70.77113,0.5888816,0.5888816,1.0,136.02061,401651.94,403.43457,1.60746,56.03968,55.184006,0.6544846,0.9,1.0,451.1095,1.0,69.99484,67.69985,70.58118,69.603836,70.81233
2018-01-02 13:22:00,1.7959316e-23,0.0,55.12364,357730.44,0.61513877,0.61513877,33.98902,402806.34,0.3850717,0.38486123,70.76543,0.5900397,0.5900397,1.0,136.74869,402966.25,403.43326,1.60746,56.03935,55.184006,0.65576065,0.9,1.0,453.71985,1.0,69.99632,67.68205,70.574646,69.55995,70.80838
2018-01-02 13:23:00,2.4162418e-23,0.0,55.12364,357730.44,0.61476946,0.61476946,33.93799,404025.06,0.38542846,0.38523057,70.75943,0.5911224,0.5911224,1.0,137.43526,404165.34,403.43246,1.60746,56.03913,55.184006,0.65695286,0.9,1.0,456.17255,1.0,69.99764,67.66513,70.56795,69.51381,70.80409
2018-01-02 13:24:00,3.6488108e-23,0.0,55.12375,357730.44,0.61440945,0.61440945,33.836037,405132.1,0.38578233,0.38559055,70.75307,0.5921304,0.5921304,1.0,138.07996,405254.12,403.432,1.60746,56.038857,55.184006,0.65806234,0.9,1.0,458.4669,1.0,69.998856,67.64909,70.56113,69.46585,70.79953
2018-01-02 13:25:00,-6.2257035e-23,0.0,55.124023,357730.44,0.6140559,0.6140559,33.836037,406133.78,0.38614264,0.3859441,70.746414,0.59306544,0.59306544,1.0,138.68298,406238.8,403.43192,1.60746,56.03858,55.184006,0.6590911,0.9,1.0,460.60452,1.0,70.0,67.63388,70.5541,69.41652,70.7947
2018-01-02 13:26:00,2.0780259000000002e-22,0.0,55.12413,357730.44,0.61369455,0.61369455,33.785004,407036.5,0.38650644,0.38630545,70.73944,0.5939302,0.5939302,1.0,139.24538,407125.9,403.43213,1.60746,56.03825,55.184006,0.66004217,0.9,1.0,462.58994,1.0,70.00105,67.61949,70.54696,69.36615,70.789536
2018-01-02 13:27:00,3.5057468e-22,0.0,55.12413,357730.44,0.61332786,0.61332786,33.734028,407846.88,0.38686994,0.3866721,70.73219,0.59472793,0.59472793,1.0,139.76862,407922.03,403.43265,1.60746,56.037918,55.184006,0.66091925,0.9,1.0,464.42896,1.0,70.00209,67.60597,70.53966,69.31512,70.78415
2018-01-02 13:28:00,-2.8118736e-22,0.0,55.12413,357730.44,0.61296225,0.61296225,33.682995,408571.7,0.38723463,0.38703778,70.72466,0.59546214,0.59546214,1.0,140.25424,408634.06,403.43332,1.60746,56.03759,55.184006,0.66172624,0.9,1.0,466.12805,1.0,70.00308,67.59323,70.53229,69.2637,70.77844
2018-01-02 13:29:00,-6.2961395e-22,0.0,55.12413,357730.44,0.61259633,0.61259633,33.63202,409217.9,0.38760188,0.3874037,70.71692,0.5961364,0.5961364,1.0,140.70398,409268.75,403.43423,1.60746,56.037262,55.184006,0.6624671,0.9,1.0,467.69415,1.0,70.00401,67.58136,70.52471,69.21212,70.77251
2018-01-02 13:30:00,-8.164339e-23,0.0,55.12413,357730.44,0.61222774,0.61222774,33.580986,409792.06,0.38797063,0.38777223,70.708954,0.59675443,0.59675443,1.0,141.11967,409832.62,403.43527,1.60746,56.036934,55.184006,0.66314614,0.9,1.0,469.13474,1.0,70.004944,67.57027,70.517136,69.1606,70.7663
2018-01-02 13:31:00,1.5422462000000002e-22,0.0,55.124077,357730.44,0.61185765,0.61185765,33.53001,410300.28,0.38834,0.38814235,70.70082,0.5973199,0.5973199,1.0,141.50323,410331.72,403.43643,1.60746,56.036602,55.184006,0.6637672,0.9,1.0,470.45734,1.0,70.00588,67.56,70.509384,69.109344,70.760254
2018-01-02 13:32:00,-3.5622530000000006e-23,0.0,55.124023,357730.44,0.6114874,0.6114874,33.428,410748.53,0.3887101,0.38851258,70.69258,0.5978364,0.5978364,1.0,141.85654,410771.9,403.43768,1.60746,56.03627,55.184006,0.66433436,0.9,1.0,471.66928,1.0,70.00682,67.55049,70.50159,69.05847,70.75389
2018-01-02 13:33:00,9.199396000000001e-23,0.0,55.12397,357730.44,0.61111635,0.61111635,33.428,411142.38,0.38908133,0.38888365,70.684235,0.5983073,0.5983073,1.0,142.18137,411158.66,403.43906,1.60746,56.035942,55.184006,0.66485137,0.9,1.0,472.7777,1.0,70.00775,67.54176,70.493675,69.00816,70.7473
2018-01-02 13:34:00,7.553418e-24,0.0,55.123913,357730.44,0.61074615,0.61074615,33.377026,411486.75,0.38945094,0.38925385,70.67589,0.598736,0.598736,1.0,142.47961,411496.84,403.44043,1.60746,56.035667,55.184006,0.66532195,0.9,1.0,473.78976,1.0,70.00868,67.5338,70.48571,68.95845,70.74048
2018-01-02 13:35:00,1.9466361000000002e-22,0.0,55.123913,357730.44,0.61037695,0.61037695,33.325996,411786.7,0.38982257,0.38962302,70.66748,0.59912544,0.59912544,1.0,142.75285,411791.38,403.44183,1.60746,56.03534,55.184006,0.6657493,0.9,1.0,474.71188,1.0,70.00961,67.52654,70.47763,68.9095,70.733505
2018-01-02 13:36:00,-1.727434e-22,0.0,55.123856,357730.44,0.6100058,0.6100058,33.275017,412046.4,0.39019376,0.38999417,70.659134,0.5994786,0.5994786,1.0,143.00279,412046.4,403.44327,1.60746,56.03501,55.184006,0.66613674,0.9,1.0,475.5506,1.0,70.01055,67.520065,70.46956,68.86133,70.72631
2018-01-02 13:37:00,-2.586403e-22,0.0,55.123802,357730.44,0.6096343,0.6096343,33.223988,412269.9,0.39056376,0.39036575,70.65078,0.5997983,0.5997983,1.0,143.23103,412265.88,403.4447,1.60746,56.034737,55.184006,0.6664874,0.9,1.0,476.3119,1.0,70.01149,67.5143,70.46138,68.81409,70.71895
2018-01-02 13:38:00,-2.159325e-22,0.0,55.123802,357730.44,0.6092652,0.6092652,33.17301,412460.9,0.3909331,0.3907348,70.64254,0.60008705,0.60008705,1.0,143.43906,412453.44,403.44614,1.60746,56.034462,55.184006,0.666804,0.9,1.0,477.00146,1.0,70.012474,67.50924,70.453186,68.76772,70.71148
2018-01-02 13:39:00,3.5524325e-23,0.0,55.123802,357730.44,0.60889727,0.60889727,33.122032,412622.78,0.39130193,0.39110273,70.63435,0.6003473,0.6003473,1.0,143.6282,412612.38,403.44757,1.60746,56.034187,55.184006,0.6670893,0.9,1.0,477.62454,1.0,70.01341,67.5049,70.44473,68.72229,70.70384
2018-01-02 13:40:00,2.4079092000000004e-22,0.0,55.123856,357730.44,0.6085298,0.6085298,33.020027,412758.62,0.3916697,0.39147016,70.62628,0.6005812,0.6005812,1.0,143.79988,412745.75,403.44894,1.60746,56.033966,55.184006,0.66734564,0.9,1.0,478.18628,1.0,70.0144,67.50122,70.43627,68.67786,70.696045
2018-01-02 13:41:00,-3.4787128e-23,0.0,55.123856,357730.44,0.6081636,0.6081636,33.020027,412871.25,0.39203608,0.3918364,70.61832,0.600791,0.600791,1.0,143.95529,412856.28,403.4503,1.60746,56.03369,55.184006,0.66757536,0.9,1.0,478.6913,1.0,70.01538,67.49825,70.42781,68.6344,70.68813
2018-01-02 13:42:00,-6.6775380000000005e-22,0.0,55.12397,357730.44,0.607799,0.607799,32.968994,412963.12,0.39240113,0.392201,70.61052,0.60097843,0.60097843,1.0,144.09563,412946.44,403.45163,1.60746,56.03347,55.184006,0.6677807,0.9,1.0,479.144,1.0,70.01637,67.495895,70.41936,68.591995,70.680115
2018-01-02 13:43:00,-7.3900534e-23,0.0,55.124023,357730.44,0.60743594,0.60743594,32.91802,413036.62,0.39276478,0.3925641,70.60283,0.60114545,0.60114545,1.0,144.22198,413018.53,403.45288,1.60746,56.03325,55.184006,0.6679635,0.9,1.0,479.54852,1.0,70.017365,67.49419,70.41089,68.55063,70.67204
2018-01-02 13:44:00,-1.9118601000000002e-22,0.0,55.12413,357730.44,0.6070743,0.6070743,32.866985,413093.84,0.39312685,0.39292565,70.59535,0.60129374,0.60129374,1.0,144.33542,413074.62,403.45416,1.60746,56.03303,55.184006,0.6681257,0.9,1.0,479.9087,1.0,70.018295,67.49309,70.402374,68.510315,70.66385
2018-01-02 13:45:00,4.1237284e-23,0.0,55.124245,357730.44,0.6067144,0.6067144,32.81601,413136.7,0.3934872,0.39328554,70.588,0.60142475,0.60142475,1.0,144.43687,413116.6,403.45535,1.60746,56.032814,55.184006,0.6682689,0.9,1.0,480.22803,1.0,70.01929,67.492645,70.39392,68.47098,70.65556
2018-01-02 13:46:00,-1.8359529e-23,0.0,55.124405,357730.44,0.6063564,0.6063564,32.765034,413166.88,0.3938458,0.3936436,70.58086,0.60154,0.60154,1.0,144.52728,413146.12,403.4565,1.60746,56.032646,55.184006,0.66839486,0.9,1.0,480.50986,1.0,70.02028,67.49276,70.38551,68.43269,70.64721
2018-01-02 13:47:00,2.087611e-22,0.0,55.12452,357730.44,0.6060002,0.6060002,32.714,413185.97,0.39420256,0.3939998,70.57382,0.6016409,0.6016409,1.0,144.6075,413164.75,403.4576,1.60746,56.032482,55.184006,0.66850495,0.9,1.0,480.75726,1.0,70.02121,67.49347,70.37706,68.39545,70.63875
2018-01-02 13:48:00,-1.116957e-22,0.0,55.124737,357730.44,0.6056459,0.6056459,32.61199,413195.38,0.39455748,0.3943541,70.56706,0.60172844,0.60172844,1.0,144.67828,413173.84,403.45865,1.60746,56.032265,55.184006,0.6686005,0.9,1.0,480.97318,1.0,70.02214,67.494736,70.36865,68.35919,70.630295
2018-01-02 13:49:00,3.620525e-24,0.0,55.1249,357730.44,0.6052935,0.6052935,32.61199,413196.38,0.3949104,0.39470646,70.56042,0.601804,0.601804,1.0,144.74042,413174.66,403.45966,1.60746,56.032097,55.184006,0.6686828,0.9,1.0,481.1602,1.0,70.02307,67.49655,70.36019,68.32399,70.62172
2018-01-02 13:50:00,3.4932386e-23,0.0,55.125122,357730.44,0.60494316,0.60494316,32.561016,413190.12,0.39526138,0.39505684,70.55405,0.60186857,0.60186857,1.0,144.79457,413168.34,403.46057,1.60746,56.031933,55.184006,0.668753,0.9,1.0,481.3208,1.0,70.02396,67.49892,70.35184,68.289764,70.6131
2018-01-02 13:51:00,1.7058179000000002e-22,0.0,55.125343,357730.44,0.6045948,0.6045948,32.509987,413177.6,0.39561033,0.39540517,70.54778,0.60192305,0.60192305,1.0,144.84138,413155.84,403.4615,1.60746,56.031822,55.184006,0.6688122,0.9,1.0,481.45728,1.0,70.02483,67.50177,70.34344,68.25647,70.60448
2018-01-02 13:52:00,2.0092461e-22,0.0,55.12556,357730.44,0.6042485,0.6042485,32.459007,413159.78,0.39595726,0.3957515,70.54174,0.6019684,0.6019684,1.0,144.88147,413138.16,403.46234,1.60746,56.03166,55.184006,0.66886145,0.9,1.0,481.57175,1.0,70.02571,67.50517,70.33508,68.22423,70.595795
2018-01-02 13:53:00,4.7462210000000004e-23,0.0,55.125835,357730.44,0.60390425,0.60390425,32.40803,413137.44,0.39630213,0.39609575,70.53592,0.6020055,0.6020055,1.0,144.91539,413116.03,403.46317,1.60746,56.031494,55.184006,0.6689015,0.9,1.0,481.66614,1.0,70.026535,67.50908,70.3268,68.19292,70.58706
2018-01-02 13:54:00,-9.958129e-24,0.0,55.126053,357730.44,0.60356206,0.60356206,32.357002,413111.38,0.39664495,0.39643794,70.53026,0.60203505,0.60203505,1.0,144.94366,413090.25,403.4639,1.60746,56.031384,55.184006,0.66893333,0.9,1.0,481.74234,1.0,70.02736,67.51347,70.3185,68.16254,70.57832
2018-01-02 13:55:00,8.587821e-22,0.0,55.126328,357730.44,0.60322195,0.60322195,32.254993,413082.22,0.39698568,0.39677805,70.524765,0.60205775,0.60205775,1.0,144.96677,413061.4,403.46463,1.60746,56.03122,55.184006,0.66895765,0.9,1.0,481.80197,1.0,70.02813,67.5183,70.3102,68.1331,70.569534
2018-01-02 13:56:00,3.0759115e-22,0.0,55.126602,357730.44,0.60288393,0.60288393,32.204018,413050.56,0.39732435,0.3971161,70.51949,0.6020743,0.6020743,1.0,144.98515,413030.1,403.46533,1.60746,56.03111,55.184006,0.66897523,0.9,1.0,481.8466,1.0,70.0289,67.523575,70.30196,68.10454,70.56069
2018-01-02 13:57:00,-2.6324535e-23,0.0,55.126877,357730.44,0.60254794,0.60254794,32.204018,413016.94,0.39766094,0.39745206,70.51439,0.6020853,0.6020853,1.0,144.99922,412996.84,403.46594,1.60746,56.031,55.184006,0.6689867,0.9,1.0,481.8776,1.0,70.02962,67.52934,70.293724,68.076904,70.55185
2018-01-02 13:58:00,-7.615168e-23,0.0,55.12721,357730.44,0.60221404,0.60221404,32.152985,412981.78,0.39799547,0.39778593,70.50949,0.60209125,0.60209125,1.0,145.00937,412962.1,403.46655,1.60746,56.030834,55.184006,0.66899264,0.9,1.0,481.8963,1.0,70.03027,67.53549,70.28554,68.050156,70.54295
2018-01-02 13:59:00,9.2366695e-23,0.0,55.127483,357730.44,0.6018822,0.6018822,32.10201,412945.53,0.39832792,0.39811778,70.504776,0.6020927,0.6020927,1.0,145.01596,412926.28,403.4671,1.60746,56.030724,55.184006,0.6689936,0.9,1.0,481.90396,1.0,70.03093,67.54208,70.27736,68.02428,70.5341
2018-01-02 14:00:00,5.149439e-22,0.0,55.127815,357730.44,0.6015524,0.6015524,32.051033,412908.5,0.39865834,0.39844754,70.50021,0.60209006,0.60209006,1.0,145.0193,412889.72,403.46762,1.60746,56.030617,55.184006,0.66899014,0.9,1.0,481.90164,1.0,70.03154,67.549065,70.269226,67.99928,70.52515
2018-01-02 14:01:00,0.09280062,0.30810335,68.1058,357730.44,0.1,0.1,32.0,449036.3,0.8499677,0.9,70.36969,0.58324337,0.58324337,1.0,121.08318,442625.78,403.54453,1.60746,59.73191,55.184006,0.6484082,0.9,1.0,431.39334,1.0,69.9225,67.469025,70.18084,67.900955,70.443085
2018-01-02 14:02:00,0.54225534,0.6310149,69.75853,357730.44,0.1,0.1,31.982037,443803.03,0.89816743,0.9,70.30823,0.5840568,0.5840568,1.0,123.43391,442508.38,403.53616,1.60746,59.628143,55.184006,0.64883506,0.9,1.0,433.36563,1.0,69.971054,67.45662,70.150955,67.84987,70.40853
2018-01-02 14:03:00,0.56490606,0.5413235,69.71881,357730.44,0.1,0.1,31.96402,439781.94,0.89994603,0.9,70.27818,0.58268183,0.58268183,1.0,123.389,439401.47,403.53644,1.60746,55.97821,55.184006,0.64717865,0.9,1.0,430.80273,1.0,69.96858,67.47276,70.141235,67.82718,70.39584
2018-01-02 14:04:00,0.5651889,0.5821294,69.67943,357730.44,0.1,0.1,31.927984,436355.78,0.89999855,0.9,70.257965,0.5809165,0.5809165,1.0,122.81629,436157.1,403.53787,1.60746,55.9235,55.184006,0.64521164,0.9,1.0,427.32278,1.0,69.99286,67.49221,70.13525,67.81356,70.38848
2018-01-02 14:05:00,0.5846559,0.58608335,69.65773,357730.44,0.1,0.1,31.927984,433336.1,0.9,0.9,70.24346,0.5792066,0.5792066,1.0,122.1704,433190.38,403.53885,1.60746,55.4841,55.184006,0.64332795,0.9,1.0,423.91434,1.0,69.987045,67.508575,70.12871,67.79961,70.380844
2018-01-02 14:06:00,0.5867517,0.5878783,69.64256,357730.44,0.1,0.1,31.910023,430655.97,0.9,0.9,70.23181,0.5776211,0.5776211,1.0,121.53419,430538.72,403.53918,1.60746,55.317272,55.184006,0.64158463,0.9,1.0,420.73807,1.0,69.98732,67.521324,70.12091,67.783295,70.37184
2018-01-02 14:07:00,0.58838546,0.58853936,69.630424,357730.44,0.1,0.1,31.892004,428273.88,0.9,0.9,70.22182,0.57616127,0.57616127,1.0,120.92288,428178.38,403.53897,1.60746,55.237953,55.184006,0.63997996,0.9,1.0,417.8032,1.0,69.971985,67.530334,70.1119,67.7644,70.36134
2018-01-02 14:08:00,0.5881436,0.58771616,69.61955,357730.44,0.1,0.1,31.873987,426156.3,0.9,0.9,70.212036,0.57481825,0.57481825,1.0,120.339806,426079.12,403.5383,1.60746,55.194115,55.184006,0.6385036,0.9,1.0,415.09525,1.0,69.95743,67.536156,70.101685,67.74303,70.34943
2018-01-02 14:09:00,0.5871756,0.5865636,69.60884,357730.44,0.1,0.1,31.856024,424274.38,0.9,0.9,70.201935,0.57358235,0.57358235,1.0,119.78583,424212.8,403.53723,1.60746,55.174286,55.184006,0.637145,0.9,1.0,412.59717,1.0,69.93562,67.53923,70.09048,67.71968,70.336296
2018-01-02 14:10:00,0.5858848,0.5851511,69.59769,357730.44,0.1,0.1,31.838007,422602.44,0.9,0.9,70.19095,0.57244474,0.57244474,1.0,119.261,422554.38,403.53583,1.60746,55.164177,55.184006,0.63589436,0.9,1.0,410.29263,1.0,69.91371,67.54022,70.07851,67.69479,70.322235
2018-01-02 14:11:00,0.5844164,0.58363354,69.58577,357730.44,0.1,0.1,31.819988,421118.2,0.9,0.9,70.17892,0.5713974,0.5713974,1.0,118.76492,421081.66,403.5342,1.60746,55.1594,55.184006,0.634743,0.9,1.0,408.16675,1.0,69.888824,67.539566,70.06592,67.66876,70.30746
2018-01-02 14:12:00,0.58287346,0.5820665,69.57275,357730.44,0.1,0.1,31.784008,419801.5,0.9,0.9,70.16568,0.570433,0.570433,1.0,118.29694,419774.8,403.53238,1.60746,55.15709,55.184006,0.6336828,0.9,1.0,406.2056,1.0,69.86421,67.53769,70.05296,67.64201,70.29213
2018-01-02 14:13:00,0.5812941,0.58047634,69.55874,357730.44,0.1,0.1,31.784008,418634.53,0.9,0.9,70.15134,0.569545,0.569545,1.0,117.8562,418616.22,403.5304,1.60746,55.15599,55.184006,0.63270646,0.9,1.0,404.39645,1.0,69.83894,67.53494,70.03961,67.61482,70.276474
2018-01-02 14:14:00,0.57969975,0.57887846,69.54363,357730.44,0.1,0.1,31.765991,417601.44,0.9,0.9,70.135956,0.56872725,0.56872725,1.0,117.44171,417590.28,403.52835,1.60746,55.1555,55.184006,0.6318075,0.9,1.0,402.72775,1.0,69.814285,67.5316,70.02609,67.5874,70.260544
2018-01-02 14:15:00,0.57820535,0.57874495,69.518585,357730.44,0.1,0.1,31.748028,423663.78,0.9,0.9,70.12074,0.5703039,0.5703039,1.0,117.35161,424113.75,403.5111,1.60746,55.179337,55.184006,0.6348029,0.9,1.0,405.1179,1.0,69.78737,67.52929,70.01357,67.560715,70.24511
2018-01-02 14:16:00,0.5850387,0.5901884,69.48381,357730.44,0.1,0.1,31.730011,439995.62,0.9,0.9,70.10602,0.5757315,0.5757315,1.0,117.60343,440581.03,403.48676,1.60746,55.307877,55.184006,0.64023846,0.9,1.0,414.03452,1.0,69.71447,67.53247,70.005936,67.53945,70.23467
2018-01-02 14:17:00,0.5926584,0.5953236,69.47145,357730.44,0.1,0.1,31.711994,451244.6,0.9,0.9,70.08438,0.5793343,0.5793343,1.0,117.3284,451717.97,403.4702,1.60746,55.286674,55.184006,0.6442112,0.9,1.0,419.4744,1.0,69.63388,67.53494,69.99748,67.5183,70.2238
2018-01-02 14:18:00,0.5980139,0.60085076,69.450195,357730.44,0.1,0.1,31.69403,461699.4,0.9,0.9,70.054886,0.58285683,0.58285683,1.0,116.974884,462117.94,403.4555,1.60746,55.284805,55.184006,0.64811575,0.9,1.0,424.57602,1.0,69.53352,67.537254,69.98874,67.49748,70.212814
2018-01-02 14:19:00,0.60326093,0.6056854,69.41971,357730.44,0.1,0.1,31.657995,471493.62,0.9,0.9,70.01698,0.5862873,0.5862873,1.0,116.54987,471868.97,403.4426,1.60746,55.275192,55.184006,0.6519106,0.9,1.0,429.34024,1.0,69.42679,67.5394,69.97984,67.47705,70.20183
2018-01-02 14:20:00,0.6077056,0.6097649,69.380486,357730.44,0.1,0.1,31.640034,480596.56,0.9,0.9,69.97078,0.58958477,0.58958477,1.0,116.08042,480931.16,403.43152,1.60746,55.263382,55.184006,0.6555533,0.9,1.0,433.74246,1.0,69.31088,67.54126,69.970726,67.45683,70.19073
2018-01-02 14:21:00,0.61145705,0.613158,69.33292,357730.44,0.1,0.1,31.640034,488993.5,0.9,0.9,69.916565,0.5927251,0.5927251,1.0,115.59575,489289.62,403.42215,1.60746,55.251137,55.184006,0.659019,0.9,1.0,437.79584,1.0,69.19301,67.54275,69.96127,67.43678,70.17947
2018-01-02 14:22:00,0.6145087,0.61585534,69.277374,357730.44,0.1,0.1,31.622015,496669.9,0.9,0.9,69.85542,0.5956936,0.5956936,1.0,115.06876,496937.12,403.41443,1.60746,55.238777,55.184006,0.6622915,0.9,1.0,441.5343,1.0,69.07419,67.543846,69.95155,67.41684,70.167984
2018-01-02 14:23:00,0.61688894,0.6179072,69.21509,357730.44,0.1,0.1,31.603998,503643.1,0.9,0.9,69.78851,0.59847665,0.59847665,1.0,114.52248,503884.72,403.40823,1.60746,55.22691,55.184006,0.665357,0.9,1.0,444.98166,1.0,68.95916,67.544556,69.94156,67.396904,70.156235
2018-01-02 14:24:00,0.6186529,0.61937517,69.14769,357730.44,0.1,0.1,31.586035,509946.28,0.9,0.9,69.71727,0.6010724,0.6010724,1.0,114.00032,510163.1,403.40344,1.60746,55.21598,55.184006,0.6682146,0.9,1.0,448.17328,1.0,68.84935,67.54483,69.93123,67.377014,70.144196
2018-01-02 14:25:00,0.6198659,0.6203274,69.07666,357730.44,0.1,0.1,31.568018,515618.9,0.9,0.9,69.64339,0.6034849,0.6034849,1.0,113.53127,515811.34,403.39987,1.60746,55.206146,55.184006,0.6708696,0.9,1.0,451.14636,1.0,68.74707,67.54467,69.92052,67.35713,70.131836
2018-01-02 14:26:00,0.62059766,0.6208343,69.00371,357730.44,0.1,0.1,31.55,520704.12,0.9,0.9,69.568405,0.60572135,0.60572135,1.0,113.132126,520873.2,403.39734,1.60746,55.19752,55.184006,0.67332995,0.9,1.0,453.93372,1.0,68.65264,67.544174,69.90953,67.3373,70.119156
2018-01-02 14:27:00,0.6209175,0.6209644,68.93027,357730.44,0.1,0.1,31.514019,525245.94,0.9,0.9,69.49376,0.60778993,0.60778993,1.0,112.810936,525392.75,403.3958,1.60746,55.190163,55.184006,0.6756051,0.9,1.0,456.5624,1.0,68.56656,67.54335,69.89816,67.317474,70.10608
2018-01-02 14:28:00,0.6208922,0.62078214,68.8577,357730.44,0.1,0.1,31.496002,529288.6,0.9,0.9,69.4207,0.60969985,0.60969985,1.0,112.569534,529414.56,403.39505,1.60746,55.1839,55.184006,0.67770535,0.9,1.0,459.0539,1.0,68.489,67.54231,69.88646,67.2977,70.092674
2018-01-02 14:29:00,0.62058336,0.6203463,68.78717,357730.44,0.1,0.1,31.496002,532875.5,0.9,0.9,69.35022,0.6114607,0.6114607,1.0,112.40563,532982.06,403.39502,1.60746,55.178787,55.184006,0.67964125,0.9,1.0,461.42462,1.0,68.419846,67.541046,69.87448,67.27803,70.07894
2018-01-02 14:30:00,0.6200472,0.6197101,68.7195,357730.44,0.1,0.1,31.477985,536048.06,0.9,0.9,69.2831,0.613082,0.613082,1.0,112.31423,536136.94,403.3956,1.60746,55.174667,55.184006,0.6814235,0.9,1.0,463.68665,1.0,68.35843,67.53967,69.86218,67.25859,70.06493
2018-01-02 14:31:00,0.61933357,0.6189197,68.65544,357730.44,0.1,0.1,31.460022,538845.9,0.9,0.9,69.219925,0.6145731,0.6145731,1.0,112.2888,538918.6,403.39664,1.60746,55.17143,55.184006,0.6830624,0.9,1.0,465.8486,1.0,68.30443,67.5383,69.849655,67.2393,70.05065
2018-01-02 14:32:00,0.61848533,0.61801463,68.59546,357730.44,0.1,0.1,31.442005,541306.06,0.9,0.9,69.16109,0.6159431,0.6159431,1.0,112.322014,541364.2,403.3981,1.60746,55.169014,55.184006,0.684568,0.9,1.0,467.91653,1.0,68.25719,67.53698,69.83697,67.22041,70.036095
2018-01-02 14:33:00,0.617539,0.61702824,68.53976,357730.44,0.1,0.1,31.423986,543462.94,0.9,0.9,69.106766,0.6172006,0.6172006,1.0,112.40632,543508.06,403.3999,1.60746,55.1672,55.184006,0.6859498,0.9,1.0,469.89447,1.0,68.215935,67.53572,69.82406,67.20178,70.02132
2018-01-02 14:34:00,0.6165246,0.61598766,68.48851,357730.44,0.1,0.1,31.406025,545347.8,0.9,0.9,69.05705,0.6183538,0.6183538,1.0,112.534386,545381.44,403.40198,1.60746,55.165936,55.184006,0.6872168,0.9,1.0,471.7852,1.0,68.18007,67.53473,69.81099,67.18361,70.00632
2018-01-02 14:35:00,0.61546767,0.6149216,68.44148,357730.44,0.1,0.1,31.388006,547146.8,0.9,0.9,69.01167,0.61947787,0.61947787,1.0,112.67345,547215.75,403.40314,1.60746,55.165222,55.184006,0.68865365,0.9,1.0,473.5998,1.0,68.14876,67.53401,69.79785,67.16597,69.99127
2018-01-02 14:36:00,0.614968,0.615033,68.392815,357730.44,0.1,0.1,31.352026,551189.44,0.9,0.9,68.97037,0.6218285,0.6218285,1.0,112.81574,551384.4,403.40012,1.60746,55.1789,55.184006,0.6911818,0.9,1.0,477.1382,1.0,68.12145,67.53478,69.78006,67.15097,69.97809
2018-01-02 14:37:00,0.6148967,0.61474144,68.35519,357730.44,0.1,0.1,31.352026,554126.44,0.9,0.9,68.93439,0.62353414,0.62353414,1.0,112.904335,554286.94,403.39987,1.60746,55.178627,55.184006,0.693049,0.9,1.0,479.795,1.0,68.09761,67.5361,69.75462,67.13653,69.96474
2018-01-02 14:38:00,0.61462617,0.6145154,68.32234,357730.44,0.1,0.1,31.33401,556766.06,0.9,0.9,68.90258,0.62513065,0.62513065,1.0,113.04726,556905.6,403.40002,1.60746,55.179558,55.184006,0.6948111,0.9,1.0,482.3654,1.0,68.07564,67.53786,69.72403,67.12268,69.95128
2018-01-02 14:39:00,0.6144143,0.61430246,68.293,357730.44,0.1,0.1,31.31599,559172.25,0.9,0.9,68.87424,0.62663937,0.62663937,1.0,113.23201,559295.44,403.40054,1.60746,55.179943,55.184006,0.69647425,0.9,1.0,484.8715,1.0,68.05526,67.54,69.68887,67.10945,69.93777
2018-01-02 14:40:00,0.6141883,0.614066,68.2668,357730.44,0.1,0.1,31.298029,561350.06,0.9,0.9,68.8488,0.62805414,0.62805414,1.0,113.45022,561457.75,403.40143,1.60746,55.17978,55.184006,0.6980326,0.9,1.0,487.29608,1.0,68.0356,67.54259,69.64965,67.09686,69.92415
2018-01-02 14:41:00,0.6139426,0.6138084,68.243126,357730.44,0.1,0.1,31.28001,563307.6,0.9,0.9,68.825676,0.62937385,0.62937385,1.0,113.69685,563400.3,403.40265,1.60746,55.179504,55.184006,0.6994855,0.9,1.0,489.631,1.0,68.01703,67.54561,69.606964,67.08489,69.91052
2018-01-02 14:42:00,0.6136695,0.6135185,68.22154,357730.44,0.1,0.1,31.261993,565055.8,0.9,0.9,68.80453,0.63059974,0.63059974,1.0,113.967545,565134.0,403.40414,1.60746,55.17901,55.184006,0.70083433,0.9,1.0,491.8714,1.0,67.99939,67.54912,69.56137,67.07352,69.89684
2018-01-02 14:43:00,0.6133626,0.6131934,68.20177,357730.44,0.1,0.1,31.24403,566607.25,0.9,0.9,68.78508,0.6317344,0.6317344,1.0,114.258064,566671.9,403.40585,1.60746,55.17846,55.184006,0.7020823,0.9,1.0,494.01413,1.0,67.98291,67.55307,69.51347,67.06276,69.88311
2018-01-02 14:44:00,0.6130198,0.6128319,68.18341,357730.44,0.1,0.1,31.207996,567975.7,0.9,0.9,68.76701,0.6327812,0.6327812,1.0,114.56432,568027.75,403.4078,1.60746,55.177803,55.184006,0.7032332,0.9,1.0,496.05746,1.0,67.96753,67.557526,69.46359,67.0526,69.86932
2018-01-02 14:45:00,0.6126408,0.61243457,68.166336,357730.44,0.1,0.1,31.207996,569175.75,0.9,0.9,68.7502,0.63374454,0.63374454,1.0,114.88243,569216.25,403.4099,1.60746,55.177197,55.184006,0.70429194,0.9,1.0,498.0007,1.0,67.95331,67.56241,69.41229,67.042984,69.855484
2018-01-02 14:46:00,0.61222696,0.6120036,68.150406,357730.44,0.1,0.1,31.190033,570221.9,0.9,0.9,68.73449,0.63462883,0.63462883,1.0,115.208725,570251.94,403.41214,1.60746,55.176537,55.184006,0.7052636,0.9,1.0,499.84418,1.0,67.94018,67.567856,69.35994,67.03403,69.84164
2018-01-02 14:47:00,0.611781,0.61154217,68.13546,357730.44,0.1,0.1,31.172016,571128.44,0.9,0.9,68.71982,0.6354389,0.6354389,1.0,115.53988,571149.25,403.4145,1.60746,55.175987,55.184006,0.7061535,0.9,1.0,501.5889,1.0,67.92821,67.57373,69.30682,67.02568,69.82774
2018-01-02 14:48:00,0.6113062,0.6110538,68.12145,357730.44,0.1,0.1,31.153997,571909.2,0.9,0.9,68.70604,0.6361798,0.6361798,1.0,115.87288,571921.9,403.41687,1.60746,55.17549,55.184006,0.7069672,0.9,1.0,503.2366,1.0,67.91722,67.580154,69.253265,67.01793,69.81384
2018-01-02 14:49:00,0.6108066,0.6105427,68.10832,357730.44,0.1,0.1,31.136036,572577.25,0.9,0.9,68.69313,0.6368562,0.6368562,1.0,116.20507,572582.9,403.41934,1.60746,55.175056,55.184006,0.7077099,0.9,1.0,504.78946,1.0,67.90727,67.58708,69.19954,67.01079,69.8
2018-01-02 14:50:00,0.6107551,0.61122763,68.08745,357730.44,0.1,0.1,31.118017,576269.94,0.9,0.9,68.68005,0.639616,0.639616,1.0,116.96306,576543.94,403.41183,1.60746,55.19027,55.184006,0.7110084,0.9,1.0,509.833,1.0,67.89706,67.59482,69.147575,67.00854,69.78439
2018-01-02 14:51:00,0.61149716,0.6117173,68.07602,357730.44,0.1,0.1,31.082037,578963.56,0.9,0.9,68.67006,0.64158857,0.64158857,1.0,117.47626,579193.9,403.4095,1.60746,55.19137,55.184006,0.71313906,0.9,1.0,513.6506,1.0,67.889206,67.60394,69.096375,67.00722,69.75946
2018-01-02 14:52:00,0.61193275,0.6121782,68.068054,357730.44,0.1,0.1,31.06402,581339.25,0.9,0.9,68.66203,0.6433982,0.6433982,1.0,118.00396,581540.2,403.4078,1.60746,55.192085,55.184006,0.7151398,0.9,1.0,517.24866,1.0,67.88135,67.61339,69.0454,67.00629,69.72848
2018-01-02 14:53:00,0.6124192,0.61266506,68.06125,357730.44,0.1,0.1,31.06402,583532.56,0.9,0.9,68.65523,0.64513,0.64513,1.0,118.560585,583712.44,403.40665,1.60746,55.192467,55.184006,0.71705157,0.9,1.0,520.7828,1.0,67.87492,67.623276,68.99492,67.006065,69.692276
2018-01-02 14:54:00,0.6128777,0.6130976,68.05542,357730.44,0.1,0.1,31.046001,585538.25,0.9,0.9,68.649345,0.646769,0.646769,1.0,119.1329,585698.3,403.406,1.60746,55.192028,55.184006,0.71885866,0.9,1.0,524.2152,1.0,67.86893,67.63366,68.94499,67.00639,69.65146
2018-01-02 14:55:00,0.613288,0.6134821,68.050316,357730.44,0.1,0.1,31.027985,587355.44,0.9,0.9,68.64413,0.64830816,0.64830816,1.0,119.71389,587496.1,403.40582,1.60746,55.19126,55.184006,0.72055435,0.9,1.0,527.524,1.0,67.86398,67.64453,68.89566,67.00722,69.60675
2018-01-02 14:56:00,0.61364293,0.61380506,68.04576,357730.44,0.1,0.1,31.010021,588987.94,0.9,0.9,68.639404,0.6497449,0.6497449,1.0,120.29845,589109.75,403.40616,1.60746,55.190323,55.184006,0.72213614,0.9,1.0,530.6951,1.0,67.85965,67.65579,68.8471,67.008484,69.558685
2018-01-02 14:57:00,0.61393404,0.6140623,68.04153,357730.44,0.1,0.1,30.992004,590443.0,0.9,0.9,68.63501,0.6510794,0.6510794,1.0,120.882225,590546.7,403.40683,1.60746,55.18917,55.184006,0.7236044,0.9,1.0,533.7197,1.0,67.85613,67.66756,68.799255,67.01013,69.50787
2018-01-02 14:58:00,0.61415875,0.6142525,68.03757,357730.44,0.1,0.1,30.973988,591729.8,0.9,0.9,68.63083,0.6523135,0.6523135,1.0,121.46139,591816.6,403.4079,1.60746,55.18802,55.184006,0.7249614,0.9,1.0,536.5922,1.0,67.85327,67.67975,68.75218,67.01222,69.4548
2018-01-02 14:59:00,0.61431664,0.6143765,68.03378,357730.44,0.1,0.1,30.938007,592859.5,0.9,0.9,68.62682,0.6534503,0.6534503,1.0,122.03258,592930.56,403.40924,1.60746,55.18681,55.184006,0.726211,0.9,1.0,539.31,1.0,67.851074,67.69238,68.70587,67.01463,69.40004
2018-01-02 15:00:00,0.6144095,0.61443686,68.030106,357730.44,0.1,0.1,30.919989,593843.75,0.9,0.9,68.622925,0.65449417,0.65449417,1.0,122.59291,593900.5,403.4109,1.60746,55.185654,55.184006,0.7273579,0.9,1.0,541.87305,1.0,67.84954,67.70546,68.66049,67.01738,69.343956
2018-01-02 15:01:00,0.61444056,0.61443746,68.026474,357730.44,0.1,0.1,30.919989,594694.9,0.9,0.9,68.61919,0.65544987,0.65544987,1.0,123.139946,594738.7,403.41275,1.60746,55.184555,55.184006,0.72840756,0.9,1.0,544.2829,1.0,67.8486,67.71896,68.61595,67.02051,69.28694
2018-01-02 15:02:00,0.61442226,0.61440015,68.02379,357730.44,0.1,0.1,30.956024,595424.94,0.9,0.9,68.61551,0.6563226,0.6563226,1.0,123.67164,595457.25,403.41473,1.60746,55.18373,55.184006,0.7293659,0.9,1.0,546.5429,1.0,67.84817,67.732925,68.57233,67.02397,69.22937
2018-01-02 15:03:00,0.6143598,0.6143114,68.02109,357730.44,0.1,0.1,30.992004,596045.8,0.9,0.9,68.61194,0.6571178,0.6571178,1.0,124.18638,596068.0,403.4169,1.60746,55.182854,55.184006,0.7302388,0.9,1.0,548.6573,1.0,67.84828,67.747314,68.52965,67.02788,69.171524
2018-01-02 15:04:00,0.6142494,0.6141791,68.018456,357730.44,0.1,0.1,31.027985,596568.8,0.9,0.9,68.608536,0.6578409,0.6578409,1.0,124.68285,596582.1,403.41916,1.60746,55.18203,55.184006,0.7310323,0.9,1.0,550.6312,1.0,67.84888,67.762146,68.4879,67.032104,69.11368
2018-01-02 15:05:00,0.61409825,0.61400837,68.01598,357730.44,0.1,0.1,31.06402,597004.6,0.9,0.9,68.60524,0.6584972,0.6584972,1.0,125.16013,597010.3,403.4215,1.60746,55.181316,55.184006,0.73175246,0.9,1.0,552.47046,1.0,67.849976,67.77736,68.44714,67.03671,69.05606
2018-01-02 15:06:00,0.6139108,0.61380386,68.013565,357730.44,0.1,0.1,31.1,597363.25,0.9,0.9,68.60205,0.65909195,0.65909195,1.0,125.61751,597362.44,403.42386,1.60746,55.180656,55.184006,0.7324048,0.9,1.0,554.18115,1.0,67.85146,67.793076,68.40732,67.04177,68.99887
2018-01-02 15:07:00,0.61369205,0.61357063,68.01126,357730.44,0.1,0.1,31.136036,597653.9,0.9,0.9,68.59908,0.65963,0.65963,1.0,126.05455,597647.5,403.4262,1.60746,55.180107,55.184006,0.732995,0.9,1.0,555.7697,1.0,67.85333,67.809166,68.36842,67.04721,68.942245
2018-01-02 15:08:00,0.6134469,0.613314,68.00917,357730.44,0.1,0.1,31.207996,597884.8,0.9,0.9,68.59634,0.6601162,0.6601162,1.0,126.471085,597873.94,403.42856,1.60746,55.17961,55.184006,0.73352814,0.9,1.0,557.2427,1.0,67.85547,67.8257,68.33052,67.053085,68.88632
2018-01-02 15:09:00,0.61322397,0.61313766,68.007195,357730.44,0.1,0.1,31.207996,598063.9,0.9,0.9,68.59375,0.6605548,0.6605548,1.0,126.867065,598049.1,403.4309,1.60746,55.180492,55.184006,0.734009,0.9,1.0,558.6064,1.0,67.858,67.84262,68.29361,67.0594,68.83122
2018-01-02 15:10:00,0.6130514,0.61295646,68.00543,357730.44,0.1,0.1,31.24403,598197.8,0.9,0.9,68.59139,0.6609501,0.6609501,1.0,127.24266,598180.06,403.4332,1.60746,55.180603,55.184006,0.73444235,0.9,1.0,559.8675,1.0,67.8608,67.859924,68.25763,67.066216,68.77701
2018-01-02 15:11:00,0.6128625,0.61276364,68.0039,357730.44,0.1,0.1,31.28001,598292.94,0.9,0.9,68.58931,0.66130596,0.66130596,1.0,127.598145,598272.8,403.43546,1.60746,55.18055,55.184006,0.73483235,0.9,1.0,561.0322,1.0,67.86382,67.87761,68.22258,67.07347,68.72383
2018-01-02 15:12:00,0.61266845,0.6125669,68.00258,357730.44,0.1,0.1,31.31599,598354.75,0.9,0.9,68.58743,0.6616258,0.6616258,1.0,127.93393,598332.8,403.43762,1.60746,55.180492,55.184006,0.7351829,0.9,1.0,562.1066,1.0,67.86712,67.89568,68.18852,67.08121,68.671646
2018-01-02 15:13:00,0.612468,0.61236304,68.00148,357730.44,0.1,0.1,31.352026,598388.25,0.9,0.9,68.585846,0.66191304,0.66191304,1.0,128.2505,598365.0,403.43973,1.60746,55.18038,55.184006,0.7354976,0.9,1.0,563.0968,1.0,67.870575,67.91414,68.15535,67.0894,68.62056
2018-01-02 15:14:00,0.61226207,0.61215496,68.0006,357730.44,0.1,0.1,31.388006,598397.8,0.9,0.9,68.58447,0.66217065,0.66217065,1.0,128.54843,598373.7,403.44177,1.60746,55.18033,55.184006,0.7357799,0.9,1.0,564.00824,1.0,67.87421,67.93292,68.12315,67.098076,68.57063
2018-01-02 15:15:00,0.6120524,0.61194354,67.99994,357730.44,0.1,0.1,31.460022,598387.4,0.9,0.9,68.583374,0.6624015,0.6624015,1.0,128.82835,598362.7,403.44373,1.60746,55.180218,55.184006,0.73603266,0.9,1.0,564.84644,1.0,67.877945,67.95204,68.09184,67.107254,68.52179
2018-01-02 15:16:00,0.61183995,0.6117302,67.99956,357730.44,0.1,0.1,31.496002,598360.3,0.9,0.9,68.58249,0.662608,0.662608,1.0,129.09093,598335.3,403.44562,1.60746,55.180218,55.184006,0.7362589,0.9,1.0,565.6166,1.0,67.881836,67.971436,68.06146,67.11687,68.47417
2018-01-02 15:17:00,0.61162615,0.6115164,67.99939,357730.44,0.1,0.1,31.496002,598319.6,0.9,0.9,68.581894,0.6627927,0.6627927,1.0,129.33688,598294.6,403.4474,1.60746,55.18016,55.184006,0.73646116,0.9,1.0,566.32367,1.0,67.885796,67.99115,68.03197,67.12697,68.42764
2018-01-02 15:18:00,0.61141247,0.61130285,67.999504,357730.44,0.1,0.1,31.532038,598267.94,0.9,0.9,68.581505,0.6629576,0.6629576,1.0,129.56693,598243.25,403.4491,1.60746,55.18016,55.184006,0.73664165,0.9,1.0,566.9721,1.0,67.8898,68.011154,68.003296,67.13751,68.382324
2018-01-02 15:19:00,0.6111997,0.61109066,67.99978,357730.44,0.1,0.1,31.568018,598207.56,0.9,0.9,68.58139,0.66310465,0.66310465,1.0,129.7818,598183.25,403.45068,1.60746,55.18016,55.184006,0.73680264,0.9,1.0,567.5664,1.0,67.893875,68.03142,67.975494,67.14856,68.33816
2018-01-02 15:20:00,0.61098874,0.6108803,68.000275,357730.44,0.1,0.1,31.603998,598140.44,0.9,0.9,68.58145,0.6632356,0.6632356,1.0,129.98225,598116.6,403.4522,1.60746,55.180218,55.184006,0.736946,0.9,1.0,568.11053,1.0,67.897934,68.05191,67.94853,67.160095,68.29515
2018-01-02 15:21:00,0.6107799,0.6106729,68.00099,357730.44,0.1,0.1,31.640034,598068.25,0.9,0.9,68.581726,0.66335213,0.66335213,1.0,130.169,598045.2,403.45364,1.60746,55.180275,55.184006,0.73707354,0.9,1.0,568.60846,1.0,67.902054,68.07268,67.92238,67.17201,68.25329
2018-01-02 15:22:00,0.6105741,0.6104689,68.00192,357730.44,0.1,0.1,31.676014,597992.56,0.9,0.9,68.582214,0.66345567,0.66345567,1.0,130.3428,597970.2,403.455,1.60746,55.18033,55.184006,0.73718685,0.9,1.0,569.0637,1.0,67.90612,68.0936,67.89706,67.18443,68.212524
2018-01-02 15:23:00,0.610372,0.6102688,68.003075,357730.44,0.1,0.1,31.711994,597914.5,0.9,0.9,68.58293,0.6635476,0.6635476,1.0,130.50438,597892.94,403.4563,1.60746,55.18038,55.184006,0.7372874,0.9,1.0,569.4796,1.0,67.91024,68.114746,67.8725,67.19723,68.17293
2018-01-02 15:24:00,0.61017394,0.61007273,68.004395,357730.44,0.1,0.1,31.784008,597835.2,0.9,0.9,68.58386,0.663629,0.663629,1.0,130.65442,597814.56,403.4575,1.60746,55.180435,55.184006,0.73737645,0.9,1.0,569.8593,1.0,67.91431,68.13612,67.84872,67.210526,68.13436
2018-01-02 15:25:00,0.60998005,0.60988164,68.005936,357730.44,0.1,0.1,31.784008,597755.56,0.9,0.9,68.584915,0.66370106,0.66370106,1.0,130.79358,597735.8,403.45862,1.60746,55.18055,55.184006,0.73745525,0.9,1.0,570.20575,1.0,67.918365,68.15759,67.8257,67.2242,68.096954
2018-01-02 15:26:00,0.60979074,0.60969496,68.00758,357730.44,0.1,0.1,31.819988,597676.3,0.9,0.9,68.586174,0.6637647,0.6637647,1.0,130.92256,597657.44,403.45966,1.60746,55.180603,55.184006,0.73752487,0.9,1.0,570.52167,1.0,67.92238,68.179245,67.80345,67.238266,68.06053
2018-01-02 15:27:00,0.60960644,0.60951346,68.009445,357730.44,0.1,0.1,31.856024,597598.0,0.9,0.9,68.5876,0.6638209,0.6638209,1.0,131.04196,597580.06,403.46066,1.60746,55.18071,55.184006,0.73758626,0.9,1.0,570.80945,1.0,67.92639,68.20105,67.78186,67.25276,68.02521
2018-01-02 15:28:00,0.6094269,0.60933644,68.011475,357730.44,0.1,0.1,31.892004,597521.2,0.9,0.9,68.589195,0.66387033,0.66387033,1.0,131.15242,597504.2,403.46155,1.60746,55.180767,55.184006,0.7376403,0.9,1.0,571.0715,1.0,67.93029,68.22296,67.76099,67.26759,67.990875
2018-01-02 15:29:00,0.6092528,0.60916483,68.01367,357730.44,0.1,0.1,31.927984,597446.3,0.9,0.9,68.59096,0.66391385,0.66391385,1.0,131.25447,597430.2,403.4624,1.60746,55.180878,55.184006,0.7376878,0.9,1.0,571.3099,1.0,67.93419,68.244934,67.74083,67.28287,67.957535
2018-01-02 15:30:00,0.60908353,0.6089985,68.01598,357730.44,0.1,0.1,31.96402,597373.6,0.9,0.9,68.59288,0.663952,0.663952,1.0,131.34871,597358.44,403.46323,1.60746,55.180984,55.184006,0.7377295,0.9,1.0,571.5267,1.0,67.938034,68.267075,67.72139,67.29846,67.925186
2018-01-02 15:31:00,0.6089198,0.60883725,68.018456,357730.44,0.1,0.1,32.0,597303.4,0.9,0.9,68.59491,0.6639854,0.6639854,1.0,131.43564,597289.06,403.46396,1.60746,55.18104,55.184006,0.73776597,0.9,1.0,571.7236,1.0,67.941826,68.28927,67.702545,67.31445,67.89376
2018-01-02 15:32:00,0.060763728,0.0,68.02109,357730.44,0.1,0.1,32.036034,597235.75,0.9,0.9,68.59716,0.6640145,0.6640145,1.0,131.51575,597222.3,403.46463,1.60746,61.196274,55.184006,0.7377978,0.9,1.0,571.9024,1.0,67.95517,68.312454,67.68469,67.33093,67.863434
2018-01-02 15:33:00,0.0022259126,0.0,68.00017,357730.44,0.14160179,0.14160179,32.107994,596439.94,0.8862562,0.8583982,68.604965,0.6642824,0.6642824,1.0,132.40704,596535.44,403.46362,1.60746,63.321304,55.184006,0.73824126,0.9,1.0,573.45447,1.0,68.0551,68.35052,67.67513,67.35422,67.8402
2018-01-02 15:34:00,6.5323286e-05,0.0,67.765884,357730.44,0.19922371,0.19922371,32.107994,593313.8,0.82945627,0.8007763,68.63644,0.66564786,0.66564786,1.0,136.23125,593867.8,403.4584,1.60746,64.7058,55.184006,0.7398258,0.9,1.0,581.1102,1.0,68.22951,68.41891,67.68706,67.40042,67.839325
2018-01-02 15:35:00,1.7119186e-06,0.0,67.42064,357730.44,0.24901725,0.24901725,32.14403,589518.94,0.7762214,0.75098276,68.69933,0.66728103,0.66728103,1.0,140.8473,590380.6,403.45264,1.60746,65.494675,55.184006,0.74167913,0.9,1.0,590.5342,1.0,68.46895,68.516525,67.720505,67.47266,67.86316
2018-01-02 15:36:00,4.3786763e-08,0.0,67.001785,357730.44,0.29260263,0.29260263,32.18001,585353.06,0.7293925,0.70739734,68.7964,0.6692238,0.6692238,1.0,146.10846,586450.25,403.4461,1.60746,65.88046,55.184006,0.7438811,0.9,1.0,601.36053,1.0,68.7536,68.63946,67.7728,67.56829,67.90909
2018-01-02 15:37:00,1.056012e-09,0.0,66.51877,357730.44,0.33010843,0.33010843,32.215992,581145.5,0.6888027,0.6698916,68.92708,0.6714283,0.6714283,1.0,151.71211,582411.56,403.43912,1.60746,65.97313,55.184006,0.7463609,0.9,1.0,613.0455,1.0,69.068146,68.78283,67.8407,67.68359,67.97357
2018-01-02 15:38:00,2.455998e-11,0.0,65.99126,357730.44,0.36233,0.36233,32.252026,577208.94,0.6539064,0.63767,69.087975,0.67381185,0.67381185,1.0,157.3213,578571.4,403.43207,1.60746,65.85662,55.184006,0.74902946,0.9,1.0,624.9903,1.0,69.39581,68.94136,67.92035,67.81416,68.05251
2018-01-02 15:39:00,5.6938487e-13,0.0,65.43804,357730.44,0.3901105,0.3901105,32.288006,573758.44,0.6238784,0.6098895,69.27403,0.6763151,0.6763151,1.0,162.70575,575153.4,403.42523,1.60746,65.5941,55.184006,0.7518243,0.9,1.0,636.8117,1.0,69.72458,69.11006,68.00835,67.95572,68.14183
2018-01-02 15:40:00,1.2839517e-14,0.0,64.87439,357730.44,0.4142084,0.4142084,32.323986,570909.8,0.5979127,0.5857916,69.47925,0.6788995,0.6788995,1.0,167.74388,572289.0,403.4187,1.60746,65.23282,55.184006,0.75470495,0.9,1.0,648.3161,1.0,70.04346,69.28463,68.101456,68.10431,68.237854
2018-01-02 15:41:00,2.879009e-16,0.0,64.3121,357730.44,0.43525022,0.43525022,32.396004,568700.94,0.57531685,0.5647498,69.6976,0.68153894,0.68153894,1.0,172.39488,570032.06,403.41257,1.60746,64.80754,55.184006,0.7576435,0.9,1.0,659.4334,1.0,70.344864,69.46135,68.19687,68.25653,68.33745
2018-01-02 15:42:00,6.403591e-18,0.0,63.759716,357730.44,0.4537423,0.4537423,32.396004,567115.94,0.5555224,0.54625773,69.92337,0.68421406,0.68421406,1.0,176.66806,568379.75,403.4069,1.60746,64.3438,55.184006,0.7606193,0.9,1.0,670.16064,1.0,70.622986,69.63718,68.29268,68.40973,68.43819
2018-01-02 15:43:00,1.4224261e-19,0.0,63.246597,357730.44,0.4714371,0.4714371,32.432037,552018.1,0.5375796,0.5285629,70.14162,0.6801751,0.6801751,1.0,179.66031,551898.6,403.43558,1.60746,63.880074,55.184006,0.7548656,0.9,1.0,667.3884,1.0,70.87062,69.80236,68.3815,68.55794,68.53432
2018-01-02 15:44:00,3.2081954e-21,0.0,62.706512,357730.44,0.48469937,0.48469937,32.468018,538121.7,0.52228147,0.51530063,70.34503,0.67664057,0.67664057,1.0,182.20827,538040.56,403.45197,1.60746,63.398926,55.184006,0.751481,0.9,1.0,663.121,1.0,71.107925,69.95688,68.461914,68.69626,68.621216
2018-01-02 15:45:00,-2.782757e-22,0.0,62.20729,357730.44,0.4973896,0.4973896,32.503998,528181.8,0.5087309,0.5026104,70.54289,0.67441964,0.67441964,1.0,184.04811,528188.75,403.46323,1.60746,62.92393,55.184006,0.7490423,0.9,1.0,660.45856,1.0,71.32056,70.10773,68.54152,68.832214,68.706635
2018-01-02 15:46:00,8.598034e-23,0.0,61.735153,357730.44,0.50887513,0.50887513,32.54003,519720.47,0.4967181,0.49112487,70.73263,0.6723475,0.6723475,1.0,185.16893,519714.84,403.4728,1.60746,62.455803,55.184006,0.7467685,0.9,1.0,657.2347,1.0,71.514465,70.25225,68.61776,68.9635,68.78816
2018-01-02 15:47:00,6.8299845e-22,0.0,61.2862,357730.44,0.5190855,0.5190855,32.57601,512407.6,0.48593846,0.4809145,70.91269,0.67044383,0.67044383,1.0,185.8416,512380.8,403.48077,1.60746,62.001465,55.184006,0.7446756,0.9,1.0,653.8244,1.0,71.68542,70.38936,68.68994,69.08913,68.86495
2018-01-02 15:48:00,-2.5008426e-22,0.0,60.862183,357730.44,0.52825874,0.52825874,32.61199,506034.22,0.47621077,0.4717413,71.08238,0.6686898,0.6686898,1.0,186.19923,505991.94,403.48734,1.60746,61.56459,55.184006,0.74274504,0.9,1.0,650.37115,1.0,71.83703,70.518616,68.757614,69.208496,68.93648
2018-01-02 15:49:00,1.6286622999999998e-23,0.0,60.463818,357730.44,0.5365748,0.5365748,32.68401,500448.03,0.4674253,0.46342525,71.241135,0.66706145,0.66706145,1.0,186.32237,500394.53,403.49277,1.60746,61.146835,55.184006,0.74095225,0.9,1.0,646.93774,1.0,71.968315,70.63957,68.82057,69.32116,69.00244
2018-01-02 15:50:00,-1.5118688e-23,0.0,60.09649,357730.44,0.5444783,0.5444783,32.68401,493730.28,0.45942563,0.4555217,71.38796,0.6643416,0.6643416,1.0,185.53307,493237.47,403.50433,1.60746,60.751823,55.184006,0.73748064,0.9,1.0,640.4655,1.0,72.0807,70.75087,68.8772,69.42619,69.06183
2018-01-02 15:51:00,4.812616e-22,0.0,59.738937,357730.44,0.5509303,0.5509303,32.71999,485881.34,0.45211554,0.44906965,71.520676,0.6609763,0.6609763,1.0,184.31647,485397.62,403.51443,1.60746,60.379112,55.184006,0.7340279,0.9,1.0,632.0503,1.0,72.173096,70.85727,68.92549,69.520676,69.111984
2018-01-02 15:52:00,-5.918122000000001e-23,0.0,59.412426,357730.44,0.5572141,0.5572141,32.756023,479697.4,0.4455715,0.44278592,71.642845,0.6583727,0.6583727,1.0,183.33331,479313.1,403.5214,1.60746,60.025955,55.184006,0.7311595,0.9,1.0,625.51215,1.0,72.25226,70.96185,68.970535,69.60939,69.157684
2018-01-02 15:53:00,-1.3701173000000002e-22,0.0,59.10827,357730.44,0.5629775,0.5629775,32.792004,474195.72,0.43966433,0.4370225,71.754684,0.6559013,0.6559013,1.0,182.24261,473848.8,403.52713,1.60746,59.691917,55.184006,0.728436,0.9,1.0,619.2209,1.0,72.3156,71.063156,69.011185,69.69162,69.19811
2018-01-02 15:54:00,1.9396406e-23,0.0,58.822735,357730.44,0.5681322,0.5681322,32.827984,469248.78,0.43427202,0.4318678,71.85637,0.65357184,0.65357184,1.0,181.1135,468930.44,403.53177,1.60746,59.377876,55.184006,0.72586703,0.9,1.0,613.2419,1.0,72.36673,71.160934,69.047485,69.767365,69.23332
2018-01-02 15:55:00,-6.708036e-22,0.0,58.5561,357730.44,0.5728076,0.5728076,32.86402,464781.8,0.42931852,0.42719236,71.948265,0.6513785,0.6513785,1.0,179.97546,464491.38,403.53537,1.60746,59.08355,55.184006,0.72344786,0.9,1.0,607.58264,1.0,72.40535,71.25519,69.079575,69.83685,69.26343
2018-01-02 15:56:00,9.1820866e-23,0.0,58.308464,357730.44,0.5771166,0.5771166,32.9,460741.3,0.42478377,0.4228834,72.03082,0.6493114,0.6493114,1.0,178.84323,460477.5,403.5381,1.60746,58.80796,55.184006,0.72116864,0.9,1.0,602.2309,1.0,72.433586,71.34589,69.10753,69.90025,69.28859
2018-01-02 15:57:00,-2.9203812000000004e-22,0.0,58.07852,357730.44,0.5810809,0.5810809,32.972015,457082.62,0.4206431,0.41891912,72.10449,0.64736295,0.64736295,1.0,177.72809,456843.28,403.54004,1.60746,58.54989,55.184006,0.71902055,0.9,1.0,597.17596,1.0,72.45183,71.43306,69.13153,69.95782,69.30913
2018-01-02 15:58:00,-2.9082951000000003e-22,0.0,57.86467,357730.44,0.58470464,0.58470464,32.972015,453765.47,0.41685548,0.4152954,72.16969,0.6455275,0.6455275,1.0,176.6398,453548.88,403.54135,1.60746,58.30874,55.184006,0.716997,0.9,1.0,592.40967,1.0,72.46155,71.51678,69.151855,70.00978,69.32528
2018-01-02 15:59:00,-2.1304175e-22,0.0,57.665874,357730.44,0.58801717,0.58801717,33.007996,450754.78,0.41338217,0.41198283,72.22693,0.6438,0.6438,1.0,175.58562,450559.6,403.54208,1.60746,58.08363,55.184006,0.71509266,0.9,1.0,587.92285,1.0,72.46336,71.59698,69.16867,70.05647,69.337204
2018-01-02 16:00:00,5.9921066e-24,0.0,57.481247,357730.44,0.59105676,0.59105676,33.04403,448020.66,0.4101955,0.4089432,72.27676,0.64217544,0.64217544,1.0,174.57013,447845.66,403.5423,1.60746,57.873734,55.184006,0.7133019,0.9,1.0,583.7046,1.0,72.458466,71.67388,69.18207,70.098114,69.345276
2018-01-02 16:01:00,2.9042116e-23,0.0,57.309975,357730.44,0.5938495,0.5938495,33.08001,445537.44,0.40727377,0.40615052,72.31955,0.64064884,0.64064884,1.0,173.59628,445381.22,403.54208,1.60746,57.678123,55.184006,0.71161944,0.9,1.0,579.74335,1.0,72.44743,71.74744,69.19246,70.135025,69.349724
2018-01-02 16:02:00,-3.4825220000000004e-23,0.0,57.15265,357730.44,0.5964765,0.5964765,33.08001,443295.53,0.40480784,0.40352353,72.3557,0.63920903,0.63920903,1.0,172.65741,443154.03,403.54153,1.60746,57.49339,55.184006,0.7100354,0.9,1.0,576.00757,1.0,72.43117,71.81764,69.19976,70.167435,69.35066
2018-01-02 16:03:00,1.4350514e-23,0.0,57.002686,357730.44,0.5986482,0.5986482,33.08001,441262.03,0.40257663,0.40135184,72.385796,0.63785845,0.63785845,1.0,171.76314,441133.75,403.54062,1.60746,57.321068,55.184006,0.7085466,0.9,1.0,572.5074,1.0,72.41019,71.88466,69.20427,70.19556,69.348404
2018-01-02 16:04:00,-1.00065094e-22,0.0,56.861786,357730.44,0.60052484,0.60052484,33.08001,439410.12,0.40047982,0.39947513,72.41024,0.6365954,0.6365954,1.0,170.91777,439296.9,403.53946,1.60746,57.16166,55.184006,0.7071536,0.9,1.0,569.2386,1.0,72.38525,71.94854,69.20619,70.21968,69.343185
2018-01-02 16:05:00,1.6169552e-23,0.0,56.732586,357730.44,0.60231066,0.60231066,33.08001,437726.53,0.39855137,0.3976893,72.42941,0.6354132,0.6354132,1.0,170.11813,437628.38,403.53806,1.60746,57.01356,55.184006,0.70585126,0.9,1.0,566.1828,1.0,72.3568,72.00935,69.20569,70.240005,69.33522
2018-01-02 16:06:00,5.0826223e-23,0.0,56.614044,357730.44,0.60399735,0.60399735,33.08001,436201.22,0.39682597,0.39600268,72.44375,0.6343063,0.6343063,1.0,169.36104,436115.84,403.53647,1.60746,56.87552,55.184006,0.70463246,0.9,1.0,563.32416,1.0,72.32553,72.06708,69.203,70.25676,69.32473
2018-01-02 16:07:00,9.3335806e-24,0.0,56.50374,357730.44,0.6055033,0.6055033,33.08001,434820.4,0.3952768,0.3944967,72.453636,0.6332714,0.6332714,1.0,168.6462,434746.03,403.53473,1.60746,56.74698,55.184006,0.70349276,0.9,1.0,560.65424,1.0,72.29186,72.1219,69.198166,70.27026,69.311935
2018-01-02 16:08:00,-3.2315504e-23,0.0,56.40091,357730.44,0.6068308,0.6068308,33.08001,433569.72,0.39386317,0.39316925,72.459404,0.63230574,0.63230574,1.0,167.97368,433505.62,403.5329,1.60746,56.627724,55.184006,0.7024292,0.9,1.0,558.16565,1.0,72.25627,72.17381,69.19147,70.280655,69.29699
2018-01-02 16:09:00,-5.455983e-23,0.0,56.30571,357730.44,0.60803545,0.60803545,33.08001,432437.66,0.39257315,0.39196455,72.46149,0.63140565,0.63140565,1.0,167.3421,432383.28,403.5309,1.60746,56.517143,55.184006,0.701438,0.9,1.0,555.8481,1.0,72.219025,72.22292,69.183556,70.28812,69.28012
2018-01-02 16:10:00,-4.3327637e-24,0.0,56.217934,357730.44,0.6091429,0.6091429,33.08001,431414.94,0.39140922,0.39085713,72.46011,0.63056713,0.63056713,1.0,166.74936,431369.38,403.52887,1.60746,56.41453,55.184006,0.700515,0.9,1.0,553.6908,1.0,72.18057,72.26929,69.173996,70.29295,69.261505
2018-01-02 16:11:00,-4.8578354000000004e-24,0.0,56.136635,357730.44,0.6101436,0.6101436,33.08001,430492.66,0.3903642,0.3898564,72.45572,0.6297868,0.6297868,1.0,166.19371,430454.84,403.5268,1.60746,56.319225,55.184006,0.699656,0.9,1.0,551.6843,1.0,72.14119,72.31296,69.16296,70.29526,69.24135
2018-01-02 16:12:00,-3.0166242e-24,0.0,56.061264,357730.44,0.6110351,0.6110351,33.08001,429661.9,0.38942257,0.3889649,72.44847,0.62906146,0.62906146,1.0,165.67381,429631.0,403.52466,1.60746,56.230843,55.184006,0.69885767,0.9,1.0,549.82043,1.0,72.1012,72.35405,69.15065,70.29526,69.219696
2018-01-02 16:13:00,-2.214665e-24,0.0,55.991447,357730.44,0.6118331,0.6118331,33.08001,428914.53,0.38857296,0.3881669,72.438805,0.6283881,0.6283881,1.0,165.18813,428889.94,403.52252,1.60746,56.148994,55.184006,0.6981166,0.9,1.0,548.091,1.0,72.060875,72.39261,69.137085,70.29306,69.19679
2018-01-02 16:14:00,-6.949789e-24,0.0,55.926903,357730.44,0.6125522,0.6125522,33.08001,428243.47,0.38781026,0.38744777,72.426834,0.62776357,0.62776357,1.0,164.73486,428224.53,403.5204,1.60746,56.07313,55.184006,0.6974295,0.9,1.0,546.4876,1.0,72.02045,72.428696,69.12247,70.28894,69.17279
2018-01-02 16:15:00,-1.3403061999999998e-25,0.0,55.86725,357730.44,0.613197,0.613197,33.08001,427642.25,0.38712907,0.38680297,72.41287,0.627185,0.627185,1.0,164.3123,427628.34,403.51825,1.60746,56.002876,55.184006,0.696793,0.9,1.0,545.0023,1.0,71.98001,72.462425,69.10687,70.28301,69.1478
2018-01-02 16:16:00,-9.626156e-22,0.0,55.812042,357730.44,0.61376977,0.61376977,33.08001,427104.75,0.38652167,0.38623023,72.39717,0.62664956,0.62664956,1.0,163.91885,427095.25,403.51614,1.60746,55.939705,55.184006,0.696204,0.9,1.0,543.628,1.0,71.939804,72.49379,69.09045,70.27532,69.12187
2018-01-02 16:17:00,-2.1643397e-21,0.0,55.760956,357730.44,0.6142768,0.6142768,33.08001,426625.3,0.3859808,0.38572317,72.37991,0.62615466,0.62615466,1.0,163.55298,426619.7,403.51407,1.60746,55.898117,55.184006,0.6956597,0.9,1.0,542.3576,1.0,71.89998,72.5229,69.07326,70.26614,69.09523
2018-01-02 16:18:00,-5.7915145e-23,0.0,55.713715,357730.44,0.6147259,0.6147259,33.08001,426198.72,0.38550118,0.38527408,72.3613,0.62569773,0.62569773,1.0,163.21312,426196.56,403.51205,1.60746,55.872356,55.184006,0.69515723,0.9,1.0,541.1845,1.0,71.86087,72.54988,69.055405,70.25555,69.06798
2018-01-02 16:19:00,8.946663000000001e-23,0.0,55.670097,357730.44,0.6151222,0.6151222,33.08001,425820.34,0.38507807,0.38487783,72.34146,0.62527627,0.62527627,1.0,162.89775,425821.16,403.51004,1.60746,55.856426,55.184006,0.69469386,0.9,1.0,540.10236,1.0,71.82263,72.574814,69.037,70.24374,69.040184
2018-01-02 16:20:00,2.190351e-23,0.0,55.629776,357730.44,0.61546934,0.61546934,33.08001,425485.75,0.3847065,0.38453066,72.320755,0.6248881,0.6248881,1.0,162.60545,425489.16,403.5081,1.60746,55.844673,55.184006,0.6942671,0.9,1.0,539.10516,1.0,71.785614,72.59778,69.018265,70.23083,69.012115
2018-01-02 16:21:00,1.1604625e-24,0.0,55.592537,357730.44,0.6157717,0.6157717,33.08001,425190.94,0.38438144,0.38422832,72.299225,0.624531,0.624531,1.0,162.33484,425196.6,403.5062,1.60746,55.83544,55.184006,0.6938746,0.9,1.0,538.18726,1.0,71.7498,72.618866,68.99921,70.217094,68.983765
2018-01-02 16:22:00,8.484585e-24,0.0,55.558147,357730.44,0.61603385,0.61603385,33.08001,424932.22,0.3840986,0.38396612,72.277145,0.62420285,0.62420285,1.0,162.08456,424939.75,403.5044,1.60746,55.828136,55.184006,0.69351393,0.9,1.0,537.3433,1.0,71.71541,72.63815,68.980034,70.20259,68.95543
2018-01-02 16:23:00,-8.123720000000001e-24,0.0,55.526398,357730.44,0.61626005,0.61626005,33.08001,424706.12,0.38385406,0.38373998,72.25467,0.62390167,0.62390167,1.0,161.85338,424715.3,403.5026,1.60746,55.82231,55.184006,0.69318306,0.9,1.0,536.56836,1.0,71.68251,72.65584,68.96081,70.187485,68.92708
2018-01-02 16:24:00,2.262195e-24,0.0,55.497116,357730.44,0.61645347,0.61645347,33.08001,424509.66,0.38364413,0.38354653,72.23187,0.6236257,0.6236257,1.0,161.64006,424520.16,403.5009,1.60746,55.8177,55.184006,0.69287986,0.9,1.0,535.8574,1.0,71.6512,72.671875,68.94158,70.17189,68.89885
2018-01-02 16:25:00,-1.7488147e-23,0.0,55.470146,357730.44,0.61661744,0.61661744,33.08001,424339.8,0.3834653,0.3833826,72.20903,0.6233731,0.6233731,1.0,161.44347,424351.47,403.49924,1.60746,55.81407,55.184006,0.6926024,0.9,1.0,535.2062,1.0,71.62142,72.686386,68.92241,70.1559,68.87088
2018-01-02 16:26:00,-1.0449e-24,0.0,55.445263,357730.44,0.61675495,0.61675495,33.08001,424194.1,0.38331428,0.38324502,72.18617,0.62314224,0.62314224,1.0,161.26248,424206.56,403.49765,1.60746,55.811325,55.184006,0.6923489,0.9,1.0,534.6103,1.0,71.59325,72.6994,68.90346,70.139694,68.8432
2018-01-02 16:27:00,6.438176e-25,0.0,55.422356,357730.44,0.616869,0.616869,33.08001,424069.97,0.38318828,0.383131,72.16344,0.6229316,0.6229316,1.0,161.09605,424083.16,403.49615,1.60746,55.809242,55.184006,0.6921176,0.9,1.0,534.06586,1.0,71.56654,72.71039,68.88434,70.12305,68.81508
2018-01-02 16:28:00,2.1356113e-24,0.0,55.40126,357730.44,0.6169618,0.6169618,33.08001,423965.28,0.3830847,0.38303822,72.140915,0.6227396,0.6227396,1.0,160.94324,423979.03,403.49472,1.60746,55.80781,55.184006,0.69190687,0.9,1.0,533.5691,1.0,71.541336,72.71994,68.86545,70.10629,68.78734
2018-01-02 16:29:00,2.2882421e-24,0.0,55.381817,357730.44,0.6170355,0.6170355,33.08001,423878.03,0.38300136,0.3829645,72.11867,0.622565,0.622565,1.0,160.80307,423892.16,403.4933,1.60746,55.80693,55.184006,0.6917152,0.9,1.0,533.11646,1.0,71.51755,72.72818,68.846825,70.08949,68.76003
2018-01-02 16:30:00,4.2061284e-25,0.0,55.363964,357730.44,0.6170923,0.6170923,33.08001,423806.34,0.38293597,0.38290772,72.09674,0.6224063,0.6224063,1.0,160.67467,423820.75,403.49197,1.60746,55.806496,55.184006,0.6915411,0.9,1.0,532.70465,1.0,71.49519,72.73516,68.82854,70.072624,68.73323
2018-01-02 16:31:00,1.2061978e-24,0.0,55.347595,357730.44,0.61713403,0.61713403,33.08001,423748.56,0.3828866,0.38286597,72.07527,0.6222625,0.6222625,1.0,160.55719,423763.1,403.49072,1.60746,55.80644,55.184006,0.6913833,0.9,1.0,532.3306,1.0,71.47415,72.74093,68.81062,70.055756,68.70691
2018-01-02 16:32:00,-7.345062699999999e-25,0.0,55.33249,357730.44,0.61716247,0.61716247,33.08001,423703.16,0.38285142,0.38283756,72.05417,0.6221323,0.6221323,1.0,160.44986,423717.7,403.48953,1.60746,55.80677,55.184006,0.6912405,0.9,1.0,531.99146,1.0,71.45388,72.74548,68.79299,70.039,68.681206
2018-01-02 16:33:00,2.3812013e-25,0.0,55.318645,357730.44,0.6171787,0.6171787,33.08001,423668.66,0.382829,0.38282135,72.03357,0.6220147,0.6220147,1.0,160.35194,423683.12,403.4884,1.60746,55.807426,55.184006,0.69111156,0.9,1.0,531.6844,1.0,71.433395,72.74895,68.7758,70.02231,68.65605
2018-01-02 16:34:00,4.389199e-25,0.0,55.3059,357730.44,0.6171833,0.6171833,33.08001,423643.88,0.38281843,0.3828167,72.013245,0.62190866,0.62190866,1.0,160.26273,423658.22,403.48734,1.60746,55.80836,55.184006,0.69099534,0.9,1.0,531.4069,1.0,71.412186,72.75131,68.75899,70.00577,68.63144
2018-01-02 16:35:00,1.1210803000000001e-24,0.0,55.2942,357730.44,0.6171767,0.6171767,33.08001,423627.7,0.38281924,0.38282326,71.993195,0.62181324,0.62181324,1.0,160.18152,423641.8,403.48633,1.60746,55.809517,55.184006,0.6908907,0.9,1.0,531.1566,1.0,71.38956,72.75258,68.74257,69.98935,68.607376
2018-01-02 16:36:00,5.8884514e-24,0.0,55.28338,357730.44,0.617159,0.617159,33.08001,423619.03,0.38283122,0.38284102,71.973145,0.6217275,0.6217275,1.0,160.1077,423632.84,403.48535,1.60746,55.81089,55.184006,0.69079685,0.9,1.0,530.9311,1.0,71.36505,72.75274,68.726524,69.97308,68.58392
2018-01-02 16:37:00,4.604166499999999e-25,0.0,55.273438,357730.44,0.6171299,0.6171299,33.08001,423617.0,0.38285446,0.3828701,71.95305,0.62165076,0.62165076,1.0,160.04066,423630.5,403.48444,1.60746,55.812424,55.184006,0.6907127,0.9,1.0,530.7284,1.0,71.338196,72.75197,68.71092,69.95705,68.561066
2018-01-02 16:38:00,8.286144000000001e-25,0.0,55.264206,357730.44,0.61708915,0.61708915,33.08001,423620.84,0.3828892,0.38291082,71.932724,0.62158203,0.62158203,1.0,159.97986,423633.94,403.4836,1.60746,55.81413,55.184006,0.69063747,0.9,1.0,530.54645,1.0,71.3087,72.75015,68.69576,69.94118,68.53882
2018-01-02 16:39:00,5.604589e-25,0.0,55.25569,357730.44,0.61703646,0.61703646,33.08001,423629.72,0.38293573,0.38296354,71.911896,0.62152064,0.62152064,1.0,159.92473,423642.34,403.4828,1.60746,55.815887,55.184006,0.6905703,0.9,1.0,530.3834,1.0,71.27618,72.74747,68.680984,69.92552,68.51712
2018-01-02 16:40:00,5.770211e-25,0.0,55.247726,357730.44,0.6169714,0.6169714,33.08001,423643.03,0.38299444,0.38302863,71.89053,0.621466,0.621466,1.0,159.87477,423655.16,403.48203,1.60746,55.817757,55.184006,0.69051045,0.9,1.0,530.2375,1.0,71.240524,72.74379,68.66665,69.91008,68.49603
2018-01-02 16:41:00,-8.103832000000001e-25,0.0,55.240368,357730.44,0.6168935,0.6168935,33.08001,423660.1,0.38306573,0.38310653,71.86839,0.62141734,0.62141734,1.0,159.82954,423671.7,403.48132,1.60746,55.81968,55.184006,0.6904572,0.9,1.0,530.1071,1.0,71.20152,72.73923,68.652695,69.89487,68.47554
2018-01-02 16:42:00,-1.7936837e-24,0.0,55.233444,357730.44,0.6168024,0.6168024,33.08001,423680.4,0.38314998,0.38319758,71.84538,0.62137413,0.62137413,1.0,159.78857,423691.4,403.48068,1.60746,55.8216,55.184006,0.69040996,0.9,1.0,529.9907,1.0,71.15901,72.73379,68.63918,69.87993,68.45566
2018-01-02 16:43:00,1.0131595e-24,0.0,55.22691,357730.44,0.6166977,0.6166977,33.08001,423703.44,0.38324767,0.38330227,71.82137,0.62133586,0.62133586,1.0,159.75146,423713.88,403.48004,1.60746,55.823578,55.184006,0.69036806,0.9,1.0,529.88696,1.0,71.112755,72.72752,68.626114,69.86526,68.436325
2018-01-02 16:44:00,-2.7306078e-25,0.0,55.22081,357730.44,0.61657906,0.61657906,33.08001,423728.78,0.3833591,0.3834209,71.79616,0.6213019,0.6213019,1.0,159.71782,423738.6,403.47946,1.60746,55.8255,55.184006,0.6903309,0.9,1.0,529.7944,1.0,71.06299,72.72044,68.61342,69.850815,68.417534
2018-01-02 16:45:00,-4.0314633e-25,0.0,55.215042,357730.44,0.61644626,0.61644626,33.08001,423756.03,0.38348466,0.38355374,71.76974,0.62127185,0.62127185,1.0,159.68729,423765.22,403.4789,1.60746,55.827477,55.184006,0.690298,0.9,1.0,529.712,1.0,71.00981,72.712524,68.601166,69.83664,68.39935
2018-01-02 16:46:00,1.2694864e-23,0.0,55.20955,357730.44,0.61629915,0.61629915,33.08001,423784.8,0.3836244,0.38370085,71.74205,0.6212452,0.6212452,1.0,159.65953,423793.38,403.47842,1.60746,55.829346,55.184006,0.69026893,0.9,1.0,529.6384,1.0,70.95351,72.70385,68.58931,69.822685,68.381775
2018-01-02 16:47:00,2.1161302e-24,0.0,55.204388,357730.44,0.6161379,0.6161379,33.08001,423814.75,0.3837784,0.38386205,71.71304,0.62122166,0.62122166,1.0,159.63425,423822.66,403.47794,1.60746,55.83127,55.184006,0.6902431,0.9,1.0,529.57263,1.0,70.89468,72.69446,68.57788,69.80907,68.364685
2018-01-02 16:48:00,4.0700797999999996e-25,0.0,55.199444,357730.44,0.61596304,0.61596304,33.08001,423845.6,0.38394633,0.38403696,71.682724,0.62120074,0.62120074,1.0,159.61115,423852.9,403.4775,1.60746,55.83308,55.184006,0.69022024,0.9,1.0,529.5139,1.0,70.83447,72.684296,68.56683,69.795654,68.34816
2018-01-02 16:49:00,7.809573000000001e-25,0.0,55.194775,357730.44,0.61577564,0.61577564,33.08001,423877.03,0.38412738,0.38422436,71.65136,0.62118214,0.62118214,1.0,159.59,423883.7,403.4771,1.60746,55.834892,55.184006,0.69019985,0.9,1.0,529.4611,1.0,70.77487,72.67348,68.55618,69.782585,68.33223
2018-01-02 16:50:00,3.1761300000000003e-24,0.0,55.190323,357730.44,0.6155779,0.6155779,33.08001,423908.78,0.38431996,0.3844221,71.61911,0.6211656,0.6211656,1.0,159.57056,423914.78,403.4767,1.60746,55.836708,55.184006,0.69018173,0.9,1.0,529.41376,1.0,70.71796,72.66194,68.54591,69.76973,68.31679
2018-01-02 16:51:00,-7.187803e-26,0.0,55.186203,357730.44,0.6153726,0.6153726,33.08001,423940.47,0.38452163,0.38462743,71.586426,0.6211508,0.6211508,1.0,159.55269,423945.94,403.47638,1.60746,55.838463,55.184006,0.6901656,0.9,1.0,529.3711,1.0,70.665115,72.649796,68.536026,69.75716,68.30185
2018-01-02 16:52:00,-1.6504321999999998e-25,0.0,55.182415,357730.44,0.6151629,0.6151629,33.08001,423971.84,0.38472924,0.38483706,71.55374,0.62113756,0.62113756,1.0,159.53625,423976.78,403.47607,1.60746,55.84022,55.184006,0.6901511,0.9,1.0,529.3326,1.0,70.61716,72.63695,68.52652,69.74484,68.28746
2018-01-02 16:53:00,-1.7230176e-24,0.0,55.178955,357730.44,0.6149519,0.6149519,33.08001,424002.66,0.38493967,0.3850481,71.52145,0.62112576,0.62112576,1.0,159.52112,424007.1,403.47577,1.60746,55.842033,55.184006,0.69013816,0.9,1.0,529.29785,1.0,70.573105,72.62349,68.517395,69.73282,68.27356
2018-01-02 16:54:00,-4.820482e-25,0.0,55.175823,357730.44,0.61474156,0.61474156,33.08001,424032.72,0.38515046,0.3852584,71.48986,0.62111515,0.62111515,1.0,159.50719,424036.7,403.4755,1.60746,55.843903,55.184006,0.69012654,0.9,1.0,529.26636,1.0,70.5329,72.60948,68.508606,69.72106,68.26021
2018-01-02 16:55:00,-1.1601788000000001e-24,0.0,55.173077,357730.44,0.6145337,0.6145337,33.08001,424061.84,0.38535967,0.38546628,71.45915,0.6211057,0.6211057,1.0,159.49432,424065.38,403.47525,1.60746,55.845825,55.184006,0.6901161,0.9,1.0,529.23785,1.0,70.49603,72.594864,68.500206,69.709526,68.2473
2018-01-02 16:56:00,-1.3064287e-24,0.0,55.170605,357730.44,0.6143296,0.6143296,33.08001,424089.88,0.3855658,0.3856704,71.42955,0.6210971,0.6210971,1.0,159.48245,424093.06,403.47504,1.60746,55.8478,55.184006,0.6901067,0.9,1.0,529.212,1.0,70.462364,72.57965,68.49219,69.69832,68.234886
2018-01-02 16:57:00,-1.7517619e-24,0.0,55.168465,357730.44,0.61413026,0.61413026,33.08001,424116.8,0.38576764,0.38586977,71.40103,0.62108934,0.62108934,1.0,159.47148,424119.66,403.4748,1.60746,55.849834,55.184006,0.6900982,0.9,1.0,529.1885,1.0,70.43144,72.563934,68.4845,69.68733,68.222916
2018-01-02 16:58:00,1.332692e-24,0.0,55.166595,357730.44,0.6139363,0.6139363,33.08001,424142.56,0.3859644,0.38606372,71.37373,0.62108237,0.62108237,1.0,159.46133,424145.1,403.4746,1.60746,55.85192,55.184006,0.69009054,0.9,1.0,529.167,1.0,70.40315,72.54773,68.477135,69.67662,68.211426
2018-01-02 16:59:00,-1.0519704000000001e-24,0.0,55.165054,357730.44,0.61374825,0.61374825,33.08001,424167.12,0.3861555,0.38625172,71.34764,0.621076,0.621076,1.0,159.45195,424169.34,403.47443,1.60746,55.85412,55.184006,0.69008356,0.9,1.0,529.1473,1.0,70.377106,72.530975,68.47011,69.66618,68.20044
2018-01-02 17:00:00,-9.106816e-25,0.0,55.16374,357730.44,0.6135665,0.6135665,33.08001,424190.44,0.38634047,0.38643348,71.322815,0.6210702,0.6210702,1.0,159.44322,424192.44,403.47427,1.60746,55.85637,55.184006,0.6900772,0.9,1.0,529.1293,1.0,70.35321,72.51379,68.4634,69.65602,68.189896
2018-01-02 17:01:00,-5.9166925e-25,0.0,55.162697,357730.44,0.6133912,0.6133912,33.04403,424212.53,0.3865191,0.3866088,71.299194,0.62106484,0.62106484,1.0,159.43513,424214.28,403.47412,1.60746,55.858624,55.184006,0.69007134,0.9,1.0,529.1127,1.0,70.33124,72.49533,68.457085,69.64613,68.17973
2018-01-02 17:02:00,-1.6832424e-24,0.0,55.163246,357730.44,0.6132786,0.6132786,33.04403,424244.2,0.38693523,0.38672137,71.27547,0.6210547,0.6210547,1.0,159.42134,424243.56,403.474,1.60746,55.859173,55.184006,0.690062,0.9,1.0,529.0823,1.0,70.26247,72.47369,68.445114,69.63284,68.16408
2018-01-02 17:03:00,1.9947349e-22,0.0,55.158684,357730.44,0.61285603,0.61285603,33.007996,424276.9,0.38736013,0.38714397,71.24997,0.6210447,0.6210447,1.0,159.40732,424273.4,403.4739,1.60746,55.859337,55.184006,0.69005007,0.9,1.0,529.05225,1.0,70.22786,72.45166,68.433685,69.61987,68.14908
2018-01-02 17:04:00,2.2229494e-22,0.0,55.153084,357730.44,0.61236167,0.61236167,32.972015,424302.97,0.3877046,0.38763833,71.22394,0.6210367,0.6210367,1.0,159.39621,424299.5,403.47382,1.60746,55.86027,55.184006,0.6900402,0.9,1.0,529.0283,1.0,70.17738,72.42914,68.42259,69.60719,68.13452
2018-01-02 17:05:00,-4.5969745e-22,0.0,55.150005,357730.44,0.61199063,0.61199063,32.936035,424326.5,0.38805276,0.3880094,71.197235,0.6210282,0.6210282,1.0,159.38506,424323.62,403.4737,1.60746,55.861313,55.184006,0.6900308,0.9,1.0,529.0029,1.0,70.142166,72.40628,68.41188,69.59477,68.12047
2018-01-02 17:06:00,7.925665e-24,0.0,55.148026,357730.44,0.6116612,0.6116612,32.9,424351.16,0.38844717,0.38833877,71.17055,0.6210178,0.6210178,1.0,159.37216,424347.72,403.4736,1.60746,55.86203,55.184006,0.6900198,0.9,1.0,528.97284,1.0,70.10213,72.3831,68.40144,69.58269,68.10684
2018-01-02 17:07:00,-1.5729017000000001e-22,0.0,55.145226,357730.44,0.61127055,0.61127055,32.86402,424375.47,0.38885173,0.38872945,71.143906,0.6210068,0.6210068,1.0,159.35864,424371.12,403.47354,1.60746,55.86258,55.184006,0.6900074,0.9,1.0,528.941,1.0,70.06955,72.35954,68.39144,69.57088,68.093765
2018-01-02 17:08:00,3.7737826000000004e-22,0.0,55.142258,357730.44,0.6108536,0.6108536,32.827984,424397.3,0.38923797,0.3891464,71.1177,0.62099576,0.62099576,1.0,159.34554,424392.62,403.4735,1.60746,55.863403,55.184006,0.6899948,0.9,1.0,528.9094,1.0,70.036316,72.33565,68.381775,69.55934,68.08113
2018-01-02 17:09:00,1.6243555e-22,0.0,55.139954,357730.44,0.61046225,0.61046225,32.756023,424417.25,0.38961908,0.38953775,71.091995,0.6209843,0.6209843,1.0,159.33234,424412.53,403.47345,1.60746,55.864334,55.184006,0.689982,0.9,1.0,528.8768,1.0,70.00731,72.31148,68.37244,69.54814,68.06899
2018-01-02 17:10:00,2.645035e-22,0.0,55.138195,357730.44,0.6100881,0.6100881,32.756023,424436.28,0.3900071,0.3899119,71.06694,0.620972,0.620972,1.0,159.31856,424431.3,403.47342,1.60746,55.865215,55.184006,0.6899684,0.9,1.0,528.84216,1.0,69.97902,72.28703,68.36348,69.5372,68.05734
2018-01-02 17:11:00,-2.5735427e-22,0.0,55.136436,357730.44,0.6097063,0.6097063,32.71999,424454.34,0.39039603,0.3902937,71.04256,0.6209591,0.6209591,1.0,159.30438,424448.97,403.47336,1.60746,55.86615,55.184006,0.689954,0.9,1.0,528.806,1.0,69.953476,72.262314,68.35486,69.52655,68.04614
2018-01-02 17:12:00,5.3765244e-23,0.0,55.13479,357730.44,0.6093199,0.6093199,32.68401,424470.88,0.39077803,0.39068004,71.01898,0.62094575,0.62094575,1.0,159.29008,424465.28,403.47333,1.60746,55.867195,55.184006,0.689939,0.9,1.0,528.769,1.0,69.92909,72.237366,68.34656,69.51617,68.03537
2018-01-02 17:13:00,1.0600098e-24,0.0,55.13347,357730.44,0.6089415,0.6089415,32.64803,424486.0,0.39115453,0.39105847,70.996185,0.620932,0.620932,1.0,159.2756,424480.28,403.47333,1.60746,55.868294,55.184006,0.68992364,0.9,1.0,528.7309,1.0,69.90662,72.21216,68.33859,69.50612,68.0251
2018-01-02 17:14:00,-1.2948466e-23,0.0,55.13237,357730.44,0.6085716,0.6085716,32.61199,424500.0,0.3915285,0.3914284,70.97427,0.6209177,0.6209177,1.0,159.26083,424494.12,403.4733,1.60746,55.869446,55.184006,0.6899077,0.9,1.0,528.6915,1.0,69.88542,72.18672,68.33102,69.49634,68.015274
2018-01-02 17:15:00,1.4013469e-22,0.0,55.13144,357730.44,0.6082046,0.6082046,32.57601,424512.94,0.39189917,0.39179537,70.953125,0.62090284,0.62090284,1.0,159.2458,424506.9,403.47327,1.60746,55.87065,55.184006,0.6898912,0.9,1.0,528.651,1.0,69.86569,72.16107,68.32376,69.48683,68.005875
2018-01-02 17:16:00,-1.6033794000000002e-22,0.0,55.130615,357730.44,0.6078402,0.6078402,32.54003,424524.78,0.39226463,0.39215985,70.93285,0.62088764,0.62088764,1.0,159.23059,424518.6,403.47327,1.60746,55.871864,55.184006,0.68987423,0.9,1.0,528.6095,1.0,69.84713,72.135254,68.31679,69.4776,67.99692
2018-01-02 17:17:00,-2.2044559e-23,0.0,55.130013,357730.44,0.6074809,0.6074809,32.468018,424535.56,0.3926249,0.3925191,70.91335,0.620872,0.620872,1.0,159.21518,424529.25,403.47327,1.60746,55.87318,55.184006,0.6898568,0.9,1.0,528.56714,1.0,69.82971,72.10927,68.310196,69.46865,67.98836
2018-01-02 17:18:00,-7.868651000000001e-23,0.0,55.129517,357730.44,0.6071275,0.6071275,32.468018,424545.34,0.39298064,0.3928725,70.89462,0.620856,0.620856,1.0,159.19958,424538.97,403.47324,1.60746,55.874496,55.184006,0.689839,0.9,1.0,528.5238,1.0,69.81335,72.08312,68.30394,69.45998,67.98028
2018-01-02 17:19:00,3.3136384e-22,0.0,55.128418,357730.44,0.60673505,0.60673505,32.432037,425206.78,0.3933325,0.39326495,70.8771,0.62103325,0.62103325,1.0,159.2696,425350.66,403.46887,1.60746,55.875435,55.184006,0.6909114,0.9,1.0,528.8662,1.0,69.798294,72.057144,68.29811,69.45157,67.97259
2018-01-02 17:20:00,-8.4420575e-23,0.0,55.130722,357730.44,0.60646904,0.60646904,32.396004,440151.44,0.39438146,0.393531,70.87282,0.6283733,0.6283733,1.0,163.27448,441471.53,403.43887,1.60746,55.869225,55.184006,0.6989136,0.9,1.0,546.4005,1.0,69.76473,72.045494,68.30504,69.45415,67.97561
2018-01-02 17:21:00,5.878077e-22,0.0,55.120728,357730.44,0.6055705,0.6055705,32.360023,450317.1,0.3943329,0.39442948,70.86215,0.63306236,0.63306236,1.0,165.56653,451340.53,403.42236,1.60746,55.87373,55.184006,0.7040587,0.9,1.0,557.7394,1.0,69.70343,72.03286,68.311516,69.45882,67.98016
2018-01-02 17:22:00,1.6631783000000002e-22,0.0,55.12298,357730.44,0.60535973,0.60535973,32.323986,459577.5,0.394464,0.39464024,70.84491,0.63769794,0.63769794,1.0,167.892,460533.97,403.40744,1.60746,55.87785,55.184006,0.7092144,0.9,1.0,569.07324,1.0,69.63647,72.019455,68.31734,69.46332,67.984344
2018-01-02 17:23:00,1.926757e-22,0.0,55.128365,357730.44,0.60531306,0.60531306,32.288006,468386.56,0.39485618,0.39468694,70.82189,0.64231056,0.64231056,1.0,170.2074,469295.3,403.394,1.60746,55.880104,55.184006,0.71433574,0.9,1.0,580.4547,1.0,69.5555,72.006,68.32327,69.46843,67.98901
2018-01-02 17:24:00,-6.4205235e-22,0.0,55.12847,357730.44,0.60496527,0.60496527,32.252026,476726.2,0.39532647,0.39503473,70.79289,0.64685255,0.64685255,1.0,172.49106,477582.66,403.38226,1.60746,55.88153,55.184006,0.71937,0.9,1.0,591.76355,1.0,69.47041,71.99243,68.329254,69.47392,67.99401
2018-01-02 17:25:00,6.0927489999999996e-24,0.0,55.12501,357730.44,0.60441226,0.60441226,32.18001,484574.16,0.39576498,0.39558774,70.758286,0.65129477,0.65129477,1.0,174.74113,485378.62,403.372,1.60746,55.883343,55.184006,0.72428805,0.9,1.0,602.92847,1.0,69.37939,71.97853,68.33502,69.47952,67.99923
2018-01-02 17:26:00,1.2291880000000002e-22,0.0,55.121773,357730.44,0.60386544,0.60386544,32.18001,491931.38,0.39620343,0.39613456,70.7184,0.65561247,0.65561247,1.0,176.95212,492684.78,403.3633,1.60746,55.885376,55.184006,0.72906554,0.9,1.0,613.88525,1.0,69.28781,71.96414,68.34063,69.48518,68.004395
2018-01-02 17:27:00,4.1435602000000003e-22,0.0,55.11963,357730.44,0.60336816,0.60336816,32.14403,498811.34,0.39668986,0.39663184,70.67407,0.6597868,0.6597868,1.0,179.11801,499513.4,403.35605,1.60746,55.88713,55.184006,0.73368263,0.9,1.0,624.5829,1.0,69.19635,71.94925,68.3459,69.49062,68.00955
2018-01-02 17:28:00,2.3929188e-22,0.0,55.117653,357730.44,0.60286283,0.60286283,32.107994,505229.8,0.39722845,0.39713717,70.62622,0.6638056,0.6638056,1.0,181.23605,505880.3,403.35013,1.60746,55.88845,55.184006,0.73812574,0.9,1.0,634.9874,1.0,69.10846,71.933655,68.350845,69.49584,68.01456
2018-01-02 17:29:00,-3.817014e-22,0.0,55.11518,357730.44,0.60231173,0.60231173,32.072014,511202.84,0.39779654,0.39768827,70.57596,0.6676617,0.6676617,1.0,183.30614,511802.8,403.3455,1.60746,55.889385,55.184006,0.74238694,0.9,1.0,645.0769,1.0,69.025406,71.91745,68.35546,69.50067,68.019394
2018-01-02 17:30:00,-6.121034000000001e-22,0.0,55.11232,357730.44,0.60172755,0.60172755,32.036034,516748.53,0.3983749,0.39827248,70.52449,0.6713509,0.6713509,1.0,185.32826,517300.1,403.342,1.60746,55.890266,55.184006,0.74646187,0.9,1.0,654.83545,1.0,68.949,71.900475,68.359695,69.50518,68.02395
2018-01-02 17:31:00,0.1444979,0.45903444,68.886765,357730.44,0.1,0.1,32.0,595466.75,0.84994256,0.9,70.24813,0.6527223,0.6527223,1.0,118.87959,586232.94,403.42853,1.60746,61.687584,55.184006,0.72639656,0.9,1.0,544.1726,1.0,68.70625,71.75177,68.24917,69.40921,67.930725
2018-01-02 17:32:00,0.6363746,0.64580244,69.63295,357730.44,0.1,0.1,31.927984,594321.94,0.8981665,0.9,70.064224,0.6577921,0.6577921,1.0,125.960625,591979.3,403.41464,1.60746,58.570107,55.184006,0.73117274,0.9,1.0,555.47034,1.0,68.73625,71.68926,68.21385,69.36071,67.88986
2018-01-02 17:33:00,0.6048179,0.6150621,69.437614,357730.44,0.1,0.1,31.927984,591707.94,0.89994603,0.9,69.949524,0.6585347,0.6585347,1.0,128.65094,590919.7,403.41833,1.60746,56.378662,55.184006,0.7316731,0.9,1.0,559.33527,1.0,68.677086,71.658554,68.21286,69.35252,67.88722
2018-01-02 17:34:00,0.64056927,0.6533578,69.32061,357730.44,0.1,0.1,31.892004,589083.9,0.89999855,0.9,69.862946,0.6580004,0.6580004,1.0,129.77258,588677.7,403.42606,1.60746,55.98326,55.184006,0.7310059,0.9,1.0,559.8931,1.0,68.65825,71.630264,68.215164,69.3511,67.890076
2018-01-02 17:35:00,0.6544972,0.6575839,69.23953,357730.44,0.1,0.1,31.856024,586658.7,0.9,0.9,69.79373,0.6572138,0.6572138,1.0,130.44388,586365.0,403.43384,1.60746,55.53057,55.184006,0.7301225,0.9,1.0,559.59265,1.0,68.59683,71.599724,68.21495,69.34648,67.8898
2018-01-02 17:36:00,0.6602148,0.6621434,69.17367,357730.44,0.1,0.1,31.819988,584465.6,0.9,0.9,69.733475,0.65641993,0.65641993,1.0,130.94585,584221.1,403.44086,1.60746,55.35836,55.184006,0.7292451,0.9,1.0,559.0619,1.0,68.54492,71.56594,68.21115,69.337364,67.8853
2018-01-02 17:37:00,0.66252357,0.6627969,69.11594,357730.44,0.1,0.1,31.784008,582494.06,0.9,0.9,69.678925,0.6556709,0.6556709,1.0,131.35106,582281.8,403.44702,1.60746,55.253937,55.184006,0.7284204,0.9,1.0,558.45624,1.0,68.47516,71.52914,68.20407,69.32379,67.87673
2018-01-02 17:38:00,0.6625553,0.6621775,69.06227,357730.44,0.1,0.1,31.748028,580725.1,0.9,0.9,69.627075,0.6549754,0.6549754,1.0,131.68369,580539.06,403.45236,1.60746,55.20164,55.184006,0.7276553,0.9,1.0,557.82104,1.0,68.41072,71.489914,68.19429,69.3066,67.86487
2018-01-02 17:39:00,0.6614856,0.66069275,69.01102,357730.44,0.1,0.1,31.711994,579139.7,0.9,0.9,69.57703,0.6543327,0.6543327,1.0,131.95613,578976.44,403.45697,1.60746,55.17302,55.184006,0.72694844,0.9,1.0,557.1751,1.0,68.34195,71.44882,68.18254,69.28667,67.850525
2018-01-02 17:40:00,0.6597641,0.6587436,68.96103,357730.44,0.1,0.1,31.640034,577720.2,0.9,0.9,69.52798,0.6537397,0.6537397,1.0,132.17734,577576.9,403.46094,1.60746,55.15742,55.184006,0.72629637,0.9,1.0,556.5291,1.0,68.27867,71.406525,68.1693,69.2648,67.83449
2018-01-02 17:41:00,0.65767264,0.65651804,68.91214,357730.44,0.1,0.1,31.603998,576450.25,0.9,0.9,69.47991,0.6531932,0.6531932,1.0,132.3546,576324.75,403.46432,1.60746,55.14869,55.184006,0.72569555,0.9,1.0,555.89056,1.0,68.21715,71.3634,68.15518,69.24167,67.81729
2018-01-02 17:42:00,0.65536463,0.65413254,68.86424,357730.44,0.1,0.1,31.603998,575315.1,0.9,0.9,69.43289,0.65269,0.65269,1.0,132.49422,575205.4,403.46722,1.60746,55.143745,55.184006,0.7251424,0.9,1.0,555.26514,1.0,68.16106,71.31979,68.14046,69.21777,67.79955
2018-01-02 17:43:00,0.65293336,0.6516594,68.81755,357730.44,0.1,0.1,31.568018,574301.6,0.9,0.9,69.38713,0.652227,0.652227,1.0,132.60168,574205.7,403.46967,1.60746,55.141,55.184006,0.72463346,0.9,1.0,554.65674,1.0,68.10854,71.27602,68.12557,69.1936,67.781586
2018-01-02 17:44:00,0.6504393,0.64914805,68.77223,357730.44,0.1,0.1,31.532038,573397.3,0.9,0.9,69.34274,0.6518012,0.6518012,1.0,132.68175,573313.75,403.47174,1.60746,55.13957,55.184006,0.72416556,0.9,1.0,554.0684,1.0,68.06064,71.23223,68.11069,69.169495,67.76369
2018-01-02 17:45:00,0.64792454,0.64663315,68.72845,357730.44,0.1,0.1,31.496002,572591.44,0.9,0.9,69.30001,0.65141004,0.65141004,1.0,132.73854,572518.8,403.47342,1.60746,55.139076,55.184006,0.7237356,0.9,1.0,553.50226,1.0,68.01593,71.188614,68.09602,69.1456,67.74611
2018-01-02 17:46:00,0.6454193,0.64414054,68.68631,357730.44,0.1,0.1,31.460022,571873.94,0.9,0.9,69.25893,0.6510507,0.6510507,1.0,132.77567,571810.9,403.47485,1.60746,55.13913,55.184006,0.7233407,0.9,1.0,552.9597,1.0,67.97435,71.145325,68.08163,69.12215,67.72902
2018-01-02 17:47:00,0.64294565,0.6416887,68.645775,357730.44,0.1,0.1,31.423986,571235.75,0.9,0.9,69.21942,0.6507209,0.6507209,1.0,132.79623,571181.2,403.476,1.60746,55.139626,55.184006,0.7229783,0.9,1.0,552.44165,1.0,67.935234,71.10237,68.06767,69.09929,67.71249
2018-01-02 17:48:00,0.6405197,0.63929135,68.60693,357730.44,0.1,0.1,31.388006,570668.9,0.9,0.9,69.18158,0.65041834,0.65041834,1.0,132.80298,570621.8,403.47693,1.60746,55.14045,55.184006,0.7226458,0.9,1.0,551.9485,1.0,67.89909,71.059906,68.05416,69.0771,67.69661
2018-01-02 17:49:00,0.6381535,0.6369593,68.56975,357730.44,0.1,0.1,31.31599,570165.9,0.9,0.9,69.14543,0.6501409,0.6501409,1.0,132.7982,570125.4,403.47766,1.60746,55.14155,55.184006,0.722341,0.9,1.0,551.4802,1.0,67.86563,71.01788,68.0412,69.05562,67.6815
2018-01-02 17:50:00,0.6358568,0.6347009,68.53421,357730.44,0.1,0.1,31.31599,569720.2,0.9,0.9,69.11099,0.64988667,0.64988667,1.0,132.784,569685.5,403.47827,1.60746,55.142754,55.184006,0.72206163,0.9,1.0,551.03674,1.0,67.83493,70.9763,68.02884,69.03485,67.667114
2018-01-02 17:51:00,0.63363683,0.63252217,68.50043,357730.44,0.1,0.1,31.28001,569325.75,0.9,0.9,69.0782,0.6496538,0.6496538,1.0,132.76204,569296.2,403.47867,1.60746,55.144127,55.184006,0.7218058,0.9,1.0,550.6176,1.0,67.80675,70.935326,68.01697,69.014915,67.65355
2018-01-02 17:52:00,0.6314987,0.6304273,68.46829,357730.44,0.1,0.1,31.24403,568977.25,0.9,0.9,69.047165,0.6494406,0.6494406,1.0,132.73389,568952.2,403.47897,1.60746,55.145554,55.184006,0.7215716,0.9,1.0,550.2222,1.0,67.78104,70.89484,68.00571,68.99574,67.640686
2018-01-02 17:53:00,0.6294457,0.6284187,68.43786,357730.44,0.1,0.1,31.207996,568669.9,0.9,0.9,69.01782,0.6492455,0.6492455,1.0,132.7008,568648.7,403.47916,1.60746,55.147095,55.184006,0.72135735,0.9,1.0,549.8499,1.0,67.75758,70.854904,67.995056,68.9774,67.62866
2018-01-02 17:54:00,0.62747955,0.6264974,68.409134,357730.44,0.1,0.1,31.172016,568399.1,0.9,0.9,68.99014,0.6490671,0.6490671,1.0,132.66394,568381.4,403.4793,1.60746,55.148632,55.184006,0.7211614,0.9,1.0,549.4999,1.0,67.73616,70.81552,67.98495,68.95982,67.61734
2018-01-02 17:55:00,0.62560064,0.62466323,68.38205,357730.44,0.1,0.1,31.136036,568161.1,0.9,0.9,68.9641,0.648904,0.648904,1.0,132.62424,568146.44,403.47934,1.60746,55.150223,55.184006,0.7209823,0.9,1.0,549.1713,1.0,67.71666,70.77669,67.97545,68.94301,67.60686
2018-01-02 17:56:00,0.62380826,0.62291497,68.35651,357730.44,0.1,0.1,31.06402,567952.4,0.9,0.9,68.939606,0.6487551,0.6487551,1.0,132.58249,567940.25,403.4793,1.60746,55.151764,55.184006,0.72081876,0.9,1.0,548.86334,1.0,67.69891,70.738396,67.96649,68.92697,67.59708
2018-01-02 17:57:00,0.6221011,0.6212506,68.332504,357730.44,0.1,0.1,31.027985,567769.7,0.9,0.9,68.91659,0.64861906,0.64861906,1.0,132.5394,567759.75,403.47922,1.60746,55.1533,55.184006,0.7206694,0.9,1.0,548.575,1.0,67.68282,70.70061,67.958084,68.911644,67.58801
2018-01-02 17:58:00,0.6204764,0.6196677,68.30998,357730.44,0.1,0.1,31.027985,567610.1,0.9,0.9,68.89505,0.64849496,0.64849496,1.0,132.49556,567602.1,403.47906,1.60746,55.154785,55.184006,0.7205331,0.9,1.0,548.3054,1.0,67.66815,70.66336,67.950226,68.89709,67.579666
2018-01-02 17:59:00,0.61893195,0.6181634,68.28883,357730.44,0.1,0.1,30.992004,567471.1,0.9,0.9,68.87489,0.64838177,0.64838177,1.0,132.45143,567464.9,403.4789,1.60746,55.15621,55.184006,0.7204088,0.9,1.0,548.0536,1.0,67.65486,70.62661,67.942924,68.883194,67.57202
2018-01-02 18:00:00,0.61746436,0.6167343,68.269,357730.44,0.1,0.1,30.956024,567350.44,0.9,0.9,68.856,0.6482786,0.6482786,1.0,132.40744,567345.7,403.47876,1.60746,55.157585,55.184006,0.7202955,0.9,1.0,547.8187,1.0,67.64278,70.59041,67.93611,68.870056,67.56505
2018-01-02 18:01:00,0.6160704,0.61537707,68.25043,357730.44,0.1,0.1,30.919989,567245.94,0.9,0.9,68.83836,0.6481846,0.6481846,1.0,132.36394,567242.5,403.47855,1.60746,55.158905,55.184006,0.7201923,0.9,1.0,547.59973,1.0,67.63174,70.55465,67.929855,68.85754,67.55873
2018-01-02 18:02:00,0.6147564,0.61410284,68.233185,357730.44,0.1,0.1,30.956024,567155.9,0.9,0.9,68.818695,0.648099,0.648099,1.0,132.32118,567153.5,403.47833,1.60746,55.16033,55.184006,0.7200984,0.9,1.0,547.3959,1.0,67.55444,70.51455,67.915955,68.84062,67.54483
2018-01-02 18:03:00,0.6134749,0.6128014,68.21138,357730.44,0.1,0.1,30.992004,567078.5,0.9,0.9,68.793976,0.6480211,0.6480211,1.0,132.2794,567077.0,403.47812,1.60746,55.160442,55.184006,0.7200129,0.9,1.0,547.2063,1.0,67.52615,70.47505,67.90288,68.82442,67.531876
2018-01-02 18:04:00,0.6121579,0.61148167,68.18704,357730.44,0.1,0.1,31.027985,567012.3,0.9,0.9,68.76784,0.6479503,0.6479503,1.0,132.23875,567011.6,403.47784,1.60746,55.16033,55.184006,0.7199352,0.9,1.0,547.0301,1.0,67.47447,70.43605,67.89035,68.80887,67.51956
2018-01-02 18:05:00,0.6108422,0.6101647,68.16073,357730.44,0.1,0.1,31.1,566956.06,0.9,0.9,68.73987,0.647886,0.647886,1.0,132.19942,566955.94,403.4776,1.60746,55.16033,55.184006,0.71986455,0.9,1.0,546.86646,1.0,67.44387,70.39749,67.87833,68.79393,67.507866
2018-01-02 18:06:00,0.60952616,0.60885495,68.1337,357730.44,0.1,0.1,31.1,566908.5,0.9,0.9,68.71181,0.6478275,0.6478275,1.0,132.16147,566908.94,403.47736,1.60746,55.160385,55.184006,0.7198004,0.9,1.0,546.71466,1.0,67.40581,70.35942,67.866844,68.77959,67.49688
2018-01-02 18:07:00,0.6082288,0.6075694,68.10651,357730.44,0.1,0.1,31.136036,566868.56,0.9,0.9,68.683624,0.64777446,0.64777446,1.0,132.125,566869.44,403.47714,1.60746,55.160717,55.184006,0.7197422,0.9,1.0,546.574,1.0,67.377625,70.3219,67.85591,68.765915,67.486496
2018-01-02 18:08:00,0.6069562,0.60631275,68.079704,357730.44,0.1,0.1,31.172016,566835.3,0.9,0.9,68.65616,0.64772636,0.64772636,1.0,132.09006,566836.56,403.47687,1.60746,55.161156,55.184006,0.7196894,0.9,1.0,546.44366,1.0,67.34796,70.284775,67.845474,68.75284,67.476715
2018-01-02 18:09:00,0.6057181,0.605094,68.05356,357730.44,0.1,0.1,31.207996,566807.9,0.9,0.9,68.629456,0.6476827,0.6476827,1.0,132.05666,566809.44,403.47662,1.60746,55.16176,55.184006,0.71964157,0.9,1.0,546.32306,1.0,67.32352,70.248184,67.83559,68.74037,67.467606
2018-01-02 18:10:00,0.6045187,0.6039161,68.0284,357730.44,0.1,0.1,31.24403,566785.6,0.9,0.9,68.60387,0.6476432,0.6476432,1.0,132.02483,566787.4,403.4764,1.60746,55.162476,55.184006,0.71959823,0.9,1.0,546.2116,1.0,67.29962,70.212036,67.826195,68.72845,67.45909
2018-01-02 18:11:00,0.60336256,0.60278285,68.00429,357730.44,0.1,0.1,31.28001,566767.75,0.9,0.9,68.57936,0.64760745,0.64760745,1.0,131.99455,566769.7,403.4762,1.60746,55.163246,55.184006,0.719559,0.9,1.0,546.1086,1.0,67.2788,70.17639,67.81735,68.71713,67.45117
2018-01-02 18:12:00,0.60225135,0.60169524,67.98138,357730.44,0.1,0.1,31.31599,566753.8,0.9,0.9,68.55612,0.6475751,0.6475751,1.0,131.96585,566755.8,403.47598,1.60746,55.164013,55.184006,0.7195235,0.9,1.0,546.0135,1.0,67.259186,70.141174,67.808945,68.70642,67.44382
2018-01-02 18:13:00,0.6011864,0.6006541,67.959625,357730.44,0.1,0.1,31.388006,566743.06,0.9,0.9,68.5341,0.6475459,0.6475459,1.0,131.93864,566745.3,403.47574,1.60746,55.164837,55.184006,0.7194915,0.9,1.0,545.9257,1.0,67.24167,70.10646,67.80109,68.6962,67.43706
2018-01-02 18:14:00,0.6001677,0.599659,67.93919,357730.44,0.1,0.1,31.388006,566735.3,0.9,0.9,68.51339,0.64751947,0.64751947,1.0,131.91296,566737.5,403.47552,1.60746,55.16566,55.184006,0.7194625,0.9,1.0,545.8448,1.0,67.2254,70.07219,67.79367,68.686584,67.43091
2018-01-02 18:15:00,0.5991945,0.5987093,67.91991,357730.44,0.1,0.1,31.423986,566729.94,0.9,0.9,68.493835,0.6474956,0.6474956,1.0,131.8887,566732.2,403.47534,1.60746,55.166485,55.184006,0.7194364,0.9,1.0,545.77026,1.0,67.210686,70.03841,67.786804,68.677475,67.42525
2018-01-02 18:16:00,0.5982663,0.59780353,67.90184,357730.44,0.1,0.1,31.460022,566726.6,0.9,0.9,68.47543,0.64747417,0.64747417,1.0,131.86586,566728.9,403.47516,1.60746,55.16731,55.184006,0.7194128,0.9,1.0,545.70166,1.0,67.19711,70.00506,67.78038,68.6689,67.4202
2018-01-02 18:17:00,0.59738135,0.5969404,67.88486,357730.44,0.1,0.1,31.496002,566725.1,0.9,0.9,68.45824,0.6474548,0.6474548,1.0,131.84438,566727.4,403.475,1.60746,55.168076,55.184006,0.71939164,0.9,1.0,545.6385,1.0,67.184814,69.97221,67.774445,68.66088,67.415695
2018-01-02 18:18:00,0.59653825,0.5961182,67.86904,357730.44,0.1,0.1,31.532038,566725.06,0.9,0.9,68.44209,0.6474374,0.6474374,1.0,131.8242,566727.3,403.4748,1.60746,55.168846,55.184006,0.7193725,0.9,1.0,545.58044,1.0,67.17345,69.939804,67.76895,68.65335,67.411736
2018-01-02 18:19:00,0.5957352,0.59533525,67.85421,357730.44,0.1,0.1,31.568018,566726.25,0.9,0.9,68.42699,0.6474217,0.6474217,1.0,131.8053,566728.5,403.47464,1.60746,55.169563,55.184006,0.71935534,0.9,1.0,545.52716,1.0,67.163055,69.90788,67.76396,68.64638,67.40828
2018-01-02 18:20:00,0.59500545,0.5946872,67.84042,357730.44,0.1,0.1,31.603998,566728.56,0.9,0.9,68.412865,0.64740765,0.64740765,1.0,131.78761,566730.7,403.4745,1.60746,55.17154,55.184006,0.71933997,0.9,1.0,545.4783,1.0,67.15356,69.876465,67.7594,68.63989,67.405365
2018-01-02 18:21:00,0.5944229,0.5941432,67.82757,357730.44,0.1,0.1,31.676014,566731.6,0.9,0.9,68.39968,0.647395,0.647395,1.0,131.77104,566733.7,403.47437,1.60746,55.17324,55.184006,0.71932614,0.9,1.0,545.43335,1.0,67.14482,69.84548,67.75528,68.63391,67.40295
2018-01-02 18:22:00,0.59388506,0.5936176,67.81554,357730.44,0.1,0.1,31.676014,566735.4,0.9,0.9,68.38732,0.6473837,0.6473837,1.0,131.75555,566737.4,403.47424,1.60746,55.174118,55.184006,0.71931374,0.9,1.0,545.3922,1.0,67.13692,69.814995,67.75165,68.62842,67.40108
2018-01-02 18:23:00,0.59342396,0.59354,67.80136,357730.44,0.1,0.1,31.711994,568456.56,0.9,0.9,68.37567,0.6481164,0.6481164,1.0,131.52287,568619.8,403.46976,1.60746,55.181374,55.184006,0.7204085,0.9,1.0,546.067,1.0,67.12982,69.78423,67.74907,68.6238,67.400085
2018-01-02 18:24:00,0.59432846,0.59488267,67.78769,357730.44,0.1,0.1,31.748028,571667.1,0.9,0.9,68.3665,0.64945877,0.64945877,1.0,131.0574,571867.25,403.46484,1.60746,55.197136,55.184006,0.72176254,0.9,1.0,547.52075,1.0,67.12472,69.7426,67.74863,68.62149,67.4013
2018-01-02 18:25:00,0.59518003,0.59554213,67.781204,357730.44,0.1,0.1,31.784008,574063.4,0.9,0.9,68.35942,0.6504277,0.6504277,1.0,130.65771,574240.1,403.4615,1.60746,55.19648,55.184006,0.72283477,0.9,1.0,548.5042,1.0,67.11961,69.69217,67.74835,68.61963,67.40289
2018-01-02 18:26:00,0.5959491,0.5963756,67.77577,357730.44,0.1,0.1,31.819988,576334.3,0.9,0.9,68.35321,0.6513849,0.6513849,1.0,130.31879,576497.9,403.4585,1.60746,55.198128,55.184006,0.72389627,0.9,1.0,549.5395,1.0,67.115265,69.63482,67.74841,68.61831,67.40498
2018-01-02 18:27:00,0.5967595,0.59715927,67.770874,357730.44,0.1,0.1,31.856024,578481.1,0.9,0.9,68.34738,0.65232,0.65232,1.0,130.02911,578633.1,403.45584,1.60746,55.19807,55.184006,0.7249312,0.9,1.0,550.604,1.0,67.110985,69.57137,67.748795,68.61737,67.407455
2018-01-02 18:28:00,0.5975201,0.59789526,67.766205,357730.44,0.1,0.1,31.892004,580487.5,0.9,0.9,68.341675,0.6532211,0.6532211,1.0,129.78604,580627.5,403.4536,1.60746,55.19752,55.184006,0.7259268,0.9,1.0,551.6789,1.0,67.107025,69.50271,67.74951,68.61682,67.41036
2018-01-02 18:29:00,0.5982267,0.598568,67.76149,357730.44,0.1,0.1,31.96402,582344.5,0.9,0.9,68.3358,0.65408087,0.65408087,1.0,129.58813,582472.1,403.45178,1.60746,55.196587,55.184006,0.72687584,0.9,1.0,552.75275,1.0,67.10307,69.42976,67.75044,68.61661,67.41354
2018-01-02 18:30:00,0.59886265,0.5991644,67.756485,357730.44,0.1,0.1,31.96402,584048.94,0.9,0.9,68.32953,0.6548951,0.6548951,1.0,129.43346,584163.94,403.45032,1.60746,55.195324,55.184006,0.72777385,0.9,1.0,553.8176,1.0,67.09923,69.35324,67.75154,68.61661,67.41701
2018-01-02 18:31:00,0.5994199,0.5996799,67.7511,357730.44,0.1,0.1,32.0,585601.94,0.9,0.9,68.32283,0.6556615,0.6556615,1.0,129.31929,585704.56,403.4492,1.60746,55.19395,55.184006,0.7286185,0.9,1.0,554.8671,1.0,67.09533,69.27392,67.75286,68.616776,67.420746
2018-01-02 18:32:00,0.059829727,0.0,67.74517,357730.44,0.1,0.1,32.036034,587007.8,0.9,0.9,68.31569,0.6563792,0.6563792,1.0,129.24251,587098.5,403.4484,1.60746,60.94403,55.184006,0.729409,0.9,1.0,555.8961,1.0,67.10043,69.19322,67.75456,68.617325,67.42476
2018-01-02 18:33:00,0.0021911382,0.0,67.72061,357730.44,0.13786308,0.13786308,32.072014,587667.2,0.888449,0.8621369,68.312775,0.65724176,0.65724176,1.0,129.85652,587835.8,403.4465,1.60746,63.04769,55.184006,0.73049057,0.9,1.0,557.9832,1.0,67.18657,69.123955,67.763245,68.62375,67.43437
2018-01-02 18:34:00,6.493323e-05,0.0,67.4949,357730.44,0.19443466,0.19443466,32.107994,585948.1,0.83365095,0.80556536,68.33124,0.6591068,0.6591068,1.0,133.26909,586542.1,403.4408,1.60746,64.43494,55.184006,0.73262644,0.9,1.0,565.7336,1.0,67.34483,69.081604,67.79109,68.65115,67.46359
2018-01-02 18:35:00,1.7364132e-06,0.0,67.15999,357730.44,0.24332443,0.24332443,32.14403,583438.3,0.781474,0.7566756,68.37886,0.66119325,0.66119325,1.0,137.4887,584312.8,403.4348,1.60746,65.23035,55.184006,0.7349757,0.9,1.0,575.2391,1.0,67.56653,69.066986,67.838715,68.703125,67.51517
2018-01-02 18:36:00,4.4487084e-08,0.0,66.75695,357730.44,0.2863801,0.2863801,32.215992,580427.2,0.7353634,0.7136199,68.45857,0.66354257,0.66354257,1.0,142.38406,581515.8,403.42825,1.60746,65.62701,55.184006,0.7376241,0.9,1.0,586.1606,1.0,67.83328,69.077484,67.90381,68.77745,67.58685
2018-01-02 18:37:00,1.1460995e-09,0.0,66.293,357730.44,0.323636,0.323636,32.215992,577212.6,0.6951593,0.676364,68.57036,0.6661232,0.6661232,1.0,147.70709,578459.7,403.42142,1.60746,65.73412,55.184006,0.74051815,0.9,1.0,598.04956,1.0,68.13046,69.1094,67.98346,68.870995,67.675735
2018-01-02 18:38:00,2.749945e-11,0.0,65.785645,357730.44,0.35577983,0.35577983,32.252026,574099.9,0.6604252,0.6442202,68.71158,0.6688588,0.6688588,1.0,153.14374,575441.7,403.41455,1.60746,65.634094,55.184006,0.74357474,0.9,1.0,610.3357,1.0,68.44198,69.15829,68.074326,68.97976,67.778015
2018-01-02 18:39:00,6.2858556e-13,0.0,65.25232,357730.44,0.38357818,0.38357818,32.288006,571315.06,0.6304265,0.6164218,68.87759,0.6716915,0.6716915,1.0,158.4604,572693.0,403.408,1.60746,65.38899,55.184006,0.74673235,0.9,1.0,622.6171,1.0,68.75603,69.219696,68.17314,69.099625,67.89003
2018-01-02 18:40:00,1.4230379e-14,0.0,64.707504,357730.44,0.40774226,0.40774226,32.323986,568995.5,0.60441864,0.59225774,69.06282,0.6745825,0.6745825,1.0,163.517,570363.6,403.40182,1.60746,65.04512,55.184006,0.74995035,0.9,1.0,634.66315,1.0,69.06183,69.28952,68.27702,69.22695,68.00835
2018-01-02 18:41:00,3.2424522e-16,0.0,64.16258,357730.44,0.4288709,0.4288709,32.360023,567203.2,0.5817454,0.5711291,69.26156,0.67750597,0.67750597,1.0,168.24998,568529.44,403.3961,1.60746,64.6367,55.184006,0.75320137,0.9,1.0,646.36743,1.0,69.35192,69.36417,68.38336,69.35851,68.13002
2018-01-02 18:42:00,7.270349e-18,0.0,63.626015,357730.44,0.4474554,0.4474554,32.396004,565945.9,0.5618619,0.5525446,69.46832,0.68044335,0.68044335,1.0,172.6468,567210.0,403.3909,1.60746,64.18901,55.184006,0.7564656,0.9,1.0,657.69714,1.0,69.62026,69.44069,68.490265,69.49161,68.25274
2018-01-02 18:43:00,1.6180343999999998e-19,0.0,63.10372,357730.44,0.4638916,0.4638916,32.432037,565195.56,0.54432464,0.53610843,69.678055,0.68337995,0.68337995,1.0,176.72423,566386.9,403.38617,1.60746,63.720497,55.184006,0.759727,0.9,1.0,668.6574,1.0,69.86328,69.51666,68.59601,69.62411,68.37441
2018-01-02 18:44:00,3.473962e-21,0.0,62.599724,357730.44,0.478495,0.478495,32.503998,564904.75,0.52877647,0.521505,69.886185,0.6863024,0.6863024,1.0,180.51183,566018.94,403.38196,1.60746,63.24462,55.184006,0.7629708,0.9,1.0,679.2651,1.0,70.07834,69.590164,68.69933,69.754295,68.493614
2018-01-02 18:45:00,3.5412190000000003e-22,0.0,62.1166,357730.44,0.49151447,0.49151447,32.54003,565024.1,0.51493764,0.5084855,70.08905,0.68919843,0.68919843,1.0,184.05264,566058.56,403.3783,1.60746,62.77089,55.184006,0.7661839,0.9,1.0,689.5347,1.0,70.265,69.6597,68.79931,69.88069,68.60913
2018-01-02 18:46:00,2.1593673e-23,0.0,61.655834,357730.44,0.50315815,0.50315815,32.54003,565496.3,0.5025788,0.49684185,70.28334,0.69205916,0.69205916,1.0,187.38052,566452.75,403.37512,1.60746,62.306114,55.184006,0.76935637,0.9,1.0,699.48846,1.0,70.42259,69.72414,68.89511,70.0022,68.72005
2018-01-02 18:47:00,1.051203e-21,0.0,61.218304,357730.44,0.5135982,0.5135982,32.57601,566261.56,0.49150825,0.48640177,70.466644,0.6948745,0.6948745,1.0,190.51631,567143.9,403.37247,1.60746,61.855125,55.184006,0.77247703,0.9,1.0,709.13965,1.0,70.55174,69.78264,68.98635,70.11794,68.825676
2018-01-02 18:48:00,1.9215505e-23,0.0,60.804337,357730.44,0.5229819,0.5229819,32.61199,567264.7,0.4815683,0.47701815,70.63699,0.697635,0.697635,1.0,193.47757,568077.44,403.3703,1.60746,61.421112,55.184006,0.77553564,0.9,1.0,718.4957,1.0,70.65325,69.83461,69.07254,70.22748,68.9256
2018-01-02 18:49:00,-1.781014e-21,0.0,60.429817,357730.44,0.53233916,0.53233916,32.64803,561324.5,0.47251305,0.46766084,70.78772,0.6966226,0.6966226,1.0,195.18585,561017.25,403.39166,1.60746,61.014893,55.184006,0.77266073,0.9,1.0,719.63806,1.0,70.72571,69.87564,69.15076,70.32904,69.01821
2018-01-02 18:50:00,-6.601014400000001e-22,0.0,60.042435,357730.44,0.5389135,0.5389135,32.68401,547412.06,0.4641763,0.46108648,70.90978,0.6917146,0.6917146,1.0,195.98158,546752.3,403.41623,1.60746,60.633392,55.184006,0.76820135,0.9,1.0,710.08936,1.0,70.791954,69.89739,69.21228,70.412155,69.09369
2018-01-02 18:51:00,5.211619e-22,0.0,59.697853,357730.44,0.5458535,0.5458535,32.71999,538797.4,0.45703343,0.4541465,71.022446,0.6893328,0.6893328,1.0,197.03337,538345.06,403.4316,1.60746,60.268044,55.184006,0.76557845,0.9,1.0,705.9023,1.0,70.84963,69.91585,69.271835,70.489716,69.16515
2018-01-02 18:52:00,-1.3308508000000002e-22,0.0,59.37683,357730.44,0.55222577,0.55222577,32.756023,531223.5,0.45062518,0.44777426,71.12462,0.6869671,0.6869671,1.0,197.45404,530803.8,403.4455,1.60746,59.92038,55.184006,0.76296204,0.9,1.0,701.099,1.0,70.89638,69.92848,69.32709,70.560745,69.231125
2018-01-02 18:53:00,-2.1648044e-23,0.0,59.07366,357730.44,0.55784243,0.55784243,32.827984,524398.4,0.44479898,0.4421576,71.21619,0.6846657,0.6846657,1.0,197.50342,523989.16,403.4578,1.60746,59.59227,55.184006,0.7604152,0.9,1.0,696.0244,1.0,70.934555,69.935074,69.37774,70.62491,69.291275
2018-01-02 18:54:00,-8.896651e-22,0.0,58.789227,357730.44,0.5628728,0.5628728,32.827984,518202.8,0.4394527,0.43712714,71.29765,0.68244076,0.68244076,1.0,197.29105,517807.0,403.46863,1.60746,59.284546,55.184006,0.757952,0.9,1.0,690.8368,1.0,70.96384,69.935844,69.423996,70.68242,69.345825
2018-01-02 18:55:00,1.1941173000000001e-22,0.0,58.533684,357730.44,0.56800604,0.56800604,32.86402,510110.6,0.43439963,0.43199396,71.3694,0.6777134,0.6777134,1.0,194.81961,509062.38,403.49112,1.60746,59.00093,55.184006,0.7522094,0.9,1.0,678.2354,1.0,70.98581,69.93008,69.46355,70.730545,69.38988
2018-01-02 18:56:00,1.6753097e-22,0.0,58.28045,357730.44,0.5718472,0.5718472,32.9,502115.34,0.43002108,0.42815277,71.42806,0.67331046,0.67331046,1.0,192.60886,501266.0,403.50705,1.60746,58.73034,55.184006,0.7475668,0.9,1.0,666.3651,1.0,70.998825,69.91662,69.49639,70.77728,69.42569
2018-01-02 18:57:00,-8.267521300000001e-22,0.0,58.04886,357730.44,0.5755688,0.5755688,32.936035,495267.44,0.42595193,0.42443117,71.47783,0.66953343,0.66953343,1.0,190.6525,494546.1,403.51974,1.60746,58.479412,55.184006,0.74339503,0.9,1.0,656.22144,1.0,71.0074,69.89937,69.52693,70.82541,69.45892
2018-01-02 18:58:00,2.85105e-22,0.0,57.83671,357730.44,0.57913864,0.57913864,32.972015,489023.0,0.42226323,0.4208614,71.519745,0.6659438,0.6659438,1.0,188.66573,488374.44,403.53033,1.60746,58.244194,55.184006,0.7394373,0.9,1.0,646.55505,1.0,71.009155,69.87789,69.55423,70.87298,69.48815
2018-01-02 18:59:00,-5.1347544e-22,0.0,57.63967,357730.44,0.58240426,0.58240426,33.007996,483315.16,0.41893533,0.41759577,71.554565,0.6625533,0.6625533,1.0,186.70174,482727.12,403.53912,1.60746,58.023643,55.184006,0.7356996,0.9,1.0,637.4208,1.0,71.00658,69.85235,69.578354,70.91972,69.513535
2018-01-02 19:00:00,2.6973512000000003e-22,0.0,57.455544,357730.44,0.5853231,0.5853231,33.04403,478089.7,0.41588762,0.4146769,71.58292,0.6593583,0.6593583,1.0,184.78633,477557.56,403.54623,1.60746,57.81787,55.184006,0.7321766,0.9,1.0,628.8232,1.0,70.99893,69.823074,69.59955,70.96559,69.53539
2018-01-02 19:01:00,-4.1929295000000004e-22,0.0,57.284264,357730.44,0.58797324,0.58797324,33.09501,473303.25,0.4130779,0.41202673,71.60544,0.65635103,0.65635103,1.0,182.9334,472824.1,403.55188,1.60746,57.626324,55.184006,0.72886086,0.9,1.0,620.7477,1.0,70.987564,69.79039,69.61795,71.01053,69.55391
2018-01-02 19:02:00,-2.312228e-22,0.0,57.12672,357730.44,0.59045935,0.59045935,33.09501,468930.9,0.4106201,0.40954065,71.622635,0.6535181,0.6535181,1.0,181.14352,468499.3,403.55627,1.60746,57.446533,55.184006,0.72573984,0.9,1.0,613.15765,1.0,70.97246,69.754456,69.63377,71.05437,69.569336
2018-01-02 19:03:00,7.273822599999999e-23,0.0,56.978897,357730.44,0.5926301,0.5926301,33.110004,464932.97,0.40839532,0.4073699,71.634995,0.65085506,0.65085506,1.0,179.4279,464544.78,403.5595,1.60746,57.27877,55.184006,0.7228047,0.9,1.0,606.0452,1.0,70.95422,69.71568,69.647125,71.09715,69.58197
2018-01-02 19:04:00,2.15183e-22,0.0,56.84069,357730.44,0.59454376,0.59454376,33.125,461274.56,0.40633738,0.40545624,71.64296,0.64835614,0.64835614,1.0,177.79312,460927.75,403.56174,1.60746,57.122986,55.184006,0.72005,0.9,1.0,599.394,1.0,70.93318,69.674255,69.65822,71.138794,69.59192
2018-01-02 19:05:00,1.0339428000000001e-21,0.0,56.713085,357730.44,0.596312,0.596312,33.139996,457929.62,0.40444443,0.40368798,71.64691,0.64601254,0.64601254,1.0,176.23955,457621.7,403.5631,1.60746,56.978348,55.184006,0.71746737,0.9,1.0,593.1783,1.0,70.909836,69.630424,69.667114,71.17934,69.59944
2018-01-02 19:06:00,-8.420546000000001e-22,0.0,56.595695,357730.44,0.59796774,0.59796774,33.15499,454876.3,0.402728,0.40203223,71.64719,0.6438158,0.6438158,1.0,174.7658,454603.6,403.56375,1.60746,56.843765,55.184006,0.7150474,0.9,1.0,587.37213,1.0,70.8844,69.5845,69.67404,71.21872,69.60472
2018-01-02 19:07:00,-4.8757925e-22,0.0,56.48693,357730.44,0.5994707,0.5994707,33.16999,452093.28,0.40117943,0.40052933,71.644104,0.64175886,0.64175886,1.0,173.37102,451852.03,403.56372,1.60746,56.71852,55.184006,0.7127815,0.9,1.0,581.9541,1.0,70.85727,69.53671,69.67915,71.2569,69.6079
2018-01-02 19:08:00,-7.744584e-22,0.0,56.385582,357730.44,0.600803,0.600803,33.200035,449555.75,0.39976063,0.399197,71.638016,0.63983464,0.63983464,1.0,172.05469,449343.44,403.5631,1.60746,56.602234,55.184006,0.7106617,0.9,1.0,576.90295,1.0,70.82876,69.48721,69.68245,71.29387,69.60916
2018-01-02 19:09:00,8.301350700000001e-22,0.0,56.291924,357730.44,0.6020243,0.6020243,33.215034,447244.84,0.3984628,0.3979757,71.62923,0.63803655,0.63803655,1.0,170.81485,447059.16,403.56207,1.60746,56.494457,55.184006,0.70868117,0.9,1.0,572.19824,1.0,70.79904,69.43624,69.684204,71.32962,69.60867
2018-01-02 19:10:00,-1.4499754000000001e-22,0.0,56.205517,357730.44,0.6031491,0.6031491,33.215034,445143.53,0.39728653,0.39685088,71.617905,0.6363573,0.6363573,1.0,169.64847,444981.84,403.5606,1.60746,56.39437,55.184006,0.70683205,0.9,1.0,567.81805,1.0,70.76839,69.384056,69.68437,71.36418,69.606476
2018-01-02 19:11:00,-5.8111869999999996e-24,0.0,56.12559,357730.44,0.60417,0.60417,33.23003,443235.28,0.39622337,0.39583,71.60439,0.63479054,0.63479054,1.0,168.5527,443095.06,403.5588,1.60746,56.301483,55.184006,0.70510685,0.9,1.0,563.74286,1.0,70.73697,69.33072,69.68321,71.39746,69.6028
2018-01-02 19:12:00,-2.6591416000000004e-22,0.0,56.05149,357730.44,0.6050857,0.6050857,33.245026,441504.1,0.39525735,0.39491433,71.58885,0.63333017,0.63333017,1.0,167.52502,441383.28,403.55676,1.60746,56.215347,55.184006,0.70349884,0.9,1.0,559.9546,1.0,70.70511,69.276505,69.68074,71.429596,69.59774
2018-01-02 19:13:00,6.098892e-22,0.0,55.982933,357730.44,0.6059145,0.6059145,33.26002,439935.38,0.39437917,0.39408553,71.57149,0.63197017,0.63197017,1.0,166.56242,439832.16,403.55444,1.60746,56.135536,55.184006,0.70200163,0.9,1.0,556.4356,1.0,70.67287,69.22157,69.677,71.46047,69.59142
2018-01-02 19:14:00,3.1921537e-23,0.0,55.919598,357730.44,0.60666853,0.60666853,33.275017,438516.06,0.3935838,0.39333147,71.552536,0.6307047,0.6307047,1.0,165.66176,438428.62,403.55197,1.60746,56.061653,55.184006,0.7006086,0.9,1.0,553.16864,1.0,70.6405,69.16603,69.672226,71.490135,69.583954
2018-01-02 19:15:00,-1.2927944000000001e-21,0.0,55.861153,357730.44,0.6073532,0.6073532,33.290016,437234.2,0.392868,0.3926468,71.53221,0.62952816,0.62952816,1.0,164.8198,437160.8,403.54935,1.60746,55.995678,55.184006,0.6993137,0.9,1.0,550.1375,1.0,70.60805,69.11006,69.666405,71.518585,69.57538
2018-01-02 19:16:00,6.8542799999999995e-22,0.0,55.806988,357730.44,0.6079656,0.6079656,33.320007,436078.12,0.39222234,0.3920344,71.51062,0.6284354,0.6284354,1.0,164.0336,436017.3,403.54663,1.60746,55.95283,55.184006,0.69811106,0.9,1.0,547.32733,1.0,70.57568,69.05376,69.65965,71.54589,69.56583
2018-01-02 19:17:00,7.768813e-22,0.0,55.757057,357730.44,0.6085201,0.6085201,33.335003,435037.56,0.39164087,0.3914799,71.48794,0.6274214,0.6274214,1.0,163.30035,434987.9,403.54385,1.60746,55.925858,55.184006,0.69699526,0.9,1.0,544.72424,1.0,70.54361,68.99734,69.65207,71.57193,69.55544
2018-01-02 19:18:00,6.6413940000000005e-22,0.0,55.7108,357730.44,0.6090148,0.6090148,33.335003,434102.47,0.3911176,0.3909852,71.46437,0.6264813,0.6264813,1.0,162.61702,434062.75,403.541,1.60746,55.908886,55.184006,0.69596094,0.9,1.0,542.3143,1.0,70.51219,68.94098,69.64372,71.59686,69.54434
2018-01-02 19:19:00,1.4846356000000002e-22,0.0,55.667953,357730.44,0.6094518,0.6094518,33.35,433263.47,0.3906451,0.39054823,71.440094,0.6256104,0.6256104,1.0,161.98079,433232.7,403.53815,1.60746,55.895813,55.184006,0.6950028,0.9,1.0,540.0846,1.0,70.48159,68.88484,69.634766,71.62071,69.532646
2018-01-02 19:20:00,1.4207261e-22,0.0,55.628517,357730.44,0.60985136,0.60985136,33.364998,432512.72,0.39022154,0.3901486,71.41527,0.62480456,0.62480456,1.0,161.389,432489.78,403.53528,1.60746,55.885323,55.184006,0.69411635,0.9,1.0,538.0235,1.0,70.45204,68.82913,69.62537,71.64351,69.52051
2018-01-02 19:21:00,-1.6253224000000003e-22,0.0,55.592205,357730.44,0.61021125,0.61021125,33.379993,431842.7,0.38984498,0.38978878,71.39,0.6240595,0.6240595,1.0,160.83894,431826.66,403.5324,1.60746,55.87681,55.184006,0.69329697,0.9,1.0,536.1196,1.0,70.42348,68.77404,69.61554,71.66525,69.50798
2018-01-02 19:22:00,3.4745910000000003e-23,0.0,55.558586,357730.44,0.6105292,0.6105292,33.39499,431246.28,0.38950872,0.38947085,71.3645,0.6233715,0.6233715,1.0,160.32825,431236.25,403.52963,1.60746,55.869827,55.184006,0.6925404,0.9,1.0,534.3628,1.0,70.39612,68.71966,69.60543,71.68613,69.49524
2018-01-02 19:23:00,-1.0736191e-22,0.0,55.527603,357730.44,0.6108125,0.6108125,33.409985,430716.75,0.389207,0.38918754,71.33896,0.6227369,0.6227369,1.0,159.85461,430712.03,403.52682,1.60746,55.864174,55.184006,0.6918426,0.9,1.0,532.74316,1.0,70.36992,68.6661,69.59511,71.70602,69.48238
2018-01-02 19:24:00,-9.4059597e-23,0.0,55.499096,357730.44,0.6110659,0.6110659,33.425037,430248.25,0.3889384,0.3889341,71.313416,0.62215215,0.62215215,1.0,159.41571,430248.16,403.52414,1.60746,55.85956,55.184006,0.6911998,0.9,1.0,531.2512,1.0,70.34503,68.61348,69.58467,71.72502,69.46942
2018-01-02 19:25:00,-2.6182060000000003e-22,0.0,55.47273,357730.44,0.61129093,0.61129093,33.45503,429835.25,0.38869917,0.3887091,71.28799,0.621614,0.621614,1.0,159.0094,429839.16,403.52145,1.60746,55.85582,55.184006,0.6906082,0.9,1.0,529.8784,1.0,70.321304,68.561844,69.57412,71.74315,69.45651
2018-01-02 19:26:00,5.1994956e-22,0.0,55.44856,357730.44,0.61149216,0.61149216,33.45503,429472.62,0.38848573,0.3885078,71.26288,0.6211193,0.6211193,1.0,158.63368,429479.94,403.5189,1.60746,55.852856,55.184006,0.6900646,0.9,1.0,528.6165,1.0,70.29889,68.511246,69.56352,71.7604,69.4436
2018-01-02 19:27:00,6.2673439999999995e-24,0.0,55.42631,357730.44,0.61167645,0.61167645,33.470024,429155.84,0.38829774,0.38832352,71.23805,0.6206652,0.6206652,1.0,158.28656,429166.06,403.5164,1.60746,55.850548,55.184006,0.6895656,0.9,1.0,527.4579,1.0,70.27757,68.4617,69.55292,71.776825,69.4308
2018-01-02 19:28:00,2.3894960000000003e-22,0.0,55.405712,357730.44,0.611828,0.611828,33.485023,428880.25,0.38812828,0.38817194,71.213715,0.6202488,0.6202488,1.0,157.96622,428892.94,403.51392,1.60746,55.848846,55.184006,0.6891081,0.9,1.0,526.39514,1.0,70.257416,68.41336,69.54231,71.79242,69.41811
2018-01-02 19:29:00,1.1216980000000001e-22,0.0,55.386818,357730.44,0.6119694,0.6119694,33.50002,428641.88,0.38797534,0.3880306,71.18982,0.6198676,0.6198676,1.0,157.67097,428656.72,403.5116,1.60746,55.847637,55.184006,0.68868935,0.9,1.0,525.42175,1.0,70.2384,68.36617,69.53182,71.807205,69.405594
2018-01-02 19:30:00,3.524605e-23,0.0,55.369568,357730.44,0.6120988,0.6120988,33.515015,428437.44,0.3878418,0.38790122,71.16643,0.619519,0.619519,1.0,157.39903,428454.03,403.5093,1.60746,55.846924,55.184006,0.6883065,0.9,1.0,524.531,1.0,70.22039,68.320145,69.521385,71.82115,69.393234
2018-01-02 19:31:00,-1.6176322e-23,0.0,55.353745,357730.44,0.6122171,0.6122171,33.53001,428263.66,0.38772497,0.38778287,71.14363,0.61920077,0.61920077,1.0,157.14891,428281.56,403.50714,1.60746,55.84654,55.184006,0.68795717,0.9,1.0,523.7172,1.0,70.203476,68.275375,69.51106,71.834335,69.38109
2018-01-02 19:32:00,1.2072355e-22,0.0,55.33897,357730.44,0.6123102,0.6123102,33.560005,428117.03,0.3876178,0.38768983,71.12143,0.61891073,0.61891073,1.0,156.9192,428136.1,403.50507,1.60746,55.84654,55.184006,0.6876387,0.9,1.0,522.97485,1.0,70.187485,68.23181,69.5009,71.846695,69.369225
2018-01-02 19:33:00,2.3756788e-23,0.0,55.32557,357730.44,0.61239815,0.61239815,33.575,427994.8,0.38752052,0.38760185,71.099846,0.61864686,0.61864686,1.0,156.70853,428014.84,403.50305,1.60746,55.846924,55.184006,0.6873491,0.9,1.0,522.29865,1.0,70.17238,68.18945,69.490845,71.85829,69.357574
2018-01-02 19:34:00,-9.478157000000001e-23,0.0,55.313316,357730.44,0.6124816,0.6124816,33.575,427894.72,0.38743514,0.3875184,71.07892,0.6184072,0.6184072,1.0,156.51546,427915.44,403.50116,1.60746,55.847527,55.184006,0.6870861,0.9,1.0,521.6835,1.0,70.15816,68.14837,69.48096,71.86911,69.34615
2018-01-02 19:35:00,7.760511e-22,0.0,55.30211,357730.44,0.61255497,0.61255497,33.589996,427814.34,0.38735923,0.38744506,71.05865,0.6181898,0.6181898,1.0,156.33879,427835.5,403.49933,1.60746,55.848404,55.184006,0.6868477,0.9,1.0,521.1249,1.0,70.144745,68.10849,69.47128,71.87921,69.33505
2018-01-02 19:36:00,2.7507738e-23,0.0,55.291786,357730.44,0.6126196,0.6126196,33.604992,427751.44,0.3872902,0.3873804,71.03899,0.61799324,0.61799324,1.0,156.17741,427772.9,403.4976,1.60746,55.849503,55.184006,0.68663204,0.9,1.0,520.6187,1.0,70.13211,68.06987,69.46173,71.888504,69.32418
2018-01-02 19:37:00,-3.6044465e-23,0.0,55.28239,357730.44,0.61268026,0.61268026,33.619987,427704.12,0.38722795,0.38731977,71.020035,0.61781573,0.61781573,1.0,156.03023,427725.7,403.49597,1.60746,55.850822,55.184006,0.6864374,0.9,1.0,520.1609,1.0,70.12019,68.03252,69.45239,71.897125,69.31363
2018-01-02 19:38:00,1.4649988e-22,0.0,55.273712,357730.44,0.6127332,0.6127332,33.634987,427670.6,0.38717192,0.38726678,71.00168,0.6176558,0.6176558,1.0,155.89618,427692.16,403.4944,1.60746,55.85225,55.184006,0.6862622,0.9,1.0,519.74756,1.0,70.10893,67.99637,69.44327,71.90498,69.30336
2018-01-02 19:39:00,5.752259000000001e-23,0.0,55.265854,357730.44,0.6127828,0.6127828,33.650036,427649.12,0.3871194,0.3872172,70.98399,0.6175122,0.6175122,1.0,155.77438,427670.6,403.4929,1.60746,55.853897,55.184006,0.68610483,0.9,1.0,519.3755,1.0,70.09833,67.96144,69.43432,71.91206,69.29342
2018-01-02 19:40:00,1.4269514000000001e-22,0.0,55.25866,357730.44,0.6128292,0.6128292,33.66503,427638.38,0.38707185,0.3871708,70.96691,0.61738354,0.61738354,1.0,155.66385,427659.62,403.49152,1.60746,55.855713,55.184006,0.6859639,0.9,1.0,519.04114,1.0,70.08833,67.927765,69.425644,71.91849,69.28375
2018-01-02 19:41:00,2.0690982000000001e-22,0.0,55.25212,357730.44,0.612872,0.612872,33.695026,427636.94,0.38702783,0.387128,70.950485,0.61726856,0.61726856,1.0,155.56375,427657.88,403.49017,1.60746,55.857582,55.184006,0.68583804,0.9,1.0,518.74164,1.0,70.07889,67.89525,69.41713,71.92421,69.27435
2018-01-02 19:42:00,6.8160517e-23,0.0,55.246136,357730.44,0.6129111,0.6129111,33.695026,427643.6,0.38698655,0.3870889,70.93466,0.6171662,0.6171662,1.0,155.47331,427664.2,403.4889,1.60746,55.85961,55.184006,0.68572605,0.9,1.0,518.47406,1.0,70.06999,67.86394,69.40883,71.92926,69.26529
2018-01-02 19:43:00,2.8100104e-22,0.0,55.240643,357730.44,0.61294866,0.61294866,33.710022,427657.22,0.38694736,0.38705134,70.91945,0.61707544,0.61707544,1.0,155.39182,427677.4,403.4877,1.60746,55.861755,55.184006,0.68562675,0.9,1.0,518.2358,1.0,70.061584,67.83383,69.40076,71.93359,69.25656
2018-01-02 19:44:00,3.1321340000000004e-23,0.0,55.2357,357730.44,0.61298513,0.61298513,33.725018,427676.9,0.3869103,0.38701484,70.904785,0.6169952,0.6169952,1.0,155.31853,427696.6,403.4866,1.60746,55.863953,55.184006,0.685539,0.9,1.0,518.0244,1.0,70.05367,67.804886,69.39296,71.93728,69.2481
2018-01-02 19:45:00,7.301889000000001e-23,0.0,55.231194,357730.44,0.61302,0.61302,33.740013,427701.6,0.38687402,0.38698,70.89072,0.61692464,0.61692464,1.0,155.25282,427720.8,403.48553,1.60746,55.866257,55.184006,0.685462,0.9,1.0,517.8377,1.0,70.04614,67.777084,69.385315,71.9403,69.239975
2018-01-02 19:46:00,-7.787011300000001e-22,0.0,55.227127,357730.44,0.61305606,0.61305606,33.755013,427730.66,0.3868403,0.38694397,70.87715,0.6168629,0.6168629,1.0,155.19402,427749.3,403.48456,1.60746,55.86862,55.184006,0.6853945,0.9,1.0,517.6733,1.0,70.03906,67.7505,69.37796,71.94272,69.23212
2018-01-02 19:47:00,1.0003741399999999e-22,0.0,55.223396,357730.44,0.61308867,0.61308867,33.770008,427763.34,0.3868071,0.38691133,70.86419,0.6168092,0.6168092,1.0,155.14165,427781.38,403.48364,1.60746,55.870983,55.184006,0.68533593,0.9,1.0,517.5294,1.0,70.032364,67.72496,69.37082,71.94447,69.224594
2018-01-02 19:48:00,-7.0373634e-24,0.0,55.219986,357730.44,0.6131199,0.6131199,33.785004,427798.78,0.38677305,0.3868801,70.851715,0.6167628,0.6167628,1.0,155.09518,427816.28,403.48276,1.60746,55.873455,55.184006,0.6852854,0.9,1.0,517.4043,1.0,70.02605,67.70056,69.36389,71.94557,69.21739
2018-01-02 19:49:00,-3.2605684e-22,0.0,55.216965,357730.44,0.6131538,0.6131538,33.814995,427836.6,0.38673958,0.38684618,70.839745,0.616723,0.616723,1.0,155.05411,427853.5,403.48193,1.60746,55.875984,55.184006,0.6852421,0.9,1.0,517.29614,1.0,70.02005,67.67733,69.357254,71.94612,69.21047
2018-01-02 19:50:00,-2.047574e-22,0.0,55.21422,357730.44,0.6131879,0.6131879,33.829994,427876.28,0.3867068,0.3868121,70.82826,0.61668926,0.61668926,1.0,155.0179,427892.56,403.48117,1.60746,55.87851,55.184006,0.6852054,0.9,1.0,517.2033,1.0,70.0144,67.655136,69.35082,71.946014,69.20383
2018-01-02 19:51:00,6.886474e-23,0.0,55.211746,357730.44,0.61322117,0.61322117,33.829994,427917.25,0.38667357,0.38677883,70.81722,0.6166609,0.6166609,1.0,154.98622,427932.94,403.48047,1.60746,55.88109,55.184006,0.68517464,0.9,1.0,517.1246,1.0,70.00902,67.63399,69.34462,71.94536,69.19756
2018-01-02 19:52:00,7.536573e-23,0.0,55.209496,357730.44,0.61325574,0.61325574,33.84499,427959.16,0.38663927,0.38674423,70.80667,0.61663747,0.61663747,1.0,154.95868,427974.22,403.4798,1.60746,55.883728,55.184006,0.68514925,0.9,1.0,517.0585,1.0,70.00391,67.61394,69.33862,71.944145,69.19152
2018-01-02 19:53:00,-1.7548894000000002e-22,0.0,55.20752,357730.44,0.61329085,0.61329085,33.859985,428001.66,0.38660493,0.38670918,70.79657,0.6166185,0.6166185,1.0,154.93486,428016.1,403.47916,1.60746,55.886364,55.184006,0.68512875,0.9,1.0,517.0038,1.0,69.99913,67.59493,69.332855,71.94238,69.18581
2018-01-02 19:54:00,-2.1997203000000004e-22,0.0,55.205704,357730.44,0.61332613,0.61332613,33.87504,428044.4,0.38656974,0.38667387,70.786896,0.61660343,0.61660343,1.0,154.91447,428058.25,403.4786,1.60746,55.889,55.184006,0.6851126,0.9,1.0,516.95935,1.0,69.99457,67.576965,69.32736,71.940025,69.18042
2018-01-02 19:55:00,4.617634000000001e-22,0.0,55.204056,357730.44,0.61336327,0.61336327,33.90503,428087.1,0.3865334,0.38663676,70.77767,0.616592,0.616592,1.0,154.8972,428100.34,403.47806,1.60746,55.89164,55.184006,0.6851003,0.9,1.0,516.92426,1.0,69.99023,67.56,69.3221,71.937164,69.17526
2018-01-02 19:56:00,1.9019258e-22,0.0,55.20263,357730.44,0.6134004,0.6134004,33.90503,428129.53,0.386496,0.3865996,70.76877,0.6165837,0.6165837,1.0,154.88272,428142.25,403.47757,1.60746,55.89433,55.184006,0.68509156,0.9,1.0,516.89746,1.0,69.98616,67.54401,69.31704,71.93376,69.170425
2018-01-02 19:57:00,1.0732408999999999e-23,0.0,55.20131,357730.44,0.61343956,0.61343956,33.920025,428171.53,0.38645768,0.38656044,70.760315,0.6165782,0.6165782,1.0,154.87079,428183.66,403.4771,1.60746,55.89702,55.184006,0.68508583,0.9,1.0,516.87805,1.0,69.98226,67.529015,69.31221,71.92992,69.16586
2018-01-02 19:58:00,-1.870594e-23,0.0,55.20021,357730.44,0.6134804,0.6134804,33.93502,428212.84,0.38641807,0.38651964,70.75224,0.6165753,0.6165753,1.0,154.86116,428224.44,403.47665,1.60746,55.89971,55.184006,0.6850829,0.9,1.0,516.8653,1.0,69.97858,67.51501,69.30765,71.92552,69.16164
2018-01-02 19:59:00,-4.8095347e-24,0.0,55.19917,357730.44,0.61352134,0.61352134,33.965015,428253.38,0.3863768,0.38647866,70.74455,0.6165746,0.6165746,1.0,154.85362,428264.4,403.4763,1.60746,55.902405,55.184006,0.68508244,0.9,1.0,516.85846,1.0,69.97512,67.50194,69.30331,71.92064,69.15762
2018-01-02 20:00:00,3.3092965000000005e-22,0.0,55.198288,357730.44,0.6135649,0.6135649,33.965015,428293.0,0.38633513,0.3864351,70.73718,0.61657584,0.61657584,1.0,154.84792,428303.53,403.4759,1.60746,55.90504,55.184006,0.68508404,0.9,1.0,516.85675,1.0,69.97177,67.48979,69.29913,71.915306,69.153946
2018-01-02 20:01:00,2.3985891999999998e-23,0.0,55.19752,357730.44,0.61360914,0.61360914,33.98001,428331.56,0.38629156,0.38639084,70.730156,0.6165788,0.6165788,1.0,154.8439,428341.56,403.47556,1.60746,55.90773,55.184006,0.6850876,0.9,1.0,516.85974,1.0,69.96864,67.47853,69.29523,71.909485,69.15048
2018-01-02 20:02:00,2.060461e-23,0.0,55.196587,357730.44,0.6136432,0.6136432,33.998028,428368.16,0.3862273,0.38635674,70.72214,0.6165837,0.6165837,1.0,154.84192,428377.84,403.47525,1.60746,55.910534,55.184006,0.68509305,0.9,1.0,516.8679,1.0,69.91376,67.46408,69.28551,71.89932,69.141205
2018-01-02 20:03:00,4.113963e-22,0.0,55.19571,357730.44,0.6136777,0.6136777,34.01599,428404.62,0.38618234,0.3863223,70.71132,0.6165895,0.6165895,1.0,154.84071,428413.8,403.47498,1.60746,55.913223,55.184006,0.68509966,0.9,1.0,516.8785,1.0,69.89415,67.450516,69.27634,71.88878,69.132416
2018-01-02 20:04:00,-6.5018077e-22,0.0,55.194885,357730.44,0.61370796,0.61370796,34.034008,428440.84,0.3861572,0.38629204,70.699066,0.616596,0.616596,1.0,154.84015,428449.38,403.47467,1.60746,55.915752,55.184006,0.68510705,0.9,1.0,516.89087,1.0,69.85553,67.43788,69.26733,71.87773,69.1239
2018-01-02 20:05:00,-2.001419e-22,0.0,55.193787,357730.44,0.61371595,0.61371595,34.052025,428476.44,0.3861444,0.38628405,70.68527,0.61660314,0.61660314,1.0,154.84029,428484.28,403.47443,1.60746,55.918114,55.184006,0.6851151,0.9,1.0,516.90515,1.0,69.83252,67.42618,69.25859,71.8663,69.115715
2018-01-02 20:06:00,1.8231799e-22,0.0,55.192635,357730.44,0.6137154,0.6137154,34.06999,428510.8,0.38613665,0.38628456,70.670715,0.616611,0.616611,1.0,154.84125,428518.16,403.4742,1.60746,55.920364,55.184006,0.68512386,0.9,1.0,516.9214,1.0,69.802635,67.415306,69.25014,71.85445,69.107864
2018-01-02 20:07:00,1.3299585e-22,0.0,55.178734,357730.44,0.6129486,0.6129486,34.106026,440815.53,0.38677344,0.38705137,70.66616,0.6229163,0.6229163,1.0,158.2077,442251.97,403.4439,1.60746,55.91416,55.184006,0.69298476,0.9,1.0,531.62384,1.0,69.77083,67.416016,69.25112,71.84994,69.10814
2018-01-02 20:08:00,6.834985700000001e-22,0.0,55.18148,357730.44,0.6131509,0.6131509,34.106026,451541.22,0.38624245,0.38684908,70.66039,0.6279636,0.6279636,1.0,160.55692,452630.03,403.42593,1.60746,55.92207,55.184006,0.6984057,0.9,1.0,543.5613,1.0,69.7003,67.42102,69.256226,71.85037,69.11368
2018-01-02 20:09:00,1.3188749000000001e-21,0.0,55.18983,357730.44,0.613649,0.613649,34.123985,460862.22,0.38624308,0.38635102,70.647095,0.6326844,0.6326844,1.0,162.80019,461847.56,403.41025,1.60746,55.92509,55.184006,0.7036586,0.9,1.0,554.8288,1.0,69.62976,67.42525,69.259964,71.849335,69.11824
2018-01-02 20:10:00,1.2418043000000002e-22,0.0,55.189774,357730.44,0.6136728,0.6136728,34.142006,469719.72,0.3863633,0.38632718,70.62782,0.63739276,0.63739276,1.0,165.0498,470651.7,403.39618,1.60746,55.926956,55.184006,0.70888305,0.9,1.0,566.1668,1.0,69.541275,67.43014,69.26398,71.84845,69.12329
2018-01-02 20:11:00,-5.593301e-23,0.0,55.184887,357730.44,0.61342585,0.61342585,34.160023,478107.0,0.3864008,0.38657415,70.602165,0.6420351,0.6420351,1.0,167.27863,478989.88,403.3838,1.60746,55.929817,55.184006,0.71402663,0.9,1.0,577.4472,1.0,69.45068,67.43558,69.2681,71.847466,69.12868
2018-01-02 20:12:00,-4.9890902e-23,0.0,55.18148,357730.44,0.6132533,0.6132533,34.177986,486014.1,0.3864351,0.38674667,70.57036,0.646575,0.646575,1.0,169.47495,486847.78,403.37302,1.60746,55.933167,55.184006,0.7190536,0.9,1.0,588.57996,1.0,69.35176,67.4414,69.27222,71.84631,69.13423
2018-01-02 20:13:00,-7.9963485e-23,0.0,55.179558,357730.44,0.61315054,0.61315054,34.196003,493446.3,0.3865521,0.38684943,70.53262,0.6509859,0.6509859,1.0,171.62994,494228.47,403.36383,1.60746,55.93602,55.184006,0.72393554,0.9,1.0,599.49884,1.0,69.251945,67.44744,69.276115,71.84483,69.13977
2018-01-02 20:14:00,-4.949614e-24,0.0,55.177032,357730.44,0.61299443,0.61299443,34.21402,500410.06,0.38673702,0.38700557,70.489716,0.6552515,0.6552515,1.0,173.74188,501139.38,403.3561,1.60746,55.938274,55.184006,0.7286537,0.9,1.0,610.163,1.0,69.14955,67.4536,69.2798,71.84285,69.14516
2018-01-02 20:15:00,-5.9082274e-22,0.0,55.17341,357730.44,0.612758,0.612758,34.25,506914.9,0.38695487,0.38724205,70.44226,0.65936106,0.65936106,1.0,175.81166,507592.22,403.34982,1.60746,55.940197,55.184006,0.73319685,0.9,1.0,620.5453,1.0,69.048096,67.459854,69.28314,71.840324,69.150375
2018-01-02 20:16:00,1.8628914000000002e-22,0.0,55.169395,357730.44,0.6124813,0.6124813,34.25,512976.2,0.3871946,0.3875187,70.39111,0.66330713,0.66330713,1.0,177.83925,513603.3,403.34482,1.60746,55.941956,55.184006,0.7375574,0.9,1.0,630.624,1.0,68.94751,67.46612,69.28616,71.83719,69.15532
2018-01-02 20:17:00,-2.2378190000000003e-22,0.0,55.165497,357730.44,0.61219275,0.61219275,34.268017,518613.34,0.38745993,0.38780725,70.337234,0.667085,0.667085,1.0,179.82329,519192.28,403.341,1.60746,55.94355,55.184006,0.74173063,0.9,1.0,640.3821,1.0,68.849686,67.47238,69.28875,71.83334,69.159935
2018-01-02 20:18:00,-6.115282e-22,0.0,55.161816,357730.44,0.6118944,0.6118944,34.286034,523847.22,0.3877502,0.38810557,70.28142,0.6706922,0.6706922,1.0,181.7624,524379.75,403.3383,1.60746,55.944923,55.184006,0.7457143,0.9,1.0,649.8074,1.0,68.75487,67.47864,69.29095,71.828735,69.164215
2018-01-02 20:19:00,6.0245163e-22,0.0,55.158302,357730.44,0.61158246,0.61158246,34.303997,528698.3,0.3880584,0.38841754,70.22456,0.6741286,0.6741286,1.0,183.65541,529186.7,403.33655,1.60746,55.94613,55.184006,0.7495082,0.9,1.0,658.8917,1.0,68.6639,67.48491,69.292755,71.823296,69.16812
2018-01-02 20:20:00,1.3842777e-22,0.0,55.154892,357730.44,0.61126006,0.61126006,34.322014,533187.1,0.38837633,0.38873997,70.167435,0.6773952,0.6773952,1.0,185.50111,533633.56,403.3357,1.60746,55.947227,55.184006,0.7531136,0.9,1.0,667.63007,1.0,68.57716,67.49123,69.29413,71.81709,69.17169
2018-01-02 20:21:00,-6.498773e-22,0.0,55.151764,357730.44,0.61093456,0.61093456,34.340034,537333.75,0.38869822,0.38906547,70.11075,0.6804942,0.6804942,1.0,187.298,537740.7,403.33563,1.60746,55.948273,55.184006,0.75653315,0.9,1.0,676.019,1.0,68.49487,67.49748,69.29518,71.81006,69.17482
2018-01-02 20:22:00,-5.5046455e-23,0.0,55.149017,357730.44,0.6106123,0.6106123,34.376015,541158.06,0.3890198,0.38938773,70.055046,0.6834283,0.6834283,1.0,189.04442,541527.6,403.3363,1.60746,55.949318,55.184006,0.75977,0.9,1.0,684.0564,1.0,68.41726,67.50386,69.29584,71.80215,69.17763
2018-01-02 20:23:00,-6.283201600000001e-22,0.0,55.1466,357730.44,0.6102972,0.6102972,34.39403,544679.0,0.38933727,0.3897028,70.000885,0.6862011,0.6862011,1.0,190.73866,545013.5,403.33755,1.60746,55.950417,55.184006,0.7628281,0.9,1.0,691.742,1.0,68.34442,67.510284,69.296165,71.79341,69.18004
2018-01-02 20:24:00,1.7138305e-22,0.0,55.144623,357730.44,0.6099921,0.6099921,34.39403,547914.7,0.38964692,0.39000788,69.9487,0.68881655,0.68881655,1.0,192.37914,548216.4,403.33936,1.60746,55.95157,55.184006,0.765712,0.9,1.0,699.0766,1.0,68.27636,67.516815,69.296165,71.78386,69.18218
2018-01-02 20:25:00,1.9685590000000002e-22,0.0,55.14303,357730.44,0.6096995,0.6096995,34.411995,550882.6,0.38994548,0.3903005,69.898766,0.69127893,0.69127893,1.0,193.9644,551153.5,403.34164,1.60746,55.952774,55.184006,0.7684265,0.9,1.0,706.06213,1.0,68.21307,67.52352,69.29589,71.77347,69.18399
2018-01-02 20:26:00,4.2619517e-22,0.0,55.141823,357730.44,0.60942173,0.60942173,34.43001,553599.4,0.39023033,0.3905783,69.851364,0.69359297,0.69359297,1.0,195.49316,553841.44,403.34436,1.60746,55.954094,55.184006,0.77097684,0.9,1.0,712.702,1.0,68.154465,67.53039,69.295395,71.76227,69.18548
2018-01-02 20:27:00,-4.739892e-22,0.0,55.141052,357730.44,0.60916066,0.60916066,34.44803,556080.56,0.39049935,0.39083934,69.80664,0.6957635,0.6957635,1.0,196.96432,556295.9,403.3474,1.60746,55.955467,55.184006,0.7733684,0.9,1.0,719.00024,1.0,68.1003,67.537415,69.29463,71.75029,69.1868
2018-01-02 20:28:00,-1.7232419000000002e-22,0.0,55.140667,357730.44,0.6089177,0.6089177,34.465992,558341.5,0.39075112,0.3910823,69.76473,0.6977956,0.6977956,1.0,198.37701,558531.9,403.35077,1.60746,55.95701,55.184006,0.77560693,0.9,1.0,724.96204,1.0,68.050476,67.544785,69.29375,71.73755,69.187836
2018-01-02 20:29:00,3.6979333000000004e-22,0.0,55.14061,357730.44,0.60869366,0.60869366,34.48401,560396.44,0.39098454,0.39130634,69.72568,0.6996945,0.6996945,1.0,199.73059,560563.7,403.35434,1.60746,55.9586,55.184006,0.7776981,0.9,1.0,730.59344,1.0,68.004776,67.55236,69.29265,71.72409,69.18872
2018-01-02 20:30:00,1.0475853000000001e-21,0.0,55.140884,357730.44,0.6084891,0.6084891,34.502026,562259.06,0.39119878,0.3915109,69.689476,0.7014654,0.7014654,1.0,201.02469,562404.94,403.35815,1.60746,55.960358,55.184006,0.77964795,0.9,1.0,735.9016,1.0,67.962975,67.56027,69.2915,71.709915,69.18938
2018-01-02 20:31:00,6.4845866e-22,0.0,55.14149,357730.44,0.6083042,0.6083042,34.538006,563942.44,0.3913935,0.39169577,69.65608,0.7031138,0.7031138,1.0,202.25923,564068.5,403.36206,1.60746,55.96217,55.184006,0.7814624,0.9,1.0,740.8941,1.0,67.92496,67.56845,69.29024,71.69508,69.18999
2018-01-02 20:32:00,5.005085400000001e-22,0.0,55.142372,357730.44,0.6081391,0.6081391,34.538006,565458.94,0.39156854,0.39186093,69.62548,0.704645,0.704645,1.0,203.43436,565566.75,403.36615,1.60746,55.964092,55.184006,0.78314734,0.9,1.0,745.57965,1.0,67.890465,67.57708,69.28891,71.67965,69.190475
2018-01-02 20:33:00,-1.3485451e-21,0.0,55.143524,357730.44,0.6079934,0.6079934,34.556023,566820.3,0.39172402,0.3920066,69.59758,0.7060644,0.7060644,1.0,204.55046,566911.44,403.3703,1.60746,55.966125,55.184006,0.784709,0.9,1.0,749.96735,1.0,67.85927,67.58603,69.28754,71.663605,69.19086
2018-01-02 20:34:00,1.2155328e-21,0.0,55.144897,357730.44,0.6078668,0.6078668,34.573986,568037.9,0.39186022,0.39213318,69.5722,0.7073775,0.7073775,1.0,205.60822,568113.6,403.3745,1.60746,55.968212,55.184006,0.7861532,0.9,1.0,754.067,1.0,67.83119,67.59537,69.286224,71.64702,69.191246
2018-01-02 20:35:00,4.400602e-22,0.0,55.146435,357730.44,0.6077588,0.6077588,34.592003,569122.25,0.3919776,0.39224118,69.549286,0.7085897,0.7085897,1.0,206.60846,569183.94,403.3787,1.60746,55.97041,55.184006,0.787486,0.9,1.0,757.8889,1.0,67.80592,67.60515,69.284904,71.62994,69.191635
2018-01-02 20:36:00,-4.8839893e-23,0.0,55.14814,357730.44,0.60766876,0.60766876,34.610023,570083.5,0.39207676,0.39233127,69.52875,0.7097061,0.7097061,1.0,207.55229,570132.5,403.38293,1.60746,55.972664,55.184006,0.7887132,0.9,1.0,761.4437,1.0,67.7834,67.61537,69.283646,71.61236,69.191956
2018-01-02 20:37:00,4.137913e-22,0.0,55.14995,357730.44,0.60759586,0.60759586,34.627983,570931.25,0.39215833,0.39240414,69.510345,0.71073216,0.71073216,1.0,208.44095,570968.7,403.38715,1.60746,55.974968,55.184006,0.78984076,0.9,1.0,764.7425,1.0,67.7633,67.62602,69.28243,71.594345,69.1924
2018-01-02 20:38:00,1.2207772e-21,0.0,55.15187,357730.44,0.6075394,0.6075394,34.646004,571674.5,0.3922231,0.39246055,69.49403,0.71167284,0.71167284,1.0,209.27588,571701.7,403.39133,1.60746,55.977333,55.184006,0.7908742,0.9,1.0,767.7964,1.0,67.7455,67.63707,69.281334,71.57599,69.192894
2018-01-02 20:39:00,2.379109e-22,0.0,55.153908,357730.44,0.6074985,0.6074985,34.682037,572322.0,0.3922718,0.39250144,69.47964,0.71253324,0.71253324,1.0,210.05865,572339.75,403.39545,1.60746,55.97969,55.184006,0.7918191,0.9,1.0,770.617,1.0,67.72984,67.64865,69.28029,71.557205,69.19344
2018-01-02 20:40:00,-1.087352e-21,0.0,55.15599,357730.44,0.60747254,0.60747254,34.682037,572881.7,0.39230523,0.39252746,69.467,0.7133182,0.7133182,1.0,210.79097,572891.1,403.39944,1.60746,55.982162,55.184006,0.7926809,0.9,1.0,773.21564,1.0,67.71617,67.66063,69.27941,71.53815,69.19411
2018-01-02 20:41:00,2.2439522000000002e-21,0.0,55.158134,357730.44,0.60746056,0.60746056,34.7,573361.2,0.39232424,0.39253944,69.45607,0.7140326,0.7140326,1.0,211.47461,573363.25,403.4034,1.60746,55.98458,55.184006,0.79346484,0.9,1.0,775.604,1.0,67.70425,67.673096,69.2787,71.518814,69.19487
2018-01-02 20:42:00,-2.6606646e-21,0.0,55.16028,357730.44,0.60746175,0.60746175,34.718018,573767.7,0.3923297,0.39253822,69.446625,0.7146808,0.7146808,1.0,212.11147,573763.25,403.4073,1.60746,55.987053,55.184006,0.794176,0.9,1.0,777.79333,1.0,67.693924,67.686066,69.27809,71.4992,69.195755
2018-01-02 20:43:00,-1.6686085000000002e-21,0.0,55.162422,357730.44,0.60747534,0.60747534,34.736034,574107.8,0.39232233,0.39252463,69.43866,0.71526736,0.71526736,1.0,212.70349,574097.75,403.411,1.60746,55.989525,55.184006,0.79481924,0.9,1.0,779.7951,1.0,67.685135,67.69942,69.27771,71.47942,69.19679
2018-01-02 20:44:00,-4.1867857e-22,0.0,55.164562,357730.44,0.6075005,0.6075005,34.753998,574388.06,0.39230302,0.39249948,69.4319,0.71579653,0.71579653,1.0,213.2527,574373.06,403.41464,1.60746,55.991997,55.184006,0.79539937,0.9,1.0,781.6204,1.0,67.67766,67.71326,69.277435,71.45937,69.198
2018-01-02 20:45:00,-8.845211e-22,0.0,55.166702,357730.44,0.6075365,0.6075365,34.772015,574614.06,0.3922726,0.39246348,69.42641,0.71627235,0.71627235,1.0,213.76108,574594.9,403.41818,1.60746,55.99447,55.184006,0.7959207,0.9,1.0,783.2801,1.0,67.67145,67.72754,69.277374,71.43921,69.19937
2018-01-02 20:46:00,-9.930250499999999e-23,0.0,55.168793,357730.44,0.6075825,0.6075825,34.807995,574791.44,0.39223164,0.3924175,69.42196,0.71669877,0.71669877,1.0,214.23065,574768.6,403.42154,1.60746,55.996887,55.184006,0.7963878,0.9,1.0,784.7849,1.0,67.6664,67.74226,69.27749,71.418945,69.20091
2018-01-02 20:47:00,-6.662715700000001e-22,0.0,55.170822,357730.44,0.6076377,0.6076377,34.82601,574925.2,0.3921809,0.3923623,69.4185,0.7170795,0.7170795,1.0,214.66351,574899.4,403.4248,1.60746,55.99936,55.184006,0.79680455,0.9,1.0,786.1451,1.0,67.66234,67.757416,69.27776,71.39851,69.20262
2018-01-02 20:48:00,4.604028e-22,0.0,55.17286,357730.44,0.60770184,0.60770184,34.82601,575020.0,0.39212105,0.3922982,69.41597,0.7174181,0.7174181,1.0,215.06161,574991.75,403.4279,1.60746,56.001778,55.184006,0.797175,0.9,1.0,787.37067,1.0,67.6592,67.773026,69.27826,71.37802,69.20448
2018-01-02 20:49:00,1.2245984e-21,0.0,55.174835,357730.44,0.60777414,0.60777414,34.844032,575080.3,0.39205286,0.3922259,69.414215,0.7177179,0.7177179,1.0,215.42697,575050.06,403.43088,1.60746,56.004192,55.184006,0.79750276,0.9,1.0,788.4712,1.0,67.656845,67.789,69.278915,71.357475,69.20657
2018-01-02 20:50:00,9.055388e-22,0.0,55.176704,357730.44,0.6078539,0.6078539,34.86199,575110.1,0.3919769,0.39214614,69.41322,0.717982,0.717982,1.0,215.76154,575078.4,403.43375,1.60746,56.006607,55.184006,0.7977914,0.9,1.0,789.4558,1.0,67.65524,67.805435,69.2798,71.336876,69.208824
2018-01-02 20:51:00,-1.7174259000000002e-22,0.0,55.17857,357730.44,0.60794055,0.60794055,34.880013,575113.06,0.39189374,0.39205945,69.41295,0.7182135,0.7182135,1.0,216.06721,575080.2,403.43646,1.60746,56.008972,55.184006,0.7980442,0.9,1.0,790.33344,1.0,67.65437,67.822235,69.28084,71.31628,69.211296
2018-01-02 20:52:00,7.947174000000001e-22,0.0,55.18033,357730.44,0.60803366,0.60803366,34.89803,575092.7,0.39180392,0.39196637,69.41322,0.7184152,0.7184152,1.0,216.34586,575059.06,403.43906,1.60746,56.011333,55.184006,0.79826427,0.9,1.0,791.11237,1.0,67.6541,67.83938,69.282104,71.29562,69.21393
2018-01-02 20:53:00,-4.6021565e-22,0.0,55.18203,357730.44,0.60813266,0.60813266,34.915993,575051.94,0.3917079,0.39186734,69.41411,0.7185897,0.7185897,1.0,216.59926,575017.9,403.4415,1.60746,56.01364,55.184006,0.79845446,0.9,1.0,791.8006,1.0,67.65431,67.85696,69.28353,71.275024,69.21679
2018-01-02 20:54:00,-1.0885595e-21,0.0,55.183678,357730.44,0.60823715,0.60823715,34.952026,574993.75,0.39160618,0.39176285,69.41542,0.71873957,0.71873957,1.0,216.82916,574959.56,403.44382,1.60746,56.015892,55.184006,0.7986176,0.9,1.0,792.4057,1.0,67.65508,67.87481,69.28518,71.254425,69.21981
2018-01-02 20:55:00,1.0390731e-21,0.0,55.185272,357730.44,0.6083467,0.6083467,34.96999,574920.7,0.3914992,0.3916533,69.41724,0.718867,0.718867,1.0,217.03722,574886.6,403.446,1.60746,56.018143,55.184006,0.79875624,0.9,1.0,792.9349,1.0,67.65618,67.89305,69.28699,71.23388,69.22305
2018-01-02 20:56:00,6.3960085e-22,0.0,55.186752,357730.44,0.60846084,0.60846084,34.96999,574835.1,0.3913874,0.39153916,69.41937,0.7189743,0.7189743,1.0,217.22502,574801.3,403.4481,1.60746,56.02034,55.184006,0.79887265,0.9,1.0,793.39465,1.0,67.65767,67.91156,69.289024,71.21333,69.2264
2018-01-02 20:57:00,-7.581446000000001e-23,0.0,55.188183,357730.44,0.6085793,0.6085793,34.988007,574739.2,0.39127117,0.39142072,69.42196,0.71906334,0.71906334,1.0,217.39412,574705.94,403.45004,1.60746,56.022537,55.184006,0.79896915,0.9,1.0,793.79144,1.0,67.65953,67.93045,69.29122,71.1929,69.22997
2018-01-02 20:58:00,4.382081e-22,0.0,55.189556,357730.44,0.60870165,0.60870165,35.006023,574634.8,0.39115083,0.39129838,69.42482,0.719136,0.719136,1.0,217.54591,574602.2,403.45187,1.60746,56.02468,55.184006,0.79904777,0.9,1.0,794.13104,1.0,67.661674,67.94957,69.29358,71.172516,69.2337
2018-01-02 20:59:00,1.7931913000000002e-22,0.0,55.19082,357730.44,0.6088276,0.6088276,35.023987,574523.6,0.3910267,0.3911724,69.42795,0.7191941,0.7191941,1.0,217.68182,574491.8,403.45358,1.60746,56.026825,55.184006,0.79911035,0.9,1.0,794.41907,1.0,67.66409,67.96902,69.29611,71.15219,69.23766
2018-01-02 21:00:00,9.147061000000001e-22,0.0,55.192085,357730.44,0.6089588,0.6089588,35.042004,574407.4,0.3909003,0.39104122,69.43135,0.7192392,0.7192392,1.0,217.80298,574376.5,403.45523,1.60746,56.02891,55.184006,0.7991587,0.9,1.0,794.66034,1.0,67.66673,67.98868,69.2988,71.13198,69.24173
2018-01-02 21:01:00,1.999776e-21,0.0,55.193237,357730.44,0.6090903,0.6090903,35.06002,574287.3,0.39077,0.39090964,69.43498,0.71927273,0.71927273,1.0,217.91086,574257.4,403.45673,1.60746,56.030945,55.184006,0.79919446,0.9,1.0,794.86005,1.0,67.669525,68.00862,69.30166,71.11182,69.24596
2018-01-02 21:02:00,-1.4022758e-21,0.0,55.194443,357730.44,0.60922825,0.60922825,35.07502,574166.4,0.390654,0.39077178,69.43883,0.7192958,0.7192958,1.0,218.00517,574137.4,403.4581,1.60746,56.032867,55.184006,0.79921895,0.9,1.0,795.02014,1.0,67.6725,68.02878,69.30473,71.09177,69.25035
2018-01-02 21:03:00,-7.189391500000001e-22,0.0,55.195324,357730.44,0.60935587,0.60935587,35.10501,574044.2,0.39053762,0.39064413,69.44283,0.71930987,0.71930987,1.0,218.08803,574016.1,403.4594,1.60746,56.03468,55.184006,0.7992334,0.9,1.0,795.14667,1.0,67.67563,68.04922,69.30792,71.07183,69.25491
2018-01-02 21:04:00,8.0719896e-23,0.0,55.196037,357730.44,0.60947686,0.60947686,35.10501,573921.06,0.3904164,0.39052314,69.44701,0.7193161,0.7193161,1.0,218.16104,573894.1,403.46066,1.60746,56.03649,55.184006,0.7992393,0.9,1.0,795.244,1.0,67.67886,68.06982,69.31122,71.052055,69.259636
2018-01-02 21:05:00,2.4504540000000003e-22,0.0,55.196754,357730.44,0.60959923,0.60959923,35.120007,573797.75,0.39029127,0.39040074,69.451294,0.7193156,0.7193156,1.0,218.22505,573772.1,403.4618,1.60746,56.038307,55.184006,0.7992378,0.9,1.0,795.3156,1.0,67.682274,68.09064,69.31473,71.03233,69.26453
2018-01-02 21:06:00,2.3130193e-21,0.0,55.19741,357730.44,0.6097258,0.6097258,35.135002,573675.3,0.3901641,0.39027423,69.45574,0.7193092,0.7193092,1.0,218.28079,573651.0,403.4628,1.60746,56.040062,55.184006,0.7992299,0.9,1.0,795.3641,1.0,67.68573,68.11168,69.31836,71.012726,69.26952
2018-01-02 21:07:00,-1.8475753000000002e-21,0.0,55.19807,357730.44,0.6098553,0.6098553,35.15,573554.44,0.39003578,0.3901447,69.4603,0.71929777,0.71929777,1.0,218.32895,573531.44,403.46378,1.60746,56.04182,55.184006,0.79921657,0.9,1.0,795.39246,1.0,67.689255,68.13283,69.32214,70.99328,69.27469
2018-01-02 21:08:00,-7.069157e-22,0.0,55.198677,357730.44,0.6099862,0.6099862,35.164997,573435.7,0.38990623,0.39001378,69.464966,0.71928215,0.71928215,1.0,218.37035,573413.94,403.46466,1.60746,56.043526,55.184006,0.7991986,0.9,1.0,795.40326,1.0,67.692825,68.15419,69.32605,70.97394,69.27996
2018-01-02 21:09:00,-1.01261625e-22,0.0,55.19928,357730.44,0.61011827,0.61011827,35.179993,573319.44,0.38977528,0.38988173,69.469696,0.7192629,0.7192629,1.0,218.40569,573299.0,403.4655,1.60746,56.045227,55.184006,0.7991768,0.9,1.0,795.3992,1.0,67.6965,68.175674,69.33011,70.95471,69.28534
2018-01-02 21:10:00,-4.449835e-22,0.0,55.19983,357730.44,0.6102513,0.6102513,35.209984,573206.06,0.38964295,0.38974872,69.47447,0.71924084,0.71924084,1.0,218.43567,573186.9,403.46628,1.60746,56.046875,55.184006,0.79915196,0.9,1.0,795.3823,1.0,67.70018,68.19726,69.33423,70.93565,69.29083
2018-01-02 21:11:00,9.612786000000001e-22,0.0,55.200325,357730.44,0.61038536,0.61038536,35.225037,573095.9,0.38950938,0.3896146,69.47936,0.71921647,0.71921647,1.0,218.4609,573077.94,403.46695,1.60746,56.048523,55.184006,0.79912454,0.9,1.0,795.3548,1.0,67.70397,68.21901,69.33852,70.9167,69.29649
2018-01-02 21:12:00,4.537034e-22,0.0,55.200817,357730.44,0.61052054,0.61052054,35.225037,572989.1,0.38937467,0.38947943,69.48431,0.7191903,0.7191903,1.0,218.48192,572972.44,403.4676,1.60746,56.05017,55.184006,0.7990953,0.9,1.0,795.3183,1.0,67.7077,68.240875,69.34291,70.89786,69.30221
2018-01-02 21:13:00,5.342209500000001e-22,0.0,55.201256,357730.44,0.61065674,0.61065674,35.240032,572886.06,0.38923895,0.38934326,69.4893,0.7191628,0.7191628,1.0,218.49925,572870.56,403.46817,1.60746,56.051765,55.184006,0.7990646,0.9,1.0,795.2746,1.0,67.7115,68.26279,69.34741,70.87918,69.30803
2018-01-02 21:14:00,-6.713465e-22,0.0,55.2017,357730.44,0.61079377,0.61079377,35.255028,572786.75,0.38910228,0.3892062,69.494354,0.7191344,0.7191344,1.0,218.51334,572772.44,403.4687,1.60746,56.0533,55.184006,0.79903287,0.9,1.0,795.2251,1.0,67.71535,68.284874,69.351974,70.86062,69.313965
2018-01-02 21:15:00,-1.0943916000000001e-21,0.0,55.20208,357730.44,0.6109317,0.6109317,35.270027,572691.44,0.3889648,0.38906834,69.49941,0.7191054,0.7191054,1.0,218.52464,572678.25,403.46918,1.60746,56.054893,55.184006,0.7990007,0.9,1.0,795.1711,1.0,67.71919,68.30696,69.35664,70.84216,69.32001
2018-01-02 21:16:00,8.562262e-22,0.0,55.202465,357730.44,0.61107033,0.61107033,35.285023,572600.06,0.38882646,0.38892967,69.50458,0.7190762,0.7190762,1.0,218.53354,572587.94,403.46964,1.60746,56.056377,55.184006,0.7989682,0.9,1.0,795.1139,1.0,67.72304,68.32915,69.36142,70.82387,69.32616
2018-01-02 21:17:00,1.2286921000000002e-22,0.0,55.202797,357730.44,0.61120975,0.61120975,35.30002,572512.7,0.38868737,0.38879028,69.509735,0.71904707,0.71904707,1.0,218.5404,572501.7,403.47,1.60746,56.057915,55.184006,0.79893583,0.9,1.0,795.0545,1.0,67.72693,68.351395,69.36626,70.80569,69.332306
2018-01-02 21:18:00,-3.1591368000000004e-22,0.0,55.203125,357730.44,0.61134976,0.61134976,35.315014,572429.44,0.38854757,0.3886502,69.51491,0.7190182,0.7190182,1.0,218.54553,572419.4,403.47037,1.60746,56.0594,55.184006,0.7989038,0.9,1.0,794.9937,1.0,67.730835,68.3737,69.3712,70.78761,69.33858
2018-01-02 21:19:00,8.284598e-22,0.0,55.203453,357730.44,0.6114905,0.6114905,35.34501,572350.1,0.3884071,0.3885095,69.52013,0.71898985,0.71898985,1.0,218.54924,572341.06,403.4707,1.60746,56.06083,55.184006,0.7988724,0.9,1.0,794.93256,1.0,67.73473,68.39606,69.376205,70.76971,69.34494
2018-01-02 21:20:00,8.1155347e-23,0.0,55.203674,357730.44,0.61162996,0.61162996,35.34501,572274.9,0.388267,0.38837004,69.52539,0.7189622,0.7189622,1.0,218.55165,572266.75,403.47098,1.60746,56.062256,55.184006,0.7988418,0.9,1.0,794.87146,1.0,67.73869,68.41841,69.381256,70.75191,69.35132
2018-01-02 21:21:00,-4.1560398000000004e-22,0.0,55.20395,357730.44,0.61177075,0.61177075,35.360004,572203.44,0.38812494,0.38822925,69.53067,0.7189354,0.7189354,1.0,218.55333,572196.2,403.47122,1.60746,56.063683,55.184006,0.7988121,0.9,1.0,794.8115,1.0,67.742584,68.44083,69.38637,70.734276,69.35774
2018-01-02 21:22:00,-3.4036536000000005e-22,0.0,55.204224,357730.44,0.6119132,0.6119132,35.375,572135.8,0.38798255,0.38808683,69.53594,0.7189095,0.7189095,1.0,218.55424,572129.5,403.47144,1.60746,56.065056,55.184006,0.79878354,0.9,1.0,794.7529,1.0,67.746544,68.46324,69.391525,70.71675,69.36423
2018-01-02 21:23:00,-3.177177e-22,0.0,55.204445,357730.44,0.6120564,0.6120564,35.389996,572072.06,0.38783988,0.38794363,69.541275,0.71888477,0.71888477,1.0,218.55463,572066.5,403.47165,1.60746,56.06643,55.184006,0.7987562,0.9,1.0,794.69617,1.0,67.7505,68.48565,69.39674,70.69934,69.37076
2018-01-02 21:24:00,-3.291606e-23,0.0,55.204662,357730.44,0.61219984,0.61219984,35.40499,572011.94,0.3876968,0.38780016,69.5466,0.71886116,0.71886116,1.0,218.55464,572007.1,403.47183,1.60746,56.067802,55.184006,0.79873013,0.9,1.0,794.64166,1.0,67.754456,68.50806,69.40207,70.68204,69.37735
2018-01-02 21:25:00,-1.9117265e-23,0.0,55.20488,357730.44,0.6123436,0.6123436,35.41999,571955.3,0.38755322,0.3876564,69.55199,0.7188388,0.7188388,1.0,218.55444,571951.25,403.472,1.60746,56.069176,55.184006,0.79870546,0.9,1.0,794.58984,1.0,67.75841,68.53042,69.4074,70.6649,69.38394
2018-01-02 21:26:00,7.913093e-22,0.0,55.2051,357730.44,0.61248773,0.61248773,35.434986,571902.1,0.38740918,0.3875123,69.557365,0.7188177,0.7188177,1.0,218.5542,571898.75,403.4721,1.60746,56.070496,55.184006,0.7986823,0.9,1.0,794.54083,1.0,67.76242,68.552826,69.412735,70.64792,69.390594
2018-01-02 21:27:00,5.871010300000001e-22,0.0,55.20527,357730.44,0.6126322,0.6126322,35.465034,571852.25,0.38726476,0.38736778,69.562744,0.718798,0.718798,1.0,218.55399,571849.56,403.47223,1.60746,56.071815,55.184006,0.7986605,0.9,1.0,794.495,1.0,67.76637,68.57519,69.41817,70.631004,69.39724
2018-01-02 21:28:00,6.978107e-22,0.0,55.20543,357730.44,0.6127771,0.6127771,35.465034,571805.6,0.38711995,0.3872229,69.56813,0.7187796,0.7187796,1.0,218.55391,571803.44,403.47232,1.60746,56.073074,55.184006,0.7986403,0.9,1.0,794.45233,1.0,67.77044,68.59755,69.42361,70.61425,69.403946
2018-01-02 21:29:00,-3.2211533e-22,0.0,55.205597,357730.44,0.61292285,0.61292285,35.48003,571761.94,0.38697457,0.38707718,69.57357,0.7187626,0.7187626,1.0,218.55411,571760.44,403.4724,1.60746,56.07434,55.184006,0.7986216,0.9,1.0,794.41315,1.0,67.774445,68.6198,69.4291,70.59761,69.410645
2018-01-02 21:30:00,1.9303544e-21,0.0,55.20576,357730.44,0.6130685,0.6130685,35.495026,571721.3,0.38682926,0.38693145,69.57901,0.71874696,0.71874696,1.0,218.55453,571720.3,403.47247,1.60746,56.075603,55.184006,0.7986044,0.9,1.0,794.37744,1.0,67.77852,68.64209,69.43459,70.58113,69.41734
2018-01-02 21:31:00,9.308062e-22,0.0,55.20587,357730.44,0.6132142,0.6132142,35.51002,571683.25,0.38668224,0.38678584,69.58444,0.7187328,0.7187328,1.0,218.55551,571682.8,403.47253,1.60746,56.076866,55.184006,0.7985888,0.9,1.0,794.34546,1.0,67.782524,68.66429,69.44014,70.56476,69.42404
2018-01-02 21:32:00,1.6125947e-21,0.0,55.206036,357730.44,0.6133613,0.6133613,35.525017,571648.0,0.3865357,0.38663873,69.58989,0.71871984,0.71871984,1.0,218.55681,571648.06,403.47256,1.60746,56.078133,55.184006,0.79857475,0.9,1.0,794.31696,1.0,67.78659,68.686424,69.445694,70.54849,69.4308
2018-01-02 21:33:00,1.0806706e-21,0.0,55.2062,357730.44,0.6135093,0.6135093,35.540016,571615.3,0.38638964,0.3864907,69.59538,0.7187083,0.7187083,1.0,218.55847,571615.8,403.4726,1.60746,56.079338,55.184006,0.79856205,0.9,1.0,794.292,1.0,67.79071,68.70851,69.45123,70.53235,69.4375
2018-01-02 21:34:00,4.523722e-22,0.0,55.20631,357730.44,0.6136567,0.6136567,35.55501,571585.2,0.38624352,0.3863433,69.600876,0.718698,0.718698,1.0,218.56062,571586.0,403.47263,1.60746,56.080547,55.184006,0.79855084,0.9,1.0,794.27045,1.0,67.79483,68.73053,69.45684,70.51636,69.44426
2018-01-02 21:35:00,1.0738811000000001e-21,0.0,55.20642,357730.44,0.6138037,0.6138037,35.585003,571557.2,0.38609684,0.3861963,69.60637,0.7186891,0.7186891,1.0,218.56332,571558.44,403.4727,1.60746,56.081703,55.184006,0.79854107,0.9,1.0,794.2527,1.0,67.799,68.7525,69.46245,70.50049,69.45096
2018-01-02 21:36:00,6.8564306e-23,0.0,55.206528,357730.44,0.6139509,0.6139509,35.585003,571531.4,0.3859496,0.38604906,69.61191,0.7186814,0.7186814,1.0,218.5666,571532.94,403.4727,1.60746,56.08291,55.184006,0.7985327,0.9,1.0,794.23834,1.0,67.80318,68.77443,69.4681,70.484726,69.45772
2018-01-02 21:37:00,1.0389931e-21,0.0,55.206642,357730.44,0.6140984,0.6140984,35.6,571507.5,0.38580146,0.38590154,69.61746,0.71867496,0.71867496,1.0,218.57051,571509.44,403.4727,1.60746,56.08406,55.184006,0.79852575,0.9,1.0,794.2276,1.0,67.80736,68.796234,69.47371,70.46907,69.46442
2018-01-02 21:38:00,-1.0469729000000001e-22,0.0,55.20675,357730.44,0.6142464,0.6142464,35.614998,571485.7,0.38565373,0.38575357,69.62301,0.71866965,0.71866965,1.0,218.57492,571487.8,403.4727,1.60746,56.085217,55.184006,0.79852,0.9,1.0,794.2201,1.0,67.811584,68.817986,69.47936,70.453575,69.47112
2018-01-02 21:39:00,-3.5530346e-23,0.0,55.206802,357730.44,0.6143945,0.6143945,35.629993,571465.6,0.38550574,0.3856055,69.628555,0.71866554,0.71866554,1.0,218.57991,571468.06,403.4727,1.60746,56.086372,55.184006,0.7985156,0.9,1.0,794.2158,1.0,67.81581,68.83963,69.48497,70.438194,69.47783
2018-01-02 21:40:00,8.310337400000001e-22,0.0,55.20686,357730.44,0.6145409,0.6145409,35.64499,571447.1,0.3853561,0.38545913,69.63411,0.71866256,0.71866256,1.0,218.58563,571449.9,403.4727,1.60746,56.08747,55.184006,0.79851246,0.9,1.0,794.2151,1.0,67.8201,68.86122,69.49062,70.42293,69.48453
2018-01-02 21:41:00,-4.155263e-22,0.0,55.20697,357730.44,0.6146905,0.6146905,35.659985,571430.3,0.38520718,0.38530952,69.63971,0.7186606,0.7186606,1.0,218.59184,571433.3,403.4727,1.60746,56.088623,55.184006,0.79851043,0.9,1.0,794.21716,1.0,67.82439,68.882645,69.496,70.40776,69.49117
2018-01-02 21:42:00,-6.925222000000001e-22,0.0,55.207077,357730.44,0.61484075,0.61484075,35.675037,571415.06,0.38505867,0.38515925,69.64531,0.7186596,0.7186596,1.0,218.59854,571418.25,403.47263,1.60746,56.08972,55.184006,0.7985095,0.9,1.0,794.22217,1.0,67.82872,68.90401,69.50139,70.39276,69.49782
2018-01-02 21:43:00,5.8158956e-22,0.0,55.207134,357730.44,0.6149901,0.6149901,35.70503,571401.2,0.38491,0.38500986,69.65091,0.7186596,0.7186596,1.0,218.60579,571404.6,403.4726,1.60746,56.09082,55.184006,0.7985096,0.9,1.0,794.23,1.0,67.83306,68.92522,69.506775,70.377884,69.50441
2018-01-02 21:44:00,8.2063584e-23,0.0,55.207245,357730.44,0.615139,0.615139,35.70503,571388.6,0.38476086,0.384861,69.65652,0.71866053,0.71866053,1.0,218.61362,571392.2,403.4726,1.60746,56.09192,55.184006,0.7985108,0.9,1.0,794.24054,1.0,67.837456,68.946304,69.51221,70.3631,69.51106
2018-01-02 21:45:00,7.440457300000001e-22,0.0,55.2073,357730.44,0.6152882,0.6152882,35.720024,571377.25,0.3846113,0.3847118,69.662125,0.7186623,0.7186623,1.0,218.62201,571380.94,403.47256,1.60746,56.092964,55.184006,0.79851294,0.9,1.0,794.25385,1.0,67.84185,68.967285,69.51759,70.348434,69.51759
2018-01-02 21:46:00,4.698799400000001e-22,0.0,55.20735,357730.44,0.61543787,0.61543787,35.735023,571366.94,0.38446158,0.38456213,69.66778,0.718665,0.718665,1.0,218.63094,571370.8,403.47253,1.60746,56.094063,55.184006,0.798516,0.9,1.0,794.2696,1.0,67.8463,68.98811,69.52303,70.33394,69.52413
2018-01-02 21:47:00,-1.1807393e-21,0.0,55.20741,357730.44,0.61558783,0.61558783,35.75002,571357.8,0.3843117,0.38441217,69.67343,0.7186684,0.7186684,1.0,218.64034,571361.75,403.47253,1.60746,56.095104,55.184006,0.7985199,0.9,1.0,794.2877,1.0,67.8508,69.00882,69.52841,70.31949,69.53067
2018-01-02 21:48:00,-4.4108856e-22,0.0,55.207466,357730.44,0.6157379,0.6157379,35.765015,571349.56,0.38416165,0.38426208,69.67904,0.71867263,0.71867263,1.0,218.65024,571353.7,403.4725,1.60746,56.096146,55.184006,0.7985247,0.9,1.0,794.30817,1.0,67.85531,69.02936,69.53386,70.30521,69.537155
2018-01-02 21:49:00,-9.42452e-22,0.0,55.20752,357730.44,0.6158881,0.6158881,35.78001,571342.2,0.38401142,0.38411188,69.68469,0.7186775,0.7186775,1.0,218.66061,571346.44,403.47247,1.60746,56.09719,55.184006,0.7985302,0.9,1.0,794.33075,1.0,67.85986,69.04974,69.53924,70.29109,69.54363
2018-01-02 21:50:00,-2.7592317000000005e-22,0.0,55.207573,357730.44,0.6160385,0.6160385,35.810005,571335.7,0.38386095,0.3839615,69.690414,0.71868306,0.71868306,1.0,218.67145,571340.06,403.47244,1.60746,56.098183,55.184006,0.7985365,0.9,1.0,794.3553,1.0,67.864426,69.07001,69.54462,70.27702,69.550064
2018-01-02 21:51:00,-1.8557343e-21,0.0,55.207626,357730.44,0.616189,0.616189,35.810005,571330.0,0.38371032,0.383811,69.69607,0.71868926,0.71868926,1.0,218.6827,571334.44,403.4724,1.60746,56.099224,55.184006,0.79854345,0.9,1.0,794.38184,1.0,67.86904,69.09006,69.55,70.26312,69.55643
2018-01-02 21:52:00,1.4608033e-21,0.0,55.207684,357730.44,0.6163398,0.6163398,35.825,571324.9,0.38355955,0.38366023,69.70172,0.718696,0.718696,1.0,218.69437,571329.44,403.47238,1.60746,56.100212,55.184006,0.7985511,0.9,1.0,794.41016,1.0,67.87366,69.11,69.55539,70.249344,69.562805
2018-01-02 21:53:00,4.0401997000000003e-22,0.0,55.20774,357730.44,0.61649066,0.61649066,35.839996,571320.56,0.38340858,0.3835093,69.70744,0.7187033,0.7187033,1.0,218.70644,571325.06,403.47235,1.60746,56.101204,55.184006,0.79855925,0.9,1.0,794.4402,1.0,67.87833,69.129776,69.560715,70.23566,69.56912
2018-01-02 21:54:00,6.377651400000001e-22,0.0,55.20774,357730.44,0.6166417,0.6166417,35.854992,571316.75,0.38325748,0.38335827,69.7131,0.7187112,0.7187112,1.0,218.71887,571321.4,403.47235,1.60746,56.10219,55.184006,0.79856807,0.9,1.0,794.47186,1.0,67.88305,69.14934,69.5661,70.22215,69.57538
2018-01-02 21:55:00,8.451055e-22,0.0,55.207794,357730.44,0.61679286,0.61679286,35.869987,571313.44,0.3831062,0.38320714,69.71881,0.7187195,0.7187195,1.0,218.73167,571318.2,403.47232,1.60746,56.10318,55.184006,0.79857737,0.9,1.0,794.5049,1.0,67.88783,69.16878,69.57143,70.20874,69.58165
2018-01-02 21:56:00,-1.9339707e-21,0.0,55.207848,357730.44,0.61694384,0.61694384,35.884987,571310.7,0.38295475,0.38305616,69.72452,0.71872824,0.71872824,1.0,218.74478,571315.44,403.4723,1.60746,56.104168,55.184006,0.79858714,0.9,1.0,794.5395,1.0,67.89255,69.188,69.576706,70.19551,69.58785
2018-01-02 21:57:00,-1.4701883e-21,0.0,55.207848,357730.44,0.6170952,0.6170952,35.900036,571308.4,0.38280317,0.3829048,69.73024,0.7187374,0.7187374,1.0,218.75821,571313.1,403.47226,1.60746,56.105103,55.184006,0.7985974,0.9,1.0,794.5753,1.0,67.897385,69.20706,69.58203,70.18237,69.59401
2018-01-02 21:58:00,-3.6663006000000003e-22,0.0,55.2079,357730.44,0.61724687,0.61724687,35.93003,571306.5,0.3826515,0.38275316,69.73595,0.71874696,0.71874696,1.0,218.77194,571311.3,403.47226,1.60746,56.10609,55.184006,0.79860806,0.9,1.0,794.61237,1.0,67.90222,69.22597,69.5873,70.16936,69.6001
2018-01-02 21:59:00,1.5140221000000002e-22,0.0,55.20796,357730.44,0.6173986,0.6173986,35.945026,571304.94,0.38249975,0.38260138,69.74166,0.71875685,0.71875685,1.0,218.78593,571309.8,403.47223,1.60746,56.107025,55.184006,0.7986191,0.9,1.0,794.65045,1.0,67.907104,69.244644,69.592575,70.15645,69.6062
2018-01-02 22:00:00,-4.2696475e-23,0.0,55.20796,357730.44,0.6175505,0.6175505,35.945026,571303.8,0.38234785,0.38244954,69.747375,0.7187671,0.7187671,1.0,218.80019,571308.6,403.4722,1.60746,56.107956,55.184006,0.79863054,0.9,1.0,794.6896,1.0,67.91205,69.26315,69.597855,70.14371,69.61224
2018-01-02 22:01:00,-9.199372e-22,0.0,55.20807,357730.44,0.61770433,0.61770433,35.960022,571303.06,0.38219723,0.3822957,69.75308,0.7187776,0.7187776,1.0,218.81454,571307.8,403.47217,1.60746,56.108894,55.184006,0.7986422,0.9,1.0,794.72955,1.0,67.91699,69.281494,69.60307,70.13113,69.618225
2018-01-02 22:02:00,-2.390292e-20,0.0,56.073463,357730.44,0.0,0.0,35.893993,0.006250282,0.9383491,1.0,69.331024,2.0472285e-06,2.0472285e-06,0.0,9.011774000000001e-17,-0.0053473837,401.865,1.60746,56.073463,55.184006,0.0,0.9,0.0,-1.6537143e-16,0.0,68.403366,69.34533,69.53929,69.810715,69.55643
2018-01-02 22:03:00,-4.818361400000001e-22,0.0,56.073463,357730.44,0.0,0.0,35.828022,1.1619784e-06,0.99774265,1.0,69.33229,-1.7454756e-13,-1.7454756e-13,0.0,-1.6492730000000002e-23,-9.4122987e-07,401.865,1.60746,56.073463,55.184006,0.0,0.9,0.0,-4.9276437000000005e-26,0.0,68.4194,69.33917,69.53528,69.8145,69.553085
2018-01-02 22:04:00,-1.8721977e-23,0.0,56.073463,357730.44,0.0,0.0,35.761993,-2.3239568e-06,0.9999337,1.0,69.36046,3.552078e-18,3.552078e-18,0.0,-2.9682097e-23,4.570873e-06,401.865,1.60746,56.073463,55.184006,0.0,0.9,0.0,-1.8468455000000002e-24,0.0,68.58107,69.33478,69.528915,69.810104,69.547424
2018-01-02 22:05:00,-4.6298445e-23,0.0,56.073463,357730.44,0.0,0.0,35.696022,-1.1619784e-06,0.9999982,1.0,69.378174,9.279824000000001e-22,9.279824000000001e-22,0.0,-1.096345e-24,-8.107894e-06,401.865,1.60746,56.073463,55.184006,0.0,0.9,0.0,-1.9544479e-24,0.0,68.69043,69.33034,69.5226,69.80577,69.54176
2018-01-02 22:06:00,-5.670269e-24,0.0,56.073463,357730.44,0.0,0.0,35.629993,-1.1619784e-06,0.99999994,1.0,69.398,-6.573166e-25,-6.573166e-25,0.0,-4.9721212e-23,-1.2527997e-06,401.865,1.60746,56.073463,55.184006,0.0,0.9,0.0,-7.2637066e-24,0.0,68.810295,69.32588,69.51628,69.80148,69.5361
2018-01-02 22:07:00,1.8462502e-23,0.0,56.073463,357730.44,0.0,0.0,35.497993,-3.4859352e-06,1.0,1.0,69.416115,5.4748314000000005e-28,5.4748314000000005e-28,0.0,-8.537155e-25,3.2327198e-06,401.865,1.60746,56.073463,55.184006,0.0,0.9,0.0,-1.0077736e-23,0.0,68.921585,69.321434,69.509964,69.79709,69.5305
2018-01-02 22:08:00,-8.680611e-25,0.0,56.073463,357730.44,0.0,0.0,35.497993,1.1619784e-06,1.0,1.0,69.43372,1.0155751e-30,1.0155751e-30,0.0,-4.487154e-23,2.0567845e-06,401.865,1.60746,56.073463,55.184006,0.0,0.9,0.0,-8.886779e-25,0.0,69.03046,69.316986,69.503586,69.79275,69.52484
2018-01-02 22:09:00,1.600355e-23,0.0,56.073463,357730.44,0.0,0.0,35.43202,1.1619784e-06,1.0,1.0,69.45055,3.8412804e-33,3.8412804e-33,0.0,-1.4490778e-22,3.9656443e-06,401.865,1.60746,56.073463,55.184006,0.0,0.9,0.0,-8.361229e-25,0.0,69.135376,69.312485,69.49727,69.78835,69.51924
2018-01-02 22:10:00,1.7383245e-25,0.0,56.073463,357730.44,0.0,0.0,35.36599,-2.3239568e-06,1.0,1.0,69.46673,1.9418199999999998e-39,1.9418199999999998e-39,0.0,-1.1349444e-23,4.213585e-06,401.865,1.60746,56.073463,55.184006,0.0,0.9,0.0,-8.254076499999999e-25,0.0,69.23717,69.30803,69.4909,69.78396,69.51358
2018-01-02 22:11:00,5.1200108e-26,0.0,56.073463,357730.44,0.0,0.0,35.30002,1.1619784e-06,1.0,1.0,69.48227,1.0000000000000001e-45,1.0000000000000001e-45,0.0,-7.660248e-24,-2.0690093e-06,401.865,1.60746,56.073463,55.184006,0.0,0.9,0.0,-6.220676e-26,0.0,69.33572,69.30353,69.48458,69.779564,69.50793
2018-01-02 22:12:00,1.6254823e-26,0.0,56.073463,357730.44,0.0,0.0,35.23399,1.1619784e-06,1.0,1.0,69.49717,0.0,0.0,0.0,-3.4399956000000004e-24,-2.1202654e-06,401.865,1.60746,56.073463,55.184006,0.0,0.9,0.0,-1.4762017e-24,0.0,69.431244,69.29903,69.47821,69.775116,69.50227
2018-01-02 22:13:00,8.992809e-26,0.0,56.073463,357730.44,0.0,0.0,35.16802,-2.3239568e-06,1.0,1.0,69.511505,0.0,0.0,0.0,-3.599704e-24,3.6862507e-06,401.865,1.60746,56.073463,55.184006,0.0,0.9,0.0,-1.7471970000000001e-25,0.0,69.52386,69.29452,69.47189,69.77066,69.49661
2018-01-02 22:14:00,-6.462356e-26,0.0,56.073463,357730.44,0.0,0.0,35.10199,-1.1619784e-06,1.0,1.0,69.52531,0.0,0.0,0.0,-5.4061225e-23,7.0085616e-06,401.865,1.60746,56.073463,55.184006,0.0,0.9,0.0,-2.0087337e-24,0.0,69.61367,69.29007,69.465576,69.76622,69.49095
2018-01-02 22:15:00,-2.9193860000000002e-25,0.0,56.073463,357730.44,0.0,0.0,34.96999,1.1619784e-06,1.0,1.0,69.53853,0.0,0.0,0.0,-5.0493437e-23,-8.2877204e-07,401.865,1.60746,56.073463,55.184006,0.0,0.9,0.0,-4.419617000000001e-25,0.0,69.70085,69.28557,69.4592,69.761765,69.485245
2018-01-02 22:16:00,-9.156254e-27,0.0,56.073463,357730.44,0.0,0.0,34.96999,-2.3239568e-06,1.0,1.0,69.551285,0.0,0.0,0.0,-1.717876e-23,-2.1692051e-06,401.865,1.60746,56.073463,55.184006,0.0,0.9,0.0,-1.8990135000000001e-26,0.0,69.78555,69.28106,69.45288,69.75732,69.47958
2018-01-02 22:17:00,3.2659292999999997e-25,0.0,56.073463,357730.44,0.0,0.0,34.904015,-2.3239568e-06,1.0,1.0,69.56352,0.0,0.0,0.0,-1.4470482000000002e-22,1.3745577e-06,401.865,1.60746,56.073463,55.184006,0.0,0.9,0.0,-7.3672e-27,0.0,69.86784,69.27655,69.44656,69.75281,69.47387
2018-01-02 22:18:00,5.8494585e-26,0.0,56.073463,357730.44,0.0,0.0,34.83799,1.1619784e-06,1.0,1.0,69.57533,0.0,0.0,0.0,-1.9248744e-24,-3.2049227e-06,401.865,1.60746,56.073463,55.184006,0.0,0.9,0.0,-4.4851775e-24,0.0,69.947815,69.27205,69.44025,69.74837,69.468155
2018-01-02 22:19:00,1.9629085e-25,0.0,56.073463,357730.44,0.0,0.0,34.772015,-2.3239568e-06,1.0,1.0,69.586685,0.0,0.0,0.0,-4.2637396e-23,-9.33523e-07,401.865,1.60746,56.073463,55.184006,0.0,0.9,0.0,-1.7836743e-25,0.0,70.025604,69.26755,69.43393,69.74386,69.462494
2018-01-02 22:20:00,2.7282656e-26,0.0,56.073463,357730.44,0.0,0.0,34.705986,-1.1619784e-06,1.0,1.0,69.59761,0.0,0.0,0.0,-2.9292720000000004e-23,-8.665019e-07,401.865,1.60746,56.073463,55.184006,0.0,0.9,0.0,-7.761037e-27,0.0,70.10124,69.26305,69.42761,69.73935,69.45679
2018-01-02 22:21:00,1.7446564000000003e-27,0.0,56.073463,357730.44,0.0,0.0,34.640015,-1.1619784e-06,1.0,1.0,69.60812,0.0,0.0,0.0,-1.4882728999999998e-23,8.78e-07,401.865,1.60746,56.073463,55.184006,0.0,0.9,0.0,-6.006280000000001e-26,0.0,70.17485,69.25854,69.421295,69.73485,69.45107
2018-01-02 22:22:00,9.6514365e-26,0.0,56.073463,357730.44,0.0,0.0,34.508015,-1.1619784e-06,1.0,1.0,69.61826,0.0,0.0,0.0,-8.6073694e-24,-1.539079e-05,401.865,1.60746,56.073463,55.184006,0.0,0.9,0.0,-7.02198e-24,0.0,70.24654,69.25403,69.41504,69.73035,69.44536
2018-01-02 22:23:00,-3.6993080000000003e-25,0.0,56.073463,357730.44,0.0,0.0,34.441986,-1.1619784e-06,1.0,1.0,69.62804,0.0,0.0,0.0,-6.2198754e-23,1.5719379e-05,401.865,1.60746,56.073463,55.184006,0.0,0.9,0.0,-3.6802972e-24,0.0,70.31636,69.24953,69.408775,69.725845,69.4397
2018-01-02 22:24:00,6.564218e-26,0.0,56.073463,357730.44,0.0,0.0,34.441986,1.1619784e-06,1.0,1.0,69.63746,0.0,0.0,0.0,-4.7641667e-25,-2.4250232e-06,401.865,1.60746,56.073463,55.184006,0.0,0.9,0.0,-2.9162935e-25,0.0,70.384415,69.245026,69.40251,69.72134,69.43399
2018-01-02 22:25:00,-1.4123055999999998e-25,0.0,56.073463,357730.44,0.0,0.0,34.376015,1.1619784e-06,1.0,1.0,69.64651,0.0,0.0,0.0,-1.7150594999999998e-23,-9.659358e-06,401.865,1.60746,56.073463,55.184006,0.0,0.9,0.0,-8.092814e-24,0.0,70.45067,69.240524,69.396255,69.71683,69.428276
2018-01-02 22:26:00,-7.696976000000001e-25,0.0,56.073463,357730.44,0.0,0.0,34.309986,-1.1619784e-06,1.0,1.0,69.65525,0.0,0.0,0.0,-2.3699513e-23,8.652736e-06,401.865,1.60746,56.073463,55.184006,0.0,0.9,0.0,-9.778153400000001e-26,0.0,70.51532,69.236015,69.389984,69.712326,69.42262
2018-01-02 22:27:00,6.1620524e-25,0.0,56.073463,357730.44,0.0,0.0,34.24401,1.1619784e-06,1.0,1.0,69.663666,0.0,0.0,0.0,-9.9814545e-23,-2.7283525e-06,401.865,1.60746,56.073463,55.184006,0.0,0.9,0.0,-7.0602647e-25,0.0,70.57832,69.23151,69.38378,69.707825,69.4169
2018-01-02 22:28:00,-7.4779946e-26,0.0,56.073463,357730.44,0.0,0.0,34.177986,1.1619784e-06,1.0,1.0,69.671814,0.0,0.0,0.0,-1.22470766e-23,5.8142714e-06,401.865,1.60746,56.073463,55.184006,0.0,0.9,0.0,-2.6766382999999997e-25,0.0,70.63985,69.227066,69.37758,69.70332,69.41125
2018-01-02 22:29:00,-1.4975675e-25,0.0,56.073463,357730.44,0.0,0.0,34.11201,0.0,1.0,1.0,69.67965,0.0,0.0,0.0,-8.464234e-24,-3.7439336e-06,401.865,1.60746,56.073463,55.184006,0.0,0.9,0.0,-3.8161324e-24,0.0,70.69989,69.22256,69.37137,69.698814,69.405594
2018-01-02 22:30:00,-4.7201203000000005e-26,0.0,56.073463,357730.44,0.0,0.0,33.98001,-2.3239568e-06,1.0,1.0,69.68719,0.0,0.0,0.0,-4.9379208000000005e-26,3.7678012e-06,401.865,1.60746,56.073463,55.184006,0.0,0.9,0.0,-3.311153e-24,0.0,70.7585,69.21805,69.36522,69.69426,69.39993
2018-01-02 22:31:00,1.1341009500000001e-26,0.0,56.073463,357730.44,0.0,0.0,33.91404,0.0,1.0,1.0,69.69447,0.0,0.0,0.0,-3.6392413e-23,-6.466972e-06,401.865,1.60746,56.073463,55.184006,0.0,0.9,0.0,-4.0257654999999996e-25,0.0,70.815796,69.21361,69.35901,69.68975,69.39422
2018-01-02 22:32:00,2.450273e-26,0.0,56.073463,357730.44,0.0,0.0,33.91404,-1.1619784e-06,1.0,1.0,69.70152,0.0,0.0,0.0,-5.839175499999999e-25,4.460389e-06,401.865,1.60746,56.073463,55.184006,0.0,0.9,0.0,-7.043563e-27,0.0,70.87172,69.20915,69.352905,69.68524,69.38861
2018-01-02 22:33:00,1.4092122e-25,0.0,56.073463,357730.44,0.0,0.0,33.84801,-1.1619784e-06,1.0,1.0,69.7083,0.0,0.0,0.0,-6.5193945e-25,-1.0124675e-06,401.865,1.60746,56.073463,55.184006,0.0,0.9,0.0,-1.422484e-25,0.0,70.92638,69.20465,69.346756,69.68074,69.38296
2018-01-02 22:34:00,-4.3842510000000005e-25,0.0,56.073463,357730.44,0.0,0.0,33.782036,0.0,1.0,1.0,69.71486,0.0,0.0,0.0,-4.902595e-24,1.7854114e-06,401.865,1.60746,56.073463,55.184006,0.0,0.9,0.0,-1.8788334e-24,0.0,70.97982,69.200195,69.34066,69.67629,69.377304
2018-01-02 22:35:00,2.3760749000000002e-27,0.0,56.073463,357730.44,0.0,0.0,33.71601,2.3239568e-06,1.0,1.0,69.72118,0.0,0.0,0.0,-1.2436582e-23,1.9162504e-05,401.865,1.60746,56.073463,55.184006,0.0,0.9,0.0,-3.861398e-24,0.0,71.03212,69.195755,69.334564,69.67178,69.3717
2018-01-02 22:36:00,-8.111985e-26,0.0,56.073463,357730.44,0.0,0.0,33.650036,-1.1619784e-06,1.0,1.0,69.72728,0.0,0.0,0.0,-1.0645877e-23,-1.5641864e-06,401.865,1.60746,56.073463,55.184006,0.0,0.9,0.0,-1.0795134e-24,0.0,71.08325,69.1913,69.32846,69.66728,69.36609
2018-01-02 22:37:00,-1.7917768e-26,0.0,56.073463,357730.44,0.0,0.0,33.584007,0.0,1.0,1.0,69.73315,0.0,0.0,0.0,-2.6588326e-23,-1.2647948e-06,401.865,1.60746,56.073463,55.184006,0.0,0.9,0.0,-3.3706786e-25,0.0,71.1333,69.18685,69.32237,69.66278,69.360435
2018-01-02 22:38:00,8.690642999999999e-26,0.0,56.073463,357730.44,0.0,0.0,33.518036,0.0,1.0,1.0,69.73884,0.0,0.0,0.0,-5.9115479999999995e-30,-1.5544545e-06,401.865,1.60746,56.073463,55.184006,0.0,0.9,0.0,-1.3232729499999999e-24,0.0,71.18224,69.1824,69.31633,69.658325,69.35489
2018-01-02 22:39:00,-5.479014e-26,0.0,56.073463,357730.44,0.0,0.0,33.386036,1.1619784e-06,1.0,1.0,69.74434,0.0,0.0,0.0,-5.2346803e-25,2.8131537e-06,401.865,1.60746,56.073463,55.184006,0.0,0.9,0.0,-1.4341512000000001e-24,0.0,71.230194,69.17801,69.31033,69.653824,69.34929
2018-01-02 22:40:00,3.482809e-26,0.0,56.073463,357730.44,0.0,0.0,33.386036,-2.3239568e-06,1.0,1.0,69.74962,0.0,0.0,0.0,-1.5531910000000002e-23,2.6794028e-06,401.865,1.60746,56.073463,55.184006,0.0,0.9,0.0,-2.3596546000000003e-26,0.0,71.27716,69.17355,69.30429,69.649376,69.343735
2018-01-02 22:41:00,1.4615873e-26,0.0,56.073463,357730.44,0.0,0.0,33.320007,0.0,1.0,1.0,69.75472,0.0,0.0,0.0,-2.5070548e-24,2.5164761e-06,401.865,1.60746,56.073463,55.184006,0.0,0.9,0.0,-9.482911e-25,0.0,71.32314,69.16916,69.29831,69.64487,69.338135
2018-01-02 22:42:00,1.0166865000000001e-26,0.0,56.073463,357730.44,0.0,0.0,33.254036,-1.1619784e-06,1.0,1.0,69.75966,0.0,0.0,0.0,-1.12668615e-24,-4.7945587e-06,401.865,1.60746,56.073463,55.184006,0.0,0.9,0.0,-3.8200463000000004e-24,0.0,71.36819,69.164764,69.29232,69.64043,69.33258
2018-01-02 22:43:00,6.9764524e-27,0.0,56.073463,357730.44,0.0,0.0,33.188007,1.1619784e-06,1.0,1.0,69.76442,0.0,0.0,0.0,-4.8372793e-25,-3.6640872e-06,401.865,1.60746,56.073463,55.184006,0.0,0.9,0.0,-3.139338e-25,0.0,71.41229,69.16037,69.28639,69.63597,69.32709
2018-01-02 22:44:00,-5.6291373e-27,0.0,56.073463,357730.44,0.0,0.0,33.122032,-1.1619784e-06,1.0,1.0,69.769005,0.0,0.0,0.0,-4.511469e-24,-3.8189486e-07,401.865,1.60746,56.073463,55.184006,0.0,0.9,0.0,-4.7865522e-27,0.0,71.45553,69.155975,69.28046,69.63152,69.32155
2018-01-02 22:45:00,1.0230517999999999e-25,0.0,56.073463,357730.44,0.0,0.0,33.056007,-1.1619784e-06,1.0,1.0,69.773415,0.0,0.0,0.0,-8.60289e-24,7.934711e-06,401.865,1.60746,56.073463,55.184006,0.0,0.9,0.0,-1.7541623999999999e-25,0.0,71.49788,69.15158,69.27452,69.627014,69.316055
2018-01-02 22:46:00,-6.555130000000001e-28,0.0,56.073463,357730.44,0.0,0.0,32.924004,1.1619784e-06,1.0,1.0,69.77767,0.0,0.0,0.0,-1.1391244e-24,-4.7188514e-06,401.865,1.60746,56.073463,55.184006,0.0,0.9,0.0,-9.767617e-25,0.0,71.53941,69.14725,69.268585,69.622574,69.31056
2018-01-02 22:47:00,4.3687182e-26,0.0,56.073463,357730.44,0.0,0.0,32.858032,-1.1619784e-06,1.0,1.0,69.78179,0.0,0.0,0.0,-6.501499000000001e-27,-6.832248e-06,401.865,1.60746,56.073463,55.184006,0.0,0.9,0.0,-1.4383017e-26,0.0,71.58011,69.14285,69.26271,69.61818,69.305115
2018-01-02 22:48:00,7.403391999999999e-26,0.0,56.073463,357730.44,0.0,0.0,32.858032,1.1619784e-06,1.0,1.0,69.78575,0.0,0.0,0.0,-3.6128036000000003e-26,4.838187e-06,401.865,1.60746,56.073463,55.184006,0.0,0.9,0.0,-3.0941950000000003e-25,0.0,71.62005,69.13851,69.256836,69.61372,69.29962
2018-01-02 22:49:00,5.0990070000000005e-27,0.0,56.073463,357730.44,0.0,0.0,32.792004,-2.3239568e-06,1.0,1.0,69.78957,0.0,0.0,0.0,-1.0018832400000001e-25,-8.495767e-07,401.865,1.60746,56.073463,55.184006,0.0,0.9,0.0,-2.7481712999999997e-25,0.0,71.65927,69.13417,69.25096,69.609276,69.29419
2018-01-02 22:50:00,-2.8826986999999996e-25,0.0,56.073463,357730.44,0.0,0.0,32.726032,-2.3239568e-06,1.0,1.0,69.79326,0.0,0.0,0.0,-1.9723543e-25,3.8707844e-06,401.865,1.60746,56.073463,55.184006,0.0,0.9,0.0,-1.8170891e-25,0.0,71.69766,69.12988,69.24513,69.60483,69.2888
2018-01-02 22:51:00,4.5070076000000004e-26,0.0,56.073463,357730.44,0.0,0.0,32.660004,1.1619784e-06,1.0,1.0,69.796814,0.0,0.0,0.0,-3.0451552e-23,5.8801684e-06,401.865,1.60746,56.073463,55.184006,0.0,0.9,0.0,-1.3454823e-24,0.0,71.735405,69.12555,69.23931,69.60043,69.28337
2018-01-02 22:52:00,1.0966599e-24,0.0,56.073463,357730.44,0.0,0.0,32.594032,-1.1619784e-06,1.0,1.0,69.800224,0.0,0.0,0.0,-5.0874734e-25,-3.5317041e-06,401.865,1.60746,56.073463,55.184006,0.0,0.9,0.0,-1.3653732000000001e-24,0.0,71.77243,69.12126,69.23349,69.59598,69.277985
2018-01-02 22:53:00,-5.2227780000000005e-25,0.0,56.073463,357730.44,0.0,0.0,32.528004,-1.1619784e-06,1.0,1.0,69.80351,0.0,0.0,0.0,-3.389167e-25,-2.9636615e-06,401.865,1.60746,56.073463,55.184006,0.0,0.9,0.0,-8.942200000000001e-25,0.0,71.80874,69.116974,69.22766,69.59154,69.27266
2018-01-02 22:54:00,-2.4641326e-26,0.0,56.073463,357730.44,0.0,0.0,32.46203,0.0,1.0,1.0,69.80667,0.0,0.0,0.0,-1.7700807e-23,3.3357746e-06,401.865,1.60746,56.073463,55.184006,0.0,0.9,0.0,-4.2649217e-24,0.0,71.84439,69.11269,69.22185,69.58714,69.26727
2018-01-02 22:55:00,2.442716e-25,0.0,56.073463,357730.44,0.0,0.0,32.33003,1.1619784e-06,1.0,1.0,69.80973,0.0,0.0,0.0,-9.356274000000001e-27,3.936717e-06,401.865,1.60746,56.073463,55.184006,0.0,0.9,0.0,-2.656328e-25,0.0,71.87944,69.10846,69.21608,69.58269,69.26195
2018-01-02 22:56:00,-1.6966213000000002e-26,0.0,56.073463,357730.44,0.0,0.0,32.33003,1.1619784e-06,1.0,1.0,69.81266,0.0,0.0,0.0,-1.964718e-23,-6.2550644e-06,401.865,1.60746,56.073463,55.184006,0.0,0.9,0.0,-1.6067609e-24,0.0,71.91388,69.10423,69.21025,69.57824,69.25667
2018-01-02 22:57:00,-4.6507923e-26,0.0,56.073463,357730.44,0.0,0.0,32.264,4.6479136e-06,1.0,1.0,69.815475,0.0,0.0,0.0,-2.4464186e-25,2.1683081e-07,401.865,1.60746,56.073463,55.184006,0.0,0.9,0.0,-6.975007e-24,0.0,71.94766,69.10006,69.20448,69.573845,69.25134
2018-01-02 22:58:00,-2.9894843e-25,0.0,56.073463,357730.44,0.0,0.0,32.19803,1.1619784e-06,1.0,1.0,69.818184,0.0,0.0,0.0,-3.1151104e-23,-3.731475e-06,401.865,1.60746,56.073463,55.184006,0.0,0.9,0.0,-6.6229296e-25,0.0,71.980896,69.095825,69.198715,69.5694,69.24606
2018-01-02 22:59:00,2.0606664e-24,0.0,56.073463,357730.44,0.0,0.0,32.132,1.1619784e-06,1.0,1.0,69.820786,0.0,0.0,0.0,-6.1629847e-23,2.9047585e-06,401.865,1.60746,56.073463,55.184006,0.0,0.9,0.0,-3.5066846999999998e-25,0.0,72.01358,69.09166,69.19295,69.56494,69.2408
2018-01-02 23:00:00,-7.5883396e-26,0.0,56.073463,357730.44,0.0,0.0,32.06603,3.4859352e-06,1.0,1.0,69.823265,0.0,0.0,0.0,-1.8806157e-23,-6.0083808e-06,401.865,1.60746,56.073463,55.184006,0.0,0.9,0.0,-1.4399251e-25,0.0,72.045654,69.087425,69.18718,69.5605,69.23558
2018-01-02 23:01:00,-1.4622128999999999e-25,0.0,56.073463,357730.44,0.0,0.0,32.0,-1.1619784e-06,1.0,1.0,69.82564,0.0,0.0,0.0,-4.2794827e-25,-5.8367127e-06,401.865,1.60746,56.073463,55.184006,0.0,0.9,0.0,-6.389347e-25,0.0,72.07724,69.08319,69.18141,69.556046,69.2303
2018-01-02 23:02:00,-4.4164749999999996e-26,0.0,56.073463,357730.44,0.0,0.0,32.0,-1.1619784e-06,1.0,1.0,69.8275,0.0,0.0,0.0,-8.500117e-25,5.462094e-06,401.865,1.60746,56.073463,55.184006,0.0,0.9,0.0,-5.0844906e-25,0.0,72.10669,69.07891,69.175476,69.55148,69.224915
2018-01-02 23:03:00,-1.1912927e-25,0.0,56.073463,357730.44,0.0,0.0,32.0,-2.3239568e-06,1.0,1.0,69.82928,0.0,0.0,0.0,-2.7685562e-25,-5.5335013e-06,401.865,1.60746,56.073463,55.184006,0.0,0.9,0.0,-2.2748855e-25,0.0,72.13597,69.07452,69.169495,69.54693,69.21948
2018-01-02 23:04:00,4.5725555e-26,0.0,56.073463,357730.44,0.0,0.0,32.0,1.1619784e-06,1.0,1.0,69.83093,0.0,0.0,0.0,-8.423872e-25,1.5734823e-06,401.865,1.60746,56.073463,55.184006,0.0,0.9,0.0,-7.378052000000001e-25,0.0,72.16464,69.070175,69.16356,69.54231,69.21399
2018-01-02 23:05:00,3.9529684000000004e-26,0.0,56.073463,357730.44,0.0,0.0,32.0,1.1619784e-06,1.0,1.0,69.832504,0.0,0.0,0.0,-6.07235e-24,4.346428e-06,401.865,1.60746,56.073463,55.184006,0.0,0.9,0.0,-8.885244e-25,0.0,72.192825,69.06578,69.15762,69.53775,69.20855
2018-01-02 23:06:00,1.7284727e-26,0.0,56.073463,357730.44,0.0,0.0,32.0,-1.1619784e-06,1.0,1.0,69.83397,0.0,0.0,0.0,-1.236981e-24,3.4629752e-06,401.865,1.60746,56.073463,55.184006,0.0,0.9,0.0,-6.693345000000001e-25,0.0,72.220566,69.061386,69.151695,69.53314,69.20306
2018-01-02 23:07:00,-8.599363500000001e-27,0.0,56.073463,357730.44,0.0,0.0,32.0,1.1619784e-06,1.0,1.0,69.835335,0.0,0.0,0.0,-7.201796000000001e-25,-2.6730208e-06,401.865,1.60746,56.073463,55.184006,0.0,0.9,0.0,-4.0384862e-24,0.0,72.2478,69.05699,69.14577,69.52853,69.19756
2018-01-02 23:08:00,6.1053e-25,0.0,56.073463,357730.44,0.0,0.0,32.0,2.3239568e-06,1.0,1.0,69.836586,0.0,0.0,0.0,-1.0756982e-23,8.385257e-07,401.865,1.60746,56.073463,55.184006,0.0,0.9,0.0,-6.5976296e-26,0.0,72.27461,69.0526,69.13977,69.52391,69.19202
2018-01-02 23:09:00,-6.302309e-27,0.0,56.073463,357730.44,0.0,0.0,32.0,0.0,1.0,1.0,69.83778,0.0,0.0,0.0,-1.0766067e-25,-1.2244913e-06,401.865,1.60746,56.073463,55.184006,0.0,0.9,0.0,-1.7238606e-27,0.0,72.30104,69.0482,69.13384,69.5193,69.18652
2018-01-02 23:10:00,4.634628e-25,0.0,56.073463,357730.44,0.0,0.0,32.0,-1.1619784e-06,1.0,1.0,69.83887,0.0,0.0,0.0,-1.5749988e-23,-3.2890644e-06,401.865,1.60746,56.073463,55.184006,0.0,0.9,0.0,-4.4005388000000004e-26,0.0,72.32702,69.043755,69.127914,69.51468,69.18097
2018-01-02 23:11:00,3.654187e-25,0.0,56.073463,357730.44,0.0,0.0,32.0,-1.1619784e-06,1.0,1.0,69.83988,0.0,0.0,0.0,-1.3870322e-23,-4.2974716e-06,401.865,1.60746,56.073463,55.184006,0.0,0.9,0.0,-5.934352e-26,0.0,72.352615,69.03931,69.12198,69.51007,69.17543
2018-01-02 23:12:00,-1.2291061e-24,0.0,56.073463,357730.44,0.0,0.0,32.0,0.0,1.0,1.0,69.840805,0.0,0.0,0.0,-1.383192e-24,6.0285033e-06,401.865,1.60746,56.073463,55.184006,0.0,0.9,0.0,-1.3628627e-25,0.0,72.37783,69.03485,69.11599,69.505455,69.169876
2018-01-02 23:13:00,-4.834387e-25,0.0,56.073463,357730.44,0.0,0.0,32.0,1.1619784e-06,1.0,1.0,69.84164,0.0,0.0,0.0,-1.0295733999999999e-25,4.1905337e-06,401.865,1.60746,56.073463,55.184006,0.0,0.9,0.0,-6.4947424e-26,0.0,72.402664,69.03041,69.11006,69.500786,69.164276
2018-01-02 23:14:00,5.164115e-25,0.0,56.073463,357730.44,0.0,0.0,32.0,-1.1619784e-06,1.0,1.0,69.842384,0.0,0.0,0.0,-5.817018e-25,-7.2740527e-06,401.865,1.60746,56.073463,55.184006,0.0,0.9,0.0,-2.3693706e-24,0.0,72.42711,69.025955,69.104065,69.49612,69.158676
2018-01-02 23:15:00,7.7239294e-25,0.0,56.073463,357730.44,0.0,0.0,32.0,-1.1619784e-06,1.0,1.0,69.843056,0.0,0.0,0.0,-1.1292394000000001e-24,2.6312293e-06,401.865,1.60746,56.073463,55.184006,0.0,0.9,0.0,-1.6034411e-26,0.0,72.45122,69.021454,69.09808,69.49145,69.15307
2018-01-02 23:16:00,6.692154000000001e-25,0.0,56.073463,357730.44,0.0,0.0,32.0,1.1619784e-06,1.0,1.0,69.843704,0.0,0.0,0.0,-1.8302920000000003e-23,3.086454e-06,401.865,1.60746,56.073463,55.184006,0.0,0.9,0.0,-8.473268e-25,0.0,72.475006,69.017,69.092094,69.48678,69.14763
2018-01-02 23:17:00,-4.782273e-25,0.0,56.073463,357730.44,0.0,0.0,32.0,1.1619784e-06,1.0,1.0,69.84428,0.0,0.0,0.0,-3.0290393e-24,1.9958925e-06,401.865,1.60746,56.073463,55.184006,0.0,0.9,0.0,-3.4320056e-26,0.0,72.49846,69.0125,69.08617,69.48211,69.142136
2018-01-02 23:18:00,-1.1038809e-25,0.0,56.073463,357730.44,0.0,0.0,32.0,-1.1619784e-06,1.0,1.0,69.84475,0.0,0.0,0.0,-1.0422199e-23,-5.743624e-06,401.865,1.60746,56.073463,55.184006,0.0,0.9,0.0,-3.2235476e-26,0.0,72.52159,69.007996,69.080124,69.47739,69.13664
2018-01-02 23:19:00,6.6016595e-26,0.0,56.073463,357730.44,0.0,0.0,32.0,-1.1619784e-06,1.0,1.0,69.84517,0.0,0.0,0.0,-7.305652e-24,-7.416238e-07,401.865,1.60746,56.073463,55.184006,0.0,0.9,0.0,-1.3076041e-25,0.0,72.54439,69.00343,69.07413,69.47272,69.13115
2018-01-02 23:20:00,1.4102615999999998e-25,0.0,56.073463,357730.44,0.0,0.0,32.0,1.1619784e-06,1.0,1.0,69.84548,0.0,0.0,0.0,-2.0298622e-23,1.3401665e-06,401.865,1.60746,56.073463,55.184006,0.0,0.9,0.0,-3.3662605e-25,0.0,72.56691,68.99893,69.06798,69.46799,69.1256
2018-01-02 23:21:00,2.928405e-25,0.0,56.073463,357730.44,0.0,0.0,32.0,-1.1619784e-06,1.0,1.0,69.84572,0.0,0.0,0.0,-2.8682410000000004e-23,3.0786094e-08,401.865,1.60746,56.073463,55.184006,0.0,0.9,0.0,-5.4394683e-29,0.0,72.589096,68.99437,69.06177,69.46327,69.120056
2018-01-02 23:22:00,-2.6984735e-25,0.0,56.073463,357730.44,0.0,0.0,32.0,-1.1619784e-06,1.0,1.0,69.8459,0.0,0.0,0.0,-5.818171e-23,2.800859e-06,401.865,1.60746,56.073463,55.184006,0.0,0.9,0.0,-2.6595775e-24,0.0,72.611015,68.98981,69.05562,69.45849,69.11456
2018-01-02 23:23:00,-5.4540384e-25,0.0,56.073463,357730.44,0.0,0.0,32.0,-2.3239568e-06,1.0,1.0,69.84601,0.0,0.0,0.0,-8.400561e-24,-2.2820694e-07,401.865,1.60746,56.073463,55.184006,0.0,0.9,0.0,-6.6750136e-24,0.0,72.63266,68.98525,69.04941,69.453766,69.10896
2018-01-02 23:24:00,-5.321361e-26,0.0,56.073463,357730.44,0.0,0.0,32.0,2.3239568e-06,1.0,1.0,69.84607,0.0,0.0,0.0,-2.005463e-24,-5.1896714e-06,401.865,1.60746,56.073463,55.184006,0.0,0.9,0.0,-1.5741018e-25,0.0,72.65402,68.9807,69.04326,69.44899,69.10341
2018-01-02 23:25:00,1.7288082000000002e-26,0.0,56.073463,357730.44,0.0,0.0,32.0,-1.1619784e-06,1.0,1.0,69.846085,0.0,0.0,0.0,-3.7260182999999997e-25,-2.1806025e-06,401.865,1.60746,56.073463,55.184006,0.0,0.9,0.0,-1.2827958e-24,0.0,72.67517,68.976135,69.03705,69.44421,69.09786
2018-01-02 23:26:00,-3.6613454e-26,0.0,56.073463,357730.44,0.0,0.0,32.0,0.0,1.0,1.0,69.84602,0.0,0.0,0.0,-7.175685e-24,-2.6317598e-06,401.865,1.60746,56.073463,55.184006,0.0,0.9,0.0,-1.9056725999999999e-25,0.0,72.696045,68.97157,69.030846,69.43942,69.092255
2018-01-02 23:27:00,-6.6889967e-25,0.0,56.073463,357730.44,0.0,0.0,32.0,1.1619784e-06,1.0,1.0,69.84591,0.0,0.0,0.0,-8.158007400000001e-24,3.576776e-07,401.865,1.60746,56.073463,55.184006,0.0,0.9,0.0,-5.0700405e-26,0.0,72.716644,68.966965,69.02464,69.43465,69.086655
2018-01-02 23:28:00,4.4421103e-26,0.0,56.073463,357730.44,0.0,0.0,32.0,-1.1619784e-06,1.0,1.0,69.84573,0.0,0.0,0.0,-1.2216313e-23,3.26543e-07,401.865,1.60746,56.073463,55.184006,0.0,0.9,0.0,-2.171978e-26,0.0,72.73708,68.96234,69.01837,69.42981,69.081055
2018-01-02 23:29:00,-1.7052249999999998e-26,0.0,56.073463,357730.44,0.0,0.0,32.0,-1.1619784e-06,1.0,1.0,69.84552,0.0,0.0,0.0,-7.1494464e-23,4.5960765e-06,401.865,1.60746,56.073463,55.184006,0.0,0.9,0.0,-1.1116005e-25,0.0,72.75725,68.95773,69.01217,69.42498,69.075455
2018-01-02 23:30:00,7.119404999999999e-26,0.0,56.073463,357730.44,0.0,0.0,32.0,0.0,1.0,1.0,69.84523,0.0,0.0,0.0,-8.530515999999999e-24,6.735209e-07,401.865,1.60746,56.073463,55.184006,0.0,0.9,0.0,-2.361408e-25,0.0,72.77718,68.95312,69.005905,69.42015,69.06979
2018-01-02 23:31:00,-2.1556154e-25,0.0,56.073463,357730.44,0.0,0.0,32.0,-1.1619784e-06,1.0,1.0,69.84491,0.0,0.0,0.0,-5.023435e-24,3.0903366e-06,401.865,1.60746,56.073463,55.184006,0.0,0.9,0.0,-6.320616e-26,0.0,72.79696,68.9485,68.99965,69.41531,69.06413
2018-01-02 23:32:00,-8.013285e-26,0.0,56.073463,357730.44,0.0,0.0,32.0,1.1619784e-06,1.0,1.0,69.84456,0.0,0.0,0.0,-3.4935885e-23,7.3372885e-06,401.865,1.60746,56.073463,55.184006,0.0,0.9,0.0,-6.2169615e-24,0.0,72.81651,68.94389,68.99344,69.41048,69.05847
2018-01-02 23:33:00,-2.5601040000000003e-25,0.0,56.073463,357730.44,0.0,0.0,32.0,-1.1619784e-06,1.0,1.0,69.84416,0.0,0.0,0.0,-2.9902646000000003e-24,-6.765793e-06,401.865,1.60746,56.073463,55.184006,0.0,0.9,0.0,-2.4498918e-24,0.0,72.835846,68.93933,68.987175,69.405594,69.05282
2018-01-02 23:34:00,-4.162825e-26,0.0,56.073463,357730.44,0.0,0.0,32.0,-1.1619784e-06,1.0,1.0,69.843704,0.0,0.0,0.0,-8.0103366e-23,-1.7488694e-05,401.865,1.60746,56.073463,55.184006,0.0,0.9,0.0,-1.3336908000000001e-24,0.0,72.85503,68.93477,68.98086,69.400696,69.047165
2018-01-02 23:35:00,-1.699454e-25,0.0,56.073463,357730.44,0.0,0.0,32.0,0.0,1.0,1.0,69.84321,0.0,0.0,0.0,-8.16527e-23,9.505345e-06,401.865,1.60746,56.073463,55.184006,0.0,0.9,0.0,-4.6833477e-24,0.0,72.87402,68.93016,68.974594,69.39581,69.04144
2018-01-02 23:36:00,1.2663827e-25,0.0,56.073463,357730.44,0.0,0.0,32.0,2.3239568e-06,1.0,1.0,69.8427,0.0,0.0,0.0,-8.2289e-24,5.4756433e-06,401.865,1.60746,56.073463,55.184006,0.0,0.9,0.0,-3.8959474e-24,0.0,72.89287,68.9256,68.96834,69.39092,69.035736
2018-01-02 23:37:00,-1.432259e-26,0.0,56.073463,357730.44,0.0,0.0,32.0,0.0,1.0,1.0,69.84212,0.0,0.0,0.0,-1.2849773000000002e-22,6.2869503e-06,401.865,1.60746,56.073463,55.184006,0.0,0.9,0.0,-8.521273e-24,0.0,72.911606,68.92098,68.96207,69.385925,69.03002
2018-01-02 23:38:00,-1.723507e-27,0.0,56.073463,357730.44,0.0,0.0,32.0,-3.4859352e-06,1.0,1.0,69.84149,0.0,0.0,0.0,-5.7190937000000005e-24,-1.3111082e-06,401.865,1.60746,56.073463,55.184006,0.0,0.9,0.0,-1.6168517e-25,0.0,72.93017,68.91637,68.95575,69.38092,69.024254
2018-01-02 23:39:00,-9.0698765e-26,0.0,56.073463,357730.44,0.0,0.0,32.0,-1.1619784e-06,1.0,1.0,69.84086,0.0,0.0,0.0,-5.1385590000000005e-23,-9.909674e-06,401.865,1.60746,56.073463,55.184006,0.0,0.9,0.0,-2.3623905e-24,0.0,72.94862,68.91176,68.94943,69.37593,69.01854
2018-01-02 23:40:00,4.7378225000000004e-26,0.0,56.073463,357730.44,0.0,0.0,32.0,0.0,1.0,1.0,69.840195,0.0,0.0,0.0,-1.9840502e-23,5.4579996e-06,401.865,1.60746,56.073463,55.184006,0.0,0.9,0.0,-7.521538000000001e-25,0.0,72.967026,68.907135,68.94318,69.37087,69.01277
2018-01-02 23:41:00,1.2900427e-25,0.0,56.073463,357730.44,0.0,0.0,32.0,0.0,1.0,1.0,69.83949,0.0,0.0,0.0,-3.4530628e-25,-6.4714404e-06,401.865,1.60746,56.073463,55.184006,0.0,0.9,0.0,-1.5173943000000001e-24,0.0,72.98526,68.902466,68.93686,69.365875,69.007
2018-01-02 23:42:00,-3.6357472999999998e-25,0.0,56.073463,357730.44,0.0,0.0,32.0,0.0,1.0,1.0,69.83877,0.0,0.0,0.0,-1.2169928000000001e-24,-1.1601538e-09,401.865,1.60746,56.073463,55.184006,0.0,0.9,0.0,-4.3751237e-26,0.0,73.00339,68.89786,68.93054,69.360825,69.001236
2018-01-02 23:43:00,-1.7230927e-25,0.0,56.073463,357730.44,0.0,0.0,32.0,0.0,1.0,1.0,69.83801,0.0,0.0,0.0,-7.807775e-25,-3.0794645e-06,401.865,1.60746,56.073463,55.184006,0.0,0.9,0.0,-4.5637927e-24,0.0,73.02141,68.89319,68.924225,69.35582,68.995415
2018-01-02 23:44:00,-3.119915e-26,0.0,56.073463,357730.44,0.0,0.0,32.0,-1.1619784e-06,1.0,1.0,69.837204,0.0,0.0,0.0,-5.778528e-24,-8.9962356e-07,401.865,1.60746,56.073463,55.184006,0.0,0.9,0.0,-3.094577e-27,0.0,73.03921,68.88852,68.91791,69.35077,68.98959
2018-01-02 23:45:00,4.1468634000000004e-26,0.0,56.073463,357730.44,0.0,0.0,32.0,1.1619784e-06,1.0,1.0,69.83638,0.0,0.0,0.0,-9.914962999999999e-24,-5.708879e-06,401.865,1.60746,56.073463,55.184006,0.0,0.9,0.0,-2.4450634e-27,0.0,73.0569,68.88385,68.91159,69.34572,68.983826
2018-01-02 23:46:00,2.496323e-26,0.0,56.073463,357730.44,0.0,0.0,32.0,0.0,1.0,1.0,69.83547,0.0,0.0,0.0,-2.0405725e-24,-1.3611164e-07,401.865,1.60746,56.073463,55.184006,0.0,0.9,0.0,-8.788122e-25,0.0,73.07436,68.87918,68.90527,69.34061,68.97795
2018-01-02 23:47:00,-1.6099053000000002e-26,0.0,56.073463,357730.44,0.0,0.0,32.0,-1.1619784e-06,1.0,1.0,69.83456,0.0,0.0,0.0,-1.1566443e-23,4.6836212e-06,401.865,1.60746,56.073463,55.184006,0.0,0.9,0.0,-2.016952e-24,0.0,73.09172,68.87445,68.89896,69.335556,68.97212
2018-01-02 23:48:00,2.6806926e-26,0.0,56.073463,357730.44,0.0,0.0,32.0,1.1619784e-06,1.0,1.0,69.83362,0.0,0.0,0.0,-7.672592e-24,-7.3114356e-06,401.865,1.60746,56.073463,55.184006,0.0,0.9,0.0,-3.9817005e-24,0.0,73.10886,68.86978,68.89264,69.3305,68.9663
2018-01-02 23:49:00,1.2677013000000001e-26,0.0,56.073463,357730.44,0.0,0.0,32.0,3.4859352e-06,1.0,1.0,69.83259,0.0,0.0,0.0,-2.581495e-29,1.4513282e-06,401.865,1.60746,56.073463,55.184006,0.0,0.9,0.0,-4.7841357000000005e-26,0.0,73.12578,68.86507,68.88626,69.32539,68.96042
2018-01-02 23:50:00,2.4480967000000002e-26,0.0,56.073463,357730.44,0.0,0.0,32.0,-3.4859352e-06,1.0,1.0,69.83156,0.0,0.0,0.0,-6.3332514e-24,3.5132125e-06,401.865,1.60746,56.073463,55.184006,0.0,0.9,0.0,-1.7208657e-24,0.0,73.14259,68.86034,68.880005,69.32028,68.954544
2018-01-02 23:51:00,-3.7462293e-26,0.0,56.073463,357730.44,0.0,0.0,32.0,0.0,1.0,1.0,69.83048,0.0,0.0,0.0,-4.404477e-24,-1.2768578e-05,401.865,1.60746,56.073463,55.184006,0.0,0.9,0.0,-4.173714e-25,0.0,73.15918,68.85561,68.87369,69.31523,68.94867
2018-01-02 23:52:00,1.7597468000000001e-26,0.0,56.073463,357730.44,0.0,0.0,32.0,-1.1619784e-06,1.0,1.0,69.82932,0.0,0.0,0.0,-3.5772483e-25,4.5893358e-07,401.865,1.60746,56.073463,55.184006,0.0,0.9,0.0,-1.769505e-25,0.0,73.17555,68.85083,68.86737,69.31012,68.94273
2018-01-02 23:53:00,-4.3428888e-26,0.0,56.073463,357730.44,0.0,0.0,32.0,1.1619784e-06,1.0,1.0,69.828156,0.0,0.0,0.0,-1.597595e-25,2.5907664e-06,401.865,1.60746,56.073463,55.184006,0.0,0.9,0.0,-3.940225e-26,0.0,73.1918,68.846115,68.86099,69.30501,68.93686
2018-01-02 23:54:00,-4.4094123e-26,0.0,56.073463,357730.44,0.0,0.0,32.0,-1.1619784e-06,1.0,1.0,69.82693,0.0,0.0,0.0,-2.753478e-24,7.0366406e-07,401.865,1.60746,56.073463,55.184006,0.0,0.9,0.0,-3.0676016000000003e-24,0.0,73.207794,68.84133,68.854675,69.2999,68.93092
2018-01-02 23:55:00,2.3976891000000001e-26,0.0,56.073463,357730.44,0.0,0.0,32.0,-1.1619784e-06,1.0,1.0,69.825645,0.0,0.0,0.0,-1.25740105e-23,5.550207e-06,401.865,1.60746,56.073463,55.184006,0.0,0.9,0.0,-1.7909186000000002e-24,0.0,73.22362,68.83655,68.84836,69.29474,68.92499
2018-01-02 23:56:00,2.6905749999999997e-26,0.0,56.073463,357730.44,0.0,0.0,32.0,0.0,1.0,1.0,69.82435,0.0,0.0,0.0,-1.4172171e-26,-1.862451e-06,401.865,1.60746,56.073463,55.184006,0.0,0.9,0.0,-1.2879132999999998e-25,0.0,73.23927,68.83177,68.841995,69.28963,68.91906
2018-01-02 23:57:00,-1.9304089e-26,0.0,56.073463,357730.44,0.0,0.0,32.0,0.0,1.0,1.0,69.823,0.0,0.0,0.0,-7.4805544999999995e-25,7.6264166e-07,401.865,1.60746,56.073463,55.184006,0.0,0.9,0.0,-1.7074431e-25,0.0,73.2547,68.826996,68.83562,69.284515,68.91313
2018-01-02 23:58:00,5.41462e-26,0.0,56.073463,357730.44,0.0,0.0,32.0,1.1619784e-06,1.0,1.0,69.82159,0.0,0.0,0.0,-2.0050044e-23,5.83838e-06,401.865,1.60746,56.073463,55.184006,0.0,0.9,0.0,-1.2407456e-25,0.0,73.26997,68.82222,68.82925,69.27936,68.907135
2018-01-02 23:59:00,-1.4090164e-26,0.0,56.073463,357730.44,0.0,0.0,32.0,1.1619784e-06,1.0,1.0,69.820145,0.0,0.0,0.0,-1.6873733e-23,7.0933033e-06,401.865,1.60746,56.073463,55.184006,0.0,0.9,0.0,-8.882299e-26,0.0,73.28503,68.81738,68.822876,69.27419,68.90121
2018-01-03 00:00:00,-9.52149e-27,0.0,56.073463,357730.44,0.0,0.0,32.0,-1.1619784e-06,1.0,1.0,69.81868,0.0,0.0,0.0,-4.3623625e-24,-6.4418214e-06,401.865,1.60746,56.073463,55.184006,0.0,0.9,0.0,-1.948267e-24,0.0,73.29991,68.81261,68.8165,69.26909,68.89528
2018-01-03 00:01:00,-9.785941000000001e-27,0.0,56.073463,357730.44,0.0,0.0,32.0,-1.1619784e-06,1.0,1.0,69.817154,0.0,0.0,0.0,-7.969054999999999e-24,-7.87116e-06,401.865,1.60746,56.073463,55.184006,0.0,0.9,0.0,-2.5124226e-24,0.0,73.31464,68.80777,68.810135,69.263916,68.88928
2018-01-03 00:02:00,1.1900562e-25,0.0,56.073463,357730.44,0.0,0.0,32.0,1.1619784e-06,1.0,1.0,69.81506,0.0,0.0,0.0,-4.591547e-24,6.9598036e-07,401.865,1.60746,56.073463,55.184006,0.0,0.9,0.0,-7.450841e-26,0.0,73.327324,68.802765,68.80348,69.25859,68.88313
2018-01-03 00:03:00,-4.8952425e-27,0.0,56.073463,357730.44,0.0,0.0,32.0,-1.1619784e-06,1.0,1.0,69.813095,0.0,0.0,0.0,-3.1820318000000003e-24,2.453097e-06,401.865,1.60746,56.073463,55.184006,0.0,0.9,0.0,-4.6709157000000004e-26,0.0,73.34051,68.79782,68.79689,69.25332,68.87692
2018-01-03 00:04:00,2.2099336e-26,0.0,56.073463,357730.44,0.0,0.0,32.0,1.1619784e-06,1.0,1.0,69.811035,0.0,0.0,0.0,-5.189325e-24,4.7489766e-06,401.865,1.60746,56.073463,55.184006,0.0,0.9,0.0,-6.252868999999999e-26,0.0,73.35326,68.79283,68.7903,69.247986,68.87077
2018-01-03 00:05:00,9.279797e-27,0.0,56.073463,357730.44,0.0,0.0,32.0,0.0,1.0,1.0,69.808975,0.0,0.0,0.0,-2.811734e-23,1.0435322e-05,401.865,1.60746,56.073463,55.184006,0.0,0.9,0.0,-2.1526927e-24,0.0,73.36594,68.78789,68.78371,69.24272,68.864624
2018-01-03 00:06:00,3.5285367e-27,0.0,56.073463,357730.44,0.0,0.0,32.0,1.1619784e-06,1.0,1.0,69.806885,0.0,0.0,0.0,-4.415892e-24,-3.4910772e-07,401.865,1.60746,56.073463,55.184006,0.0,0.9,0.0,-5.752052e-26,0.0,73.37846,68.78294,68.777115,69.23744,68.858475
2018-01-03 00:07:00,1.6933275e-26,0.0,56.073463,357730.44,0.0,0.0,32.0,1.1619784e-06,1.0,1.0,69.80476,0.0,0.0,0.0,-3.7807954e-24,-6.851035e-06,401.865,1.60746,56.073463,55.184006,0.0,0.9,0.0,-8.248335000000001e-27,0.0,73.39077,68.778,68.770584,69.23212,68.85237
2018-01-03 00:08:00,-1.1708062e-24,0.0,56.073463,357730.44,0.0,0.0,32.0,1.1619784e-06,1.0,1.0,69.80263,0.0,0.0,0.0,-1.9590597e-23,4.2071215e-06,401.865,1.60746,56.073463,55.184006,0.0,0.9,0.0,-4.1531744e-24,0.0,73.40297,68.773056,68.76404,69.22684,68.84622
2018-01-03 00:09:00,-3.7196209999999997e-26,0.0,56.073463,357730.44,0.0,0.0,32.0,1.1619784e-06,1.0,1.0,69.80046,0.0,0.0,0.0,-2.7708083e-24,1.8593709e-06,401.865,1.60746,56.073463,55.184006,0.0,0.9,0.0,-5.5878106e-26,0.0,73.41499,68.76811,68.75751,69.22157,68.84012
2018-01-03 00:10:00,3.0254005000000004e-26,0.0,56.073463,357730.44,0.0,0.0,32.0,1.1619784e-06,1.0,1.0,69.79826,0.0,0.0,0.0,-1.203814e-24,-2.3507216e-06,401.865,1.60746,56.073463,55.184006,0.0,0.9,0.0,-1.0668595e-24,0.0,73.426865,68.76317,68.75097,69.21629,68.83403
2018-01-03 00:11:00,3.9323644000000003e-26,0.0,56.073463,357730.44,0.0,0.0,32.0,-2.3239568e-06,1.0,1.0,69.79604,0.0,0.0,0.0,-2.0793884e-24,-1.5573286e-06,401.865,1.60746,56.073463,55.184006,0.0,0.9,0.0,-1.0243542999999999e-25,0.0,73.43856,68.758224,68.74449,69.21102,68.82793
2018-01-03 00:12:00,-1.5328e-26,0.0,56.073463,357730.44,0.0,0.0,32.0,0.0,1.0,1.0,69.79382,0.0,0.0,0.0,-6.5629453000000006e-24,3.1253467e-06,401.865,1.60746,56.073463,55.184006,0.0,0.9,0.0,-2.7789493e-24,0.0,73.45015,68.75333,68.73801,69.2058,68.82183
2018-01-03 00:13:00,-3.3697180000000004e-27,0.0,56.073463,357730.44,0.0,0.0,32.0,0.0,1.0,1.0,69.79155,0.0,0.0,0.0,-5.9998123e-25,-2.6172588e-06,401.865,1.60746,56.073463,55.184006,0.0,0.9,0.0,-8.786118e-27,0.0,73.46152,68.74838,68.73152,69.20053,68.81579
2018-01-03 00:14:00,1.2718116400000001e-26,0.0,56.073463,357730.44,0.0,0.0,32.0,-2.3239568e-06,1.0,1.0,69.78925,0.0,0.0,0.0,-1.5979789e-24,-3.7441898e-06,401.865,1.60746,56.073463,55.184006,0.0,0.9,0.0,-1.4943437e-24,0.0,73.47278,68.7435,68.72504,69.19525,68.80969
2018-01-03 00:15:00,-8.528859e-27,0.0,56.073463,357730.44,0.0,0.0,32.0,0.0,1.0,1.0,69.78694,0.0,0.0,0.0,-1.6534283e-23,-2.0045054e-06,401.865,1.60746,56.073463,55.184006,0.0,0.9,0.0,-5.043995e-25,0.0,73.48388,68.738556,68.71856,69.19003,68.80365
2018-01-03 00:16:00,-2.1394963e-26,0.0,56.073463,357730.44,0.0,0.0,32.0,0.0,1.0,1.0,69.78461,0.0,0.0,0.0,-2.3001275e-23,-4.046524e-06,401.865,1.60746,56.073463,55.184006,0.0,0.9,0.0,-1.8850153999999998e-25,0.0,73.494865,68.733665,68.71213,69.18477,68.79761
2018-01-03 00:17:00,2.1251364e-26,0.0,56.073463,357730.44,0.0,0.0,32.0,0.0,1.0,1.0,69.78227,0.0,0.0,0.0,-2.6411478e-23,6.436293e-07,401.865,1.60746,56.073463,55.184006,0.0,0.9,0.0,-8.767838e-30,0.0,73.50569,68.728775,68.7057,69.17955,68.79162
2018-01-03 00:18:00,6.889025999999999e-26,0.0,56.073463,357730.44,0.0,0.0,32.0,3.4859352e-06,1.0,1.0,69.779884,0.0,0.0,0.0,-3.9775294999999997e-23,-1.3235099e-06,401.865,1.60746,56.073463,55.184006,0.0,0.9,0.0,-1.0515402e-25,0.0,73.51634,68.72389,68.69928,69.17433,68.785576
2018-01-03 00:19:00,-1.2067359999999999e-26,0.0,56.073463,357730.44,0.0,0.0,32.0,0.0,1.0,1.0,69.77748,0.0,0.0,0.0,-1.1858599e-23,3.5968653e-06,401.865,1.60746,56.073463,55.184006,0.0,0.9,0.0,-7.195631e-25,0.0,73.526886,68.718994,68.692856,69.16905,68.77959
2018-01-03 00:20:00,-1.5355144e-26,0.0,56.073463,357730.44,0.0,0.0,32.0,0.0,1.0,1.0,69.77506,0.0,0.0,0.0,-3.5913646e-24,2.1895582e-06,401.865,1.60746,56.073463,55.184006,0.0,0.9,0.0,-7.716692e-25,0.0,73.53728,68.71411,68.68648,69.16383,68.773605
2018-01-03 00:21:00,4.195793e-26,0.0,56.073463,357730.44,0.0,0.0,32.0,1.1619784e-06,1.0,1.0,69.77263,0.0,0.0,0.0,-2.440282e-25,1.5383346e-06,401.865,1.60746,56.073463,55.184006,0.0,0.9,0.0,-4.5859265e-25,0.0,73.54755,68.70922,68.68011,69.158615,68.76761
2018-01-03 00:22:00,2.1285968000000002e-26,0.0,56.073463,357730.44,0.0,0.0,32.0,1.1619784e-06,1.0,1.0,69.77016,0.0,0.0,0.0,-3.522832e-24,-2.545041e-06,401.865,1.60746,56.073463,55.184006,0.0,0.9,0.0,-7.9604135e-24,0.0,73.55771,68.70433,68.67374,69.1534,68.76163
2018-01-03 00:23:00,2.4746168000000002e-26,0.0,56.073463,357730.44,0.0,0.0,32.0,0.0,1.0,1.0,69.7677,0.0,0.0,0.0,-5.3704156e-24,-2.4765166e-06,401.865,1.60746,56.073463,55.184006,0.0,0.9,0.0,-2.568642e-24,0.0,73.5677,68.69949,68.66736,69.14824,68.75569
2018-01-03 00:24:00,-2.7245638e-26,0.0,56.073463,357730.44,0.0,0.0,32.0,0.0,1.0,1.0,69.76518,0.0,0.0,0.0,-4.531216e-25,-3.5419134e-07,401.865,1.60746,56.073463,55.184006,0.0,0.9,0.0,-1.0988973000000001e-24,0.0,73.57754,68.69461,68.66104,69.14302,68.74971
2018-01-03 00:25:00,-1.7434373e-26,0.0,56.073463,357730.44,0.0,0.0,32.0,2.3239568e-06,1.0,1.0,69.76267,0.0,0.0,0.0,-2.4924428e-23,-4.5998636e-06,401.865,1.60746,56.073463,55.184006,0.0,0.9,0.0,-4.1735455000000005e-24,0.0,73.587265,68.68977,68.654724,69.1378,68.743774
2018-01-03 00:26:00,1.3646602e-26,0.0,56.073463,357730.44,0.0,0.0,32.0,0.0,1.0,1.0,69.76015,0.0,0.0,0.0,-1.8460896e-25,1.1338433e-06,401.865,1.60746,56.073463,55.184006,0.0,0.9,0.0,-6.968272999999999e-26,0.0,73.59688,68.68494,68.64841,69.13263,68.73784
2018-01-03 00:27:00,2.136711e-27,0.0,56.073463,357730.44,0.0,0.0,32.0,2.3239568e-06,1.0,1.0,69.75758,0.0,0.0,0.0,-5.6891765e-23,3.6317476e-07,401.865,1.60746,56.073463,55.184006,0.0,0.9,0.0,-5.1042263000000004e-27,0.0,73.60638,68.68011,68.64209,69.12741,68.731964
2018-01-03 00:28:00,3.6241626e-26,0.0,56.073463,357730.44,0.0,0.0,32.0,0.0,1.0,1.0,69.755005,0.0,0.0,0.0,-2.4046836e-27,-9.971121e-07,401.865,1.60746,56.073463,55.184006,0.0,0.9,0.0,-1.4662786000000002e-26,0.0,73.615715,68.67528,68.63577,69.12225,68.72603
2018-01-03 00:29:00,1.4193453e-27,0.0,56.073463,357730.44,0.0,0.0,32.0,0.0,1.0,1.0,69.752426,0.0,0.0,0.0,-1.1721525e-24,-9.685717e-06,401.865,1.60746,56.073463,55.184006,0.0,0.9,0.0,-3.8151124e-24,0.0,73.62494,68.67044,68.62952,69.11709,68.72015
2018-01-03 00:30:00,1.658982e-26,0.0,56.073463,357730.44,0.0,0.0,32.0,0.0,1.0,1.0,69.74983,0.0,0.0,0.0,-2.058878e-25,-8.13314e-06,401.865,1.60746,56.073463,55.184006,0.0,0.9,0.0,-1.9409607e-24,0.0,73.63406,68.6656,68.62325,69.11192,68.71428
2018-01-03 00:31:00,-3.3090613000000003e-26,0.0,56.073463,357730.44,0.0,0.0,32.0,2.3239568e-06,1.0,1.0,69.747185,0.0,0.0,0.0,-2.5240996e-23,6.4822266e-06,401.865,1.60746,56.073463,55.184006,0.0,0.9,0.0,-1.7778074e-28,0.0,73.64302,68.66077,68.61699,69.106766,68.7084
2018-01-03 00:32:00,-3.2672976000000004e-26,0.0,56.073463,357730.44,0.0,0.0,32.0,-1.1619784e-06,1.0,1.0,69.744545,0.0,0.0,0.0,-1.2072597000000001e-24,-2.832991e-07,401.865,1.60746,56.073463,55.184006,0.0,0.9,0.0,-4.2366607000000004e-26,0.0,73.65192,68.65594,68.61073,69.10159,68.702515
2018-01-03 00:33:00,2.216144e-26,0.0,56.073463,357730.44,0.0,0.0,32.0,0.0,1.0,1.0,69.7419,0.0,0.0,0.0,-8.9450795e-27,-7.1958666e-06,401.865,1.60746,56.073463,55.184006,0.0,0.9,0.0,-1.586671e-25,0.0,73.660645,68.65115,68.60452,69.096436,68.6967
2018-01-03 00:34:00,-1.8939916000000002e-26,0.0,56.073463,357730.44,0.0,0.0,32.0,1.1619784e-06,1.0,1.0,69.73921,0.0,0.0,0.0,-2.7392608e-25,3.6636472e-06,401.865,1.60746,56.073463,55.184006,0.0,0.9,0.0,-4.790189e-25,0.0,73.66933,68.646324,68.59831,69.09127,68.69082
2018-01-03 00:35:00,-2.1035847e-26,0.0,56.073463,357730.44,0.0,0.0,32.0,-1.1619784e-06,1.0,1.0,69.73653,0.0,0.0,0.0,-1.602841e-24,6.3399234e-08,401.865,1.60746,56.073463,55.184006,0.0,0.9,0.0,-2.3192493e-25,0.0,73.67784,68.64154,68.5921,69.08617,68.685
2018-01-03 00:36:00,-3.22517e-26,0.0,56.073463,357730.44,0.0,0.0,32.0,0.0,1.0,1.0,69.73381,0.0,0.0,0.0,-1.0722843000000001e-24,2.5912047e-06,401.865,1.60746,56.073463,55.184006,0.0,0.9,0.0,-6.788323e-26,0.0,73.68625,68.636765,68.5859,69.08099,68.67917
2018-01-03 00:37:00,-9.3830775e-27,0.0,56.073463,357730.44,0.0,0.0,32.0,0.0,1.0,1.0,69.73112,0.0,0.0,0.0,-4.4759075e-25,-5.460804e-06,401.865,1.60746,56.073463,55.184006,0.0,0.9,0.0,-2.138376e-25,0.0,73.694595,68.63199,68.5797,69.07589,68.6734
2018-01-03 00:38:00,-3.8761694e-27,0.0,56.073463,357730.44,0.0,0.0,32.0,0.0,1.0,1.0,69.728355,0.0,0.0,0.0,-3.8306315000000004e-27,1.2552641e-08,401.865,1.60746,56.073463,55.184006,0.0,0.9,0.0,-5.285259e-26,0.0,73.70278,68.62715,68.57354,69.070724,68.66759
2018-01-03 00:39:00,1.9071017e-27,0.0,56.073463,357730.44,0.0,0.0,32.0,-1.1619784e-06,1.0,1.0,69.725624,0.0,0.0,0.0,-1.423684e-24,-2.119136e-06,401.865,1.60746,56.073463,55.184006,0.0,0.9,0.0,-9.9357296e-26,0.0,73.71086,68.62243,68.56738,69.06561,68.66182
2018-01-03 00:40:00,-1.8544473e-26,0.0,56.073463,357730.44,0.0,0.0,32.0,-1.1619784e-06,1.0,1.0,69.72286,0.0,0.0,0.0,-3.0164583e-23,3.0657518e-06,401.865,1.60746,56.073463,55.184006,0.0,0.9,0.0,-6.0299246e-25,0.0,73.71887,68.617645,68.56123,69.06051,68.65605
2018-01-03 00:41:00,1.0883967999999999e-25,0.0,56.073463,357730.44,0.0,0.0,32.0,1.1619784e-06,1.0,1.0,69.72009,0.0,0.0,0.0,-1.3701002e-23,1.2553549e-05,401.865,1.60746,56.073463,55.184006,0.0,0.9,0.0,-2.5164895e-25,0.0,73.72679,68.61287,68.55514,69.055405,68.65028
2018-01-03 00:42:00,1.5960665e-26,0.0,56.073463,357730.44,0.0,0.0,32.0,0.0,1.0,1.0,69.717285,0.0,0.0,0.0,-2.3256168e-24,1.4177685e-06,401.865,1.60746,56.073463,55.184006,0.0,0.9,0.0,-1.8945004999999998e-25,0.0,73.73453,68.60809,68.54898,69.05029,68.644516
2018-01-03 00:43:00,-7.786845e-27,0.0,56.073463,357730.44,0.0,0.0,32.0,0.0,1.0,1.0,69.71449,0.0,0.0,0.0,-2.7573853999999998e-25,4.641968e-07,401.865,1.60746,56.073463,55.184006,0.0,0.9,0.0,-1.381126e-25,0.0,73.74222,68.60336,68.54289,69.04518,68.638794
2018-01-03 00:44:00,4.1553163e-27,0.0,56.073463,357730.44,0.0,0.0,32.0,1.1619784e-06,1.0,1.0,69.71166,0.0,0.0,0.0,-4.254298e-24,2.4797196e-06,401.865,1.60746,56.073463,55.184006,0.0,0.9,0.0,-1.9644277e-24,0.0,73.74986,68.59859,68.53679,69.04007,68.633026
2018-01-03 00:45:00,-2.8344835000000002e-27,0.0,56.073463,357730.44,0.0,0.0,32.0,0.0,1.0,1.0,69.70885,0.0,0.0,0.0,-8.188914e-23,-3.0264498e-06,401.865,1.60746,56.073463,55.184006,0.0,0.9,0.0,-7.982093000000001e-25,0.0,73.757324,68.593864,68.53069,69.03502,68.62732
2018-01-03 00:46:00,-7.647845999999999e-26,0.0,56.073463,357730.44,0.0,0.0,32.0,0.0,1.0,1.0,69.70601,0.0,0.0,0.0,-3.0780797e-23,1.8989879e-06,401.865,1.60746,56.073463,55.184006,0.0,0.9,0.0,-8.863822e-27,0.0,73.76474,68.58914,68.52465,69.02991,68.621605
2018-01-03 00:47:00,2.8892514e-26,0.0,56.073463,357730.44,0.0,0.0,32.0,-3.4859352e-06,1.0,1.0,69.70316,0.0,0.0,0.0,-3.0778821999999997e-23,-3.185243e-06,401.865,1.60746,56.073463,55.184006,0.0,0.9,0.0,-1.1699467e-24,0.0,73.77205,68.58441,68.51861,69.02486,68.61589
2018-01-03 00:48:00,6.759484e-27,0.0,56.073463,357730.44,0.0,0.0,32.0,2.3239568e-06,1.0,1.0,69.70029,0.0,0.0,0.0,-1.1961429e-23,-1.2285561e-06,401.865,1.60746,56.073463,55.184006,0.0,0.9,0.0,-1.3840876e-24,0.0,73.77925,68.5797,68.51251,69.019745,68.61023
2018-01-03 00:49:00,-8.677696000000001e-27,0.0,56.073463,357730.44,0.0,0.0,32.0,1.1619784e-06,1.0,1.0,69.69743,0.0,0.0,0.0,-1.1025930000000001e-23,4.805874e-06,401.865,1.60746,56.073463,55.184006,0.0,0.9,0.0,-1.3080007e-24,0.0,73.78639,68.57497,68.50652,69.014694,68.604576
2018-01-03 00:50:00,-3.6968676000000005e-27,0.0,56.073463,357730.44,0.0,0.0,32.0,0.0,1.0,1.0,69.694534,0.0,0.0,0.0,-3.8451848e-23,-3.1938391e-06,401.865,1.60746,56.073463,55.184006,0.0,0.9,0.0,-1.7999305e-25,0.0,73.79342,68.570244,68.50048,69.00964,68.59886
2018-01-03 00:51:00,-5.1402174e-26,0.0,56.073463,357730.44,0.0,0.0,32.0,-1.1619784e-06,1.0,1.0,69.69165,0.0,0.0,0.0,-5.2201662e-23,-1.6143758e-06,401.865,1.60746,56.073463,55.184006,0.0,0.9,0.0,-3.4321813999999997e-25,0.0,73.8004,68.56552,68.49449,69.00459,68.59326
2018-01-03 00:52:00,1.00958795e-25,0.0,56.073463,357730.44,0.0,0.0,32.0,0.0,1.0,1.0,69.68874,0.0,0.0,0.0,-6.4338949999999996e-24,-3.7440832e-06,401.865,1.60746,56.073463,55.184006,0.0,0.9,0.0,-2.9788491999999997e-25,0.0,73.80727,68.56085,68.48845,68.999535,68.5876
2018-01-03 00:53:00,-6.088616600000001e-28,0.0,56.073463,357730.44,0.0,0.0,32.0,1.1619784e-06,1.0,1.0,69.68581,0.0,0.0,0.0,-1.0797448e-24,-2.2237723e-06,401.865,1.60746,56.073463,55.184006,0.0,0.9,0.0,-8.450672000000001e-25,0.0,73.81402,68.55612,68.48247,68.99448,68.58194
2018-01-03 00:54:00,-4.1159053e-27,0.0,56.073463,357730.44,0.0,0.0,32.0,-2.3239568e-06,1.0,1.0,69.6829,0.0,0.0,0.0,-1.9279796999999998e-23,3.5211729e-06,401.865,1.60746,56.073463,55.184006,0.0,0.9,0.0,-6.661835000000001e-25,0.0,73.820724,68.55145,68.47653,68.989426,68.57634
2018-01-03 00:55:00,3.8884717e-26,0.0,56.073463,357730.44,0.0,0.0,32.0,2.3239568e-06,1.0,1.0,69.67996,0.0,0.0,0.0,-2.2623547999999998e-23,2.156018e-06,401.865,1.60746,56.073463,55.184006,0.0,0.9,0.0,-1.038736e-26,0.0,73.82736,68.54674,68.47054,68.98443,68.57074
2018-01-03 00:56:00,8.287863e-28,0.0,56.073463,357730.44,0.0,0.0,32.0,2.3239568e-06,1.0,1.0,69.67702,0.0,0.0,0.0,-6.0828824e-24,3.9427355e-06,401.865,1.60746,56.073463,55.184006,0.0,0.9,0.0,-8.634721e-25,0.0,73.83391,68.54207,68.464615,68.97937,68.56514
2018-01-03 00:57:00,-5.0130612000000005e-27,0.0,56.073463,357730.44,0.0,0.0,32.0,2.3239568e-06,1.0,1.0,69.67406,0.0,0.0,0.0,-9.645530000000001e-24,9.143806e-06,401.865,1.60746,56.073463,55.184006,0.0,0.9,0.0,-2.1823196e-26,0.0,73.84033,68.5374,68.45862,68.97438,68.55953
2018-01-03 00:58:00,5.5108167e-27,0.0,56.073463,357730.44,0.0,0.0,32.0,-1.1619784e-06,1.0,1.0,69.671074,0.0,0.0,0.0,-1.422949e-24,3.963755e-06,401.865,1.60746,56.073463,55.184006,0.0,0.9,0.0,-6.5735576e-26,0.0,73.8467,68.53273,68.45269,68.96932,68.553925
2018-01-03 00:59:00,-6.7544474e-27,0.0,56.073463,357730.44,0.0,0.0,32.0,-2.3239568e-06,1.0,1.0,69.66811,0.0,0.0,0.0,-5.537418e-24,2.672942e-06,401.865,1.60746,56.073463,55.184006,0.0,0.9,0.0,-1.3325848e-25,0.0,73.85302,68.52806,68.44681,68.964325,68.548386
2018-01-03 01:00:00,5.2641162000000005e-27,0.0,56.073463,357730.44,0.0,0.0,32.0,-1.1619784e-06,1.0,1.0,69.66512,0.0,0.0,0.0,-6.665430999999999e-24,-2.1280962e-06,401.865,1.60746,56.073463,55.184006,0.0,0.9,0.0,-1.1978496999999999e-25,0.0,73.85922,68.52339,68.44088,68.95932,68.54283
2018-01-03 01:01:00,-1.6016893e-26,0.0,56.073463,357730.44,0.0,0.0,32.0,1.1619784e-06,1.0,1.0,69.662155,0.0,0.0,0.0,-5.7580452e-24,-1.2788334e-07,401.865,1.60746,56.073463,55.184006,0.0,0.9,0.0,-7.346537999999999e-26,0.0,73.86538,68.51877,68.435,68.95433,68.537285
2018-01-03 01:02:00,7.7577275e-27,0.0,56.073463,357730.44,0.0,0.0,32.0,-2.3239568e-06,1.0,1.0,69.65916,0.0,0.0,0.0,-5.8119895e-24,2.0190755e-06,401.865,1.60746,56.073463,55.184006,0.0,0.9,0.0,-3.8413955000000004e-26,0.0,73.871475,68.5141,68.42912,68.949326,68.53174
2018-01-03 01:03:00,-2.0864929e-26,0.0,56.073463,357730.44,0.0,0.0,32.0,0.0,1.0,1.0,69.65612,0.0,0.0,0.0,-1.9146222000000002e-24,-1.0459834e-05,401.865,1.60746,56.073463,55.184006,0.0,0.9,0.0,-7.638488500000001e-27,0.0,73.877464,68.50943,68.42319,68.94433,68.526184
2018-01-03 01:04:00,2.362604e-26,0.0,56.073463,357730.44,0.0,0.0,32.0,0.0,1.0,1.0,69.65309,0.0,0.0,0.0,-5.5133025e-25,6.5845387e-07,401.865,1.60746,56.073463,55.184006,0.0,0.9,0.0,-6.3992555000000006e-27,0.0,73.88339,68.50476,68.41731,68.93933,68.520645
2018-01-03 01:05:00,7.9884517e-28,0.0,56.073463,357730.44,0.0,0.0,32.0,0.0,1.0,1.0,69.65004,0.0,0.0,0.0,-1.0594875e-26,1.0151823e-06,401.865,1.60746,56.073463,55.184006,0.0,0.9,0.0,-4.4343229999999995e-26,0.0,73.889275,68.50009,68.41138,68.934326,68.51509
2018-01-03 01:06:00,-6.3997635000000004e-27,0.0,56.073463,357730.44,0.0,0.0,32.0,0.0,1.0,1.0,69.64696,0.0,0.0,0.0,-2.265698e-26,-5.7109887e-06,401.865,1.60746,56.073463,55.184006,0.0,0.9,0.0,-1.6000491e-24,0.0,73.89504,68.49542,68.4055,68.929276,68.509544
2018-01-03 01:07:00,1.0575218e-26,0.0,56.073463,357730.44,0.0,0.0,32.0,-1.1619784e-06,1.0,1.0,69.643875,0.0,0.0,0.0,-7.653691e-24,7.9079484e-07,401.865,1.60746,56.073463,55.184006,0.0,0.9,0.0,-1.9627627000000002e-26,0.0,73.90076,68.49075,68.39957,68.92428,68.504
2018-01-03 01:08:00,1.1008327e-26,0.0,56.073463,357730.44,0.0,0.0,32.0,-3.4859352e-06,1.0,1.0,69.64077,0.0,0.0,0.0,-1.15710054e-23,-5.084559e-07,401.865,1.60746,56.073463,55.184006,0.0,0.9,0.0,-2.5577906e-24,0.0,73.90642,68.486084,68.39364,68.91928,68.49844
2018-01-03 01:09:00,-9.417942000000001e-28,0.0,56.073463,357730.44,0.0,0.0,32.0,1.1619784e-06,1.0,1.0,69.63767,0.0,0.0,0.0,-1.7711630000000002e-23,-6.0018638e-06,401.865,1.60746,56.073463,55.184006,0.0,0.9,0.0,-1.2917848e-28,0.0,73.91202,68.481415,68.38776,68.914276,68.492905
2018-01-03 01:10:00,1.0873858e-25,0.0,56.073463,357730.44,0.0,0.0,32.0,-1.1619784e-06,1.0,1.0,69.634544,0.0,0.0,0.0,-1.3520106999999998e-23,-8.969262e-07,401.865,1.60746,56.073463,55.184006,0.0,0.9,0.0,-7.462271e-27,0.0,73.917564,68.4767,68.38183,68.90929,68.48735
2018-01-03 01:11:00,4.4203186e-26,0.0,56.073463,357730.44,0.0,0.0,32.0,1.1619784e-06,1.0,1.0,69.63139,0.0,0.0,0.0,-9.137043e-24,7.6238025e-06,401.865,1.60746,56.073463,55.184006,0.0,0.9,0.0,-3.6183156000000004e-24,0.0,73.923004,68.47203,68.3759,68.90423,68.481804
2018-01-03 01:12:00,1.0637176000000001e-27,0.0,56.073463,357730.44,0.0,0.0,32.0,1.1619784e-06,1.0,1.0,69.62823,0.0,0.0,0.0,-3.8181657000000004e-24,3.036012e-06,401.865,1.60746,56.073463,55.184006,0.0,0.9,0.0,-3.2961376e-24,0.0,73.92839,68.4673,68.369965,68.89923,68.47626
2018-01-03 01:13:00,-4.4756748e-27,0.0,56.073463,357730.44,0.0,0.0,32.0,-1.1619784e-06,1.0,1.0,69.62508,0.0,0.0,0.0,-1.2248579e-23,1.6353539e-06,401.865,1.60746,56.073463,55.184006,0.0,0.9,0.0,-7.180606399999999e-25,0.0,73.93377,68.46263,68.36403,68.894226,68.4707
2018-01-03 01:14:00,-5.904283e-26,0.0,56.073463,357730.44,0.0,0.0,32.0,1.1619784e-06,1.0,1.0,69.6219,0.0,0.0,0.0,-1.5776357e-23,4.1207e-06,401.865,1.60746,56.073463,55.184006,0.0,0.9,0.0,-1.8192847e-28,0.0,73.93904,68.45791,68.35809,68.88924,68.46521
2018-01-03 01:15:00,1.6663117e-26,0.0,56.073463,357730.44,0.0,0.0,32.0,0.0,1.0,1.0,69.61869,0.0,0.0,0.0,-2.0713586e-23,2.7171734e-07,401.865,1.60746,56.073463,55.184006,0.0,0.9,0.0,-2.2039196000000002e-27,0.0,73.94426,68.453186,68.352165,68.88418,68.45967
2018-01-03 01:16:00,8.203626e-27,0.0,56.073463,357730.44,0.0,0.0,32.0,0.0,1.0,1.0,69.61548,0.0,0.0,0.0,-3.1808349e-24,3.5439648e-06,401.865,1.60746,56.073463,55.184006,0.0,0.9,0.0,-2.8959518e-25,0.0,73.949425,68.448456,68.34624,68.87918,68.45412
2018-01-03 01:17:00,3.3502137e-26,0.0,56.073463,357730.44,0.0,0.0,32.0,1.1619784e-06,1.0,1.0,69.61226,0.0,0.0,0.0,-2.5565874e-24,5.130206e-07,401.865,1.60746,56.073463,55.184006,0.0,0.9,0.0,-3.9508694e-24,0.0,73.95453,68.44374,68.3403,68.874176,68.44857
2018-01-03 01:18:00,2.5899903e-26,0.0,56.073463,357730.44,0.0,0.0,32.0,0.0,1.0,1.0,69.60902,0.0,0.0,0.0,-1.7453861999999998e-25,4.7484264e-06,401.865,1.60746,56.073463,55.184006,0.0,0.9,0.0,-1.5095786e-24,0.0,73.95953,68.43901,68.334366,68.869125,68.44302
2018-01-03 01:19:00,-1.8830959999999998e-26,0.0,56.073463,357730.44,0.0,0.0,32.0,2.3239568e-06,1.0,1.0,69.60576,0.0,0.0,0.0,-8.641350000000001e-24,-2.5734398e-08,401.865,1.60746,56.073463,55.184006,0.0,0.9,0.0,-1.1832438000000001e-27,0.0,73.96453,68.43429,68.328384,68.86413,68.43747
2018-01-03 01:20:00,-3.1176174e-26,0.0,56.073463,357730.44,0.0,0.0,32.0,1.1619784e-06,1.0,1.0,69.60251,0.0,0.0,0.0,-5.8496584000000005e-24,1.9492318e-06,401.865,1.60746,56.073463,55.184006,0.0,0.9,0.0,-1.5040311e-25,0.0,73.969475,68.429565,68.32245,68.85907,68.43198
2018-01-03 01:21:00,2.9156594e-27,0.0,56.073463,357730.44,0.0,0.0,32.0,1.1619784e-06,1.0,1.0,69.59924,0.0,0.0,0.0,-4.0537213e-25,-5.710413e-06,401.865,1.60746,56.073463,55.184006,0.0,0.9,0.0,-3.4554109999999996e-24,0.0,73.974365,68.424835,68.31651,68.85408,68.42644
2018-01-03 01:22:00,-9.211714e-28,0.0,56.073463,357730.44,0.0,0.0,32.0,1.1619784e-06,1.0,1.0,69.59595,0.0,0.0,0.0,-6.3639184e-24,1.2941884e-07,401.865,1.60746,56.073463,55.184006,0.0,0.9,0.0,-3.7328743e-25,0.0,73.9792,68.42012,68.31053,68.84902,68.42088
2018-01-03 01:23:00,5.02012e-26,0.0,56.073463,357730.44,0.0,0.0,32.0,0.0,1.0,1.0,69.59266,0.0,0.0,0.0,-3.4312228e-23,5.932009e-06,401.865,1.60746,56.073463,55.184006,0.0,0.9,0.0,-2.9168363e-26,0.0,73.98398,68.41534,68.304596,68.844025,68.41534
2018-01-03 01:24:00,-6.506267999999999e-26,0.0,56.073463,357730.44,0.0,0.0,32.0,1.1619784e-06,1.0,1.0,69.589355,0.0,0.0,0.0,-1.0812153600000001e-23,4.9317905e-06,401.865,1.60746,56.073463,55.184006,0.0,0.9,0.0,-8.0699296e-28,0.0,73.9887,68.410614,68.29866,68.83902,68.40979
2018-01-03 01:25:00,-1.7247582e-26,0.0,56.073463,357730.44,0.0,0.0,32.0,1.1619784e-06,1.0,1.0,69.58603,0.0,0.0,0.0,-8.613290600000001e-24,4.528446e-06,401.865,1.60746,56.073463,55.184006,0.0,0.9,0.0,-3.3913272000000004e-26,0.0,73.99337,68.40584,68.29268,68.83397,68.4043
2018-01-03 01:26:00,-1.7272821e-26,0.0,56.073463,357730.44,0.0,0.0,32.0,1.1619784e-06,1.0,1.0,69.582695,0.0,0.0,0.0,-1.3379362e-23,-1.6541117e-06,401.865,1.60746,56.073463,55.184006,0.0,0.9,0.0,-3.2310693000000002e-24,0.0,73.997986,68.40111,68.28668,68.82897,68.39874
2018-01-03 01:27:00,-1.0369035e-26,0.0,56.073463,357730.44,0.0,0.0,32.0,-2.3239568e-06,1.0,1.0,69.579346,0.0,0.0,0.0,-1.1202065e-23,7.749655e-06,401.865,1.60746,56.073463,55.184006,0.0,0.9,0.0,-5.7117474e-26,0.0,74.00255,68.39633,68.280754,68.82391,68.3932
2018-01-03 01:28:00,-2.6002618e-26,0.0,56.073463,357730.44,0.0,0.0,32.0,1.1619784e-06,1.0,1.0,69.57601,0.0,0.0,0.0,-4.5122962000000005e-24,4.158312e-07,401.865,1.60746,56.073463,55.184006,0.0,0.9,0.0,-1.063014e-24,0.0,74.0071,68.391556,68.274765,68.818924,68.38771
2018-01-03 01:29:00,-2.0974942e-26,0.0,56.073463,357730.44,0.0,0.0,32.0,0.0,1.0,1.0,69.57265,0.0,0.0,0.0,-4.6128176e-24,-1.6133881e-06,401.865,1.60746,56.073463,55.184006,0.0,0.9,0.0,-1.1388844e-25,0.0,74.01155,68.386826,68.26883,68.813866,68.38216
2018-01-03 01:30:00,-3.4476629999999997e-26,0.0,56.073463,357730.44,0.0,0.0,32.0,0.0,1.0,1.0,69.56927,0.0,0.0,0.0,-1.6110147e-24,-1.06194275e-05,401.865,1.60746,56.073463,55.184006,0.0,0.9,0.0,-1.2790927e-24,0.0,74.01601,68.38205,68.26285,68.80881,68.37661
2018-01-03 01:31:00,1.5602082e-26,0.0,56.073463,357730.44,0.0,0.0,32.0,-1.1619784e-06,1.0,1.0,69.56589,0.0,0.0,0.0,-1.8948243e-23,7.992504e-06,401.865,1.60746,56.073463,55.184006,0.0,0.9,0.0,-1.7023013000000002e-24,0.0,74.02034,68.37727,68.25686,68.80382,68.37112
2018-01-03 01:32:00,-2.2039179000000002e-26,0.0,56.073463,357730.44,0.0,0.0,32.0,0.0,1.0,1.0,69.56248,0.0,0.0,0.0,-2.8010650000000003e-23,-1.9973272e-07,401.865,1.60746,56.073463,55.184006,0.0,0.9,0.0,-2.3004263e-24,0.0,74.02468,68.37249,68.25087,68.79876,68.36557
2018-01-03 01:33:00,-8.893749999999999e-27,0.0,56.073463,357730.44,0.0,0.0,32.0,0.0,1.0,1.0,69.559074,0.0,0.0,0.0,-9.133193e-24,9.072484e-06,401.865,1.60746,56.073463,55.184006,0.0,0.9,0.0,-5.747624299999999e-25,0.0,74.02896,68.36771,68.24489,68.79376,68.36008
2018-01-03 01:34:00,-5.905985e-27,0.0,56.073463,357730.44,0.0,0.0,32.0,0.0,1.0,1.0,69.55567,0.0,0.0,0.0,-1.6654189e-24,-5.4258303e-06,401.865,1.60746,56.073463,55.184006,0.0,0.9,0.0,-2.734027e-24,0.0,74.03325,68.36293,68.23895,68.78871,68.35452
2018-01-03 01:35:00,7.698054e-27,0.0,56.073463,357730.44,0.0,0.0,32.0,0.0,1.0,1.0,69.55225,0.0,0.0,0.0,-9.364648e-25,2.4504646e-07,401.865,1.60746,56.073463,55.184006,0.0,0.9,0.0,-1.987303e-24,0.0,74.03743,68.358154,68.23296,68.78371,68.34903
2018-01-03 01:36:00,1.15211325e-27,0.0,56.073463,357730.44,0.0,0.0,32.0,1.1619784e-06,1.0,1.0,69.548805,0.0,0.0,0.0,-3.7617707e-25,9.823685e-07,401.865,1.60746,56.073463,55.184006,0.0,0.9,0.0,-4.0610475999999996e-25,0.0,74.041595,68.35332,68.226974,68.778656,68.34349
2018-01-03 01:37:00,-6.848909e-27,0.0,56.073463,357730.44,0.0,0.0,32.0,1.1619784e-06,1.0,1.0,69.54537,0.0,0.0,0.0,-6.76267e-24,-2.5633635e-06,401.865,1.60746,56.073463,55.184006,0.0,0.9,0.0,-1.12001e-25,0.0,74.045715,68.34854,68.22099,68.773605,68.338
2018-01-03 01:38:00,-7.1618956e-27,0.0,56.073463,357730.44,0.0,0.0,32.0,-1.1619784e-06,1.0,1.0,69.541916,0.0,0.0,0.0,-8.9107147e-23,1.3276514e-06,401.865,1.60746,56.073463,55.184006,0.0,0.9,0.0,-4.7783720000000005e-25,0.0,74.04979,68.343765,68.215,68.7686,68.33244
2018-01-03 01:39:00,7.715404e-26,0.0,56.073463,357730.44,0.0,0.0,32.0,0.0,1.0,1.0,69.53847,0.0,0.0,0.0,-6.4849877000000006e-24,-1.8132255e-06,401.865,1.60746,56.073463,55.184006,0.0,0.9,0.0,-3.2471086000000005e-26,0.0,74.05385,68.33893,68.209015,68.76355,68.32695
2018-01-03 01:40:00,2.0657553e-28,0.0,56.073463,357730.44,0.0,0.0,32.0,-1.1619784e-06,1.0,1.0,69.53499,0.0,0.0,0.0,-8.177967500000001e-26,-5.1098405e-06,401.865,1.60746,56.073463,55.184006,0.0,0.9,0.0,-1.4459158e-25,0.0,74.0578,68.33415,68.203026,68.758545,68.3214
2018-01-03 01:41:00,-3.3022707000000004e-26,0.0,56.073463,357730.44,0.0,0.0,32.0,2.3239568e-06,1.0,1.0,69.53151,0.0,0.0,0.0,-1.169446e-24,3.594851e-06,401.865,1.60746,56.073463,55.184006,0.0,0.9,0.0,-1.7144523999999999e-25,0.0,74.06176,68.329315,68.19704,68.753494,68.31591
2018-01-03 01:42:00,-3.7343993e-27,0.0,56.073463,357730.44,0.0,0.0,32.0,-1.1619784e-06,1.0,1.0,69.52803,0.0,0.0,0.0,-2.1811905e-23,3.445575e-06,401.865,1.60746,56.073463,55.184006,0.0,0.9,0.0,-1.2938669e-24,0.0,74.06566,68.32454,68.191055,68.74844,68.31042
2018-01-03 01:43:00,-1.1173366e-27,0.0,56.073463,357730.44,0.0,0.0,32.0,0.0,1.0,1.0,69.52453,0.0,0.0,0.0,-4.0358875999999997e-25,1.1930593e-06,401.865,1.60746,56.073463,55.184006,0.0,0.9,0.0,-6.732045000000001e-25,0.0,74.069565,68.3197,68.18501,68.74344,68.304924
2018-01-03 01:44:00,-4.328628e-27,0.0,56.073463,357730.44,0.0,0.0,32.0,-1.1619784e-06,1.0,1.0,69.52101,0.0,0.0,0.0,-8.066203e-25,-7.600459e-06,401.865,1.60746,56.073463,55.184006,0.0,0.9,0.0,-9.931099e-28,0.0,74.07341,68.314865,68.179016,68.73839,68.29938
2018-01-03 01:45:00,2.624319e-26,0.0,56.073463,357730.44,0.0,0.0,32.0,-1.1619784e-06,1.0,1.0,69.5175,0.0,0.0,0.0,-2.52398e-23,2.3495459e-06,401.865,1.60746,56.073463,55.184006,0.0,0.9,0.0,-5.7648757e-25,0.0,74.077194,68.31009,68.173035,68.73334,68.293884
2018-01-03 01:46:00,5.0426793e-27,0.0,56.073463,357730.44,0.0,0.0,32.0,0.0,1.0,1.0,69.514,0.0,0.0,0.0,-2.9543413e-24,-5.5578676e-06,401.865,1.60746,56.073463,55.184006,0.0,0.9,0.0,-4.7899324e-25,0.0,74.080986,68.30525,68.167046,68.72833,68.28839
2018-01-03 01:47:00,1.3320722e-26,0.0,56.073463,357730.44,0.0,0.0,32.0,1.1619784e-06,1.0,1.0,69.510475,0.0,0.0,0.0,-4.1617667e-23,-6.433452e-06,401.865,1.60746,56.073463,55.184006,0.0,0.9,0.0,-4.173566e-24,0.0,74.08472,68.300415,68.16106,68.72328,68.2829
2018-01-03 01:48:00,4.9475949999999996e-26,0.0,56.073463,357730.44,0.0,0.0,32.0,-1.1619784e-06,1.0,1.0,69.50693,0.0,0.0,0.0,-2.4541455e-23,1.1553175e-05,401.865,1.60746,56.073463,55.184006,0.0,0.9,0.0,-1.2142772000000001e-24,0.0,74.0884,68.295586,68.155014,68.718285,68.27734
2018-01-03 01:49:00,-6.065066e-26,0.0,56.073463,357730.44,0.0,0.0,32.0,1.1619784e-06,1.0,1.0,69.50338,0.0,0.0,0.0,-8.007214000000001e-23,7.226631e-06,401.865,1.60746,56.073463,55.184006,0.0,0.9,0.0,-4.64571e-25,0.0,74.092026,68.29076,68.14903,68.71323,68.27185
2018-01-03 01:50:00,-1.1160324e-26,0.0,56.073463,357730.44,0.0,0.0,32.0,2.3239568e-06,1.0,1.0,69.49983,0.0,0.0,0.0,-2.1975383e-23,2.9607054e-06,401.865,1.60746,56.073463,55.184006,0.0,0.9,0.0,-7.178267000000001e-25,0.0,74.09566,68.28592,68.143036,68.708176,68.26636
2018-01-03 01:51:00,7.003123e-27,0.0,56.073463,357730.44,0.0,0.0,32.0,-1.1619784e-06,1.0,1.0,69.49628,0.0,0.0,0.0,-3.9744020000000004e-23,2.9238965e-06,401.865,1.60746,56.073463,55.184006,0.0,0.9,0.0,-5.77315e-25,0.0,74.09927,68.28108,68.13699,68.70318,68.260864
2018-01-03 01:52:00,3.2028948e-26,0.0,56.073463,357730.44,0.0,0.0,32.0,0.0,1.0,1.0,69.492714,0.0,0.0,0.0,-2.8313523000000003e-24,-3.6439465e-06,401.865,1.60746,56.073463,55.184006,0.0,0.9,0.0,-2.3019295000000002e-24,0.0,74.1028,68.276245,68.13101,68.69812,68.25537
2018-01-03 01:53:00,-2.8392444000000004e-26,0.0,56.073463,357730.44,0.0,0.0,32.0,-1.1619784e-06,1.0,1.0,69.489136,0.0,0.0,0.0,-1.4195853e-25,-7.2670537e-06,401.865,1.60746,56.073463,55.184006,0.0,0.9,0.0,-3.2739830000000005e-27,0.0,74.10631,68.271416,68.12502,68.69307,68.24988
2018-01-03 01:54:00,6.420413e-27,0.0,56.073463,357730.44,0.0,0.0,32.0,0.0,1.0,1.0,69.48557,0.0,0.0,0.0,-1.7838766e-23,-1.9942095e-06,401.865,1.60746,56.073463,55.184006,0.0,0.9,0.0,-1.4028823999999999e-25,0.0,74.109825,68.26659,68.11898,68.68807,68.244385
2018-01-03 01:55:00,-9.84106e-26,0.0,56.073463,357730.44,0.0,0.0,32.0,-1.1619784e-06,1.0,1.0,69.48197,0.0,0.0,0.0,-8.811632999999999e-24,-3.7735085e-06,401.865,1.60746,56.073463,55.184006,0.0,0.9,0.0,-5.8788227e-25,0.0,74.11328,68.26169,68.11299,68.683014,68.23889
2018-01-03 01:56:00,-7.0637995e-26,0.0,56.073463,357730.44,0.0,0.0,32.0,0.0,1.0,1.0,69.47837,0.0,0.0,0.0,-1.5483205e-23,-4.1458966e-06,401.865,1.60746,56.073463,55.184006,0.0,0.9,0.0,-2.6053546e-25,0.0,74.11669,68.25686,68.10695,68.67796,68.2334
2018-01-03 01:57:00,-3.9144477e-26,0.0,56.073463,357730.44,0.0,0.0,32.0,-2.3239568e-06,1.0,1.0,69.47481,0.0,0.0,0.0,-1.7772293e-23,3.3192828e-06,401.865,1.60746,56.073463,55.184006,0.0,0.9,0.0,-1.8315790999999998e-25,0.0,74.1201,68.25203,68.10097,68.672966,68.22797
2018-01-03 01:58:00,-3.808195e-26,0.0,56.073463,357730.44,0.0,0.0,32.0,-1.1619784e-06,1.0,1.0,69.471176,0.0,0.0,0.0,-1.7987391e-24,3.692352e-06,401.865,1.60746,56.073463,55.184006,0.0,0.9,0.0,-2.599266e-25,0.0,74.12344,68.24713,68.094925,68.66791,68.22247
2018-01-03 01:59:00,-7.2880694e-27,0.0,56.073463,357730.44,0.0,0.0,32.0,2.3239568e-06,1.0,1.0,69.467575,0.0,0.0,0.0,-9.3733746e-23,-3.5106311e-06,401.865,1.60746,56.073463,55.184006,0.0,0.9,0.0,-6.057027e-25,0.0,74.1268,68.2423,68.08893,68.66286,68.21698
2018-01-03 02:00:00,-2.2980794000000002e-26,0.0,56.073463,357730.44,0.0,0.0,32.0,2.3239568e-06,1.0,1.0,69.46394,0.0,0.0,0.0,-1.4449925e-23,-3.91251e-06,401.865,1.60746,56.073463,55.184006,0.0,0.9,0.0,-2.8805346999999997e-25,0.0,74.1301,68.23741,68.082886,68.65786,68.21149
2018-01-03 02:01:00,1.0044207000000001e-26,0.0,56.073463,357730.44,0.0,0.0,32.0,3.4859352e-06,1.0,1.0,69.46034,0.0,0.0,0.0,-2.0543285e-23,-6.013233e-06,401.865,1.60746,56.073463,55.184006,0.0,0.9,0.0,-1.5224206e-24,0.0,74.13339,68.232574,68.076904,68.6528,68.20605
2018-01-03 02:02:00,3.511331e-27,0.0,56.073463,357730.44,0.0,0.0,32.018017,0.0,1.0,1.0,69.45671,0.0,0.0,0.0,-4.577963e-25,-8.8617645e-07,401.865,1.60746,56.073463,55.184006,0.0,0.9,0.0,-9.113287e-25,0.0,74.13663,68.22769,68.07086,68.64781,68.200554
2018-01-03 02:03:00,3.667708e-27,0.0,56.073463,357730.44,0.0,0.0,32.036034,-2.3239568e-06,1.0,1.0,69.45309,0.0,0.0,0.0,-1.4329877000000002e-22,1.0925098e-06,401.865,1.60746,56.073463,55.184006,0.0,0.9,0.0,-3.3844117000000004e-24,0.0,74.13982,68.222855,68.06487,68.64275,68.195114
2018-01-03 02:04:00,-9.396618e-29,0.0,56.073463,357730.44,0.0,0.0,32.053997,0.0,1.0,1.0,69.44944,0.0,0.0,0.0,-2.7082299e-24,4.0955616e-08,401.865,1.60746,56.073463,55.184006,0.0,0.9,0.0,-1.7131157e-25,0.0,74.143005,68.21797,68.05883,68.63776,68.18962
2018-01-03 02:05:00,1.1838278e-27,0.0,56.073463,357730.44,0.0,0.0,32.072014,2.3239568e-06,1.0,1.0,69.445816,0.0,0.0,0.0,-6.2992210000000004e-27,8.4824505e-06,401.865,1.60746,56.073463,55.184006,0.0,0.9,0.0,-1.6010772000000001e-24,0.0,74.146194,68.213135,68.05284,68.632706,68.18419
2018-01-03 02:06:00,-1.1395694000000001e-26,0.0,56.073463,357730.44,0.0,0.0,32.090034,-1.1619784e-06,1.0,1.0,69.44218,0.0,0.0,0.0,-3.2121452e-24,3.336935e-06,401.865,1.60746,56.073463,55.184006,0.0,0.9,0.0,-3.8134852999999997e-25,0.0,74.14932,68.208244,68.04686,68.6277,68.17874
2018-01-03 02:07:00,-9.767755000000001e-27,0.0,56.073463,357730.44,0.0,0.0,32.126015,-1.1619784e-06,1.0,1.0,69.43854,0.0,0.0,0.0,-2.6036119e-23,-6.0523494e-06,401.865,1.60746,56.073463,55.184006,0.0,0.9,0.0,-4.5479209999999995e-26,0.0,74.15245,68.203415,68.04082,68.6227,68.17331
2018-01-03 02:08:00,5.203265e-26,0.0,56.073463,357730.44,0.0,0.0,32.126015,0.0,1.0,1.0,69.43488,0.0,0.0,0.0,-6.936871e-24,1.9003396e-06,401.865,1.60746,56.073463,55.184006,0.0,0.9,0.0,-3.9783108e-25,0.0,74.15553,68.19852,68.03482,68.617645,68.16787
2018-01-03 02:09:00,3.2339186e-26,0.0,56.073463,357730.44,0.0,0.0,32.14403,0.0,1.0,1.0,69.43123,0.0,0.0,0.0,-1.2371281e-23,5.5205746e-06,401.865,1.60746,56.073463,55.184006,0.0,0.9,0.0,-2.6552669e-25,0.0,74.158554,68.19369,68.02884,68.612656,68.16243
